filename	lemma	twcorpus	twppmi	twllr	twL	twR	socccorpus	soccppmi	soccllr	soccL	soccR	sample	tokenL	tokenR	stress
church.Semcor.ppmi0.ll0.COHA.ppmi0.ll0	church	Semcor	ppmi0	ll0	10	10	COHA	ppmi0	ll0	10	10	287	10	10	0.236663362557652
church.Semcor.ppmi0.ll0.COHA.ppmi0.ll1	church	Semcor	ppmi0	ll0	10	10	COHA	ppmi0	ll1	10	10	287	10	10	0.239346024905817
church.Semcor.ppmi0.ll0.COHA.ppmi1.ll0	church	Semcor	ppmi0	ll0	10	10	COHA	ppmi1	ll0	10	10	287	10	10	0.229393515880851
church.Semcor.ppmi0.ll0.COHA.ppmi1.ll1	church	Semcor	ppmi0	ll0	10	10	COHA	ppmi1	ll1	10	10	287	10	10	0.229224408698909
church.Semcor.ppmi0.ll0.COHA.ppmi2.ll0	church	Semcor	ppmi0	ll0	10	10	COHA	ppmi2	ll0	10	10	284	10	10	0.242637464149964
church.Semcor.ppmi0.ll0.COHA.ppmi2.ll1	church	Semcor	ppmi0	ll0	10	10	COHA	ppmi2	ll1	10	10	284	10	10	0.240889782012072
church.Semcor.ppmi0.ll0.Semcor.ppmi0.ll0	church	Semcor	ppmi0	ll0	10	10	Semcor	ppmi0	ll0	10	10	292	10	10	0.266890818039838
church.Semcor.ppmi0.ll0.Semcor.ppmi0.ll1	church	Semcor	ppmi0	ll0	10	10	Semcor	ppmi0	ll1	10	10	287	10	10	0.275192666347996
church.Semcor.ppmi0.ll0.Semcor.ppmi1.ll0	church	Semcor	ppmi0	ll0	10	10	Semcor	ppmi1	ll0	10	10	287	10	10	0.271105607862929
church.Semcor.ppmi0.ll0.Semcor.ppmi1.ll1	church	Semcor	ppmi0	ll0	10	10	Semcor	ppmi1	ll1	10	10	287	10	10	0.27107192932825
church.Semcor.ppmi0.ll0.Semcor.ppmi2.ll0	church	Semcor	ppmi0	ll0	10	10	Semcor	ppmi2	ll0	10	10	287	10	10	0.267252877814756
church.Semcor.ppmi0.ll0.Semcor.ppmi2.ll1	church	Semcor	ppmi0	ll0	10	10	Semcor	ppmi2	ll1	10	10	287	10	10	0.267409483454898
church.Semcor.ppmi0.ll1.COHA.ppmi0.ll0	church	Semcor	ppmi0	ll1	10	10	COHA	ppmi0	ll0	10	10	278	10	10	0.238698078581583
church.Semcor.ppmi0.ll1.COHA.ppmi0.ll1	church	Semcor	ppmi0	ll1	10	10	COHA	ppmi0	ll1	10	10	278	10	10	0.243361394172601
church.Semcor.ppmi0.ll1.COHA.ppmi1.ll0	church	Semcor	ppmi0	ll1	10	10	COHA	ppmi1	ll0	10	10	278	10	10	0.223052934638251
church.Semcor.ppmi0.ll1.COHA.ppmi1.ll1	church	Semcor	ppmi0	ll1	10	10	COHA	ppmi1	ll1	10	10	278	10	10	0.222664183248402
church.Semcor.ppmi0.ll1.COHA.ppmi2.ll0	church	Semcor	ppmi0	ll1	10	10	COHA	ppmi2	ll0	10	10	272	10	10	0.236399724638464
church.Semcor.ppmi0.ll1.COHA.ppmi2.ll1	church	Semcor	ppmi0	ll1	10	10	COHA	ppmi2	ll1	10	10	272	10	10	0.236600408296631
church.Semcor.ppmi0.ll1.Semcor.ppmi0.ll0	church	Semcor	ppmi0	ll1	10	10	Semcor	ppmi0	ll0	10	10	278	10	10	0.274902579513003
church.Semcor.ppmi0.ll1.Semcor.ppmi0.ll1	church	Semcor	ppmi0	ll1	10	10	Semcor	ppmi0	ll1	10	10	278	10	10	0.278051783294072
church.Semcor.ppmi0.ll1.Semcor.ppmi1.ll0	church	Semcor	ppmi0	ll1	10	10	Semcor	ppmi1	ll0	10	10	278	10	10	0.272489780515915
church.Semcor.ppmi0.ll1.Semcor.ppmi1.ll1	church	Semcor	ppmi0	ll1	10	10	Semcor	ppmi1	ll1	10	10	278	10	10	0.272539058316269
church.Semcor.ppmi0.ll1.Semcor.ppmi2.ll0	church	Semcor	ppmi0	ll1	10	10	Semcor	ppmi2	ll0	10	10	278	10	10	0.260569398680696
church.Semcor.ppmi0.ll1.Semcor.ppmi2.ll1	church	Semcor	ppmi0	ll1	10	10	Semcor	ppmi2	ll1	10	10	278	10	10	0.260397542917658
church.Semcor.ppmi1.ll0.COHA.ppmi0.ll0	church	Semcor	ppmi1	ll0	10	10	COHA	ppmi0	ll0	10	10	239	10	10	0.244568648460481
church.Semcor.ppmi1.ll0.COHA.ppmi0.ll1	church	Semcor	ppmi1	ll0	10	10	COHA	ppmi0	ll1	10	10	239	10	10	0.247459313174966
church.Semcor.ppmi1.ll0.COHA.ppmi1.ll0	church	Semcor	ppmi1	ll0	10	10	COHA	ppmi1	ll0	10	10	239	10	10	0.25047096186252
church.Semcor.ppmi1.ll0.COHA.ppmi1.ll1	church	Semcor	ppmi1	ll0	10	10	COHA	ppmi1	ll1	10	10	239	10	10	0.251900304612544
church.Semcor.ppmi1.ll0.COHA.ppmi2.ll0	church	Semcor	ppmi1	ll0	10	10	COHA	ppmi2	ll0	10	10	239	10	10	0.257361606507265
church.Semcor.ppmi1.ll0.COHA.ppmi2.ll1	church	Semcor	ppmi1	ll0	10	10	COHA	ppmi2	ll1	10	10	239	10	10	0.259370949813411
church.Semcor.ppmi1.ll0.Semcor.ppmi0.ll0	church	Semcor	ppmi1	ll0	10	10	Semcor	ppmi0	ll0	10	10	239	10	10	0.278654852448739
church.Semcor.ppmi1.ll0.Semcor.ppmi0.ll1	church	Semcor	ppmi1	ll0	10	10	Semcor	ppmi0	ll1	10	10	239	10	10	0.280732766876746
church.Semcor.ppmi1.ll0.Semcor.ppmi1.ll0	church	Semcor	ppmi1	ll0	10	10	Semcor	ppmi1	ll0	10	10	239	10	10	0.280226737348696
church.Semcor.ppmi1.ll0.Semcor.ppmi1.ll1	church	Semcor	ppmi1	ll0	10	10	Semcor	ppmi1	ll1	10	10	239	10	10	0.279506661130017
church.Semcor.ppmi1.ll0.Semcor.ppmi2.ll0	church	Semcor	ppmi1	ll0	10	10	Semcor	ppmi2	ll0	10	10	239	10	10	0.279885800982644
church.Semcor.ppmi1.ll0.Semcor.ppmi2.ll1	church	Semcor	ppmi1	ll0	10	10	Semcor	ppmi2	ll1	10	10	239	10	10	0.28092749540947
church.Semcor.ppmi1.ll1.COHA.ppmi0.ll0	church	Semcor	ppmi1	ll1	10	10	COHA	ppmi0	ll0	10	10	238	10	10	0.243256239610387
church.Semcor.ppmi1.ll1.COHA.ppmi0.ll1	church	Semcor	ppmi1	ll1	10	10	COHA	ppmi0	ll1	10	10	238	10	10	0.246968002762923
church.Semcor.ppmi1.ll1.COHA.ppmi1.ll0	church	Semcor	ppmi1	ll1	10	10	COHA	ppmi1	ll0	10	10	238	10	10	0.248934838390324
church.Semcor.ppmi1.ll1.COHA.ppmi1.ll1	church	Semcor	ppmi1	ll1	10	10	COHA	ppmi1	ll1	10	10	238	10	10	0.253021886491296
church.Semcor.ppmi1.ll1.COHA.ppmi2.ll0	church	Semcor	ppmi1	ll1	10	10	COHA	ppmi2	ll0	10	10	238	10	10	0.25768268972812
church.Semcor.ppmi1.ll1.COHA.ppmi2.ll1	church	Semcor	ppmi1	ll1	10	10	COHA	ppmi2	ll1	10	10	238	10	10	0.25768268972812
church.Semcor.ppmi1.ll1.Semcor.ppmi0.ll0	church	Semcor	ppmi1	ll1	10	10	Semcor	ppmi0	ll0	10	10	238	10	10	0.277842254745725
church.Semcor.ppmi1.ll1.Semcor.ppmi0.ll1	church	Semcor	ppmi1	ll1	10	10	Semcor	ppmi0	ll1	10	10	238	10	10	0.278229179916915
church.Semcor.ppmi1.ll1.Semcor.ppmi1.ll0	church	Semcor	ppmi1	ll1	10	10	Semcor	ppmi1	ll0	10	10	238	10	10	0.27871090486129
church.Semcor.ppmi1.ll1.Semcor.ppmi1.ll1	church	Semcor	ppmi1	ll1	10	10	Semcor	ppmi1	ll1	10	10	238	10	10	0.278084747544368
church.Semcor.ppmi1.ll1.Semcor.ppmi2.ll0	church	Semcor	ppmi1	ll1	10	10	Semcor	ppmi2	ll0	10	10	238	10	10	0.280000232525538
church.Semcor.ppmi1.ll1.Semcor.ppmi2.ll1	church	Semcor	ppmi1	ll1	10	10	Semcor	ppmi2	ll1	10	10	238	10	10	0.279304067131725
church.Semcor.ppmi2_5.ll0.COHA.ppmi0.ll0	church	Semcor	ppmi2_5	ll0	10	10	COHA	ppmi0	ll0	10	10	159	10	10	0.24169962710392
church.Semcor.ppmi2_5.ll0.COHA.ppmi0.ll1	church	Semcor	ppmi2_5	ll0	10	10	COHA	ppmi0	ll1	10	10	159	10	10	0.243169969099773
church.Semcor.ppmi2_5.ll0.COHA.ppmi1.ll0	church	Semcor	ppmi2_5	ll0	10	10	COHA	ppmi1	ll0	10	10	159	10	10	0.241378615201137
church.Semcor.ppmi2_5.ll0.COHA.ppmi1.ll1	church	Semcor	ppmi2_5	ll0	10	10	COHA	ppmi1	ll1	10	10	159	10	10	0.242114124420954
church.Semcor.ppmi2_5.ll0.COHA.ppmi2.ll0	church	Semcor	ppmi2_5	ll0	10	10	COHA	ppmi2	ll0	10	10	159	10	10	0.25087420014108
church.Semcor.ppmi2_5.ll0.COHA.ppmi2.ll1	church	Semcor	ppmi2_5	ll0	10	10	COHA	ppmi2	ll1	10	10	159	10	10	0.251590817681279
church.Semcor.ppmi2_5.ll0.Semcor.ppmi0.ll0	church	Semcor	ppmi2_5	ll0	10	10	Semcor	ppmi0	ll0	10	10	159	10	10	0.268683137614858
church.Semcor.ppmi2_5.ll0.Semcor.ppmi0.ll1	church	Semcor	ppmi2_5	ll0	10	10	Semcor	ppmi0	ll1	10	10	159	10	10	0.269573557924764
church.Semcor.ppmi2_5.ll0.Semcor.ppmi1.ll0	church	Semcor	ppmi2_5	ll0	10	10	Semcor	ppmi1	ll0	10	10	159	10	10	0.267888941996378
church.Semcor.ppmi2_5.ll0.Semcor.ppmi1.ll1	church	Semcor	ppmi2_5	ll0	10	10	Semcor	ppmi1	ll1	10	10	159	10	10	0.270776718966156
church.Semcor.ppmi2_5.ll0.Semcor.ppmi2.ll0	church	Semcor	ppmi2_5	ll0	10	10	Semcor	ppmi2	ll0	10	10	159	10	10	0.268429705506958
church.Semcor.ppmi2_5.ll0.Semcor.ppmi2.ll1	church	Semcor	ppmi2_5	ll0	10	10	Semcor	ppmi2	ll1	10	10	159	10	10	0.26731170896146
church.Semcor.ppmi2_5.ll1.COHA.ppmi0.ll0	church	Semcor	ppmi2_5	ll1	10	10	COHA	ppmi0	ll0	10	10	159	10	10	0.242084405838586
church.Semcor.ppmi2_5.ll1.COHA.ppmi0.ll1	church	Semcor	ppmi2_5	ll1	10	10	COHA	ppmi0	ll1	10	10	159	10	10	0.246154039021326
church.Semcor.ppmi2_5.ll1.COHA.ppmi1.ll0	church	Semcor	ppmi2_5	ll1	10	10	COHA	ppmi1	ll0	10	10	159	10	10	0.242389377044451
church.Semcor.ppmi2_5.ll1.COHA.ppmi1.ll1	church	Semcor	ppmi2_5	ll1	10	10	COHA	ppmi1	ll1	10	10	159	10	10	0.243786948217664
church.Semcor.ppmi2_5.ll1.COHA.ppmi2.ll0	church	Semcor	ppmi2_5	ll1	10	10	COHA	ppmi2	ll0	10	10	159	10	10	0.249983792628722
church.Semcor.ppmi2_5.ll1.COHA.ppmi2.ll1	church	Semcor	ppmi2_5	ll1	10	10	COHA	ppmi2	ll1	10	10	159	10	10	0.2506154666811
church.Semcor.ppmi2_5.ll1.Semcor.ppmi0.ll0	church	Semcor	ppmi2_5	ll1	10	10	Semcor	ppmi0	ll0	10	10	159	10	10	0.271582986401527
church.Semcor.ppmi2_5.ll1.Semcor.ppmi0.ll1	church	Semcor	ppmi2_5	ll1	10	10	Semcor	ppmi0	ll1	10	10	159	10	10	0.269547931894668
church.Semcor.ppmi2_5.ll1.Semcor.ppmi1.ll0	church	Semcor	ppmi2_5	ll1	10	10	Semcor	ppmi1	ll0	10	10	159	10	10	0.269978861443832
church.Semcor.ppmi2_5.ll1.Semcor.ppmi1.ll1	church	Semcor	ppmi2_5	ll1	10	10	Semcor	ppmi1	ll1	10	10	159	10	10	0.269387135146343
church.Semcor.ppmi2_5.ll1.Semcor.ppmi2.ll0	church	Semcor	ppmi2_5	ll1	10	10	Semcor	ppmi2	ll0	10	10	159	10	10	0.268345965245386
church.Semcor.ppmi2_5.ll1.Semcor.ppmi2.ll1	church	Semcor	ppmi2_5	ll1	10	10	Semcor	ppmi2	ll1	10	10	159	10	10	0.269585399457843
church.Semcor.ppmi2.ll0.COHA.ppmi0.ll0	church	Semcor	ppmi2	ll0	10	10	COHA	ppmi0	ll0	10	10	184	10	10	0.247294772557524
church.Semcor.ppmi2.ll0.COHA.ppmi0.ll1	church	Semcor	ppmi2	ll0	10	10	COHA	ppmi0	ll1	10	10	184	10	10	0.250778387065195
church.Semcor.ppmi2.ll0.COHA.ppmi1.ll0	church	Semcor	ppmi2	ll0	10	10	COHA	ppmi1	ll0	10	10	184	10	10	0.249046756242632
church.Semcor.ppmi2.ll0.COHA.ppmi1.ll1	church	Semcor	ppmi2	ll0	10	10	COHA	ppmi1	ll1	10	10	184	10	10	0.2491606379439
church.Semcor.ppmi2.ll0.COHA.ppmi2.ll0	church	Semcor	ppmi2	ll0	10	10	COHA	ppmi2	ll0	10	10	184	10	10	0.257298258085015
church.Semcor.ppmi2.ll0.COHA.ppmi2.ll1	church	Semcor	ppmi2	ll0	10	10	COHA	ppmi2	ll1	10	10	184	10	10	0.256370529169811
church.Semcor.ppmi2.ll0.Semcor.ppmi0.ll0	church	Semcor	ppmi2	ll0	10	10	Semcor	ppmi0	ll0	10	10	184	10	10	0.270500633463449
church.Semcor.ppmi2.ll0.Semcor.ppmi0.ll1	church	Semcor	ppmi2	ll0	10	10	Semcor	ppmi0	ll1	10	10	184	10	10	0.272688111880181
church.Semcor.ppmi2.ll0.Semcor.ppmi1.ll0	church	Semcor	ppmi2	ll0	10	10	Semcor	ppmi1	ll0	10	10	184	10	10	0.272612970128815
church.Semcor.ppmi2.ll0.Semcor.ppmi1.ll1	church	Semcor	ppmi2	ll0	10	10	Semcor	ppmi1	ll1	10	10	184	10	10	0.273299680477316
church.Semcor.ppmi2.ll0.Semcor.ppmi2.ll0	church	Semcor	ppmi2	ll0	10	10	Semcor	ppmi2	ll0	10	10	184	10	10	0.269430761473682
church.Semcor.ppmi2.ll0.Semcor.ppmi2.ll1	church	Semcor	ppmi2	ll0	10	10	Semcor	ppmi2	ll1	10	10	184	10	10	0.270420087805888
church.Semcor.ppmi2.ll1.COHA.ppmi0.ll0	church	Semcor	ppmi2	ll1	10	10	COHA	ppmi0	ll0	10	10	184	10	10	0.245686271884343
church.Semcor.ppmi2.ll1.COHA.ppmi0.ll1	church	Semcor	ppmi2	ll1	10	10	COHA	ppmi0	ll1	10	10	184	10	10	0.250114389635976
church.Semcor.ppmi2.ll1.COHA.ppmi1.ll0	church	Semcor	ppmi2	ll1	10	10	COHA	ppmi1	ll0	10	10	184	10	10	0.249307472665988
church.Semcor.ppmi2.ll1.COHA.ppmi1.ll1	church	Semcor	ppmi2	ll1	10	10	COHA	ppmi1	ll1	10	10	184	10	10	0.248624465863167
church.Semcor.ppmi2.ll1.COHA.ppmi2.ll0	church	Semcor	ppmi2	ll1	10	10	COHA	ppmi2	ll0	10	10	184	10	10	0.257093882847478
church.Semcor.ppmi2.ll1.COHA.ppmi2.ll1	church	Semcor	ppmi2	ll1	10	10	COHA	ppmi2	ll1	10	10	184	10	10	0.255984831495718
church.Semcor.ppmi2.ll1.Semcor.ppmi0.ll0	church	Semcor	ppmi2	ll1	10	10	Semcor	ppmi0	ll0	10	10	184	10	10	0.271072004462489
church.Semcor.ppmi2.ll1.Semcor.ppmi0.ll1	church	Semcor	ppmi2	ll1	10	10	Semcor	ppmi0	ll1	10	10	184	10	10	0.272910377436087
church.Semcor.ppmi2.ll1.Semcor.ppmi1.ll0	church	Semcor	ppmi2	ll1	10	10	Semcor	ppmi1	ll0	10	10	184	10	10	0.270026729276507
church.Semcor.ppmi2.ll1.Semcor.ppmi1.ll1	church	Semcor	ppmi2	ll1	10	10	Semcor	ppmi1	ll1	10	10	184	10	10	0.271567144011994
church.Semcor.ppmi2.ll1.Semcor.ppmi2.ll0	church	Semcor	ppmi2	ll1	10	10	Semcor	ppmi2	ll0	10	10	184	10	10	0.269710916827495
church.Semcor.ppmi2.ll1.Semcor.ppmi2.ll1	church	Semcor	ppmi2	ll1	10	10	Semcor	ppmi2	ll1	10	10	184	10	10	0.270019610103169
church.Semcor.ppmi3.ll0.COHA.ppmi0.ll0	church	Semcor	ppmi3	ll0	10	10	COHA	ppmi0	ll0	10	10	129	10	10	0.225054330576632
church.Semcor.ppmi3.ll0.COHA.ppmi0.ll1	church	Semcor	ppmi3	ll0	10	10	COHA	ppmi0	ll1	10	10	129	10	10	0.224695874489996
church.Semcor.ppmi3.ll0.COHA.ppmi1.ll0	church	Semcor	ppmi3	ll0	10	10	COHA	ppmi1	ll0	10	10	129	10	10	0.22375306588215
church.Semcor.ppmi3.ll0.COHA.ppmi1.ll1	church	Semcor	ppmi3	ll0	10	10	COHA	ppmi1	ll1	10	10	129	10	10	0.221734075199407
church.Semcor.ppmi3.ll0.COHA.ppmi2.ll0	church	Semcor	ppmi3	ll0	10	10	COHA	ppmi2	ll0	10	10	129	10	10	0.231567469419941
church.Semcor.ppmi3.ll0.COHA.ppmi2.ll1	church	Semcor	ppmi3	ll0	10	10	COHA	ppmi2	ll1	10	10	129	10	10	0.231170562208777
church.Semcor.ppmi3.ll0.Semcor.ppmi0.ll0	church	Semcor	ppmi3	ll0	10	10	Semcor	ppmi0	ll0	10	10	129	10	10	0.248649311087552
church.Semcor.ppmi3.ll0.Semcor.ppmi0.ll1	church	Semcor	ppmi3	ll0	10	10	Semcor	ppmi0	ll1	10	10	129	10	10	0.247334577363917
church.Semcor.ppmi3.ll0.Semcor.ppmi1.ll0	church	Semcor	ppmi3	ll0	10	10	Semcor	ppmi1	ll0	10	10	129	10	10	0.246766323534256
church.Semcor.ppmi3.ll0.Semcor.ppmi1.ll1	church	Semcor	ppmi3	ll0	10	10	Semcor	ppmi1	ll1	10	10	129	10	10	0.247173510455372
church.Semcor.ppmi3.ll0.Semcor.ppmi2.ll0	church	Semcor	ppmi3	ll0	10	10	Semcor	ppmi2	ll0	10	10	129	10	10	0.245194159239795
church.Semcor.ppmi3.ll0.Semcor.ppmi2.ll1	church	Semcor	ppmi3	ll0	10	10	Semcor	ppmi2	ll1	10	10	129	10	10	0.245194159239795
church.Semcor.ppmi3.ll1.COHA.ppmi0.ll0	church	Semcor	ppmi3	ll1	10	10	COHA	ppmi0	ll0	10	10	129	10	10	0.225516118920787
church.Semcor.ppmi3.ll1.COHA.ppmi0.ll1	church	Semcor	ppmi3	ll1	10	10	COHA	ppmi0	ll1	10	10	129	10	10	0.226574937298269
church.Semcor.ppmi3.ll1.COHA.ppmi1.ll0	church	Semcor	ppmi3	ll1	10	10	COHA	ppmi1	ll0	10	10	129	10	10	0.220595594849195
church.Semcor.ppmi3.ll1.COHA.ppmi1.ll1	church	Semcor	ppmi3	ll1	10	10	COHA	ppmi1	ll1	10	10	129	10	10	0.22567187354852
church.Semcor.ppmi3.ll1.COHA.ppmi2.ll0	church	Semcor	ppmi3	ll1	10	10	COHA	ppmi2	ll0	10	10	129	10	10	0.230352160397693
church.Semcor.ppmi3.ll1.COHA.ppmi2.ll1	church	Semcor	ppmi3	ll1	10	10	COHA	ppmi2	ll1	10	10	129	10	10	0.228880841433255
church.Semcor.ppmi3.ll1.Semcor.ppmi0.ll0	church	Semcor	ppmi3	ll1	10	10	Semcor	ppmi0	ll0	10	10	129	10	10	0.248052442368766
church.Semcor.ppmi3.ll1.Semcor.ppmi0.ll1	church	Semcor	ppmi3	ll1	10	10	Semcor	ppmi0	ll1	10	10	129	10	10	0.248590629953878
church.Semcor.ppmi3.ll1.Semcor.ppmi1.ll0	church	Semcor	ppmi3	ll1	10	10	Semcor	ppmi1	ll0	10	10	129	10	10	0.247557126238299
church.Semcor.ppmi3.ll1.Semcor.ppmi1.ll1	church	Semcor	ppmi3	ll1	10	10	Semcor	ppmi1	ll1	10	10	129	10	10	0.246430293499519
church.Semcor.ppmi3.ll1.Semcor.ppmi2.ll0	church	Semcor	ppmi3	ll1	10	10	Semcor	ppmi2	ll0	10	10	129	10	10	0.245194159239795
church.Semcor.ppmi3.ll1.Semcor.ppmi2.ll1	church	Semcor	ppmi3	ll1	10	10	Semcor	ppmi2	ll1	10	10	129	10	10	0.245194159239795
state.Semcor.ppmi0.ll0.COHA.ppmi0.ll0	state	Semcor	ppmi0	ll0	10	10	COHA	ppmi0	ll0	10	10	906	10	10	0.249088045405535
state.Semcor.ppmi0.ll0.COHA.ppmi0.ll1	state	Semcor	ppmi0	ll0	10	10	COHA	ppmi0	ll1	10	10	906	10	10	0.253039253836675
state.Semcor.ppmi0.ll0.COHA.ppmi1.ll0	state	Semcor	ppmi0	ll0	10	10	COHA	ppmi1	ll0	10	10	906	10	10	0.253788467031007
state.Semcor.ppmi0.ll0.COHA.ppmi1.ll1	state	Semcor	ppmi0	ll0	10	10	COHA	ppmi1	ll1	10	10	906	10	10	0.253511401466381
state.Semcor.ppmi0.ll0.COHA.ppmi2.ll0	state	Semcor	ppmi0	ll0	10	10	COHA	ppmi2	ll0	10	10	905	10	10	0.0982561284871978
state.Semcor.ppmi0.ll0.COHA.ppmi2.ll1	state	Semcor	ppmi0	ll0	10	10	COHA	ppmi2	ll1	10	10	905	10	10	0.0982536366205489
state.Semcor.ppmi0.ll0.Semcor.ppmi0.ll0	state	Semcor	ppmi0	ll0	10	10	Semcor	ppmi0	ll0	10	10	921	10	10	0.285620361081576
state.Semcor.ppmi0.ll0.Semcor.ppmi0.ll1	state	Semcor	ppmi0	ll0	10	10	Semcor	ppmi0	ll1	10	10	906	10	10	0.288806554598005
state.Semcor.ppmi0.ll0.Semcor.ppmi1.ll0	state	Semcor	ppmi0	ll0	10	10	Semcor	ppmi1	ll0	10	10	906	10	10	0.28970572363614
state.Semcor.ppmi0.ll0.Semcor.ppmi1.ll1	state	Semcor	ppmi0	ll0	10	10	Semcor	ppmi1	ll1	10	10	906	10	10	0.28970572363614
state.Semcor.ppmi0.ll0.Semcor.ppmi2.ll0	state	Semcor	ppmi0	ll0	10	10	Semcor	ppmi2	ll0	10	10	906	10	10	0.267988811721778
state.Semcor.ppmi0.ll0.Semcor.ppmi2.ll1	state	Semcor	ppmi0	ll0	10	10	Semcor	ppmi2	ll1	10	10	906	10	10	0.267965554746366
state.Semcor.ppmi0.ll1.COHA.ppmi0.ll0	state	Semcor	ppmi0	ll1	10	10	COHA	ppmi0	ll0	10	10	867	10	10	0.249710765888578
state.Semcor.ppmi0.ll1.COHA.ppmi0.ll1	state	Semcor	ppmi0	ll1	10	10	COHA	ppmi0	ll1	10	10	867	10	10	0.256641698561554
state.Semcor.ppmi0.ll1.COHA.ppmi1.ll0	state	Semcor	ppmi0	ll1	10	10	COHA	ppmi1	ll0	10	10	867	10	10	0.256267657423691
state.Semcor.ppmi0.ll1.COHA.ppmi1.ll1	state	Semcor	ppmi0	ll1	10	10	COHA	ppmi1	ll1	10	10	867	10	10	0.256300942734467
state.Semcor.ppmi0.ll1.COHA.ppmi2.ll0	state	Semcor	ppmi0	ll1	10	10	COHA	ppmi2	ll0	10	10	866	10	10	0.101127352128867
state.Semcor.ppmi0.ll1.COHA.ppmi2.ll1	state	Semcor	ppmi0	ll1	10	10	COHA	ppmi2	ll1	10	10	866	10	10	0.101128780711264
state.Semcor.ppmi0.ll1.Semcor.ppmi0.ll0	state	Semcor	ppmi0	ll1	10	10	Semcor	ppmi0	ll0	10	10	867	10	10	0.283734562223296
state.Semcor.ppmi0.ll1.Semcor.ppmi0.ll1	state	Semcor	ppmi0	ll1	10	10	Semcor	ppmi0	ll1	10	10	867	10	10	0.289599012310471
state.Semcor.ppmi0.ll1.Semcor.ppmi1.ll0	state	Semcor	ppmi0	ll1	10	10	Semcor	ppmi1	ll0	10	10	867	10	10	0.290249806731526
state.Semcor.ppmi0.ll1.Semcor.ppmi1.ll1	state	Semcor	ppmi0	ll1	10	10	Semcor	ppmi1	ll1	10	10	867	10	10	0.290338604107973
state.Semcor.ppmi0.ll1.Semcor.ppmi2.ll0	state	Semcor	ppmi0	ll1	10	10	Semcor	ppmi2	ll0	10	10	867	10	10	0.271627609001788
state.Semcor.ppmi0.ll1.Semcor.ppmi2.ll1	state	Semcor	ppmi0	ll1	10	10	Semcor	ppmi2	ll1	10	10	867	10	10	0.271658479677553
state.Semcor.ppmi1.ll0.COHA.ppmi0.ll0	state	Semcor	ppmi1	ll0	10	10	COHA	ppmi0	ll0	10	10	664	10	10	0.241326182691617
state.Semcor.ppmi1.ll0.COHA.ppmi0.ll1	state	Semcor	ppmi1	ll0	10	10	COHA	ppmi0	ll1	10	10	664	10	10	0.249492850644012
state.Semcor.ppmi1.ll0.COHA.ppmi1.ll0	state	Semcor	ppmi1	ll0	10	10	COHA	ppmi1	ll0	10	10	664	10	10	0.251411488878311
state.Semcor.ppmi1.ll0.COHA.ppmi1.ll1	state	Semcor	ppmi1	ll0	10	10	COHA	ppmi1	ll1	10	10	664	10	10	0.251583528690126
state.Semcor.ppmi1.ll0.COHA.ppmi2.ll0	state	Semcor	ppmi1	ll0	10	10	COHA	ppmi2	ll0	10	10	664	10	10	0.263452994320211
state.Semcor.ppmi1.ll0.COHA.ppmi2.ll1	state	Semcor	ppmi1	ll0	10	10	COHA	ppmi2	ll1	10	10	664	10	10	0.263364293945426
state.Semcor.ppmi1.ll0.Semcor.ppmi0.ll0	state	Semcor	ppmi1	ll0	10	10	Semcor	ppmi0	ll0	10	10	664	10	10	0.294420718130358
state.Semcor.ppmi1.ll0.Semcor.ppmi0.ll1	state	Semcor	ppmi1	ll0	10	10	Semcor	ppmi0	ll1	10	10	664	10	10	0.29626207797017
state.Semcor.ppmi1.ll0.Semcor.ppmi1.ll0	state	Semcor	ppmi1	ll0	10	10	Semcor	ppmi1	ll0	10	10	664	10	10	0.29529732863319
state.Semcor.ppmi1.ll0.Semcor.ppmi1.ll1	state	Semcor	ppmi1	ll0	10	10	Semcor	ppmi1	ll1	10	10	664	10	10	0.295675129835432
state.Semcor.ppmi1.ll0.Semcor.ppmi2.ll0	state	Semcor	ppmi1	ll0	10	10	Semcor	ppmi2	ll0	10	10	664	10	10	0.303141137056635
state.Semcor.ppmi1.ll0.Semcor.ppmi2.ll1	state	Semcor	ppmi1	ll0	10	10	Semcor	ppmi2	ll1	10	10	664	10	10	0.30382121446189
state.Semcor.ppmi1.ll1.COHA.ppmi0.ll0	state	Semcor	ppmi1	ll1	10	10	COHA	ppmi0	ll0	10	10	657	10	10	0.243649947551268
state.Semcor.ppmi1.ll1.COHA.ppmi0.ll1	state	Semcor	ppmi1	ll1	10	10	COHA	ppmi0	ll1	10	10	657	10	10	0.251093155295089
state.Semcor.ppmi1.ll1.COHA.ppmi1.ll0	state	Semcor	ppmi1	ll1	10	10	COHA	ppmi1	ll0	10	10	657	10	10	0.252857021702222
state.Semcor.ppmi1.ll1.COHA.ppmi1.ll1	state	Semcor	ppmi1	ll1	10	10	COHA	ppmi1	ll1	10	10	657	10	10	0.253621292013464
state.Semcor.ppmi1.ll1.COHA.ppmi2.ll0	state	Semcor	ppmi1	ll1	10	10	COHA	ppmi2	ll0	10	10	657	10	10	0.264276481705816
state.Semcor.ppmi1.ll1.COHA.ppmi2.ll1	state	Semcor	ppmi1	ll1	10	10	COHA	ppmi2	ll1	10	10	657	10	10	0.264337933832565
state.Semcor.ppmi1.ll1.Semcor.ppmi0.ll0	state	Semcor	ppmi1	ll1	10	10	Semcor	ppmi0	ll0	10	10	657	10	10	0.293465485936569
state.Semcor.ppmi1.ll1.Semcor.ppmi0.ll1	state	Semcor	ppmi1	ll1	10	10	Semcor	ppmi0	ll1	10	10	657	10	10	0.296023373855076
state.Semcor.ppmi1.ll1.Semcor.ppmi1.ll0	state	Semcor	ppmi1	ll1	10	10	Semcor	ppmi1	ll0	10	10	657	10	10	0.295098607760984
state.Semcor.ppmi1.ll1.Semcor.ppmi1.ll1	state	Semcor	ppmi1	ll1	10	10	Semcor	ppmi1	ll1	10	10	657	10	10	0.294935320789786
state.Semcor.ppmi1.ll1.Semcor.ppmi2.ll0	state	Semcor	ppmi1	ll1	10	10	Semcor	ppmi2	ll0	10	10	657	10	10	0.303861166452846
state.Semcor.ppmi1.ll1.Semcor.ppmi2.ll1	state	Semcor	ppmi1	ll1	10	10	Semcor	ppmi2	ll1	10	10	657	10	10	0.303560427931733
state.Semcor.ppmi2_5.ll0.COHA.ppmi0.ll0	state	Semcor	ppmi2_5	ll0	10	10	COHA	ppmi0	ll0	10	10	141	10	10	0.201348515622169
state.Semcor.ppmi2_5.ll0.COHA.ppmi0.ll1	state	Semcor	ppmi2_5	ll0	10	10	COHA	ppmi0	ll1	10	10	141	10	10	0.208782825600671
state.Semcor.ppmi2_5.ll0.COHA.ppmi1.ll0	state	Semcor	ppmi2_5	ll0	10	10	COHA	ppmi1	ll0	10	10	141	10	10	0.206236592739692
state.Semcor.ppmi2_5.ll0.COHA.ppmi1.ll1	state	Semcor	ppmi2_5	ll0	10	10	COHA	ppmi1	ll1	10	10	141	10	10	0.206185709395202
state.Semcor.ppmi2_5.ll0.COHA.ppmi2.ll0	state	Semcor	ppmi2_5	ll0	10	10	COHA	ppmi2	ll0	10	10	141	10	10	0.196761249470582
state.Semcor.ppmi2_5.ll0.COHA.ppmi2.ll1	state	Semcor	ppmi2_5	ll0	10	10	COHA	ppmi2	ll1	10	10	141	10	10	0.197470949509097
state.Semcor.ppmi2_5.ll0.Semcor.ppmi0.ll0	state	Semcor	ppmi2_5	ll0	10	10	Semcor	ppmi0	ll0	10	10	141	10	10	0.243426702453991
state.Semcor.ppmi2_5.ll0.Semcor.ppmi0.ll1	state	Semcor	ppmi2_5	ll0	10	10	Semcor	ppmi0	ll1	10	10	141	10	10	0.245212028972396
state.Semcor.ppmi2_5.ll0.Semcor.ppmi1.ll0	state	Semcor	ppmi2_5	ll0	10	10	Semcor	ppmi1	ll0	10	10	141	10	10	0.246269871298001
state.Semcor.ppmi2_5.ll0.Semcor.ppmi1.ll1	state	Semcor	ppmi2_5	ll0	10	10	Semcor	ppmi1	ll1	10	10	141	10	10	0.245993484823988
state.Semcor.ppmi2_5.ll0.Semcor.ppmi2.ll0	state	Semcor	ppmi2_5	ll0	10	10	Semcor	ppmi2	ll0	10	10	141	10	10	0.230813761045588
state.Semcor.ppmi2_5.ll0.Semcor.ppmi2.ll1	state	Semcor	ppmi2_5	ll0	10	10	Semcor	ppmi2	ll1	10	10	141	10	10	0.226925689186151
state.Semcor.ppmi2_5.ll1.COHA.ppmi0.ll0	state	Semcor	ppmi2_5	ll1	10	10	COHA	ppmi0	ll0	10	10	141	10	10	0.203487337001331
state.Semcor.ppmi2_5.ll1.COHA.ppmi0.ll1	state	Semcor	ppmi2_5	ll1	10	10	COHA	ppmi0	ll1	10	10	141	10	10	0.208174902227767
state.Semcor.ppmi2_5.ll1.COHA.ppmi1.ll0	state	Semcor	ppmi2_5	ll1	10	10	COHA	ppmi1	ll0	10	10	141	10	10	0.203909721312225
state.Semcor.ppmi2_5.ll1.COHA.ppmi1.ll1	state	Semcor	ppmi2_5	ll1	10	10	COHA	ppmi1	ll1	10	10	141	10	10	0.206236592739692
state.Semcor.ppmi2_5.ll1.COHA.ppmi2.ll0	state	Semcor	ppmi2_5	ll1	10	10	COHA	ppmi2	ll0	10	10	141	10	10	0.200380923229941
state.Semcor.ppmi2_5.ll1.COHA.ppmi2.ll1	state	Semcor	ppmi2_5	ll1	10	10	COHA	ppmi2	ll1	10	10	141	10	10	0.200516982478328
state.Semcor.ppmi2_5.ll1.Semcor.ppmi0.ll0	state	Semcor	ppmi2_5	ll1	10	10	Semcor	ppmi0	ll0	10	10	141	10	10	0.245121539147327
state.Semcor.ppmi2_5.ll1.Semcor.ppmi0.ll1	state	Semcor	ppmi2_5	ll1	10	10	Semcor	ppmi0	ll1	10	10	141	10	10	0.247924362450351
state.Semcor.ppmi2_5.ll1.Semcor.ppmi1.ll0	state	Semcor	ppmi2_5	ll1	10	10	Semcor	ppmi1	ll0	10	10	141	10	10	0.242457401826777
state.Semcor.ppmi2_5.ll1.Semcor.ppmi1.ll1	state	Semcor	ppmi2_5	ll1	10	10	Semcor	ppmi1	ll1	10	10	141	10	10	0.244413926299407
state.Semcor.ppmi2_5.ll1.Semcor.ppmi2.ll0	state	Semcor	ppmi2_5	ll1	10	10	Semcor	ppmi2	ll0	10	10	141	10	10	0.232690291333297
state.Semcor.ppmi2_5.ll1.Semcor.ppmi2.ll1	state	Semcor	ppmi2_5	ll1	10	10	Semcor	ppmi2	ll1	10	10	141	10	10	0.227810611843246
state.Semcor.ppmi2.ll0.COHA.ppmi0.ll0	state	Semcor	ppmi2	ll0	10	10	COHA	ppmi0	ll0	10	10	281	10	10	0.227953818947126
state.Semcor.ppmi2.ll0.COHA.ppmi0.ll1	state	Semcor	ppmi2	ll0	10	10	COHA	ppmi0	ll1	10	10	281	10	10	0.234014621403592
state.Semcor.ppmi2.ll0.COHA.ppmi1.ll0	state	Semcor	ppmi2	ll0	10	10	COHA	ppmi1	ll0	10	10	281	10	10	0.234282629636454
state.Semcor.ppmi2.ll0.COHA.ppmi1.ll1	state	Semcor	ppmi2	ll0	10	10	COHA	ppmi1	ll1	10	10	281	10	10	0.233424823495452
state.Semcor.ppmi2.ll0.COHA.ppmi2.ll0	state	Semcor	ppmi2	ll0	10	10	COHA	ppmi2	ll0	10	10	281	10	10	0.242064299773734
state.Semcor.ppmi2.ll0.COHA.ppmi2.ll1	state	Semcor	ppmi2	ll0	10	10	COHA	ppmi2	ll1	10	10	281	10	10	0.243329582519901
state.Semcor.ppmi2.ll0.Semcor.ppmi0.ll0	state	Semcor	ppmi2	ll0	10	10	Semcor	ppmi0	ll0	10	10	281	10	10	0.288231925713945
state.Semcor.ppmi2.ll0.Semcor.ppmi0.ll1	state	Semcor	ppmi2	ll0	10	10	Semcor	ppmi0	ll1	10	10	281	10	10	0.288850522537796
state.Semcor.ppmi2.ll0.Semcor.ppmi1.ll0	state	Semcor	ppmi2	ll0	10	10	Semcor	ppmi1	ll0	10	10	281	10	10	0.288975612356582
state.Semcor.ppmi2.ll0.Semcor.ppmi1.ll1	state	Semcor	ppmi2	ll0	10	10	Semcor	ppmi1	ll1	10	10	281	10	10	0.288107064457971
state.Semcor.ppmi2.ll0.Semcor.ppmi2.ll0	state	Semcor	ppmi2	ll0	10	10	Semcor	ppmi2	ll0	10	10	281	10	10	0.285615466222762
state.Semcor.ppmi2.ll0.Semcor.ppmi2.ll1	state	Semcor	ppmi2	ll0	10	10	Semcor	ppmi2	ll1	10	10	281	10	10	0.285615466222762
state.Semcor.ppmi2.ll1.COHA.ppmi0.ll0	state	Semcor	ppmi2	ll1	10	10	COHA	ppmi0	ll0	10	10	281	10	10	0.228009056603392
state.Semcor.ppmi2.ll1.COHA.ppmi0.ll1	state	Semcor	ppmi2	ll1	10	10	COHA	ppmi0	ll1	10	10	281	10	10	0.234406379756974
state.Semcor.ppmi2.ll1.COHA.ppmi1.ll0	state	Semcor	ppmi2	ll1	10	10	COHA	ppmi1	ll0	10	10	281	10	10	0.235470408363938
state.Semcor.ppmi2.ll1.COHA.ppmi1.ll1	state	Semcor	ppmi2	ll1	10	10	COHA	ppmi1	ll1	10	10	281	10	10	0.235219826231286
state.Semcor.ppmi2.ll1.COHA.ppmi2.ll0	state	Semcor	ppmi2	ll1	10	10	COHA	ppmi2	ll0	10	10	281	10	10	0.242815962335386
state.Semcor.ppmi2.ll1.COHA.ppmi2.ll1	state	Semcor	ppmi2	ll1	10	10	COHA	ppmi2	ll1	10	10	281	10	10	0.242338986954546
state.Semcor.ppmi2.ll1.Semcor.ppmi0.ll0	state	Semcor	ppmi2	ll1	10	10	Semcor	ppmi0	ll0	10	10	281	10	10	0.28692984751387
state.Semcor.ppmi2.ll1.Semcor.ppmi0.ll1	state	Semcor	ppmi2	ll1	10	10	Semcor	ppmi0	ll1	10	10	281	10	10	0.291366230261145
state.Semcor.ppmi2.ll1.Semcor.ppmi1.ll0	state	Semcor	ppmi2	ll1	10	10	Semcor	ppmi1	ll0	10	10	281	10	10	0.29068087793561
state.Semcor.ppmi2.ll1.Semcor.ppmi1.ll1	state	Semcor	ppmi2	ll1	10	10	Semcor	ppmi1	ll1	10	10	281	10	10	0.289937988905228
state.Semcor.ppmi2.ll1.Semcor.ppmi2.ll0	state	Semcor	ppmi2	ll1	10	10	Semcor	ppmi2	ll0	10	10	281	10	10	0.285615466222762
state.Semcor.ppmi2.ll1.Semcor.ppmi2.ll1	state	Semcor	ppmi2	ll1	10	10	Semcor	ppmi2	ll1	10	10	281	10	10	0.285280393264434
state.Semcor.ppmi3.ll0.COHA.ppmi0.ll0	state	Semcor	ppmi3	ll0	10	10	COHA	ppmi0	ll0	10	10	96	10	10	0.144522022946697
state.Semcor.ppmi3.ll0.COHA.ppmi0.ll1	state	Semcor	ppmi3	ll0	10	10	COHA	ppmi0	ll1	10	10	96	10	10	0.154677566888539
state.Semcor.ppmi3.ll0.COHA.ppmi1.ll0	state	Semcor	ppmi3	ll0	10	10	COHA	ppmi1	ll0	10	10	96	10	10	0.14469225139897
state.Semcor.ppmi3.ll0.COHA.ppmi1.ll1	state	Semcor	ppmi3	ll0	10	10	COHA	ppmi1	ll1	10	10	96	10	10	0.14469225139897
state.Semcor.ppmi3.ll0.COHA.ppmi2.ll0	state	Semcor	ppmi3	ll0	10	10	COHA	ppmi2	ll0	10	10	96	10	10	0.130198628784488
state.Semcor.ppmi3.ll0.COHA.ppmi2.ll1	state	Semcor	ppmi3	ll0	10	10	COHA	ppmi2	ll1	10	10	96	10	10	0.12373887645487
state.Semcor.ppmi3.ll0.Semcor.ppmi0.ll0	state	Semcor	ppmi3	ll0	10	10	Semcor	ppmi0	ll0	10	10	96	10	10	0.166882820072256
state.Semcor.ppmi3.ll0.Semcor.ppmi0.ll1	state	Semcor	ppmi3	ll0	10	10	Semcor	ppmi0	ll1	10	10	96	10	10	0.15987806824349
state.Semcor.ppmi3.ll0.Semcor.ppmi1.ll0	state	Semcor	ppmi3	ll0	10	10	Semcor	ppmi1	ll0	10	10	96	10	10	0.164526385040413
state.Semcor.ppmi3.ll0.Semcor.ppmi1.ll1	state	Semcor	ppmi3	ll0	10	10	Semcor	ppmi1	ll1	10	10	96	10	10	0.16074333621385
state.Semcor.ppmi3.ll0.Semcor.ppmi2.ll0	state	Semcor	ppmi3	ll0	10	10	Semcor	ppmi2	ll0	10	10	96	10	10	0.152138715767008
state.Semcor.ppmi3.ll0.Semcor.ppmi2.ll1	state	Semcor	ppmi3	ll0	10	10	Semcor	ppmi2	ll1	10	10	96	10	10	0.146394436108285
state.Semcor.ppmi3.ll1.COHA.ppmi0.ll0	state	Semcor	ppmi3	ll1	10	10	COHA	ppmi0	ll0	10	10	96	10	10	0.149537847455983
state.Semcor.ppmi3.ll1.COHA.ppmi0.ll1	state	Semcor	ppmi3	ll1	10	10	COHA	ppmi0	ll1	10	10	96	10	10	0.149304687546301
state.Semcor.ppmi3.ll1.COHA.ppmi1.ll0	state	Semcor	ppmi3	ll1	10	10	COHA	ppmi1	ll0	10	10	96	10	10	0.14469225139897
state.Semcor.ppmi3.ll1.COHA.ppmi1.ll1	state	Semcor	ppmi3	ll1	10	10	COHA	ppmi1	ll1	10	10	96	10	10	0.140801114434091
state.Semcor.ppmi3.ll1.COHA.ppmi2.ll0	state	Semcor	ppmi3	ll1	10	10	COHA	ppmi2	ll0	10	10	96	10	10	0.130458784583691
state.Semcor.ppmi3.ll1.COHA.ppmi2.ll1	state	Semcor	ppmi3	ll1	10	10	COHA	ppmi2	ll1	10	10	96	10	10	0.125750002558467
state.Semcor.ppmi3.ll1.Semcor.ppmi0.ll0	state	Semcor	ppmi3	ll1	10	10	Semcor	ppmi0	ll0	10	10	96	10	10	0.167877489216996
state.Semcor.ppmi3.ll1.Semcor.ppmi0.ll1	state	Semcor	ppmi3	ll1	10	10	Semcor	ppmi0	ll1	10	10	96	10	10	0.164697945683478
state.Semcor.ppmi3.ll1.Semcor.ppmi1.ll0	state	Semcor	ppmi3	ll1	10	10	Semcor	ppmi1	ll0	10	10	96	10	10	0.160529024351513
state.Semcor.ppmi3.ll1.Semcor.ppmi1.ll1	state	Semcor	ppmi3	ll1	10	10	Semcor	ppmi1	ll1	10	10	96	10	10	0.162274861241528
state.Semcor.ppmi3.ll1.Semcor.ppmi2.ll0	state	Semcor	ppmi3	ll1	10	10	Semcor	ppmi2	ll0	10	10	96	10	10	0.148566031521686
state.Semcor.ppmi3.ll1.Semcor.ppmi2.ll1	state	Semcor	ppmi3	ll1	10	10	Semcor	ppmi2	ll1	10	10	96	10	10	0.152455039119475
country.Semcor.ppmi0.ll0.COHA.ppmi0.ll0	country	Semcor	ppmi0	ll0	10	10	COHA	ppmi0	ll0	10	10	339	10	10	0.23674351993332
country.Semcor.ppmi0.ll0.COHA.ppmi0.ll1	country	Semcor	ppmi0	ll0	10	10	COHA	ppmi0	ll1	10	10	339	10	10	0.243808870811365
country.Semcor.ppmi0.ll0.COHA.ppmi1.ll0	country	Semcor	ppmi0	ll0	10	10	COHA	ppmi1	ll0	10	10	339	10	10	0.241405142571193
country.Semcor.ppmi0.ll0.COHA.ppmi1.ll1	country	Semcor	ppmi0	ll0	10	10	COHA	ppmi1	ll1	10	10	339	10	10	0.241060776052276
country.Semcor.ppmi0.ll0.COHA.ppmi2.ll0	country	Semcor	ppmi0	ll0	10	10	COHA	ppmi2	ll0	10	10	337	10	10	0.201707363998687
country.Semcor.ppmi0.ll0.COHA.ppmi2.ll1	country	Semcor	ppmi0	ll0	10	10	COHA	ppmi2	ll1	10	10	337	10	10	0.201700320366443
country.Semcor.ppmi0.ll0.Semcor.ppmi0.ll0	country	Semcor	ppmi0	ll0	10	10	Semcor	ppmi0	ll0	10	10	341	10	10	0.270350638001304
country.Semcor.ppmi0.ll0.Semcor.ppmi0.ll1	country	Semcor	ppmi0	ll0	10	10	Semcor	ppmi0	ll1	10	10	339	10	10	0.277058975286915
country.Semcor.ppmi0.ll0.Semcor.ppmi1.ll0	country	Semcor	ppmi0	ll0	10	10	Semcor	ppmi1	ll0	10	10	339	10	10	0.277214932252681
country.Semcor.ppmi0.ll0.Semcor.ppmi1.ll1	country	Semcor	ppmi0	ll0	10	10	Semcor	ppmi1	ll1	10	10	339	10	10	0.277173631124067
country.Semcor.ppmi0.ll0.Semcor.ppmi2.ll0	country	Semcor	ppmi0	ll0	10	10	Semcor	ppmi2	ll0	10	10	339	10	10	0.290008918172257
country.Semcor.ppmi0.ll0.Semcor.ppmi2.ll1	country	Semcor	ppmi0	ll0	10	10	Semcor	ppmi2	ll1	10	10	339	10	10	0.28979811169596
country.Semcor.ppmi0.ll1.COHA.ppmi0.ll0	country	Semcor	ppmi0	ll1	10	10	COHA	ppmi0	ll0	10	10	334	10	10	0.243849210962586
country.Semcor.ppmi0.ll1.COHA.ppmi0.ll1	country	Semcor	ppmi0	ll1	10	10	COHA	ppmi0	ll1	10	10	334	10	10	0.249971369286286
country.Semcor.ppmi0.ll1.COHA.ppmi1.ll0	country	Semcor	ppmi0	ll1	10	10	COHA	ppmi1	ll0	10	10	334	10	10	0.21468768470248
country.Semcor.ppmi0.ll1.COHA.ppmi1.ll1	country	Semcor	ppmi0	ll1	10	10	COHA	ppmi1	ll1	10	10	334	10	10	0.214920411788235
country.Semcor.ppmi0.ll1.COHA.ppmi2.ll0	country	Semcor	ppmi0	ll1	10	10	COHA	ppmi2	ll0	10	10	322	10	10	0.254072108460242
country.Semcor.ppmi0.ll1.COHA.ppmi2.ll1	country	Semcor	ppmi0	ll1	10	10	COHA	ppmi2	ll1	10	10	322	10	10	0.254105330049518
country.Semcor.ppmi0.ll1.Semcor.ppmi0.ll0	country	Semcor	ppmi0	ll1	10	10	Semcor	ppmi0	ll0	10	10	334	10	10	0.276748063746858
country.Semcor.ppmi0.ll1.Semcor.ppmi0.ll1	country	Semcor	ppmi0	ll1	10	10	Semcor	ppmi0	ll1	10	10	334	10	10	0.285257763005868
country.Semcor.ppmi0.ll1.Semcor.ppmi1.ll0	country	Semcor	ppmi0	ll1	10	10	Semcor	ppmi1	ll0	10	10	334	10	10	0.278714330214023
country.Semcor.ppmi0.ll1.Semcor.ppmi1.ll1	country	Semcor	ppmi0	ll1	10	10	Semcor	ppmi1	ll1	10	10	334	10	10	0.278649554923542
country.Semcor.ppmi0.ll1.Semcor.ppmi2.ll0	country	Semcor	ppmi0	ll1	10	10	Semcor	ppmi2	ll0	10	10	334	10	10	0.272659552411486
country.Semcor.ppmi0.ll1.Semcor.ppmi2.ll1	country	Semcor	ppmi0	ll1	10	10	Semcor	ppmi2	ll1	10	10	334	10	10	0.272377898868723
country.Semcor.ppmi1.ll0.COHA.ppmi0.ll0	country	Semcor	ppmi1	ll0	10	10	COHA	ppmi0	ll0	10	10	227	10	10	0.239409869860611
country.Semcor.ppmi1.ll0.COHA.ppmi0.ll1	country	Semcor	ppmi1	ll0	10	10	COHA	ppmi0	ll1	10	10	227	10	10	0.25072650396033
country.Semcor.ppmi1.ll0.COHA.ppmi1.ll0	country	Semcor	ppmi1	ll0	10	10	COHA	ppmi1	ll0	10	10	227	10	10	0.252447509451039
country.Semcor.ppmi1.ll0.COHA.ppmi1.ll1	country	Semcor	ppmi1	ll0	10	10	COHA	ppmi1	ll1	10	10	227	10	10	0.252447509451039
country.Semcor.ppmi1.ll0.COHA.ppmi2.ll0	country	Semcor	ppmi1	ll0	10	10	COHA	ppmi2	ll0	10	10	227	10	10	0.265767014510328
country.Semcor.ppmi1.ll0.COHA.ppmi2.ll1	country	Semcor	ppmi1	ll0	10	10	COHA	ppmi2	ll1	10	10	227	10	10	0.265767014510328
country.Semcor.ppmi1.ll0.Semcor.ppmi0.ll0	country	Semcor	ppmi1	ll0	10	10	Semcor	ppmi0	ll0	10	10	227	10	10	0.287601871352779
country.Semcor.ppmi1.ll0.Semcor.ppmi0.ll1	country	Semcor	ppmi1	ll0	10	10	Semcor	ppmi0	ll1	10	10	227	10	10	0.292718409732039
country.Semcor.ppmi1.ll0.Semcor.ppmi1.ll0	country	Semcor	ppmi1	ll0	10	10	Semcor	ppmi1	ll0	10	10	227	10	10	0.294319702154889
country.Semcor.ppmi1.ll0.Semcor.ppmi1.ll1	country	Semcor	ppmi1	ll0	10	10	Semcor	ppmi1	ll1	10	10	227	10	10	0.294480249932393
country.Semcor.ppmi1.ll0.Semcor.ppmi2.ll0	country	Semcor	ppmi1	ll0	10	10	Semcor	ppmi2	ll0	10	10	227	10	10	0.29708076242037
country.Semcor.ppmi1.ll0.Semcor.ppmi2.ll1	country	Semcor	ppmi1	ll0	10	10	Semcor	ppmi2	ll1	10	10	227	10	10	0.296673482425742
country.Semcor.ppmi1.ll1.COHA.ppmi0.ll0	country	Semcor	ppmi1	ll1	10	10	COHA	ppmi0	ll0	10	10	223	10	10	0.237188229048666
country.Semcor.ppmi1.ll1.COHA.ppmi0.ll1	country	Semcor	ppmi1	ll1	10	10	COHA	ppmi0	ll1	10	10	223	10	10	0.247943757099373
country.Semcor.ppmi1.ll1.COHA.ppmi1.ll0	country	Semcor	ppmi1	ll1	10	10	COHA	ppmi1	ll0	10	10	223	10	10	0.250952020862335
country.Semcor.ppmi1.ll1.COHA.ppmi1.ll1	country	Semcor	ppmi1	ll1	10	10	COHA	ppmi1	ll1	10	10	223	10	10	0.251142368684867
country.Semcor.ppmi1.ll1.COHA.ppmi2.ll0	country	Semcor	ppmi1	ll1	10	10	COHA	ppmi2	ll0	10	10	223	10	10	0.263849231965724
country.Semcor.ppmi1.ll1.COHA.ppmi2.ll1	country	Semcor	ppmi1	ll1	10	10	COHA	ppmi2	ll1	10	10	223	10	10	0.263770402860648
country.Semcor.ppmi1.ll1.Semcor.ppmi0.ll0	country	Semcor	ppmi1	ll1	10	10	Semcor	ppmi0	ll0	10	10	223	10	10	0.288941567925534
country.Semcor.ppmi1.ll1.Semcor.ppmi0.ll1	country	Semcor	ppmi1	ll1	10	10	Semcor	ppmi0	ll1	10	10	223	10	10	0.294969116264045
country.Semcor.ppmi1.ll1.Semcor.ppmi1.ll0	country	Semcor	ppmi1	ll1	10	10	Semcor	ppmi1	ll0	10	10	223	10	10	0.295229761213557
country.Semcor.ppmi1.ll1.Semcor.ppmi1.ll1	country	Semcor	ppmi1	ll1	10	10	Semcor	ppmi1	ll1	10	10	223	10	10	0.296537609180311
country.Semcor.ppmi1.ll1.Semcor.ppmi2.ll0	country	Semcor	ppmi1	ll1	10	10	Semcor	ppmi2	ll0	10	10	223	10	10	0.300766618684779
country.Semcor.ppmi1.ll1.Semcor.ppmi2.ll1	country	Semcor	ppmi1	ll1	10	10	Semcor	ppmi2	ll1	10	10	223	10	10	0.300618097112683
sample.Semcor.ppmi0.ll0.COHA.ppmi0.ll0	sample	Semcor	ppmi0	ll0	10	10	COHA	ppmi0	ll0	10	10	1532	10	10	0.24261156440762
sample.Semcor.ppmi0.ll0.COHA.ppmi0.ll1	sample	Semcor	ppmi0	ll0	10	10	COHA	ppmi0	ll1	10	10	1532	10	10	0.248984054033167
sample.Semcor.ppmi0.ll0.COHA.ppmi1.ll0	sample	Semcor	ppmi0	ll0	10	10	COHA	ppmi1	ll0	10	10	1532	10	10	0.248595777109497
sample.Semcor.ppmi0.ll0.COHA.ppmi1.ll1	sample	Semcor	ppmi0	ll0	10	10	COHA	ppmi1	ll1	10	10	1532	10	10	0.248142295141346
sample.Semcor.ppmi0.ll0.COHA.ppmi2.ll0	sample	Semcor	ppmi0	ll0	10	10	COHA	ppmi2	ll0	10	10	1526	10	10	0.158627193832219
sample.Semcor.ppmi0.ll0.COHA.ppmi2.ll1	sample	Semcor	ppmi0	ll0	10	10	COHA	ppmi2	ll1	10	10	1526	10	10	0.158527729153893
sample.Semcor.ppmi0.ll0.Semcor.ppmi0.ll0	sample	Semcor	ppmi0	ll0	10	10	Semcor	ppmi0	ll0	10	10	1554	10	10	0.282245503369698
sample.Semcor.ppmi0.ll0.Semcor.ppmi0.ll1	sample	Semcor	ppmi0	ll0	10	10	Semcor	ppmi0	ll1	10	10	1532	10	10	0.285155587701623
sample.Semcor.ppmi0.ll0.Semcor.ppmi1.ll0	sample	Semcor	ppmi0	ll0	10	10	Semcor	ppmi1	ll0	10	10	1532	10	10	0.28616250298255
sample.Semcor.ppmi0.ll0.Semcor.ppmi1.ll1	sample	Semcor	ppmi0	ll0	10	10	Semcor	ppmi1	ll1	10	10	1532	10	10	0.286064269979274
sample.Semcor.ppmi0.ll0.Semcor.ppmi2.ll0	sample	Semcor	ppmi0	ll0	10	10	Semcor	ppmi2	ll0	10	10	1532	10	10	0.297913768868486
sample.Semcor.ppmi0.ll0.Semcor.ppmi2.ll1	sample	Semcor	ppmi0	ll0	10	10	Semcor	ppmi2	ll1	10	10	1532	10	10	0.298490731562889
sample.Semcor.ppmi0.ll1.COHA.ppmi0.ll0	sample	Semcor	ppmi0	ll1	10	10	COHA	ppmi0	ll0	10	10	1479	10	10	0.241899328133386
sample.Semcor.ppmi0.ll1.COHA.ppmi0.ll1	sample	Semcor	ppmi0	ll1	10	10	COHA	ppmi0	ll1	10	10	1479	10	10	0.249830780250283
sample.Semcor.ppmi0.ll1.COHA.ppmi1.ll0	sample	Semcor	ppmi0	ll1	10	10	COHA	ppmi1	ll0	10	10	1479	10	10	0.236500715163357
sample.Semcor.ppmi0.ll1.COHA.ppmi1.ll1	sample	Semcor	ppmi0	ll1	10	10	COHA	ppmi1	ll1	10	10	1479	10	10	0.236500715163357
sample.Semcor.ppmi0.ll1.COHA.ppmi2.ll0	sample	Semcor	ppmi0	ll1	10	10	COHA	ppmi2	ll0	10	10	1460	10	10	0.104479237563823
sample.Semcor.ppmi0.ll1.COHA.ppmi2.ll1	sample	Semcor	ppmi0	ll1	10	10	COHA	ppmi2	ll1	10	10	1460	10	10	0.104476666949258
sample.Semcor.ppmi0.ll1.Semcor.ppmi0.ll0	sample	Semcor	ppmi0	ll1	10	10	Semcor	ppmi0	ll0	10	10	1479	10	10	0.277968599876469
sample.Semcor.ppmi0.ll1.Semcor.ppmi0.ll1	sample	Semcor	ppmi0	ll1	10	10	Semcor	ppmi0	ll1	10	10	1479	10	10	0.284642622764281
sample.Semcor.ppmi0.ll1.Semcor.ppmi1.ll0	sample	Semcor	ppmi0	ll1	10	10	Semcor	ppmi1	ll0	10	10	1479	10	10	0.282959259760824
sample.Semcor.ppmi0.ll1.Semcor.ppmi1.ll1	sample	Semcor	ppmi0	ll1	10	10	Semcor	ppmi1	ll1	10	10	1479	10	10	0.282886156440772
sample.Semcor.ppmi0.ll1.Semcor.ppmi2.ll0	sample	Semcor	ppmi0	ll1	10	10	Semcor	ppmi2	ll0	10	10	1479	10	10	0.284579740213177
sample.Semcor.ppmi0.ll1.Semcor.ppmi2.ll1	sample	Semcor	ppmi0	ll1	10	10	Semcor	ppmi2	ll1	10	10	1479	10	10	0.283982121994147
sample.Semcor.ppmi1.ll0.COHA.ppmi0.ll0	sample	Semcor	ppmi1	ll0	10	10	COHA	ppmi0	ll0	10	10	1130	10	10	0.242472249863008
sample.Semcor.ppmi1.ll0.COHA.ppmi0.ll1	sample	Semcor	ppmi1	ll0	10	10	COHA	ppmi0	ll1	10	10	1130	10	10	0.252437207649886
sample.Semcor.ppmi1.ll0.COHA.ppmi1.ll0	sample	Semcor	ppmi1	ll0	10	10	COHA	ppmi1	ll0	10	10	1130	10	10	0.259761959229505
sample.Semcor.ppmi1.ll0.COHA.ppmi1.ll1	sample	Semcor	ppmi1	ll0	10	10	COHA	ppmi1	ll1	10	10	1130	10	10	0.259982111295887
sample.Semcor.ppmi1.ll0.COHA.ppmi2.ll0	sample	Semcor	ppmi1	ll0	10	10	COHA	ppmi2	ll0	10	10	1130	10	10	0.275702878876835
sample.Semcor.ppmi1.ll0.COHA.ppmi2.ll1	sample	Semcor	ppmi1	ll0	10	10	COHA	ppmi2	ll1	10	10	1130	10	10	0.275702878876835
sample.Semcor.ppmi1.ll0.Semcor.ppmi0.ll0	sample	Semcor	ppmi1	ll0	10	10	Semcor	ppmi0	ll0	10	10	1130	10	10	0.287662320828683
sample.Semcor.ppmi1.ll0.Semcor.ppmi0.ll1	sample	Semcor	ppmi1	ll0	10	10	Semcor	ppmi0	ll1	10	10	1130	10	10	0.289702401237546
sample.Semcor.ppmi1.ll0.Semcor.ppmi1.ll0	sample	Semcor	ppmi1	ll0	10	10	Semcor	ppmi1	ll0	10	10	1130	10	10	0.290161845736683
sample.Semcor.ppmi1.ll0.Semcor.ppmi1.ll1	sample	Semcor	ppmi1	ll0	10	10	Semcor	ppmi1	ll1	10	10	1130	10	10	0.288908950930163
sample.Semcor.ppmi1.ll0.Semcor.ppmi2.ll0	sample	Semcor	ppmi1	ll0	10	10	Semcor	ppmi2	ll0	10	10	1130	10	10	0.300174069286593
sample.Semcor.ppmi1.ll0.Semcor.ppmi2.ll1	sample	Semcor	ppmi1	ll0	10	10	Semcor	ppmi2	ll1	10	10	1130	10	10	0.300174069286593
sample.Semcor.ppmi1.ll1.COHA.ppmi0.ll0	sample	Semcor	ppmi1	ll1	10	10	COHA	ppmi0	ll0	10	10	1118	10	10	0.24286446038531
sample.Semcor.ppmi1.ll1.COHA.ppmi0.ll1	sample	Semcor	ppmi1	ll1	10	10	COHA	ppmi0	ll1	10	10	1118	10	10	0.25200576940642
sample.Semcor.ppmi1.ll1.COHA.ppmi1.ll0	sample	Semcor	ppmi1	ll1	10	10	COHA	ppmi1	ll0	10	10	1118	10	10	0.259618643353358
sample.Semcor.ppmi1.ll1.COHA.ppmi1.ll1	sample	Semcor	ppmi1	ll1	10	10	COHA	ppmi1	ll1	10	10	1118	10	10	0.25935140551413
sample.Semcor.ppmi1.ll1.COHA.ppmi2.ll0	sample	Semcor	ppmi1	ll1	10	10	COHA	ppmi2	ll0	10	10	1118	10	10	0.275909746939121
sample.Semcor.ppmi1.ll1.COHA.ppmi2.ll1	sample	Semcor	ppmi1	ll1	10	10	COHA	ppmi2	ll1	10	10	1118	10	10	0.275909746939121
sample.Semcor.ppmi1.ll1.Semcor.ppmi0.ll0	sample	Semcor	ppmi1	ll1	10	10	Semcor	ppmi0	ll0	10	10	1118	10	10	0.28723775701833
sample.Semcor.ppmi1.ll1.Semcor.ppmi0.ll1	sample	Semcor	ppmi1	ll1	10	10	Semcor	ppmi0	ll1	10	10	1118	10	10	0.288424003761084
sample.Semcor.ppmi1.ll1.Semcor.ppmi1.ll0	sample	Semcor	ppmi1	ll1	10	10	Semcor	ppmi1	ll0	10	10	1118	10	10	0.288038747250066
sample.Semcor.ppmi1.ll1.Semcor.ppmi1.ll1	sample	Semcor	ppmi1	ll1	10	10	Semcor	ppmi1	ll1	10	10	1118	10	10	0.289790546903947
sample.Semcor.ppmi1.ll1.Semcor.ppmi2.ll0	sample	Semcor	ppmi1	ll1	10	10	Semcor	ppmi2	ll0	10	10	1118	10	10	0.300394039204951
sample.Semcor.ppmi1.ll1.Semcor.ppmi2.ll1	sample	Semcor	ppmi1	ll1	10	10	Semcor	ppmi2	ll1	10	10	1118	10	10	0.300394039204951
sample.Semcor.ppmi2_5.ll0.COHA.ppmi0.ll0	sample	Semcor	ppmi2_5	ll0	10	10	COHA	ppmi0	ll0	10	10	363	10	10	0.231221418914072
sample.Semcor.ppmi2_5.ll0.COHA.ppmi0.ll1	sample	Semcor	ppmi2_5	ll0	10	10	COHA	ppmi0	ll1	10	10	363	10	10	0.236890653511198
sample.Semcor.ppmi2_5.ll0.COHA.ppmi1.ll0	sample	Semcor	ppmi2_5	ll0	10	10	COHA	ppmi1	ll0	10	10	363	10	10	0.239007930152855
sample.Semcor.ppmi2_5.ll0.COHA.ppmi1.ll1	sample	Semcor	ppmi2_5	ll0	10	10	COHA	ppmi1	ll1	10	10	363	10	10	0.242063393963489
sample.Semcor.ppmi2_5.ll0.COHA.ppmi2.ll0	sample	Semcor	ppmi2_5	ll0	10	10	COHA	ppmi2	ll0	10	10	363	10	10	0.249556896304627
sample.Semcor.ppmi2_5.ll0.COHA.ppmi2.ll1	sample	Semcor	ppmi2_5	ll0	10	10	COHA	ppmi2	ll1	10	10	363	10	10	0.248987344222878
sample.Semcor.ppmi2_5.ll0.Semcor.ppmi0.ll0	sample	Semcor	ppmi2_5	ll0	10	10	Semcor	ppmi0	ll0	10	10	363	10	10	0.275850334177977
sample.Semcor.ppmi2_5.ll0.Semcor.ppmi0.ll1	sample	Semcor	ppmi2_5	ll0	10	10	Semcor	ppmi0	ll1	10	10	363	10	10	0.264234323423742
sample.Semcor.ppmi2_5.ll0.Semcor.ppmi1.ll0	sample	Semcor	ppmi2_5	ll0	10	10	Semcor	ppmi1	ll0	10	10	363	10	10	0.265940091373791
sample.Semcor.ppmi2_5.ll0.Semcor.ppmi1.ll1	sample	Semcor	ppmi2_5	ll0	10	10	Semcor	ppmi1	ll1	10	10	363	10	10	0.272189325188514
sample.Semcor.ppmi2_5.ll0.Semcor.ppmi2.ll0	sample	Semcor	ppmi2_5	ll0	10	10	Semcor	ppmi2	ll0	10	10	363	10	10	0.258212374971885
sample.Semcor.ppmi2_5.ll0.Semcor.ppmi2.ll1	sample	Semcor	ppmi2_5	ll0	10	10	Semcor	ppmi2	ll1	10	10	363	10	10	0.258212374971885
sample.Semcor.ppmi2_5.ll1.COHA.ppmi0.ll0	sample	Semcor	ppmi2_5	ll1	10	10	COHA	ppmi0	ll0	10	10	363	10	10	0.229938239546532
sample.Semcor.ppmi2_5.ll1.COHA.ppmi0.ll1	sample	Semcor	ppmi2_5	ll1	10	10	COHA	ppmi0	ll1	10	10	363	10	10	0.233423734786087
sample.Semcor.ppmi2_5.ll1.COHA.ppmi1.ll0	sample	Semcor	ppmi2_5	ll1	10	10	COHA	ppmi1	ll0	10	10	363	10	10	0.241671335926809
sample.Semcor.ppmi2_5.ll1.COHA.ppmi1.ll1	sample	Semcor	ppmi2_5	ll1	10	10	COHA	ppmi1	ll1	10	10	363	10	10	0.241373132655474
sample.Semcor.ppmi2_5.ll1.COHA.ppmi2.ll0	sample	Semcor	ppmi2_5	ll1	10	10	COHA	ppmi2	ll0	10	10	363	10	10	0.252188960334506
sample.Semcor.ppmi2_5.ll1.COHA.ppmi2.ll1	sample	Semcor	ppmi2_5	ll1	10	10	COHA	ppmi2	ll1	10	10	363	10	10	0.249311322619823
sample.Semcor.ppmi2_5.ll1.Semcor.ppmi0.ll0	sample	Semcor	ppmi2_5	ll1	10	10	Semcor	ppmi0	ll0	10	10	363	10	10	0.268360202691753
sample.Semcor.ppmi2_5.ll1.Semcor.ppmi0.ll1	sample	Semcor	ppmi2_5	ll1	10	10	Semcor	ppmi0	ll1	10	10	363	10	10	0.264267875635561
sample.Semcor.ppmi2_5.ll1.Semcor.ppmi1.ll0	sample	Semcor	ppmi2_5	ll1	10	10	Semcor	ppmi1	ll0	10	10	363	10	10	0.268107532718226
sample.Semcor.ppmi2_5.ll1.Semcor.ppmi1.ll1	sample	Semcor	ppmi2_5	ll1	10	10	Semcor	ppmi1	ll1	10	10	363	10	10	0.263034106977123
sample.Semcor.ppmi2_5.ll1.Semcor.ppmi2.ll0	sample	Semcor	ppmi2_5	ll1	10	10	Semcor	ppmi2	ll0	10	10	363	10	10	0.258212374971885
sample.Semcor.ppmi2_5.ll1.Semcor.ppmi2.ll1	sample	Semcor	ppmi2_5	ll1	10	10	Semcor	ppmi2	ll1	10	10	363	10	10	0.258212374971885
sample.Semcor.ppmi2.ll0.COHA.ppmi0.ll0	sample	Semcor	ppmi2	ll0	10	10	COHA	ppmi0	ll0	10	10	558	10	10	0.231855932720807
sample.Semcor.ppmi2.ll0.COHA.ppmi0.ll1	sample	Semcor	ppmi2	ll0	10	10	COHA	ppmi0	ll1	10	10	558	10	10	0.239355583493749
sample.Semcor.ppmi2.ll0.COHA.ppmi1.ll0	sample	Semcor	ppmi2	ll0	10	10	COHA	ppmi1	ll0	10	10	558	10	10	0.250582333930113
sample.Semcor.ppmi2.ll0.COHA.ppmi1.ll1	sample	Semcor	ppmi2	ll0	10	10	COHA	ppmi1	ll1	10	10	558	10	10	0.250859851120709
sample.Semcor.ppmi2.ll0.COHA.ppmi2.ll0	sample	Semcor	ppmi2	ll0	10	10	COHA	ppmi2	ll0	10	10	558	10	10	0.265467110747566
sample.Semcor.ppmi2.ll0.COHA.ppmi2.ll1	sample	Semcor	ppmi2	ll0	10	10	COHA	ppmi2	ll1	10	10	558	10	10	0.264518532602659
sample.Semcor.ppmi2.ll0.Semcor.ppmi0.ll0	sample	Semcor	ppmi2	ll0	10	10	Semcor	ppmi0	ll0	10	10	558	10	10	0.281728231127711
sample.Semcor.ppmi2.ll0.Semcor.ppmi0.ll1	sample	Semcor	ppmi2	ll0	10	10	Semcor	ppmi0	ll1	10	10	558	10	10	0.277406435026531
sample.Semcor.ppmi2.ll0.Semcor.ppmi1.ll0	sample	Semcor	ppmi2	ll0	10	10	Semcor	ppmi1	ll0	10	10	558	10	10	0.276166843857843
sample.Semcor.ppmi2.ll0.Semcor.ppmi1.ll1	sample	Semcor	ppmi2	ll0	10	10	Semcor	ppmi1	ll1	10	10	558	10	10	0.276166843857843
sample.Semcor.ppmi2.ll0.Semcor.ppmi2.ll0	sample	Semcor	ppmi2	ll0	10	10	Semcor	ppmi2	ll0	10	10	558	10	10	0.27244430901451
sample.Semcor.ppmi2.ll0.Semcor.ppmi2.ll1	sample	Semcor	ppmi2	ll0	10	10	Semcor	ppmi2	ll1	10	10	558	10	10	0.27244430901451
sample.Semcor.ppmi2.ll1.COHA.ppmi0.ll0	sample	Semcor	ppmi2	ll1	10	10	COHA	ppmi0	ll0	10	10	558	10	10	0.231764332403432
sample.Semcor.ppmi2.ll1.COHA.ppmi0.ll1	sample	Semcor	ppmi2	ll1	10	10	COHA	ppmi0	ll1	10	10	558	10	10	0.240851453646291
sample.Semcor.ppmi2.ll1.COHA.ppmi1.ll0	sample	Semcor	ppmi2	ll1	10	10	COHA	ppmi1	ll0	10	10	558	10	10	0.251546491803466
sample.Semcor.ppmi2.ll1.COHA.ppmi1.ll1	sample	Semcor	ppmi2	ll1	10	10	COHA	ppmi1	ll1	10	10	558	10	10	0.249222708103975
sample.Semcor.ppmi2.ll1.COHA.ppmi2.ll0	sample	Semcor	ppmi2	ll1	10	10	COHA	ppmi2	ll0	10	10	558	10	10	0.266533096718246
sample.Semcor.ppmi2.ll1.COHA.ppmi2.ll1	sample	Semcor	ppmi2	ll1	10	10	COHA	ppmi2	ll1	10	10	558	10	10	0.269653539461489
sample.Semcor.ppmi2.ll1.Semcor.ppmi0.ll0	sample	Semcor	ppmi2	ll1	10	10	Semcor	ppmi0	ll0	10	10	558	10	10	0.281728231127711
sample.Semcor.ppmi2.ll1.Semcor.ppmi0.ll1	sample	Semcor	ppmi2	ll1	10	10	Semcor	ppmi0	ll1	10	10	558	10	10	0.277406435026531
sample.Semcor.ppmi2.ll1.Semcor.ppmi1.ll0	sample	Semcor	ppmi2	ll1	10	10	Semcor	ppmi1	ll0	10	10	558	10	10	0.276166843857843
sample.Semcor.ppmi2.ll1.Semcor.ppmi1.ll1	sample	Semcor	ppmi2	ll1	10	10	Semcor	ppmi1	ll1	10	10	558	10	10	0.276166843857843
sample.Semcor.ppmi2.ll1.Semcor.ppmi2.ll0	sample	Semcor	ppmi2	ll1	10	10	Semcor	ppmi2	ll0	10	10	558	10	10	0.27244430901451
sample.Semcor.ppmi2.ll1.Semcor.ppmi2.ll1	sample	Semcor	ppmi2	ll1	10	10	Semcor	ppmi2	ll1	10	10	558	10	10	0.27244430901451
sample.Semcor.ppmi3.ll0.COHA.ppmi0.ll0	sample	Semcor	ppmi3	ll0	10	10	COHA	ppmi0	ll0	10	10	252	10	10	0.21788425992858
sample.Semcor.ppmi3.ll0.COHA.ppmi0.ll1	sample	Semcor	ppmi3	ll0	10	10	COHA	ppmi0	ll1	10	10	252	10	10	0.218047983934575
sample.Semcor.ppmi3.ll0.COHA.ppmi1.ll0	sample	Semcor	ppmi3	ll0	10	10	COHA	ppmi1	ll0	10	10	252	10	10	0.216807991241132
sample.Semcor.ppmi3.ll0.COHA.ppmi1.ll1	sample	Semcor	ppmi3	ll0	10	10	COHA	ppmi1	ll1	10	10	252	10	10	0.216807991241132
sample.Semcor.ppmi3.ll0.COHA.ppmi2.ll0	sample	Semcor	ppmi3	ll0	10	10	COHA	ppmi2	ll0	10	10	252	10	10	0.218658212069636
sample.Semcor.ppmi3.ll0.COHA.ppmi2.ll1	sample	Semcor	ppmi3	ll0	10	10	COHA	ppmi2	ll1	10	10	252	10	10	0.228983569650778
sample.Semcor.ppmi3.ll0.Semcor.ppmi0.ll0	sample	Semcor	ppmi3	ll0	10	10	Semcor	ppmi0	ll0	10	10	252	10	10	0.246018281298195
sample.Semcor.ppmi3.ll0.Semcor.ppmi0.ll1	sample	Semcor	ppmi3	ll0	10	10	Semcor	ppmi0	ll1	10	10	252	10	10	0.242584857106406
sample.Semcor.ppmi3.ll0.Semcor.ppmi1.ll0	sample	Semcor	ppmi3	ll0	10	10	Semcor	ppmi1	ll0	10	10	252	10	10	0.24191423016652
sample.Semcor.ppmi3.ll0.Semcor.ppmi1.ll1	sample	Semcor	ppmi3	ll0	10	10	Semcor	ppmi1	ll1	10	10	252	10	10	0.238818428084515
sample.Semcor.ppmi3.ll0.Semcor.ppmi2.ll0	sample	Semcor	ppmi3	ll0	10	10	Semcor	ppmi2	ll0	10	10	252	10	10	0.239110596201783
sample.Semcor.ppmi3.ll0.Semcor.ppmi2.ll1	sample	Semcor	ppmi3	ll0	10	10	Semcor	ppmi2	ll1	10	10	252	10	10	0.229665910784226
sample.Semcor.ppmi3.ll1.COHA.ppmi0.ll0	sample	Semcor	ppmi3	ll1	10	10	COHA	ppmi0	ll0	10	10	252	10	10	0.21432985586522
sample.Semcor.ppmi3.ll1.COHA.ppmi0.ll1	sample	Semcor	ppmi3	ll1	10	10	COHA	ppmi0	ll1	10	10	252	10	10	0.219050658786955
sample.Semcor.ppmi3.ll1.COHA.ppmi1.ll0	sample	Semcor	ppmi3	ll1	10	10	COHA	ppmi1	ll0	10	10	252	10	10	0.216807991241132
sample.Semcor.ppmi3.ll1.COHA.ppmi1.ll1	sample	Semcor	ppmi3	ll1	10	10	COHA	ppmi1	ll1	10	10	252	10	10	0.216807991241132
sample.Semcor.ppmi3.ll1.COHA.ppmi2.ll0	sample	Semcor	ppmi3	ll1	10	10	COHA	ppmi2	ll0	10	10	252	10	10	0.217346872169886
sample.Semcor.ppmi3.ll1.COHA.ppmi2.ll1	sample	Semcor	ppmi3	ll1	10	10	COHA	ppmi2	ll1	10	10	252	10	10	0.229142988826922
sample.Semcor.ppmi3.ll1.Semcor.ppmi0.ll0	sample	Semcor	ppmi3	ll1	10	10	Semcor	ppmi0	ll0	10	10	252	10	10	0.246875547095066
sample.Semcor.ppmi3.ll1.Semcor.ppmi0.ll1	sample	Semcor	ppmi3	ll1	10	10	Semcor	ppmi0	ll1	10	10	252	10	10	0.242584857106406
sample.Semcor.ppmi3.ll1.Semcor.ppmi1.ll0	sample	Semcor	ppmi3	ll1	10	10	Semcor	ppmi1	ll0	10	10	252	10	10	0.23781455898337
sample.Semcor.ppmi3.ll1.Semcor.ppmi1.ll1	sample	Semcor	ppmi3	ll1	10	10	Semcor	ppmi1	ll1	10	10	252	10	10	0.24191423016652
sample.Semcor.ppmi3.ll1.Semcor.ppmi2.ll0	sample	Semcor	ppmi3	ll1	10	10	Semcor	ppmi2	ll0	10	10	252	10	10	0.230067159845745
sample.Semcor.ppmi3.ll1.Semcor.ppmi2.ll1	sample	Semcor	ppmi3	ll1	10	10	Semcor	ppmi2	ll1	10	10	252	10	10	0.232386542267103
state_country.Semcor.ppmi0.ll0.COHA.ppmi0.ll0	state_country	Semcor	ppmi0	ll0	10	10	COHA	ppmi0	ll0	10	10	1245	10	10	0.245348314532687
state_country.Semcor.ppmi0.ll0.COHA.ppmi0.ll1	state_country	Semcor	ppmi0	ll0	10	10	COHA	ppmi0	ll1	10	10	1245	10	10	0.252607522314621
state_country.Semcor.ppmi0.ll0.COHA.ppmi1.ll0	state_country	Semcor	ppmi0	ll0	10	10	COHA	ppmi1	ll0	10	10	1245	10	10	0.251062596368806
state_country.Semcor.ppmi0.ll0.COHA.ppmi1.ll1	state_country	Semcor	ppmi0	ll0	10	10	COHA	ppmi1	ll1	10	10	1245	10	10	0.251062596368806
state_country.Semcor.ppmi0.ll0.COHA.ppmi2.ll0	state_country	Semcor	ppmi0	ll0	10	10	COHA	ppmi2	ll0	10	10	1242	10	10	0.151015279694847
state_country.Semcor.ppmi0.ll0.COHA.ppmi2.ll1	state_country	Semcor	ppmi0	ll0	10	10	COHA	ppmi2	ll1	10	10	1242	10	10	0.151030732336492
state_country.Semcor.ppmi0.ll0.Semcor.ppmi0.ll0	state_country	Semcor	ppmi0	ll0	10	10	Semcor	ppmi0	ll0	10	10	1262	10	10	0.284890158764401
state_country.Semcor.ppmi0.ll0.Semcor.ppmi0.ll1	state_country	Semcor	ppmi0	ll0	10	10	Semcor	ppmi0	ll1	10	10	1245	10	10	0.28609357242361
state_country.Semcor.ppmi0.ll0.Semcor.ppmi1.ll0	state_country	Semcor	ppmi0	ll0	10	10	Semcor	ppmi1	ll0	10	10	1245	10	10	0.28689000316519
state_country.Semcor.ppmi0.ll0.Semcor.ppmi1.ll1	state_country	Semcor	ppmi0	ll0	10	10	Semcor	ppmi1	ll1	10	10	1245	10	10	0.287606947522764
state_country.Semcor.ppmi0.ll0.Semcor.ppmi2.ll0	state_country	Semcor	ppmi0	ll0	10	10	Semcor	ppmi2	ll0	10	10	1245	10	10	0.301304936032728
state_country.Semcor.ppmi0.ll0.Semcor.ppmi2.ll1	state_country	Semcor	ppmi0	ll0	10	10	Semcor	ppmi2	ll1	10	10	1245	10	10	0.301623152246325
state_country.Semcor.ppmi0.ll1.COHA.ppmi0.ll0	state_country	Semcor	ppmi0	ll1	10	10	COHA	ppmi0	ll0	10	10	1201	10	10	0.250386442401476
state_country.Semcor.ppmi0.ll1.COHA.ppmi0.ll1	state_country	Semcor	ppmi0	ll1	10	10	COHA	ppmi0	ll1	10	10	1201	10	10	0.258093384110518
state_country.Semcor.ppmi0.ll1.COHA.ppmi1.ll0	state_country	Semcor	ppmi0	ll1	10	10	COHA	ppmi1	ll0	10	10	1201	10	10	0.241132654149153
state_country.Semcor.ppmi0.ll1.COHA.ppmi1.ll1	state_country	Semcor	ppmi0	ll1	10	10	COHA	ppmi1	ll1	10	10	1201	10	10	0.24118034012875
state_country.Semcor.ppmi0.ll1.COHA.ppmi2.ll0	state_country	Semcor	ppmi0	ll1	10	10	COHA	ppmi2	ll0	10	10	1188	10	10	0.111884645861906
state_country.Semcor.ppmi0.ll1.COHA.ppmi2.ll1	state_country	Semcor	ppmi0	ll1	10	10	COHA	ppmi2	ll1	10	10	1188	10	10	0.111884645861906
state_country.Semcor.ppmi0.ll1.Semcor.ppmi0.ll0	state_country	Semcor	ppmi0	ll1	10	10	Semcor	ppmi0	ll0	10	10	1201	10	10	0.280962439889574
state_country.Semcor.ppmi0.ll1.Semcor.ppmi0.ll1	state_country	Semcor	ppmi0	ll1	10	10	Semcor	ppmi0	ll1	10	10	1201	10	10	0.287372440910788
state_country.Semcor.ppmi0.ll1.Semcor.ppmi1.ll0	state_country	Semcor	ppmi0	ll1	10	10	Semcor	ppmi1	ll0	10	10	1201	10	10	0.28398973610471
state_country.Semcor.ppmi0.ll1.Semcor.ppmi1.ll1	state_country	Semcor	ppmi0	ll1	10	10	Semcor	ppmi1	ll1	10	10	1201	10	10	0.283748973610988
state_country.Semcor.ppmi0.ll1.Semcor.ppmi2.ll0	state_country	Semcor	ppmi0	ll1	10	10	Semcor	ppmi2	ll0	10	10	1201	10	10	0.285950587259752
state_country.Semcor.ppmi0.ll1.Semcor.ppmi2.ll1	state_country	Semcor	ppmi0	ll1	10	10	Semcor	ppmi2	ll1	10	10	1201	10	10	0.285709793028608
state_country.Semcor.ppmi1.ll0.COHA.ppmi0.ll0	state_country	Semcor	ppmi1	ll0	10	10	COHA	ppmi0	ll0	10	10	891	10	10	0.247257792142465
state_country.Semcor.ppmi1.ll0.COHA.ppmi0.ll1	state_country	Semcor	ppmi1	ll0	10	10	COHA	ppmi0	ll1	10	10	891	10	10	0.256349984378913
state_country.Semcor.ppmi1.ll0.COHA.ppmi1.ll0	state_country	Semcor	ppmi1	ll0	10	10	COHA	ppmi1	ll0	10	10	891	10	10	0.259910071235996
state_country.Semcor.ppmi1.ll0.COHA.ppmi1.ll1	state_country	Semcor	ppmi1	ll0	10	10	COHA	ppmi1	ll1	10	10	891	10	10	0.2603703501115
state_country.Semcor.ppmi1.ll0.COHA.ppmi2.ll0	state_country	Semcor	ppmi1	ll0	10	10	COHA	ppmi2	ll0	10	10	891	10	10	0.27361617445141
state_country.Semcor.ppmi1.ll0.COHA.ppmi2.ll1	state_country	Semcor	ppmi1	ll0	10	10	COHA	ppmi2	ll1	10	10	891	10	10	0.27330616998285
state_country.Semcor.ppmi1.ll0.Semcor.ppmi0.ll0	state_country	Semcor	ppmi1	ll0	10	10	Semcor	ppmi0	ll0	10	10	891	10	10	0.289278461833649
state_country.Semcor.ppmi1.ll0.Semcor.ppmi0.ll1	state_country	Semcor	ppmi1	ll0	10	10	Semcor	ppmi0	ll1	10	10	891	10	10	0.292176822105284
state_country.Semcor.ppmi1.ll0.Semcor.ppmi1.ll0	state_country	Semcor	ppmi1	ll0	10	10	Semcor	ppmi1	ll0	10	10	891	10	10	0.292508625288607
state_country.Semcor.ppmi1.ll0.Semcor.ppmi1.ll1	state_country	Semcor	ppmi1	ll0	10	10	Semcor	ppmi1	ll1	10	10	891	10	10	0.291935833670678
state_country.Semcor.ppmi1.ll0.Semcor.ppmi2.ll0	state_country	Semcor	ppmi1	ll0	10	10	Semcor	ppmi2	ll0	10	10	891	10	10	0.303622998920087
state_country.Semcor.ppmi1.ll0.Semcor.ppmi2.ll1	state_country	Semcor	ppmi1	ll0	10	10	Semcor	ppmi2	ll1	10	10	891	10	10	0.30375917067903
state_country.Semcor.ppmi1.ll1.COHA.ppmi0.ll0	state_country	Semcor	ppmi1	ll1	10	10	COHA	ppmi0	ll0	10	10	880	10	10	0.247103215525149
state_country.Semcor.ppmi1.ll1.COHA.ppmi0.ll1	state_country	Semcor	ppmi1	ll1	10	10	COHA	ppmi0	ll1	10	10	880	10	10	0.255882959382789
state_country.Semcor.ppmi1.ll1.COHA.ppmi1.ll0	state_country	Semcor	ppmi1	ll1	10	10	COHA	ppmi1	ll0	10	10	880	10	10	0.260446619168794
state_country.Semcor.ppmi1.ll1.COHA.ppmi1.ll1	state_country	Semcor	ppmi1	ll1	10	10	COHA	ppmi1	ll1	10	10	880	10	10	0.260355609530884
state_country.Semcor.ppmi1.ll1.COHA.ppmi2.ll0	state_country	Semcor	ppmi1	ll1	10	10	COHA	ppmi2	ll0	10	10	880	10	10	0.27335036568078
state_country.Semcor.ppmi1.ll1.COHA.ppmi2.ll1	state_country	Semcor	ppmi1	ll1	10	10	COHA	ppmi2	ll1	10	10	880	10	10	0.273689980734761
state_country.Semcor.ppmi1.ll1.Semcor.ppmi0.ll0	state_country	Semcor	ppmi1	ll1	10	10	Semcor	ppmi0	ll0	10	10	880	10	10	0.289391538030542
state_country.Semcor.ppmi1.ll1.Semcor.ppmi0.ll1	state_country	Semcor	ppmi1	ll1	10	10	Semcor	ppmi0	ll1	10	10	880	10	10	0.292330478070916
state_country.Semcor.ppmi1.ll1.Semcor.ppmi1.ll0	state_country	Semcor	ppmi1	ll1	10	10	Semcor	ppmi1	ll0	10	10	880	10	10	0.292247432784345
state_country.Semcor.ppmi1.ll1.Semcor.ppmi1.ll1	state_country	Semcor	ppmi1	ll1	10	10	Semcor	ppmi1	ll1	10	10	880	10	10	0.291723919504156
state_country.Semcor.ppmi1.ll1.Semcor.ppmi2.ll0	state_country	Semcor	ppmi1	ll1	10	10	Semcor	ppmi2	ll0	10	10	880	10	10	0.304912219645726
state_country.Semcor.ppmi1.ll1.Semcor.ppmi2.ll1	state_country	Semcor	ppmi1	ll1	10	10	Semcor	ppmi2	ll1	10	10	880	10	10	0.304272003736395
state_country.Semcor.ppmi2_5.ll0.COHA.ppmi0.ll0	state_country	Semcor	ppmi2_5	ll0	10	10	COHA	ppmi0	ll0	10	10	204	10	10	0.216425763693236
state_country.Semcor.ppmi2_5.ll0.COHA.ppmi0.ll1	state_country	Semcor	ppmi2_5	ll0	10	10	COHA	ppmi0	ll1	10	10	204	10	10	0.225201121015274
state_country.Semcor.ppmi2_5.ll0.COHA.ppmi1.ll0	state_country	Semcor	ppmi2_5	ll0	10	10	COHA	ppmi1	ll0	10	10	204	10	10	0.224510184807962
state_country.Semcor.ppmi2_5.ll0.COHA.ppmi1.ll1	state_country	Semcor	ppmi2_5	ll0	10	10	COHA	ppmi1	ll1	10	10	204	10	10	0.225468310784479
state_country.Semcor.ppmi2_5.ll0.COHA.ppmi2.ll0	state_country	Semcor	ppmi2_5	ll0	10	10	COHA	ppmi2	ll0	10	10	204	10	10	0.229714002390426
state_country.Semcor.ppmi2_5.ll0.COHA.ppmi2.ll1	state_country	Semcor	ppmi2_5	ll0	10	10	COHA	ppmi2	ll1	10	10	204	10	10	0.23166792393576
state_country.Semcor.ppmi2_5.ll0.Semcor.ppmi0.ll0	state_country	Semcor	ppmi2_5	ll0	10	10	Semcor	ppmi0	ll0	10	10	204	10	10	0.258211818936773
state_country.Semcor.ppmi2_5.ll0.Semcor.ppmi0.ll1	state_country	Semcor	ppmi2_5	ll0	10	10	Semcor	ppmi0	ll1	10	10	204	10	10	0.257941054599752
state_country.Semcor.ppmi2_5.ll0.Semcor.ppmi1.ll0	state_country	Semcor	ppmi2_5	ll0	10	10	Semcor	ppmi1	ll0	10	10	204	10	10	0.255880236832035
state_country.Semcor.ppmi2_5.ll0.Semcor.ppmi1.ll1	state_country	Semcor	ppmi2_5	ll0	10	10	Semcor	ppmi1	ll1	10	10	204	10	10	0.254882356897879
state_country.Semcor.ppmi2_5.ll0.Semcor.ppmi2.ll0	state_country	Semcor	ppmi2_5	ll0	10	10	Semcor	ppmi2	ll0	10	10	204	10	10	0.246090211664233
state_country.Semcor.ppmi2_5.ll0.Semcor.ppmi2.ll1	state_country	Semcor	ppmi2_5	ll0	10	10	Semcor	ppmi2	ll1	10	10	204	10	10	0.243217191227061
state_country.Semcor.ppmi2_5.ll1.COHA.ppmi0.ll0	state_country	Semcor	ppmi2_5	ll1	10	10	COHA	ppmi0	ll0	10	10	204	10	10	0.216688872341041
state_country.Semcor.ppmi2_5.ll1.COHA.ppmi0.ll1	state_country	Semcor	ppmi2_5	ll1	10	10	COHA	ppmi0	ll1	10	10	204	10	10	0.224171270499507
state_country.Semcor.ppmi2_5.ll1.COHA.ppmi1.ll0	state_country	Semcor	ppmi2_5	ll1	10	10	COHA	ppmi1	ll0	10	10	204	10	10	0.224872230065547
state_country.Semcor.ppmi2_5.ll1.COHA.ppmi1.ll1	state_country	Semcor	ppmi2_5	ll1	10	10	COHA	ppmi1	ll1	10	10	204	10	10	0.224114357938916
state_country.Semcor.ppmi2_5.ll1.COHA.ppmi2.ll0	state_country	Semcor	ppmi2_5	ll1	10	10	COHA	ppmi2	ll0	10	10	204	10	10	0.227418907191885
state_country.Semcor.ppmi2_5.ll1.COHA.ppmi2.ll1	state_country	Semcor	ppmi2_5	ll1	10	10	COHA	ppmi2	ll1	10	10	204	10	10	0.228866679390901
state_country.Semcor.ppmi2_5.ll1.Semcor.ppmi0.ll0	state_country	Semcor	ppmi2_5	ll1	10	10	Semcor	ppmi0	ll0	10	10	204	10	10	0.25769758976388
state_country.Semcor.ppmi2_5.ll1.Semcor.ppmi0.ll1	state_country	Semcor	ppmi2_5	ll1	10	10	Semcor	ppmi0	ll1	10	10	204	10	10	0.254450976309955
state_country.Semcor.ppmi2_5.ll1.Semcor.ppmi1.ll0	state_country	Semcor	ppmi2_5	ll1	10	10	Semcor	ppmi1	ll0	10	10	204	10	10	0.256173738718395
state_country.Semcor.ppmi2_5.ll1.Semcor.ppmi1.ll1	state_country	Semcor	ppmi2_5	ll1	10	10	Semcor	ppmi1	ll1	10	10	204	10	10	0.254787405886408
state_country.Semcor.ppmi2_5.ll1.Semcor.ppmi2.ll0	state_country	Semcor	ppmi2_5	ll1	10	10	Semcor	ppmi2	ll0	10	10	204	10	10	0.244140471419114
state_country.Semcor.ppmi2_5.ll1.Semcor.ppmi2.ll1	state_country	Semcor	ppmi2_5	ll1	10	10	Semcor	ppmi2	ll1	10	10	204	10	10	0.245387684351004
state_country.Semcor.ppmi2.ll0.COHA.ppmi0.ll0	state_country	Semcor	ppmi2	ll0	10	10	COHA	ppmi0	ll0	10	10	374	10	10	0.236327860573288
state_country.Semcor.ppmi2.ll0.COHA.ppmi0.ll1	state_country	Semcor	ppmi2	ll0	10	10	COHA	ppmi0	ll1	10	10	374	10	10	0.244300008852564
state_country.Semcor.ppmi2.ll0.COHA.ppmi1.ll0	state_country	Semcor	ppmi2	ll0	10	10	COHA	ppmi1	ll0	10	10	374	10	10	0.248893696297596
state_country.Semcor.ppmi2.ll0.COHA.ppmi1.ll1	state_country	Semcor	ppmi2	ll0	10	10	COHA	ppmi1	ll1	10	10	374	10	10	0.246800056925327
state_country.Semcor.ppmi2.ll0.COHA.ppmi2.ll0	state_country	Semcor	ppmi2	ll0	10	10	COHA	ppmi2	ll0	10	10	374	10	10	0.258600478674936
state_country.Semcor.ppmi2.ll0.COHA.ppmi2.ll1	state_country	Semcor	ppmi2	ll0	10	10	COHA	ppmi2	ll1	10	10	374	10	10	0.25926847196286
state_country.Semcor.ppmi2.ll0.Semcor.ppmi0.ll0	state_country	Semcor	ppmi2	ll0	10	10	Semcor	ppmi0	ll0	10	10	374	10	10	0.282797421606208
state_country.Semcor.ppmi2.ll0.Semcor.ppmi0.ll1	state_country	Semcor	ppmi2	ll0	10	10	Semcor	ppmi0	ll1	10	10	374	10	10	0.281381233215355
state_country.Semcor.ppmi2.ll0.Semcor.ppmi1.ll0	state_country	Semcor	ppmi2	ll0	10	10	Semcor	ppmi1	ll0	10	10	374	10	10	0.28088565663674
state_country.Semcor.ppmi2.ll0.Semcor.ppmi1.ll1	state_country	Semcor	ppmi2	ll0	10	10	Semcor	ppmi1	ll1	10	10	374	10	10	0.280394764055188
state_country.Semcor.ppmi2.ll0.Semcor.ppmi2.ll0	state_country	Semcor	ppmi2	ll0	10	10	Semcor	ppmi2	ll0	10	10	374	10	10	0.278786316846244
state_country.Semcor.ppmi2.ll0.Semcor.ppmi2.ll1	state_country	Semcor	ppmi2	ll0	10	10	Semcor	ppmi2	ll1	10	10	374	10	10	0.278283742051164
state_country.Semcor.ppmi2.ll1.COHA.ppmi0.ll0	state_country	Semcor	ppmi2	ll1	10	10	COHA	ppmi0	ll0	10	10	374	10	10	0.236327860573288
state_country.Semcor.ppmi2.ll1.COHA.ppmi0.ll1	state_country	Semcor	ppmi2	ll1	10	10	COHA	ppmi0	ll1	10	10	374	10	10	0.246352091829255
state_country.Semcor.ppmi2.ll1.COHA.ppmi1.ll0	state_country	Semcor	ppmi2	ll1	10	10	COHA	ppmi1	ll0	10	10	374	10	10	0.247251885854107
state_country.Semcor.ppmi2.ll1.COHA.ppmi1.ll1	state_country	Semcor	ppmi2	ll1	10	10	COHA	ppmi1	ll1	10	10	374	10	10	0.247876496081023
state_country.Semcor.ppmi2.ll1.COHA.ppmi2.ll0	state_country	Semcor	ppmi2	ll1	10	10	COHA	ppmi2	ll0	10	10	374	10	10	0.259688324377675
state_country.Semcor.ppmi2.ll1.COHA.ppmi2.ll1	state_country	Semcor	ppmi2	ll1	10	10	COHA	ppmi2	ll1	10	10	374	10	10	0.25852668649819
state_country.Semcor.ppmi2.ll1.Semcor.ppmi0.ll0	state_country	Semcor	ppmi2	ll1	10	10	Semcor	ppmi0	ll0	10	10	374	10	10	0.283578651273156
state_country.Semcor.ppmi2.ll1.Semcor.ppmi0.ll1	state_country	Semcor	ppmi2	ll1	10	10	Semcor	ppmi0	ll1	10	10	374	10	10	0.280545094668716
state_country.Semcor.ppmi2.ll1.Semcor.ppmi1.ll0	state_country	Semcor	ppmi2	ll1	10	10	Semcor	ppmi1	ll0	10	10	374	10	10	0.282476119725749
state_country.Semcor.ppmi2.ll1.Semcor.ppmi1.ll1	state_country	Semcor	ppmi2	ll1	10	10	Semcor	ppmi1	ll1	10	10	374	10	10	0.280180003739323
state_country.Semcor.ppmi2.ll1.Semcor.ppmi2.ll0	state_country	Semcor	ppmi2	ll1	10	10	Semcor	ppmi2	ll0	10	10	374	10	10	0.279724429214949
state_country.Semcor.ppmi2.ll1.Semcor.ppmi2.ll1	state_country	Semcor	ppmi2	ll1	10	10	Semcor	ppmi2	ll1	10	10	374	10	10	0.279309400787633
state_country.Semcor.ppmi3.ll0.COHA.ppmi0.ll0	state_country	Semcor	ppmi3	ll0	10	10	COHA	ppmi0	ll0	10	10	123	10	10	0.175309378168928
state_country.Semcor.ppmi3.ll0.COHA.ppmi0.ll1	state_country	Semcor	ppmi3	ll0	10	10	COHA	ppmi0	ll1	10	10	123	10	10	0.180776965108949
state_country.Semcor.ppmi3.ll0.COHA.ppmi1.ll0	state_country	Semcor	ppmi3	ll0	10	10	COHA	ppmi1	ll0	10	10	123	10	10	0.184058767233538
state_country.Semcor.ppmi3.ll0.COHA.ppmi1.ll1	state_country	Semcor	ppmi3	ll0	10	10	COHA	ppmi1	ll1	10	10	123	10	10	0.188035405633465
state_country.Semcor.ppmi3.ll0.COHA.ppmi2.ll0	state_country	Semcor	ppmi3	ll0	10	10	COHA	ppmi2	ll0	10	10	123	10	10	0.166263377846933
state_country.Semcor.ppmi3.ll0.COHA.ppmi2.ll1	state_country	Semcor	ppmi3	ll0	10	10	COHA	ppmi2	ll1	10	10	123	10	10	0.168373483921344
state_country.Semcor.ppmi3.ll0.Semcor.ppmi0.ll0	state_country	Semcor	ppmi3	ll0	10	10	Semcor	ppmi0	ll0	10	10	123	10	10	0.198989066246804
state_country.Semcor.ppmi3.ll0.Semcor.ppmi0.ll1	state_country	Semcor	ppmi3	ll0	10	10	Semcor	ppmi0	ll1	10	10	123	10	10	0.196175313964432
state_country.Semcor.ppmi3.ll0.Semcor.ppmi1.ll0	state_country	Semcor	ppmi3	ll0	10	10	Semcor	ppmi1	ll0	10	10	123	10	10	0.195110564046211
state_country.Semcor.ppmi3.ll0.Semcor.ppmi1.ll1	state_country	Semcor	ppmi3	ll0	10	10	Semcor	ppmi1	ll1	10	10	123	10	10	0.196087324764484
state_country.Semcor.ppmi3.ll0.Semcor.ppmi2.ll0	state_country	Semcor	ppmi3	ll0	10	10	Semcor	ppmi2	ll0	10	10	123	10	10	0.175820130540429
state_country.Semcor.ppmi3.ll0.Semcor.ppmi2.ll1	state_country	Semcor	ppmi3	ll0	10	10	Semcor	ppmi2	ll1	10	10	123	10	10	0.175949080383747
state_country.Semcor.ppmi3.ll1.COHA.ppmi0.ll0	state_country	Semcor	ppmi3	ll1	10	10	COHA	ppmi0	ll0	10	10	123	10	10	0.175312983195051
state_country.Semcor.ppmi3.ll1.COHA.ppmi0.ll1	state_country	Semcor	ppmi3	ll1	10	10	COHA	ppmi0	ll1	10	10	123	10	10	0.180875102734134
state_country.Semcor.ppmi3.ll1.COHA.ppmi1.ll0	state_country	Semcor	ppmi3	ll1	10	10	COHA	ppmi1	ll0	10	10	123	10	10	0.188035405633465
state_country.Semcor.ppmi3.ll1.COHA.ppmi1.ll1	state_country	Semcor	ppmi3	ll1	10	10	COHA	ppmi1	ll1	10	10	123	10	10	0.188035405633465
state_country.Semcor.ppmi3.ll1.COHA.ppmi2.ll0	state_country	Semcor	ppmi3	ll1	10	10	COHA	ppmi2	ll0	10	10	123	10	10	0.16790382163651
state_country.Semcor.ppmi3.ll1.COHA.ppmi2.ll1	state_country	Semcor	ppmi3	ll1	10	10	COHA	ppmi2	ll1	10	10	123	10	10	0.166151472188407
state_country.Semcor.ppmi3.ll1.Semcor.ppmi0.ll0	state_country	Semcor	ppmi3	ll1	10	10	Semcor	ppmi0	ll0	10	10	123	10	10	0.198529535194795
state_country.Semcor.ppmi3.ll1.Semcor.ppmi0.ll1	state_country	Semcor	ppmi3	ll1	10	10	Semcor	ppmi0	ll1	10	10	123	10	10	0.195654270208027
state_country.Semcor.ppmi3.ll1.Semcor.ppmi1.ll0	state_country	Semcor	ppmi3	ll1	10	10	Semcor	ppmi1	ll0	10	10	123	10	10	0.195250416913264
state_country.Semcor.ppmi3.ll1.Semcor.ppmi1.ll1	state_country	Semcor	ppmi3	ll1	10	10	Semcor	ppmi1	ll1	10	10	123	10	10	0.196544387863841
state_country.Semcor.ppmi3.ll1.Semcor.ppmi2.ll0	state_country	Semcor	ppmi3	ll1	10	10	Semcor	ppmi2	ll0	10	10	123	10	10	0.174712154716826
state_country.Semcor.ppmi3.ll1.Semcor.ppmi2.ll1	state_country	Semcor	ppmi3	ll1	10	10	Semcor	ppmi2	ll1	10	10	123	10	10	0.174837817302595
state_church.Semcor.ppmi0.ll0.COHA.ppmi0.ll0	state_church	Semcor	ppmi0	ll0	10	10	COHA	ppmi0	ll0	10	10	1193	10	10	0.23935322829929
state_church.Semcor.ppmi0.ll0.COHA.ppmi0.ll1	state_church	Semcor	ppmi0	ll0	10	10	COHA	ppmi0	ll1	10	10	1193	10	10	0.244243447361173
state_church.Semcor.ppmi0.ll0.COHA.ppmi1.ll0	state_church	Semcor	ppmi0	ll0	10	10	COHA	ppmi1	ll0	10	10	1193	10	10	0.243733640143721
state_church.Semcor.ppmi0.ll0.COHA.ppmi1.ll1	state_church	Semcor	ppmi0	ll0	10	10	COHA	ppmi1	ll1	10	10	1193	10	10	0.242845511029298
state_church.Semcor.ppmi0.ll0.COHA.ppmi2.ll0	state_church	Semcor	ppmi0	ll0	10	10	COHA	ppmi2	ll0	10	10	1189	10	10	0.118920654369707
state_church.Semcor.ppmi0.ll0.COHA.ppmi2.ll1	state_church	Semcor	ppmi0	ll0	10	10	COHA	ppmi2	ll1	10	10	1189	10	10	0.118918219558903
state_church.Semcor.ppmi0.ll0.Semcor.ppmi0.ll0	state_church	Semcor	ppmi0	ll0	10	10	Semcor	ppmi0	ll0	10	10	1213	10	10	0.281484402949863
state_church.Semcor.ppmi0.ll0.Semcor.ppmi0.ll1	state_church	Semcor	ppmi0	ll0	10	10	Semcor	ppmi0	ll1	10	10	1193	10	10	0.281689256623206
state_church.Semcor.ppmi0.ll0.Semcor.ppmi1.ll0	state_church	Semcor	ppmi0	ll0	10	10	Semcor	ppmi1	ll0	10	10	1193	10	10	0.283148133518691
state_church.Semcor.ppmi0.ll0.Semcor.ppmi1.ll1	state_church	Semcor	ppmi0	ll0	10	10	Semcor	ppmi1	ll1	10	10	1193	10	10	0.282236181567671
state_church.Semcor.ppmi0.ll0.Semcor.ppmi2.ll0	state_church	Semcor	ppmi0	ll0	10	10	Semcor	ppmi2	ll0	10	10	1193	10	10	0.281324895117326
state_church.Semcor.ppmi0.ll0.Semcor.ppmi2.ll1	state_church	Semcor	ppmi0	ll0	10	10	Semcor	ppmi2	ll1	10	10	1193	10	10	0.281470773846763
state_church.Semcor.ppmi0.ll1.COHA.ppmi0.ll0	state_church	Semcor	ppmi0	ll1	10	10	COHA	ppmi0	ll0	10	10	1145	10	10	0.236722234670546
state_church.Semcor.ppmi0.ll1.COHA.ppmi0.ll1	state_church	Semcor	ppmi0	ll1	10	10	COHA	ppmi0	ll1	10	10	1145	10	10	0.242961198420646
state_church.Semcor.ppmi0.ll1.COHA.ppmi1.ll0	state_church	Semcor	ppmi0	ll1	10	10	COHA	ppmi1	ll0	10	10	1145	10	10	0.237234708552224
state_church.Semcor.ppmi0.ll1.COHA.ppmi1.ll1	state_church	Semcor	ppmi0	ll1	10	10	COHA	ppmi1	ll1	10	10	1145	10	10	0.238029962064772
state_church.Semcor.ppmi0.ll1.COHA.ppmi2.ll0	state_church	Semcor	ppmi0	ll1	10	10	COHA	ppmi2	ll0	10	10	1138	10	10	0.0935318448011137
state_church.Semcor.ppmi0.ll1.COHA.ppmi2.ll1	state_church	Semcor	ppmi0	ll1	10	10	COHA	ppmi2	ll1	10	10	1138	10	10	0.0935337186516491
state_church.Semcor.ppmi0.ll1.Semcor.ppmi0.ll0	state_church	Semcor	ppmi0	ll1	10	10	Semcor	ppmi0	ll0	10	10	1145	10	10	0.273026944526154
state_church.Semcor.ppmi0.ll1.Semcor.ppmi0.ll1	state_church	Semcor	ppmi0	ll1	10	10	Semcor	ppmi0	ll1	10	10	1145	10	10	0.28044288745709
state_church.Semcor.ppmi0.ll1.Semcor.ppmi1.ll0	state_church	Semcor	ppmi0	ll1	10	10	Semcor	ppmi1	ll0	10	10	1145	10	10	0.278470381810701
state_church.Semcor.ppmi0.ll1.Semcor.ppmi1.ll1	state_church	Semcor	ppmi0	ll1	10	10	Semcor	ppmi1	ll1	10	10	1145	10	10	0.279563114306174
state_church.Semcor.ppmi0.ll1.Semcor.ppmi2.ll0	state_church	Semcor	ppmi0	ll1	10	10	Semcor	ppmi2	ll0	10	10	1145	10	10	0.273894347658112
state_church.Semcor.ppmi0.ll1.Semcor.ppmi2.ll1	state_church	Semcor	ppmi0	ll1	10	10	Semcor	ppmi2	ll1	10	10	1145	10	10	0.273058814876476
state_church.Semcor.ppmi1.ll0.COHA.ppmi0.ll0	state_church	Semcor	ppmi1	ll0	10	10	COHA	ppmi0	ll0	10	10	903	10	10	0.236083159338401
state_church.Semcor.ppmi1.ll0.COHA.ppmi0.ll1	state_church	Semcor	ppmi1	ll0	10	10	COHA	ppmi0	ll1	10	10	903	10	10	0.244723971808051
state_church.Semcor.ppmi1.ll0.COHA.ppmi1.ll0	state_church	Semcor	ppmi1	ll0	10	10	COHA	ppmi1	ll0	10	10	903	10	10	0.249734281127745
state_church.Semcor.ppmi1.ll0.COHA.ppmi1.ll1	state_church	Semcor	ppmi1	ll0	10	10	COHA	ppmi1	ll1	10	10	903	10	10	0.250214059161979
state_church.Semcor.ppmi1.ll0.COHA.ppmi2.ll0	state_church	Semcor	ppmi1	ll0	10	10	COHA	ppmi2	ll0	10	10	903	10	10	0.266965416378124
state_church.Semcor.ppmi1.ll0.COHA.ppmi2.ll1	state_church	Semcor	ppmi1	ll0	10	10	COHA	ppmi2	ll1	10	10	903	10	10	0.266965416378124
state_church.Semcor.ppmi1.ll0.Semcor.ppmi0.ll0	state_church	Semcor	ppmi1	ll0	10	10	Semcor	ppmi0	ll0	10	10	903	10	10	0.281468515587031
state_church.Semcor.ppmi1.ll0.Semcor.ppmi0.ll1	state_church	Semcor	ppmi1	ll0	10	10	Semcor	ppmi0	ll1	10	10	903	10	10	0.281089406395516
state_church.Semcor.ppmi1.ll0.Semcor.ppmi1.ll0	state_church	Semcor	ppmi1	ll0	10	10	Semcor	ppmi1	ll0	10	10	903	10	10	0.281357435164072
state_church.Semcor.ppmi1.ll0.Semcor.ppmi1.ll1	state_church	Semcor	ppmi1	ll0	10	10	Semcor	ppmi1	ll1	10	10	903	10	10	0.27913587857503
state_church.Semcor.ppmi1.ll0.Semcor.ppmi2.ll0	state_church	Semcor	ppmi1	ll0	10	10	Semcor	ppmi2	ll0	10	10	903	10	10	0.290585745452173
state_church.Semcor.ppmi1.ll0.Semcor.ppmi2.ll1	state_church	Semcor	ppmi1	ll0	10	10	Semcor	ppmi2	ll1	10	10	903	10	10	0.290585745452173
state_church.Semcor.ppmi1.ll1.COHA.ppmi0.ll0	state_church	Semcor	ppmi1	ll1	10	10	COHA	ppmi0	ll0	10	10	895	10	10	0.235651772925967
state_church.Semcor.ppmi1.ll1.COHA.ppmi0.ll1	state_church	Semcor	ppmi1	ll1	10	10	COHA	ppmi0	ll1	10	10	895	10	10	0.243880489487033
state_church.Semcor.ppmi1.ll1.COHA.ppmi1.ll0	state_church	Semcor	ppmi1	ll1	10	10	COHA	ppmi1	ll0	10	10	895	10	10	0.250070091042557
state_church.Semcor.ppmi1.ll1.COHA.ppmi1.ll1	state_church	Semcor	ppmi1	ll1	10	10	COHA	ppmi1	ll1	10	10	895	10	10	0.249551320192636
state_church.Semcor.ppmi1.ll1.COHA.ppmi2.ll0	state_church	Semcor	ppmi1	ll1	10	10	COHA	ppmi2	ll0	10	10	895	10	10	0.267424087399022
state_church.Semcor.ppmi1.ll1.COHA.ppmi2.ll1	state_church	Semcor	ppmi1	ll1	10	10	COHA	ppmi2	ll1	10	10	895	10	10	0.267424087399022
state_church.Semcor.ppmi1.ll1.Semcor.ppmi0.ll0	state_church	Semcor	ppmi1	ll1	10	10	Semcor	ppmi0	ll0	10	10	895	10	10	0.277160991454055
state_church.Semcor.ppmi1.ll1.Semcor.ppmi0.ll1	state_church	Semcor	ppmi1	ll1	10	10	Semcor	ppmi0	ll1	10	10	895	10	10	0.280645426381896
state_church.Semcor.ppmi1.ll1.Semcor.ppmi1.ll0	state_church	Semcor	ppmi1	ll1	10	10	Semcor	ppmi1	ll0	10	10	895	10	10	0.279985350388811
state_church.Semcor.ppmi1.ll1.Semcor.ppmi1.ll1	state_church	Semcor	ppmi1	ll1	10	10	Semcor	ppmi1	ll1	10	10	895	10	10	0.279787972653106
state_church.Semcor.ppmi1.ll1.Semcor.ppmi2.ll0	state_church	Semcor	ppmi1	ll1	10	10	Semcor	ppmi2	ll0	10	10	895	10	10	0.290252151322582
state_church.Semcor.ppmi1.ll1.Semcor.ppmi2.ll1	state_church	Semcor	ppmi1	ll1	10	10	Semcor	ppmi2	ll1	10	10	895	10	10	0.290252151322582
state_church.Semcor.ppmi2_5.ll0.COHA.ppmi0.ll0	state_church	Semcor	ppmi2_5	ll0	10	10	COHA	ppmi0	ll0	10	10	300	10	10	0.225471363295672
state_church.Semcor.ppmi2_5.ll0.COHA.ppmi0.ll1	state_church	Semcor	ppmi2_5	ll0	10	10	COHA	ppmi0	ll1	10	10	300	10	10	0.228904357166948
state_church.Semcor.ppmi2_5.ll0.COHA.ppmi1.ll0	state_church	Semcor	ppmi2_5	ll0	10	10	COHA	ppmi1	ll0	10	10	300	10	10	0.234846562390303
state_church.Semcor.ppmi2_5.ll0.COHA.ppmi1.ll1	state_church	Semcor	ppmi2_5	ll0	10	10	COHA	ppmi1	ll1	10	10	300	10	10	0.235483341330088
state_church.Semcor.ppmi2_5.ll0.COHA.ppmi2.ll0	state_church	Semcor	ppmi2_5	ll0	10	10	COHA	ppmi2	ll0	10	10	300	10	10	0.235404764128706
state_church.Semcor.ppmi2_5.ll0.COHA.ppmi2.ll1	state_church	Semcor	ppmi2_5	ll0	10	10	COHA	ppmi2	ll1	10	10	300	10	10	0.235404764128706
state_church.Semcor.ppmi2_5.ll0.Semcor.ppmi0.ll0	state_church	Semcor	ppmi2_5	ll0	10	10	Semcor	ppmi0	ll0	10	10	300	10	10	0.257645692337836
state_church.Semcor.ppmi2_5.ll0.Semcor.ppmi0.ll1	state_church	Semcor	ppmi2_5	ll0	10	10	Semcor	ppmi0	ll1	10	10	300	10	10	0.255450169487096
state_church.Semcor.ppmi2_5.ll0.Semcor.ppmi1.ll0	state_church	Semcor	ppmi2_5	ll0	10	10	Semcor	ppmi1	ll0	10	10	300	10	10	0.253049631328407
state_church.Semcor.ppmi2_5.ll0.Semcor.ppmi1.ll1	state_church	Semcor	ppmi2_5	ll0	10	10	Semcor	ppmi1	ll1	10	10	300	10	10	0.253049631328407
state_church.Semcor.ppmi2_5.ll0.Semcor.ppmi2.ll0	state_church	Semcor	ppmi2_5	ll0	10	10	Semcor	ppmi2	ll0	10	10	300	10	10	0.248672891162711
state_church.Semcor.ppmi2_5.ll0.Semcor.ppmi2.ll1	state_church	Semcor	ppmi2_5	ll0	10	10	Semcor	ppmi2	ll1	10	10	300	10	10	0.248426370099054
state_church.Semcor.ppmi2_5.ll1.COHA.ppmi0.ll0	state_church	Semcor	ppmi2_5	ll1	10	10	COHA	ppmi0	ll0	10	10	300	10	10	0.22055604637718
state_church.Semcor.ppmi2_5.ll1.COHA.ppmi0.ll1	state_church	Semcor	ppmi2_5	ll1	10	10	COHA	ppmi0	ll1	10	10	300	10	10	0.2251714380857
state_church.Semcor.ppmi2_5.ll1.COHA.ppmi1.ll0	state_church	Semcor	ppmi2_5	ll1	10	10	COHA	ppmi1	ll0	10	10	300	10	10	0.229164841617202
state_church.Semcor.ppmi2_5.ll1.COHA.ppmi1.ll1	state_church	Semcor	ppmi2_5	ll1	10	10	COHA	ppmi1	ll1	10	10	300	10	10	0.232185042726869
state_church.Semcor.ppmi2_5.ll1.COHA.ppmi2.ll0	state_church	Semcor	ppmi2_5	ll1	10	10	COHA	ppmi2	ll0	10	10	300	10	10	0.235404764128706
state_church.Semcor.ppmi2_5.ll1.COHA.ppmi2.ll1	state_church	Semcor	ppmi2_5	ll1	10	10	COHA	ppmi2	ll1	10	10	300	10	10	0.235404764128706
state_church.Semcor.ppmi2_5.ll1.Semcor.ppmi0.ll0	state_church	Semcor	ppmi2_5	ll1	10	10	Semcor	ppmi0	ll0	10	10	300	10	10	0.254746589531883
state_church.Semcor.ppmi2_5.ll1.Semcor.ppmi0.ll1	state_church	Semcor	ppmi2_5	ll1	10	10	Semcor	ppmi0	ll1	10	10	300	10	10	0.257730858469149
state_church.Semcor.ppmi2_5.ll1.Semcor.ppmi1.ll0	state_church	Semcor	ppmi2_5	ll1	10	10	Semcor	ppmi1	ll0	10	10	300	10	10	0.253049631328407
state_church.Semcor.ppmi2_5.ll1.Semcor.ppmi1.ll1	state_church	Semcor	ppmi2_5	ll1	10	10	Semcor	ppmi1	ll1	10	10	300	10	10	0.253049631328407
state_church.Semcor.ppmi2_5.ll1.Semcor.ppmi2.ll0	state_church	Semcor	ppmi2_5	ll1	10	10	Semcor	ppmi2	ll0	10	10	300	10	10	0.248455410401867
state_church.Semcor.ppmi2_5.ll1.Semcor.ppmi2.ll1	state_church	Semcor	ppmi2_5	ll1	10	10	Semcor	ppmi2	ll1	10	10	300	10	10	0.248398771694713
state_church.Semcor.ppmi2.ll0.COHA.ppmi0.ll0	state_church	Semcor	ppmi2	ll0	10	10	COHA	ppmi0	ll0	10	10	465	10	10	0.22390030956891
state_church.Semcor.ppmi2.ll0.COHA.ppmi0.ll1	state_church	Semcor	ppmi2	ll0	10	10	COHA	ppmi0	ll1	10	10	465	10	10	0.233280688719584
state_church.Semcor.ppmi2.ll0.COHA.ppmi1.ll0	state_church	Semcor	ppmi2	ll0	10	10	COHA	ppmi1	ll0	10	10	465	10	10	0.241163997514759
state_church.Semcor.ppmi2.ll0.COHA.ppmi1.ll1	state_church	Semcor	ppmi2	ll0	10	10	COHA	ppmi1	ll1	10	10	465	10	10	0.245195247368163
state_church.Semcor.ppmi2.ll0.COHA.ppmi2.ll0	state_church	Semcor	ppmi2	ll0	10	10	COHA	ppmi2	ll0	10	10	465	10	10	0.262268172727166
state_church.Semcor.ppmi2.ll0.COHA.ppmi2.ll1	state_church	Semcor	ppmi2	ll0	10	10	COHA	ppmi2	ll1	10	10	465	10	10	0.262000596622844
state_church.Semcor.ppmi2.ll0.Semcor.ppmi0.ll0	state_church	Semcor	ppmi2	ll0	10	10	Semcor	ppmi0	ll0	10	10	465	10	10	0.268990246533933
state_church.Semcor.ppmi2.ll0.Semcor.ppmi0.ll1	state_church	Semcor	ppmi2	ll0	10	10	Semcor	ppmi0	ll1	10	10	465	10	10	0.266480859187587
state_church.Semcor.ppmi2.ll0.Semcor.ppmi1.ll0	state_church	Semcor	ppmi2	ll0	10	10	Semcor	ppmi1	ll0	10	10	465	10	10	0.265497120283749
state_church.Semcor.ppmi2.ll0.Semcor.ppmi1.ll1	state_church	Semcor	ppmi2	ll0	10	10	Semcor	ppmi1	ll1	10	10	465	10	10	0.265497120283749
state_church.Semcor.ppmi2.ll0.Semcor.ppmi2.ll0	state_church	Semcor	ppmi2	ll0	10	10	Semcor	ppmi2	ll0	10	10	465	10	10	0.263232071416422
state_church.Semcor.ppmi2.ll0.Semcor.ppmi2.ll1	state_church	Semcor	ppmi2	ll0	10	10	Semcor	ppmi2	ll1	10	10	465	10	10	0.263232071416422
state_church.Semcor.ppmi2.ll1.COHA.ppmi0.ll0	state_church	Semcor	ppmi2	ll1	10	10	COHA	ppmi0	ll0	10	10	465	10	10	0.224004183778667
state_church.Semcor.ppmi2.ll1.COHA.ppmi0.ll1	state_church	Semcor	ppmi2	ll1	10	10	COHA	ppmi0	ll1	10	10	465	10	10	0.232977408583054
state_church.Semcor.ppmi2.ll1.COHA.ppmi1.ll0	state_church	Semcor	ppmi2	ll1	10	10	COHA	ppmi1	ll0	10	10	465	10	10	0.241144395266554
state_church.Semcor.ppmi2.ll1.COHA.ppmi1.ll1	state_church	Semcor	ppmi2	ll1	10	10	COHA	ppmi1	ll1	10	10	465	10	10	0.242000406360032
state_church.Semcor.ppmi2.ll1.COHA.ppmi2.ll0	state_church	Semcor	ppmi2	ll1	10	10	COHA	ppmi2	ll0	10	10	465	10	10	0.26426359891817
state_church.Semcor.ppmi2.ll1.COHA.ppmi2.ll1	state_church	Semcor	ppmi2	ll1	10	10	COHA	ppmi2	ll1	10	10	465	10	10	0.259042877379436
state_church.Semcor.ppmi2.ll1.Semcor.ppmi0.ll0	state_church	Semcor	ppmi2	ll1	10	10	Semcor	ppmi0	ll0	10	10	465	10	10	0.268990246533933
state_church.Semcor.ppmi2.ll1.Semcor.ppmi0.ll1	state_church	Semcor	ppmi2	ll1	10	10	Semcor	ppmi0	ll1	10	10	465	10	10	0.266480859187587
state_church.Semcor.ppmi2.ll1.Semcor.ppmi1.ll0	state_church	Semcor	ppmi2	ll1	10	10	Semcor	ppmi1	ll0	10	10	465	10	10	0.265497120283749
state_church.Semcor.ppmi2.ll1.Semcor.ppmi1.ll1	state_church	Semcor	ppmi2	ll1	10	10	Semcor	ppmi1	ll1	10	10	465	10	10	0.265497120283749
state_church.Semcor.ppmi2.ll1.Semcor.ppmi2.ll0	state_church	Semcor	ppmi2	ll1	10	10	Semcor	ppmi2	ll0	10	10	465	10	10	0.263232071416422
state_church.Semcor.ppmi2.ll1.Semcor.ppmi2.ll1	state_church	Semcor	ppmi2	ll1	10	10	Semcor	ppmi2	ll1	10	10	465	10	10	0.263232071416422
state_church.Semcor.ppmi3.ll0.COHA.ppmi0.ll0	state_church	Semcor	ppmi3	ll0	10	10	COHA	ppmi0	ll0	10	10	225	10	10	0.207553768933432
state_church.Semcor.ppmi3.ll0.COHA.ppmi0.ll1	state_church	Semcor	ppmi3	ll0	10	10	COHA	ppmi0	ll1	10	10	225	10	10	0.213689649399138
state_church.Semcor.ppmi3.ll0.COHA.ppmi1.ll0	state_church	Semcor	ppmi3	ll0	10	10	COHA	ppmi1	ll0	10	10	225	10	10	0.20797568390446
state_church.Semcor.ppmi3.ll0.COHA.ppmi1.ll1	state_church	Semcor	ppmi3	ll0	10	10	COHA	ppmi1	ll1	10	10	225	10	10	0.20756857192421
state_church.Semcor.ppmi3.ll0.COHA.ppmi2.ll0	state_church	Semcor	ppmi3	ll0	10	10	COHA	ppmi2	ll0	10	10	225	10	10	0.211979459576753
state_church.Semcor.ppmi3.ll0.COHA.ppmi2.ll1	state_church	Semcor	ppmi3	ll0	10	10	COHA	ppmi2	ll1	10	10	225	10	10	0.20530879977987
state_church.Semcor.ppmi3.ll0.Semcor.ppmi0.ll0	state_church	Semcor	ppmi3	ll0	10	10	Semcor	ppmi0	ll0	10	10	225	10	10	0.233031495134279
state_church.Semcor.ppmi3.ll0.Semcor.ppmi0.ll1	state_church	Semcor	ppmi3	ll0	10	10	Semcor	ppmi0	ll1	10	10	225	10	10	0.229636484164576
state_church.Semcor.ppmi3.ll0.Semcor.ppmi1.ll0	state_church	Semcor	ppmi3	ll0	10	10	Semcor	ppmi1	ll0	10	10	225	10	10	0.234219091412516
state_church.Semcor.ppmi3.ll0.Semcor.ppmi1.ll1	state_church	Semcor	ppmi3	ll0	10	10	Semcor	ppmi1	ll1	10	10	225	10	10	0.233312506695039
state_church.Semcor.ppmi3.ll0.Semcor.ppmi2.ll0	state_church	Semcor	ppmi3	ll0	10	10	Semcor	ppmi2	ll0	10	10	225	10	10	0.222382039029782
state_church.Semcor.ppmi3.ll0.Semcor.ppmi2.ll1	state_church	Semcor	ppmi3	ll0	10	10	Semcor	ppmi2	ll1	10	10	225	10	10	0.222382039029782
state_church.Semcor.ppmi3.ll1.COHA.ppmi0.ll0	state_church	Semcor	ppmi3	ll1	10	10	COHA	ppmi0	ll0	10	10	225	10	10	0.201749678870186
state_church.Semcor.ppmi3.ll1.COHA.ppmi0.ll1	state_church	Semcor	ppmi3	ll1	10	10	COHA	ppmi0	ll1	10	10	225	10	10	0.208997210728823
state_church.Semcor.ppmi3.ll1.COHA.ppmi1.ll0	state_church	Semcor	ppmi3	ll1	10	10	COHA	ppmi1	ll0	10	10	225	10	10	0.20797568390446
state_church.Semcor.ppmi3.ll1.COHA.ppmi1.ll1	state_church	Semcor	ppmi3	ll1	10	10	COHA	ppmi1	ll1	10	10	225	10	10	0.20797568390446
state_church.Semcor.ppmi3.ll1.COHA.ppmi2.ll0	state_church	Semcor	ppmi3	ll1	10	10	COHA	ppmi2	ll0	10	10	225	10	10	0.218337629709604
state_church.Semcor.ppmi3.ll1.COHA.ppmi2.ll1	state_church	Semcor	ppmi3	ll1	10	10	COHA	ppmi2	ll1	10	10	225	10	10	0.204973535837246
state_church.Semcor.ppmi3.ll1.Semcor.ppmi0.ll0	state_church	Semcor	ppmi3	ll1	10	10	Semcor	ppmi0	ll0	10	10	225	10	10	0.240148436272437
state_church.Semcor.ppmi3.ll1.Semcor.ppmi0.ll1	state_church	Semcor	ppmi3	ll1	10	10	Semcor	ppmi0	ll1	10	10	225	10	10	0.232815717836568
state_church.Semcor.ppmi3.ll1.Semcor.ppmi1.ll0	state_church	Semcor	ppmi3	ll1	10	10	Semcor	ppmi1	ll0	10	10	225	10	10	0.226488035486677
state_church.Semcor.ppmi3.ll1.Semcor.ppmi1.ll1	state_church	Semcor	ppmi3	ll1	10	10	Semcor	ppmi1	ll1	10	10	225	10	10	0.234098983048595
state_church.Semcor.ppmi3.ll1.Semcor.ppmi2.ll0	state_church	Semcor	ppmi3	ll1	10	10	Semcor	ppmi2	ll0	10	10	225	10	10	0.222382039029782
state_church.Semcor.ppmi3.ll1.Semcor.ppmi2.ll1	state_church	Semcor	ppmi3	ll1	10	10	Semcor	ppmi2	ll1	10	10	225	10	10	0.221450687001979
country_church.Semcor.ppmi0.ll0.COHA.ppmi0.ll0	country_church	Semcor	ppmi0	ll0	10	10	COHA	ppmi0	ll0	10	10	626	10	10	0.232753459177935
country_church.Semcor.ppmi0.ll0.COHA.ppmi0.ll1	country_church	Semcor	ppmi0	ll0	10	10	COHA	ppmi0	ll1	10	10	626	10	10	0.239190279966727
country_church.Semcor.ppmi0.ll0.COHA.ppmi1.ll0	country_church	Semcor	ppmi0	ll0	10	10	COHA	ppmi1	ll0	10	10	626	10	10	0.234848143607099
country_church.Semcor.ppmi0.ll0.COHA.ppmi1.ll1	country_church	Semcor	ppmi0	ll0	10	10	COHA	ppmi1	ll1	10	10	626	10	10	0.234848143607099
country_church.Semcor.ppmi0.ll0.COHA.ppmi2.ll0	country_church	Semcor	ppmi0	ll0	10	10	COHA	ppmi2	ll0	10	10	621	10	10	0.212980672337054
country_church.Semcor.ppmi0.ll0.COHA.ppmi2.ll1	country_church	Semcor	ppmi0	ll0	10	10	COHA	ppmi2	ll1	10	10	621	10	10	0.213066872758286
country_church.Semcor.ppmi0.ll0.Semcor.ppmi0.ll0	country_church	Semcor	ppmi0	ll0	10	10	Semcor	ppmi0	ll0	10	10	633	10	10	0.259538138188318
country_church.Semcor.ppmi0.ll0.Semcor.ppmi0.ll1	country_church	Semcor	ppmi0	ll0	10	10	Semcor	ppmi0	ll1	10	10	626	10	10	0.270126371913016
country_church.Semcor.ppmi0.ll0.Semcor.ppmi1.ll0	country_church	Semcor	ppmi0	ll0	10	10	Semcor	ppmi1	ll0	10	10	626	10	10	0.270803895059373
country_church.Semcor.ppmi0.ll0.Semcor.ppmi1.ll1	country_church	Semcor	ppmi0	ll0	10	10	Semcor	ppmi1	ll1	10	10	626	10	10	0.272597533594586
country_church.Semcor.ppmi0.ll0.Semcor.ppmi2.ll0	country_church	Semcor	ppmi0	ll0	10	10	Semcor	ppmi2	ll0	10	10	626	10	10	0.28481702782846
country_church.Semcor.ppmi0.ll0.Semcor.ppmi2.ll1	country_church	Semcor	ppmi0	ll0	10	10	Semcor	ppmi2	ll1	10	10	626	10	10	0.283966559565005
country_church.Semcor.ppmi0.ll1.COHA.ppmi0.ll0	country_church	Semcor	ppmi0	ll1	10	10	COHA	ppmi0	ll0	10	10	612	10	10	0.234634210650469
country_church.Semcor.ppmi0.ll1.COHA.ppmi0.ll1	country_church	Semcor	ppmi0	ll1	10	10	COHA	ppmi0	ll1	10	10	612	10	10	0.241885931750485
country_church.Semcor.ppmi0.ll1.COHA.ppmi1.ll0	country_church	Semcor	ppmi0	ll1	10	10	COHA	ppmi1	ll0	10	10	612	10	10	0.221320150620556
country_church.Semcor.ppmi0.ll1.COHA.ppmi1.ll1	country_church	Semcor	ppmi0	ll1	10	10	COHA	ppmi1	ll1	10	10	612	10	10	0.221397748625229
country_church.Semcor.ppmi0.ll1.COHA.ppmi2.ll0	country_church	Semcor	ppmi0	ll1	10	10	COHA	ppmi2	ll0	10	10	594	10	10	0.245638821799397
country_church.Semcor.ppmi0.ll1.COHA.ppmi2.ll1	country_church	Semcor	ppmi0	ll1	10	10	COHA	ppmi2	ll1	10	10	594	10	10	0.24585595436735
country_church.Semcor.ppmi0.ll1.Semcor.ppmi0.ll0	country_church	Semcor	ppmi0	ll1	10	10	Semcor	ppmi0	ll0	10	10	612	10	10	0.271045090751514
country_church.Semcor.ppmi0.ll1.Semcor.ppmi0.ll1	country_church	Semcor	ppmi0	ll1	10	10	Semcor	ppmi0	ll1	10	10	612	10	10	0.278547478481341
country_church.Semcor.ppmi0.ll1.Semcor.ppmi1.ll0	country_church	Semcor	ppmi0	ll1	10	10	Semcor	ppmi1	ll0	10	10	612	10	10	0.275282569824338
country_church.Semcor.ppmi0.ll1.Semcor.ppmi1.ll1	country_church	Semcor	ppmi0	ll1	10	10	Semcor	ppmi1	ll1	10	10	612	10	10	0.275282569824338
country_church.Semcor.ppmi0.ll1.Semcor.ppmi2.ll0	country_church	Semcor	ppmi0	ll1	10	10	Semcor	ppmi2	ll0	10	10	612	10	10	0.273764782968242
country_church.Semcor.ppmi0.ll1.Semcor.ppmi2.ll1	country_church	Semcor	ppmi0	ll1	10	10	Semcor	ppmi2	ll1	10	10	612	10	10	0.273539985443156
country_church.Semcor.ppmi1.ll0.COHA.ppmi0.ll0	country_church	Semcor	ppmi1	ll0	10	10	COHA	ppmi0	ll0	10	10	466	10	10	0.241931962145174
country_church.Semcor.ppmi1.ll0.COHA.ppmi0.ll1	country_church	Semcor	ppmi1	ll0	10	10	COHA	ppmi0	ll1	10	10	466	10	10	0.250672197954896
country_church.Semcor.ppmi1.ll0.COHA.ppmi1.ll0	country_church	Semcor	ppmi1	ll0	10	10	COHA	ppmi1	ll0	10	10	466	10	10	0.258818884284317
country_church.Semcor.ppmi1.ll0.COHA.ppmi1.ll1	country_church	Semcor	ppmi1	ll0	10	10	COHA	ppmi1	ll1	10	10	466	10	10	0.25621733350704
country_church.Semcor.ppmi1.ll0.COHA.ppmi2.ll0	country_church	Semcor	ppmi1	ll0	10	10	COHA	ppmi2	ll0	10	10	466	10	10	0.26764144861554
country_church.Semcor.ppmi1.ll0.COHA.ppmi2.ll1	country_church	Semcor	ppmi1	ll0	10	10	COHA	ppmi2	ll1	10	10	466	10	10	0.26764144861554
country_church.Semcor.ppmi1.ll0.Semcor.ppmi0.ll0	country_church	Semcor	ppmi1	ll0	10	10	Semcor	ppmi0	ll0	10	10	466	10	10	0.28037917991136
country_church.Semcor.ppmi1.ll0.Semcor.ppmi0.ll1	country_church	Semcor	ppmi1	ll0	10	10	Semcor	ppmi0	ll1	10	10	466	10	10	0.28354773616212
country_church.Semcor.ppmi1.ll0.Semcor.ppmi1.ll0	country_church	Semcor	ppmi1	ll0	10	10	Semcor	ppmi1	ll0	10	10	466	10	10	0.284191833338836
country_church.Semcor.ppmi1.ll0.Semcor.ppmi1.ll1	country_church	Semcor	ppmi1	ll0	10	10	Semcor	ppmi1	ll1	10	10	466	10	10	0.284191833338836
country_church.Semcor.ppmi1.ll0.Semcor.ppmi2.ll0	country_church	Semcor	ppmi1	ll0	10	10	Semcor	ppmi2	ll0	10	10	466	10	10	0.291358339203935
country_church.Semcor.ppmi1.ll0.Semcor.ppmi2.ll1	country_church	Semcor	ppmi1	ll0	10	10	Semcor	ppmi2	ll1	10	10	466	10	10	0.292381842606055
country_church.Semcor.ppmi1.ll1.COHA.ppmi0.ll0	country_church	Semcor	ppmi1	ll1	10	10	COHA	ppmi0	ll0	10	10	461	10	10	0.239353225589791
country_church.Semcor.ppmi1.ll1.COHA.ppmi0.ll1	country_church	Semcor	ppmi1	ll1	10	10	COHA	ppmi0	ll1	10	10	461	10	10	0.248764113727038
country_church.Semcor.ppmi1.ll1.COHA.ppmi1.ll0	country_church	Semcor	ppmi1	ll1	10	10	COHA	ppmi1	ll0	10	10	461	10	10	0.255147299420359
country_church.Semcor.ppmi1.ll1.COHA.ppmi1.ll1	country_church	Semcor	ppmi1	ll1	10	10	COHA	ppmi1	ll1	10	10	461	10	10	0.253082295694392
country_church.Semcor.ppmi1.ll1.COHA.ppmi2.ll0	country_church	Semcor	ppmi1	ll1	10	10	COHA	ppmi2	ll0	10	10	461	10	10	0.266766001627537
country_church.Semcor.ppmi1.ll1.COHA.ppmi2.ll1	country_church	Semcor	ppmi1	ll1	10	10	COHA	ppmi2	ll1	10	10	461	10	10	0.266766001627537
country_church.Semcor.ppmi1.ll1.Semcor.ppmi0.ll0	country_church	Semcor	ppmi1	ll1	10	10	Semcor	ppmi0	ll0	10	10	461	10	10	0.28240697283611
country_church.Semcor.ppmi1.ll1.Semcor.ppmi0.ll1	country_church	Semcor	ppmi1	ll1	10	10	Semcor	ppmi0	ll1	10	10	461	10	10	0.284064223991455
country_church.Semcor.ppmi1.ll1.Semcor.ppmi1.ll0	country_church	Semcor	ppmi1	ll1	10	10	Semcor	ppmi1	ll0	10	10	461	10	10	0.284667707127646
country_church.Semcor.ppmi1.ll1.Semcor.ppmi1.ll1	country_church	Semcor	ppmi1	ll1	10	10	Semcor	ppmi1	ll1	10	10	461	10	10	0.284667707127646
country_church.Semcor.ppmi1.ll1.Semcor.ppmi2.ll0	country_church	Semcor	ppmi1	ll1	10	10	Semcor	ppmi2	ll0	10	10	461	10	10	0.291815715488083
country_church.Semcor.ppmi1.ll1.Semcor.ppmi2.ll1	country_church	Semcor	ppmi1	ll1	10	10	Semcor	ppmi2	ll1	10	10	461	10	10	0.291815715488083
country_church.Semcor.ppmi2_5.ll0.COHA.ppmi0.ll0	country_church	Semcor	ppmi2_5	ll0	10	10	COHA	ppmi0	ll0	10	10	222	10	10	0.226888759784122
country_church.Semcor.ppmi2_5.ll0.COHA.ppmi0.ll1	country_church	Semcor	ppmi2_5	ll0	10	10	COHA	ppmi0	ll1	10	10	222	10	10	0.228171760821297
country_church.Semcor.ppmi2_5.ll0.COHA.ppmi1.ll0	country_church	Semcor	ppmi2_5	ll0	10	10	COHA	ppmi1	ll0	10	10	222	10	10	0.234280223717954
country_church.Semcor.ppmi2_5.ll0.COHA.ppmi1.ll1	country_church	Semcor	ppmi2_5	ll0	10	10	COHA	ppmi1	ll1	10	10	222	10	10	0.233477960604502
country_church.Semcor.ppmi2_5.ll0.COHA.ppmi2.ll0	country_church	Semcor	ppmi2_5	ll0	10	10	COHA	ppmi2	ll0	10	10	222	10	10	0.241282963934109
country_church.Semcor.ppmi2_5.ll0.COHA.ppmi2.ll1	country_church	Semcor	ppmi2_5	ll0	10	10	COHA	ppmi2	ll1	10	10	222	10	10	0.239499040590285
country_church.Semcor.ppmi2_5.ll0.Semcor.ppmi0.ll0	country_church	Semcor	ppmi2_5	ll0	10	10	Semcor	ppmi0	ll0	10	10	222	10	10	0.262791654316167
country_church.Semcor.ppmi2_5.ll0.Semcor.ppmi0.ll1	country_church	Semcor	ppmi2_5	ll0	10	10	Semcor	ppmi0	ll1	10	10	222	10	10	0.258968747071657
country_church.Semcor.ppmi2_5.ll0.Semcor.ppmi1.ll0	country_church	Semcor	ppmi2_5	ll0	10	10	Semcor	ppmi1	ll0	10	10	222	10	10	0.257352451947673
country_church.Semcor.ppmi2_5.ll0.Semcor.ppmi1.ll1	country_church	Semcor	ppmi2_5	ll0	10	10	Semcor	ppmi1	ll1	10	10	222	10	10	0.257352451947673
country_church.Semcor.ppmi2_5.ll0.Semcor.ppmi2.ll0	country_church	Semcor	ppmi2_5	ll0	10	10	Semcor	ppmi2	ll0	10	10	222	10	10	0.251840924644059
country_church.Semcor.ppmi2_5.ll0.Semcor.ppmi2.ll1	country_church	Semcor	ppmi2_5	ll0	10	10	Semcor	ppmi2	ll1	10	10	222	10	10	0.251309805314961
country_church.Semcor.ppmi2_5.ll1.COHA.ppmi0.ll0	country_church	Semcor	ppmi2_5	ll1	10	10	COHA	ppmi0	ll0	10	10	222	10	10	0.227560397843855
country_church.Semcor.ppmi2_5.ll1.COHA.ppmi0.ll1	country_church	Semcor	ppmi2_5	ll1	10	10	COHA	ppmi0	ll1	10	10	222	10	10	0.229859208286737
country_church.Semcor.ppmi2_5.ll1.COHA.ppmi1.ll0	country_church	Semcor	ppmi2_5	ll1	10	10	COHA	ppmi1	ll0	10	10	222	10	10	0.233172989482049
country_church.Semcor.ppmi2_5.ll1.COHA.ppmi1.ll1	country_church	Semcor	ppmi2_5	ll1	10	10	COHA	ppmi1	ll1	10	10	222	10	10	0.232863892221504
country_church.Semcor.ppmi2_5.ll1.COHA.ppmi2.ll0	country_church	Semcor	ppmi2_5	ll1	10	10	COHA	ppmi2	ll0	10	10	222	10	10	0.240666399965341
country_church.Semcor.ppmi2_5.ll1.COHA.ppmi2.ll1	country_church	Semcor	ppmi2_5	ll1	10	10	COHA	ppmi2	ll1	10	10	222	10	10	0.237790032397705
country_church.Semcor.ppmi2_5.ll1.Semcor.ppmi0.ll0	country_church	Semcor	ppmi2_5	ll1	10	10	Semcor	ppmi0	ll0	10	10	222	10	10	0.261030701895029
country_church.Semcor.ppmi2_5.ll1.Semcor.ppmi0.ll1	country_church	Semcor	ppmi2_5	ll1	10	10	Semcor	ppmi0	ll1	10	10	222	10	10	0.25829561866819
country_church.Semcor.ppmi2_5.ll1.Semcor.ppmi1.ll0	country_church	Semcor	ppmi2_5	ll1	10	10	Semcor	ppmi1	ll0	10	10	222	10	10	0.257352451947673
country_church.Semcor.ppmi2_5.ll1.Semcor.ppmi1.ll1	country_church	Semcor	ppmi2_5	ll1	10	10	Semcor	ppmi1	ll1	10	10	222	10	10	0.255435085231018
country_church.Semcor.ppmi2_5.ll1.Semcor.ppmi2.ll0	country_church	Semcor	ppmi2_5	ll1	10	10	Semcor	ppmi2	ll0	10	10	222	10	10	0.252472820440098
country_church.Semcor.ppmi2_5.ll1.Semcor.ppmi2.ll1	country_church	Semcor	ppmi2_5	ll1	10	10	Semcor	ppmi2	ll1	10	10	222	10	10	0.251692388066361
country_church.Semcor.ppmi2.ll0.COHA.ppmi0.ll0	country_church	Semcor	ppmi2	ll0	10	10	COHA	ppmi0	ll0	10	10	277	10	10	0.236279608122107
country_church.Semcor.ppmi2.ll0.COHA.ppmi0.ll1	country_church	Semcor	ppmi2	ll0	10	10	COHA	ppmi0	ll1	10	10	277	10	10	0.234714323801056
country_church.Semcor.ppmi2.ll0.COHA.ppmi1.ll0	country_church	Semcor	ppmi2	ll0	10	10	COHA	ppmi1	ll0	10	10	277	10	10	0.242878110288543
country_church.Semcor.ppmi2.ll0.COHA.ppmi1.ll1	country_church	Semcor	ppmi2	ll0	10	10	COHA	ppmi1	ll1	10	10	277	10	10	0.243223555830175
country_church.Semcor.ppmi2.ll0.COHA.ppmi2.ll0	country_church	Semcor	ppmi2	ll0	10	10	COHA	ppmi2	ll0	10	10	277	10	10	0.248033718814229
country_church.Semcor.ppmi2.ll0.COHA.ppmi2.ll1	country_church	Semcor	ppmi2	ll0	10	10	COHA	ppmi2	ll1	10	10	277	10	10	0.248980896141562
country_church.Semcor.ppmi2.ll0.Semcor.ppmi0.ll0	country_church	Semcor	ppmi2	ll0	10	10	Semcor	ppmi0	ll0	10	10	277	10	10	0.268225028777037
country_church.Semcor.ppmi2.ll0.Semcor.ppmi0.ll1	country_church	Semcor	ppmi2	ll0	10	10	Semcor	ppmi0	ll1	10	10	277	10	10	0.263231132052172
country_church.Semcor.ppmi2.ll0.Semcor.ppmi1.ll0	country_church	Semcor	ppmi2	ll0	10	10	Semcor	ppmi1	ll0	10	10	277	10	10	0.262385712485586
country_church.Semcor.ppmi2.ll0.Semcor.ppmi1.ll1	country_church	Semcor	ppmi2	ll0	10	10	Semcor	ppmi1	ll1	10	10	277	10	10	0.26046264578554
country_church.Semcor.ppmi2.ll0.Semcor.ppmi2.ll0	country_church	Semcor	ppmi2	ll0	10	10	Semcor	ppmi2	ll0	10	10	277	10	10	0.263622792745575
country_church.Semcor.ppmi2.ll0.Semcor.ppmi2.ll1	country_church	Semcor	ppmi2	ll0	10	10	Semcor	ppmi2	ll1	10	10	277	10	10	0.265703497714425
country_church.Semcor.ppmi2.ll1.COHA.ppmi0.ll0	country_church	Semcor	ppmi2	ll1	10	10	COHA	ppmi0	ll0	10	10	277	10	10	0.231346850666061
country_church.Semcor.ppmi2.ll1.COHA.ppmi0.ll1	country_church	Semcor	ppmi2	ll1	10	10	COHA	ppmi0	ll1	10	10	277	10	10	0.234239446181583
country_church.Semcor.ppmi2.ll1.COHA.ppmi1.ll0	country_church	Semcor	ppmi2	ll1	10	10	COHA	ppmi1	ll0	10	10	277	10	10	0.243064860647377
country_church.Semcor.ppmi2.ll1.COHA.ppmi1.ll1	country_church	Semcor	ppmi2	ll1	10	10	COHA	ppmi1	ll1	10	10	277	10	10	0.242388684039513
country_church.Semcor.ppmi2.ll1.COHA.ppmi2.ll0	country_church	Semcor	ppmi2	ll1	10	10	COHA	ppmi2	ll0	10	10	277	10	10	0.247059902874457
country_church.Semcor.ppmi2.ll1.COHA.ppmi2.ll1	country_church	Semcor	ppmi2	ll1	10	10	COHA	ppmi2	ll1	10	10	277	10	10	0.248519998187693
country_church.Semcor.ppmi2.ll1.Semcor.ppmi0.ll0	country_church	Semcor	ppmi2	ll1	10	10	Semcor	ppmi0	ll0	10	10	277	10	10	0.268225028777037
country_church.Semcor.ppmi2.ll1.Semcor.ppmi0.ll1	country_church	Semcor	ppmi2	ll1	10	10	Semcor	ppmi0	ll1	10	10	277	10	10	0.263231132052172
country_church.Semcor.ppmi2.ll1.Semcor.ppmi1.ll0	country_church	Semcor	ppmi2	ll1	10	10	Semcor	ppmi1	ll0	10	10	277	10	10	0.262385712485586
country_church.Semcor.ppmi2.ll1.Semcor.ppmi1.ll1	country_church	Semcor	ppmi2	ll1	10	10	Semcor	ppmi1	ll1	10	10	277	10	10	0.260747402514499
country_church.Semcor.ppmi2.ll1.Semcor.ppmi2.ll0	country_church	Semcor	ppmi2	ll1	10	10	Semcor	ppmi2	ll0	10	10	277	10	10	0.264329136646166
country_church.Semcor.ppmi2.ll1.Semcor.ppmi2.ll1	country_church	Semcor	ppmi2	ll1	10	10	Semcor	ppmi2	ll1	10	10	277	10	10	0.260142045757672
country_church.Semcor.ppmi3.ll0.COHA.ppmi0.ll0	country_church	Semcor	ppmi3	ll0	10	10	COHA	ppmi0	ll0	10	10	156	10	10	0.207060304963787
country_church.Semcor.ppmi3.ll0.COHA.ppmi0.ll1	country_church	Semcor	ppmi3	ll0	10	10	COHA	ppmi0	ll1	10	10	156	10	10	0.208985667167765
country_church.Semcor.ppmi3.ll0.COHA.ppmi1.ll0	country_church	Semcor	ppmi3	ll0	10	10	COHA	ppmi1	ll0	10	10	156	10	10	0.20803380957726
country_church.Semcor.ppmi3.ll0.COHA.ppmi1.ll1	country_church	Semcor	ppmi3	ll0	10	10	COHA	ppmi1	ll1	10	10	156	10	10	0.20803380957726
country_church.Semcor.ppmi3.ll0.COHA.ppmi2.ll0	country_church	Semcor	ppmi3	ll0	10	10	COHA	ppmi2	ll0	10	10	156	10	10	0.221448273111759
country_church.Semcor.ppmi3.ll0.COHA.ppmi2.ll1	country_church	Semcor	ppmi3	ll0	10	10	COHA	ppmi2	ll1	10	10	156	10	10	0.220161364267321
country_church.Semcor.ppmi3.ll0.Semcor.ppmi0.ll0	country_church	Semcor	ppmi3	ll0	10	10	Semcor	ppmi0	ll0	10	10	156	10	10	0.244664829093489
country_church.Semcor.ppmi3.ll0.Semcor.ppmi0.ll1	country_church	Semcor	ppmi3	ll0	10	10	Semcor	ppmi0	ll1	10	10	156	10	10	0.237471419666489
country_church.Semcor.ppmi3.ll0.Semcor.ppmi1.ll0	country_church	Semcor	ppmi3	ll0	10	10	Semcor	ppmi1	ll0	10	10	156	10	10	0.234744501081575
country_church.Semcor.ppmi3.ll0.Semcor.ppmi1.ll1	country_church	Semcor	ppmi3	ll0	10	10	Semcor	ppmi1	ll1	10	10	156	10	10	0.234744501081575
country_church.Semcor.ppmi3.ll0.Semcor.ppmi2.ll0	country_church	Semcor	ppmi3	ll0	10	10	Semcor	ppmi2	ll0	10	10	156	10	10	0.225616642168745
country_church.Semcor.ppmi3.ll0.Semcor.ppmi2.ll1	country_church	Semcor	ppmi3	ll0	10	10	Semcor	ppmi2	ll1	10	10	156	10	10	0.224931949925367
country_church.Semcor.ppmi3.ll1.COHA.ppmi0.ll0	country_church	Semcor	ppmi3	ll1	10	10	COHA	ppmi0	ll0	10	10	156	10	10	0.205526332939925
country_church.Semcor.ppmi3.ll1.COHA.ppmi0.ll1	country_church	Semcor	ppmi3	ll1	10	10	COHA	ppmi0	ll1	10	10	156	10	10	0.208985667167765
country_church.Semcor.ppmi3.ll1.COHA.ppmi1.ll0	country_church	Semcor	ppmi3	ll1	10	10	COHA	ppmi1	ll0	10	10	156	10	10	0.20803380957726
country_church.Semcor.ppmi3.ll1.COHA.ppmi1.ll1	country_church	Semcor	ppmi3	ll1	10	10	COHA	ppmi1	ll1	10	10	156	10	10	0.20803380957726
country_church.Semcor.ppmi3.ll1.COHA.ppmi2.ll0	country_church	Semcor	ppmi3	ll1	10	10	COHA	ppmi2	ll0	10	10	156	10	10	0.223368447090033
country_church.Semcor.ppmi3.ll1.COHA.ppmi2.ll1	country_church	Semcor	ppmi3	ll1	10	10	COHA	ppmi2	ll1	10	10	156	10	10	0.218008346295015
country_church.Semcor.ppmi3.ll1.Semcor.ppmi0.ll0	country_church	Semcor	ppmi3	ll1	10	10	Semcor	ppmi0	ll0	10	10	156	10	10	0.244664829093489
country_church.Semcor.ppmi3.ll1.Semcor.ppmi0.ll1	country_church	Semcor	ppmi3	ll1	10	10	Semcor	ppmi0	ll1	10	10	156	10	10	0.237471419666489
country_church.Semcor.ppmi3.ll1.Semcor.ppmi1.ll0	country_church	Semcor	ppmi3	ll1	10	10	Semcor	ppmi1	ll0	10	10	156	10	10	0.234483721524839
country_church.Semcor.ppmi3.ll1.Semcor.ppmi1.ll1	country_church	Semcor	ppmi3	ll1	10	10	Semcor	ppmi1	ll1	10	10	156	10	10	0.234744501081575
country_church.Semcor.ppmi3.ll1.Semcor.ppmi2.ll0	country_church	Semcor	ppmi3	ll1	10	10	Semcor	ppmi2	ll0	10	10	156	10	10	0.224925220686359
country_church.Semcor.ppmi3.ll1.Semcor.ppmi2.ll1	country_church	Semcor	ppmi3	ll1	10	10	Semcor	ppmi2	ll1	10	10	156	10	10	0.225616642168745
