id	model.x	model.y	lemma	pos	genre	broad_genre	marisense	mbroad	mari3	mari2	sensekey	wnsense	wnbroad	wn3	wn2	text	cues	cues_with_weight	mean_weight_x100	wcratio_x100	weighted_cw	wf
church/NN/br-a01/2073	-0.2651564337661	0.0489853165027851	church	NN	press_reportage	press	E	E	DE	CDE	church%1:04:00::	E	E	DE	CDE	 said.`` Being at the polls was just like being at <font color=green>church</font> . I did n't smell a drop of liquor, and we	1	0	95	0	9	church
church/NN/br-d01/1628	-0.00975108801655233	-0.155682105607748	church	NN	religion	non-fiction	B	B	AB	AB	church%1:14:00::	B	B	AB	AB	 age to whip men into a surrender to a particular <font color=green>church</font>  or church-state''. Apparently he does not intend that those who	3	2	145	67	7	church
church/NN/br-d02/1641	0.165579304685535	0.149444906286111	church	NN	religion	non-fiction	B	B	AB	AB	church%1:14:00::	B	B	AB	AB	 concerned to stand squarely within the tradition of the apostolic <font color=green>church</font> , they have exhibited no willingness whatever to sacrifice their modernity	2	1	236	50	4	church
church/NN/br-d02/706	-0.0178443179012249	0.0844512162977368	church	NN	religion	non-fiction	A	A	AB	AB	church%1:14:00::	B	B	AB	AB	 there tends to be an almost complete indifference to the <font color=green>church</font>  and its traditional message of sin and grace. To be	4	4	169	100	9	church
church/NN/br-d02/786	0.286813966710376	-0.0123635153401929	church	NN	religion	non-fiction	A	A	AB	AB	church%1:14:00::	B	B	AB	AB	 longer afford the luxury of such smug indignation? Can the <font color=green>church</font>  risk assuming that the`` folly'' of men is as dear	3	0	189	0	5	church
church/NN/br-d02/877	0.0961435507025413	0.178349826712572	church	NN	religion	non-fiction	A	A	AB	AB	church%1:14:00::	B	B	AB	AB	 precarious? There is an ancient and venerable tradition in the <font color=green>church</font> ( which derives, however, from the heritage of the Greeks rather	4	3	168	75	5	church
church/NN/br-d02/923	0.086229176396601	-0.0108611331948651	church	NN	religion	non-fiction	A	A	AB	AB	church%1:14:00::	B	B	AB	AB	 for accomplishing his work in the world. by analogy, the <font color=green>church</font>  also has been regarded as entirely independent of the`` world	3	2	114	67	7	church
church/NN/br-d02/949	-0.120218767409196	0.111433170249734	church	NN	religion	non-fiction	A	A	AB	AB	church%1:14:00::	B	B	AB	AB	 of requiring nothing from it in order to be the <font color=green>church</font> . But, as Scripture everywhere reminds us, God does have need	2	1	121	50	6	church
church/NN/br-d02/969	-0.0444056286990421	0.139639269120111	church	NN	religion	non-fiction	A	A	AB	AB	church%1:14:00::	B	B	AB	AB	 us, God does have need of his creatures, and the <font color=green>church</font> , a fortiori, can ill afford to do without the talents	4	3	150	75	5	church
church/NN/br-d03/1080	0.0485091845735724	0.13979410760509	church	NN	religion	non-fiction	E	E	DE	CDE	church%1:04:00::	E	E	DE	CDE	 phenomenon of redundancy is that fewer Protestants are going to <font color=green>church</font> . It should be admitted, too, that there is a good	2	2	130	100	7	church
church/NN/br-d03/1342	-0.00558860671127758	0.0302265985600962	church	NN	religion	non-fiction	E	E	DE	CDE	church%1:06:00::	D	D	DE	CDE	 my experience to find as many men as women in <font color=green>church</font> , and to hear almost everyone in church congregations reciting the	5	2	205	40	7	church
church/NN/br-d03/1350	-0.00546403247052764	0.0414033807242125	church	NN	religion	non-fiction	E	E	DE	CDE	church%1:06:00::	D	D	DE	CDE	 as women in church, and to hear almost everyone in <font color=green>church</font>  congregations reciting the Latin prayers and responses at Mass. They	5	4	239	80	10	church
church/NN/br-d03/1871	0.0356069457797664	0.110343279879025	church	NN	religion	non-fiction	B	B	AB	AB	catholic_church%1:14:00::	B1	B	AB	AB	 the Sunday Observer implies a kindly recognition that the Catholic <font color=green>Church</font>  is now at least of equal stature in England with	2	2	211	100	10	Church
church/NN/br-d03/1909	0.0102509800958789	0.139280033426284	church	NN	religion	non-fiction	B	B	AB	AB	church_of_england%1:14:00::	B2	B	AB	AB	 non-Catholic) wrote articles in the Observer depicting clergymen of the <font color=green>Church</font>  of England, the Church of Rome and the Nonconformist Church	6	2	246	33	5	Church
church/NN/br-d03/2097	-0.00355538756354259	0.037654601583581	church	NN	religion	non-fiction	A	A	AB	AB	church%1:14:00::	B	B	AB	AB	 Canterbury. The good feeling which exists between these two important <font color=green>church</font>  figures is now well known in England. The Holy Sacrifice	4	2	123	50	9	church
church/NN/br-d03/2336	0.0351873871850659	0.0887786573700178	church	NN	religion	non-fiction	D	D	DE	CDE	catholic_church%1:14:00::	B1	B	AB	AB	 a votive Mass offered for Christian unity at a Catholic <font color=green>church</font>  in Slough during the Church Unity Octave.	2	1	261	50	7	church
church/NN/br-d03/2341	0.0475295135478202	0.120365111383499	church	NN	religion	non-fiction	A	A	AB	AB	church%1:14:00::	B	B	AB	AB	 Christian unity at a Catholic church in Slough during the <font color=green>Church</font>  Unity Octave.	2	1	317	50	5	Church
church/NN/br-d03/721	-0.0434185697343687	0.323679378424541	church	NN	religion	non-fiction	B	B	AB	AB	church%1:06:00::	D	D	DE	CDE	 crowds going in and out of the Birmingham Oratory( Catholic) <font color=green>Church</font>  on Sunday mornings. She found this a marvel because, as	1	0	279	0	3	Church
church/NN/br-d03/862	0.021412830703209	0.0408149222142315	church	NN	religion	non-fiction	B	B	AB	AB	church_of_england%1:14:00::	B2	B	AB	AB	 to a newspaper report of the 1961 statistics of the <font color=green>Church</font>  of England, the`` total of confirmed members is 9748000, but	3	2	184	67	7	Church
church/NN/br-d03/883	0.216483369292272	0.252559842126381	church	NN	religion	non-fiction	C	C	C	CDE	church_roll%1:10:00::	C	C	C	CDE	 is 9748000, but only 2887671 are registered on the parochial <font color=green>church</font>  rolls'', and`` over 27 million people in England are baptized	4	3	198	75	4	church
church/NN/br-d03/899	0.0260961724174342	0.216040744748664	church	NN	religion	non-fiction	B	B	AB	AB	church_of_england%1:14:00::	B2	B	AB	AB	 over 27 million people in England are baptized into the <font color=green>Church</font>  of England, but roughly only a tenth of them continue	3	2	219	67	4	Church
church/NN/br-d03/945	0.0295880061999339	0.0500955922363307	church	NN	religion	non-fiction	B	B	AB	AB	church_of_england%1:14:00::	B2	B	AB	AB	 than an Archbishops' Commission`` reported last month that in the <font color=green>Church</font>  of England alone there are 790 churches which are redundant	1	0	127	0	8	Church
church/NN/br-d04/56	-0.0680153477444627	0.101365261870742	church	NN	religion	non-fiction	A	A	AB	AB	church_father%1:18:00::	A	A	AB	AB	 Jesus Christ the unique and the universal concur. Perhaps no <font color=green>church</font>  father saw this concurrence of the unique and the universal	4	6	211	150	7	church
church/NN/br-f15/713	0.0807535657172712	0.132715937358999	church	NN	popular_lore	fiction	B	B	AB	AB	roman_catholic_church%1:14:00::	B1	B	AB	AB	 permit birth control only for medical reasons. The Roman Catholic <font color=green>Church</font> , however, sanctions a much more liberal policy on family planning	5	4	124	80	11	Church
church/NN/br-f15/754	0.10202787305598	0.147422982141825	church	NN	popular_lore	fiction	B	B	AB	AB	roman_catholic_church%1:14:00::	B1	B	AB	AB	 disagree over the methods to be used. The Roman Catholic <font color=green>Church</font>  sanctions only abstention or the rhythm method, also known as	1	0	213	0	7	Church
church/NN/br-f15/776	0.0694601483626202	-0.00246675823154086	church	NN	popular_lore	fiction	A	A	AB	AB	roman_catholic_church%1:14:00::	B1	B	AB	AB	 as the use of the infertile or safe period. The <font color=green>Church</font>  considers this to be the method provided by nature and	3	3	111	100	8	Church
church/NN/br-f15/862	-0.0366179128236534	0.0244492399995105	church	NN	popular_lore	fiction	A	A	AB	AB	roman_catholic_church%1:14:00::	B1	B	AB	AB	 there seems little chance of agreement. The grounds for the <font color=green>Church</font>  's position are Scriptural( Old Testament), the teachings of the	3	1	78	33	8	Church
church/NN/br-f15/882	0.0611742636247824	0.0525416893822274	church	NN	popular_lore	fiction	A	A	AB	AB	roman_catholic_church%1:14:00::	B1	B	AB	AB	 the teachings of the fathers and doctors of the early <font color=green>Church</font> , the unbroken tradition of nineteen centuries, the decisions of the	4	3	166	75	5	Church
church/NN/br-f44/1076	0.100445720925138	0.0313914701583043	church	NN	popular_lore	fiction	C	C	C	CDE	church%1:14:00::	B	B	AB	AB	 and economic level of the congregation; the mission of the <font color=green>church</font>  is actually a process of informal co-optation; the lay ministry	5	2	157	40	8	church
church/NN/br-f44/1122	0.0451275914771248	-0.0112915808160808	church	NN	popular_lore	fiction	D	D	DE	CDE	church%1:14:00::	B	B	AB	AB	 process of co-optation so long as the environs of the <font color=green>church</font>  provide a sufficient pool of people who can fit the	1	0	122	0	6	church
church/NN/br-f44/1285	0.0865724740868718	0.0317232644664897	church	NN	popular_lore	fiction	C	C	C	CDE	church%1:14:00::	B	B	AB	AB	 co-optation is the principal form of mission in the contemporary <font color=green>church</font> ; economic integration and co-optation are the two methods by which	3	2	149	67	8	church
church/NN/br-f44/1618	0.125633182173767	0.0388124592780477	church	NN	popular_lore	fiction	C	C	C	CDE	church%1:14:00::	B	B	AB	AB	 in the metropolis. It now becomes evident that the denominational <font color=green>church</font>  is intimately involved with the economy of middle-class culture, for	5	3	175	60	6	church
church/NN/br-f44/2150	0.0408625906699562	0.00990170292893209	church	NN	popular_lore	fiction	C	C	C	CDE	church%1:14:00::	B	B	AB	AB	 will occupy our attention under the rubric of the organization <font color=green>church</font> . An understanding of the new role of residential association in	3	3	146	100	8	church
church/NN/br-f44/368	0.018833109945613	0.0117268413719182	church	NN	popular_lore	fiction	C	C	C	CDE	church%1:14:00::	B	B	AB	AB	 they can lose higher- and lower status members from the <font color=green>church</font>  without collapsing, but they need adequate recruits for the core	3	2	153	67	8	church
church/NN/br-f44/647	0.00570623367529189	0.088813402438499	church	NN	popular_lore	fiction	A	A	AB	AB	church%1:14:00::	B	B	AB	AB	 denominations. There is much talk in theological circles about the`` <font color=green>Church</font>  as Mission'' and the`` Church 's Mission''; theologians have been	4	4	245	100	7	Church
church/NN/br-f44/654	0.00491284566127181	0.073447849118055	church	NN	popular_lore	fiction	A	A	AB	AB	church%1:14:00::	B	B	AB	AB	 in theological circles about the`` Church as Mission'' and the`` <font color=green>Church</font>  's Mission''; theologians have been stressing the fact that the	4	2	230	50	5	Church
church/NN/br-f44/667	-0.00513109688218843	0.00348620135357495	church	NN	popular_lore	fiction	A	A	AB	AB	church%1:14:00::	B	B	AB	AB	 's Mission''; theologians have been stressing the fact that the <font color=green>Church</font>  does not exist for its own sake but as a	4	2	121	50	5	Church
church/NN/br-f44/924	0.0728492702506442	0.0395725404430576	church	NN	popular_lore	fiction	C	C	C	CDE	church%1:14:00::	B	B	AB	AB	 with friendly members the`` contacts with an organization of the <font color=green>church</font> ''( 11.2 per cent of the cases), then a substantial two	3	3	181	100	6	church
church/NN/br-f44/986	-2.08636147927223e-05	0.00536231705960645	church	NN	popular_lore	fiction	C	C	C	CDE	church%1:14:00::	B	B	AB	AB	 people; the new people respond in kind by joining the <font color=green>church</font> . Missionary outreach by friendly contact looks somewhat different when one	4	2	132	50	12	church
church/NN/br-g12/1271	0.0967912742288264	0.371169501768776	church	NN	belles_lettres	fiction	D	D	DE	CDE	church%1:06:00::	D	D	DE	CDE	 and gestured toward the Madeleine. The classical lines of the <font color=green>church</font>  which Napoleon thought of as a Temple of Glory, dominated	5	2	271	40	3	church
church/NN/br-g12/1807	-0.200732132635267	0.283800308118544	church	NN	belles_lettres	fiction	D	D	DE	CDE	church%1:06:00::	D	D	DE	CDE	 not attractive, but it is deeper. When you pass a <font color=green>church</font>  on an Irish bus, all the hands flurry in the	2	2	111	100	4	church
church/NN/br-g12/544	-0.218248250221608	-0.0476049215727134	church	NN	belles_lettres	fiction	D	D	DE	CDE	church%1:06:00::	D	D	DE	CDE	 the Madeleine and across to a sidewalk cafe opposite that <font color=green>church</font> . The conversation that ensued may have been engrossing but it	4	3	188	75	6	church
church/NN/br-h17/1199	0.0541636200036183	-0.082072486898828	church	NN	miscellaneous	non-fiction	C	C	C	CDE	church%1:14:00::	B	B	AB	AB	 because of his willingness to kill in defense of his <font color=green>church</font>  and home. Upon administrative approval of the reclassification, he was	2	1	175	50	6	church
church/NN/br-h17/1434	0.0686774937852441	0.00733379887268428	church	NN	miscellaneous	non-fiction	C	C	C	CDE	church%1:14:00::	B	B	AB	AB	 preaching and from 20 to 25 hours per month to <font color=green>church</font>  activities. His claim was therefore`` so highly exaggerated'', the Department	1	1	133	100	8	church
church/NN/br-j23/1105	0.0600226997657342	0.0286254708074511	church	NN	learned	non-fiction	C	C	C	CDE	church_member%1:18:00::	C	C	C	CDE	 which is reflective of our common religion. Even the non <font color=green>church</font>  members- the freewheelers, marginal religionists and so on- have the	2	2	119	100	6	church
church/NN/br-j57/2237	-0.0590027187834499	0.113501579804528	church	NN	learned	non-fiction	A	A	AB	AB	church_father%1:18:00::	A	A	AB	AB	 which reached Christianity by the way of Stoicism through the <font color=green>Church</font>  Fathers of Late Antiquity.	3	2	157	67	4	Church
church/NN/br-j57/958	-0.0492848793874581	0.0332377337910171	church	NN	learned	non-fiction	A	A	AB	AB	church_father%1:18:00::	A	A	AB	AB	 all possessions. This conception was taken up by the early <font color=green>Church</font>  Fathers and by canon lawyers and theologians in the Middle	5	3	145	60	7	Church
church/NN/br-j58/1496	0.00935495713478907	-0.0727014507401662	church	NN	learned	non-fiction	D	D	DE	CDE	church_bell%1:06:00::	D	D	DE	CDE	 In many Northern towns and cities meetings were held and <font color=green>church</font>  bells were tolled. Such was not the case in Rhode	4	2	94	50	9	church
church/NN/br-k04/1076	-0.0221622030662968	-0.00288170395749545	church	NN	fiction_gral	fiction	D	D	DE	CDE	church%1:06:00::	D	D	DE	CDE	 There were two liquor saloons not very far from the <font color=green>church</font> , one white, that is conducted for white people with a	4	3	129	75	11	church
church/NN/br-k04/1117	-0.304048888211886	-0.00389468776387864	church	NN	fiction_gral	fiction	D	D	DE	CDE	church%1:06:00::	D	D	DE	CDE	 of gambling in both. On the other side of the <font color=green>church</font>  was a quiet, well-kept house with shutters and recently painted	4	0	170	0	4	church
church/NN/br-k04/1145	-0.105629536279136	-0.20158588845716	church	NN	fiction_gral	fiction	C	C	C	CDE	church%1:14:00::	B	B	AB	AB	 it. It was called Kent House. The deacon of the <font color=green>church</font> , Carlson, was its janitor. One of the leading members of	3	0	102	0	5	church
church/NN/br-k04/1353	-0.0436529694847044	-0.0411059394614079	church	NN	fiction_gral	fiction	D	D	DE	CDE	church%1:06:00::	D	D	DE	CDE	 tract of land, and it occurred to him that the <font color=green>church</font>  and the better Negro homes might gradually be moved to	3	3	96	100	7	church
church/NN/br-k04/1419	-0.0198631657897472	-0.0222725550879377	church	NN	fiction_gral	fiction	C	C	C	CDE	church%1:06:00::	D	D	DE	CDE	 stress, and that was that the contribution to the general <font color=green>church</font>  expenses, the dollar money, had been seriously falling behind in	3	3	125	100	10	church
church/NN/br-k04/1433	-0.0267697926970385	-0.0116120811709743	church	NN	fiction_gral	fiction	C	C	C	CDE	church%1:06:00::	D	D	DE	CDE	 the dollar money, had been seriously falling behind in this <font color=green>church</font> , and that must be looked after immediately. In fact, he	1	1	85	100	12	church
church/NN/br-k04/1485	0.0127287495729954	0.0514824693115729	church	NN	fiction_gral	fiction	C	C	C	CDE	church%1:06:00::	D	D	DE	CDE	 that clear as this was, they must have a better <font color=green>church</font> , a more business-like conduct of the church organization, and an	2	1	191	50	6	church
church/NN/br-k04/1493	0.0171183858133334	0.0329439186653462	church	NN	fiction_gral	fiction	C	C	C	CDE	church%1:14:00::	B	B	AB	AB	 have a better church, a more business-like conduct of the <font color=green>church</font>  organization, and an effort to get this religious center out	4	3	173	75	8	church
church/NN/br-k04/1514	0.0949617876560906	0.0334434831573864	church	NN	fiction_gral	fiction	C	C	C	CDE	church%1:14:00::	B	B	AB	AB	 out of its rut of wild worship into a modern <font color=green>church</font>  organization. He emphasized to the Presiding Elder the plan of	5	3	200	60	6	church
church/NN/br-k04/1530	-0.0416624695834326	-0.026409878076069	church	NN	fiction_gral	fiction	D	D	DE	CDE	church%1:06:00::	D	D	DE	CDE	 the Presiding Elder the plan of giving up the old <font color=green>church</font>  and moving across the river. The Presiding Elder was sure	5	3	86	60	5	church
church/NN/br-k04/1578	-0.0392803242472448	-0.00677313830156752	church	NN	fiction_gral	fiction	D	D	DE	CDE	church%1:06:00::	D	D	DE	CDE	 impossible. The bank which held the mortgage on the old <font color=green>church</font>  declared that the interest was considerably in arrears, and the	2	1	118	50	6	church
church/NN/br-k04/1634	-0.0852798501660868	-0.0720349015940608	church	NN	fiction_gral	fiction	D	D	DE	CDE	church%1:06:00::	D	D	DE	CDE	 to colored folk. When it was proposed to rebuild the <font color=green>church</font> , Wilson found that the terms for a new mortgage were	2	0	141	0	6	church
church/NN/br-k04/1685	0.155135206360768	0.0879777304624221	church	NN	fiction_gral	fiction	D	D	DE	CDE	church%1:06:00::	D	D	DE	CDE	 made to his Deacon Board, he met unanimous opposition. The <font color=green>church</font>  certainly would not be removed. The very proposition was sacrilege	3	1	120	33	7	church
church/NN/br-k04/1807	-0.0918786105745813	-0.0500478535883358	church	NN	fiction_gral	fiction	D	D	DE	CDE	church%1:06:00::	D	D	DE	CDE	 of money that has been invested by whites around that <font color=green>church</font> ? Tenements, stores, saloons, some gambling, I hope not too much	5	2	157	40	6	church
church/NN/br-k04/1874	-0.14098514288137	-0.0865321629709129	church	NN	fiction_gral	fiction	D	D	DE	CDE	church%1:06:00::	D	D	DE	CDE	 were you I would just plan to repair the old <font color=green>church</font>  so it would last for five or ten years. By	3	3	104	100	7	church
church/NN/br-k04/2301	0.0232836006222098	0.0473254512289125	church	NN	fiction_gral	fiction	B	B	AB	AB	methodist_church%1:14:00::	B2	B	AB	AB	 mean practically the end of his career in the Methodist <font color=green>church</font> , if not in all churches.	3	1	133	33	6	church
church/NN/br-k04/356	-0.0717851769414396	-0.0160668020721593	church	NN	fiction_gral	fiction	C	C	C	CDE	church%1:06:00::	D	D	DE	CDE	 with the whites, especially the rich who partly supported the <font color=green>church</font> . The Deacon Board, headed by a black man named Carlson	7	4	156	57	7	church
church/NN/br-k04/397	0.0107827139171376	0.108759791519056	church	NN	fiction_gral	fiction	C	C	C	CDE	church%1:06:00::	D	D	DE	CDE	 support of the Amen corner. The characteristic thing about this <font color=green>church</font>  was its Amen corner and the weekly religious orgy. A	4	4	181	100	6	church
church/NN/br-k04/828	-0.0231637760765408	0.000377096922480953	church	NN	fiction_gral	fiction	C	C	C	CDE	church%1:14:00::	B	B	AB	AB	 the home of one of the old members of the <font color=green>church</font> , a woman named Catt who, as Wilson afterward found, was	2	2	146	100	7	church
church/NN/br-k04/877	-0.071664097611995	-0.102659851064099	church	NN	fiction_gral	fiction	C	C	C	CDE	church%1:14:00::	B	B	AB	AB	 never married, conducting a spotless home and devoted to her <font color=green>church</font> , but a perpetual dissenter and born critic. She soared over	2	1	214	50	5	church
church/NN/br-k04/923	-0.0991578103290519	-0.00200431065326772	church	NN	fiction_gral	fiction	D	D	DE	CDE	church%1:06:00::	D	D	DE	CDE	 which she was chief repository. Then Wilson looked over the <font color=green>church</font>  and studied its condition. The salary of the pastor had	3	3	139	100	8	church
church/NN/br-k04/975	-0.205552032389317	0.0651601936585858	church	NN	fiction_gral	fiction	D	D	DE	CDE	church%1:06:00::	D	D	DE	CDE	 he mentioned this to the Deacons they said nothing. The <font color=green>church</font>  itself must be repaired. It was dirty and neglected. It	3	2	112	67	7	church
church/NN/br-k06/1056	-0.0900083913505733	0.0244491511873551	church	NN	fiction_gral	fiction	D	D	DE	CDE	church%1:06:00::	D	D	DE	CDE	 northward to Brooklyn, below Point Peter, he could see the <font color=green>church</font>  spire wherever he looked back. Sometimes they went south and	5	2	115	40	6	church
church/NN/br-k06/1389	-0.159601556588645	-0.0117487090391122	church	NN	fiction_gral	fiction	D	D	DE	CDE	church%1:06:00::	D	D	DE	CDE	 with its peaked lance. Stevie was constantly slipping into the <font color=green>church</font> . He pulled with all his strength at the heavy, brass	3	2	109	67	6	church
church/NN/br-k06/1473	-0.202182026637336	0.0362286092637559	church	NN	fiction_gral	fiction	D	D	DE	CDE	church%1:06:00::	D	D	DE	CDE	 hands tucked under his coattails, and staring into the dark <font color=green>church</font> . The figure was wreathed in an extraordinary luminescence. The boy	3	2	104	67	5	church
church/NN/br-k06/528	-0.22658639804185	-0.00344255815362555	church	NN	fiction_gral	fiction	D	D	DE	CDE	church%1:06:00::	D	D	DE	CDE	 his head out. There was the slate roof of the <font color=green>church</font> ; ivy climbed the red brick walls like a green scaled	5	3	152	60	7	church
church/NN/br-k06/571	-0.311102802472665	0.139348589467292	church	NN	fiction_gral	fiction	D	D	DE	CDE	church%1:06:00::	D	D	DE	CDE	 cupboards.`` There 's a tower and a steeple on the <font color=green>church</font>  a million feet high. And the loudest clock in the	3	2	160	67	5	church
church/NN/br-k06/659	-0.239031685450627	0.21746637029257	church	NN	fiction_gral	fiction	D	D	DE	CDE	church%1:06:00::	D	D	DE	CDE	 Street to Orange Square. The steeple leaned backward, while the <font color=green>church</font>  advanced like a headless creature in a long, shapeless coat	5	0	225	0	3	church
church/NN/br-k06/852	-0.24835613145847	0.140302782166033	church	NN	fiction_gral	fiction	D	D	DE	CDE	church%1:06:00::	D	D	DE	CDE	 Church with its high steeple and clock. There was no <font color=green>church</font>  like Drew Church, no preacher like Papa, who was intimate	3	2	181	67	5	church
church/NN/br-k10/1423	0.0265727684775872	0.0137885834436227	church	NN	fiction_gral	fiction	A	A	AB	AB	church%1:14:00::	B	B	AB	AB	 economics, and social issues that are no concern of the <font color=green>Church</font> ''? And John 's reply was always the same:`` Anything that	5	1	117	20	8	Church
church/NN/br-k10/1445	-0.122603413951235	0.13836552882038	church	NN	fiction_gral	fiction	A	A	AB	AB	church%1:14:00::	B	B	AB	AB	 same:`` Anything that affects souls is the concern of the <font color=green>Church</font> ! We will have righteousness''! Tears burned behind his eyes as	3	2	150	67	7	Church
church/NN/br-k10/1802	-0.0642750811573778	0.130757032010028	church	NN	fiction_gral	fiction	B	B	AB	AB	church_of_rome%1:14:00::	B1	B	AB	AB	 Geneva, saying that he had been a bishop of the <font color=green>Church</font>  of Rome and had been persecuted in Paris for his	2	1	91	50	7	Church
church/NN/br-k10/205	-0.14127674355185	-0.165038950142887	church	NN	fiction_gral	fiction	A	A	AB	AB	church%1:14:00::	B	B	AB	AB	 that the couple would have to be punished if the <font color=green>Church</font>  was to be respected.`` I have told you before, and	2	1	95	50	6	Church
church/NN/br-k10/257	-0.0848297223854297	0.0619434450065619	church	NN	fiction_gral	fiction	A	A	AB	AB	church%1:14:00::	B	B	AB	AB	 is the answer the ungodly will always make when the <font color=green>Church</font>  points its fingers at their sins. I say to you	3	2	107	67	7	Church
church/NN/br-k10/271	-0.128681060175983	0.127127147667957	church	NN	fiction_gral	fiction	A	A	AB	AB	church%1:14:00::	B	B	AB	AB	 fingers at their sins. I say to you that the <font color=green>Church</font>  will ever decry evil''! John 's reply was like a	3	2	157	67	7	Church
church/NN/br-k10/561	-0.0568196143546614	-0.00684391623101339	church	NN	fiction_gral	fiction	A	A	AB	AB	church%1:14:00::	B	B	AB	AB	 weeks before, in early November, without being reconciled to the <font color=green>Church</font> . The canons, in a body, had tried to force him	3	1	100	33	4	Church
church/NN/br-k10/588	-0.0768543692379154	0.144439168708849	church	NN	fiction_gral	fiction	A	A	AB	AB	church%1:14:00::	B	B	AB	AB	 to let them give him the last rites of the <font color=green>Church</font> , but he had died still proclaiming salvation by faith. Burial	3	2	155	67	8	Church
church/NN/br-k10/967	-0.117920350561365	0.0159854137034988	church	NN	fiction_gral	fiction	D	D	DE	CDE	church%1:06:00::	D	D	DE	CDE	 all the time. Quickening his steps, John entered the vast <font color=green>church</font>  and climbed the tower steps to the bells. Underneath the	6	6	167	100	8	church
church/NN/br-k13/533	-0.171262210902193	0.00152416347151387	church	NN	fiction_gral	fiction	D	D	DE	CDE	church%1:06:00::	D	D	DE	CDE	 Harold indicated the photograph on the wall and asked what <font color=green>church</font>  the stone sculpture was in. Eugene told him and he	3	3	129	100	11	church
church/NN/br-k14/1114	-0.0490097973925181	-0.0347104546768862	church	NN	fiction_gral	fiction	A	A	AB	AB	church%1:14:00::	B	B	AB	AB	 not want my people to get in trouble with the <font color=green>Church</font> ''.`` I am working for the Cardinal of San Dionigi. I'm	3	2	73	67	4	Church
church/NN/br-k14/826	-0.0924335929742658	-0.263943178266775	church	NN	fiction_gral	fiction	D	D	DE	CDE	church%1:06:00::	D	D	DE	CDE	 Jewish section was in Trastevere, near the Tiber at the <font color=green>church</font>  of San Francesco a Ripa. The colony had been small	4	1	93	25	6	church
church/NN/br-k15/188	-0.0816532512286667	0.00754368856671261	church	NN	fiction_gral	fiction	D	D	DE	CDE	church%1:06:00::	D	D	DE	CDE	 They held the funeral the next morning from the crossroads <font color=green>church</font>  and buried the little box in the quiet family plot	6	6	194	100	10	church
church/NN/br-k16/1431	-0.187119938823993	-0.0282357285380423	church	NN	fiction_gral	fiction	D	D	DE	CDE	church%1:06:00::	D	D	DE	CDE	 thickets. Along Wappinger Creek in Dutchess County, past the white <font color=green>church</font>  at Fishkill, past Verplanck 's Point on the east bank	6	5	174	83	5	church
church/NN/br-k16/2285	-0.0869115765261897	0.020682221412357	church	NN	fiction_gral	fiction	E	E	DE	CDE	church_service%1:04:00::	E	E	DE	CDE	 him out of some dim corner of memory from a <font color=green>church</font>  service when he was a boy- yes, in a white	1	1	151	100	6	church
church/NN/br-k16/2298	-0.152024782200088	-0.0236792320084531	church	NN	fiction_gral	fiction	D	D	DE	CDE	church%1:06:00::	D	D	DE	CDE	 service when he was a boy- yes, in a white <font color=green>church</font>  with a thin spur steeple in the patriarchal Hudson Valley	5	3	99	60	5	church
church/NN/br-k19/168	-0.0417536507263582	-0.00535614146895483	church	NN	fiction_gral	fiction	A	A	AB	AB	church%1:14:00::	B	B	AB	AB	 for a more exalted office in the hierarchy of the <font color=green>church</font> - his ambitions for the bishopry had died very early in	5	1	63	20	6	church
church/NN/br-k19/213	-0.020293427444889	-0.150277101629168	church	NN	fiction_gral	fiction	A	A	AB	AB	church%1:14:00::	B	B	AB	AB	 of this desire was due to his devotion to the <font color=green>church</font>  and how much was his own ego, demanding to be	1	1	121	100	8	church
church/NN/br-k25/81	0.0315447600510678	-0.0817339379324997	church	NN	fiction_gral	fiction	D	D	DE	CDE	church%1:06:00::	D	D	DE	CDE	 whether a private residence in his Pennsylvania county or a <font color=green>church</font>  in Brazil, without it being obvious that he had done	3	2	109	67	7	church
church/NN/br-l08/1824	-0.0869265813495225	0.038374088704829	church	NN	fiction_mystery	fiction	E	E	DE	CDE	church%1:04:00::	E	E	DE	CDE	 did n't feel good on Sunday, could n't go to <font color=green>church</font> - there 'd be a little argument, but she could be	3	2	105	67	7	church
church/NN/br-l08/2109	0.0012290278244383	-0.00832671379594785	church	NN	fiction_mystery	fiction	C	C	C	CDE	church%1:06:00::	D	D	DE	CDE	 with foreign sounding names, the ones went to the same <font color=green>church</font>  and- Different place, different job, different people, she 'd be	2	2	96	100	11	church
church/NN/br-m01/1682	-0.0207731203545325	-0.0745699802570124	church	NN	fiction_science	fiction	A	A	AB	AB	church%1:14:00::	B	B	AB	AB	 indicted for price-cutting. Fosterite bishops, after secret conclave, announced the <font color=green>Church</font>  's second Major Miracle: Supreme Bishop Digby had been translated	5	1	117	20	5	Church
church/NN/br-m01/2360	-0.0236239562735261	-0.00662282735677057	church	NN	fiction_science	fiction	E	E	DE	CDE	church%1:04:00::	E	E	DE	CDE	 continued most of the week following that ill-starred trip to <font color=green>church</font> , during which period Mike stayed in his room and usually	1	1	126	100	7	church
church/NN/br-p01/1161	-0.183452618411214	0.0459702192765663	church	NN	fiction_romance	fiction	D	D	DE	CDE	church%1:06:00::	D	D	DE	CDE	 hill, rising with the hill to the top where the <font color=green>church</font>  was and beyond that to the cemetery. Only paved alleyways	7	6	157	86	9	church
church/NN/br-p01/21	-0.224867291706457	0.122735368485684	church	NN	fiction_romance	fiction	D	D	DE	CDE	church_tower%1:06:00::	D	D	DE	CDE	 them he could have been the broken bell in the <font color=green>church</font>  tower which rang before and after Mass, and at noon	4	3	200	75	6	church
church/NN/br-p01/222	-0.0724104348655196	0.0795992609584581	church	NN	fiction_romance	fiction	E	E	DE	CDE	church%1:04:00::	E	E	DE	CDE	 from its elders. Youth obeyed when commanded. It went to <font color=green>church</font>  on Sunday and one Saturday a month went to confession	5	5	211	100	9	church
church/NN/br-p01/829	-0.185392644365892	-0.0547788807164239	church	NN	fiction_romance	fiction	D	D	DE	CDE	church%1:06:00::	D	D	DE	CDE	 to Drexel Street and his back in opposition to the <font color=green>church</font>  behind him. For all he saw or cared to see	5	3	136	60	6	church
church/NN/br-p09/150	-0.0907081580489227	0.198067851686883	church	NN	fiction_romance	fiction	D	D	DE	CDE	church%1:06:00::	D	D	DE	CDE	 all right. Wednesday nights after youth fellowship. Out of the <font color=green>church</font>  and into his big car, it tooling over the road	4	1	173	25	5	church
church/NN/br-p12/1014	-0.689922477498279	0.0107690803911278	church	NN	fiction_romance	fiction	D	D	DE	CDE	church%1:06:00::	D	D	DE	CDE	 Then they took a taxi to Trastevere.`` There 's a <font color=green>church</font>  you should see'', she said. And when they stood by	3	1	166	33	2	church
church/NN/br-p12/1063	-0.154974942806914	-0.0462237176494474	church	NN	fiction_romance	fiction	D	D	DE	CDE	church%1:06:00::	D	D	DE	CDE	 with Alberto. He let her tell him all about the <font color=green>church</font> . Then they had dinner. All evening she was eloquent and	1	0	89	0	5	church
church/NN/br-p12/1102	-0.188429240641204	0.00694851889537332	church	NN	fiction_romance	fiction	D	D	DE	CDE	church_bell%1:06:00::	D	D	DE	CDE	 in the morning when he woke up at ten the <font color=green>church</font>  bells were ringing. He had never heard so many bells	2	1	120	50	7	church
church/NN/br-p12/1141	-0.180909930487126	-0.0116622193269099	church	NN	fiction_romance	fiction	D	D	DE	CDE	church%1:06:00::	D	D	DE	CDE	 when he had looked up at the obelisk and the <font color=green>church</font>  at the top of the Spanish Steps. It was a	3	1	72	33	5	church
church/NN/br-p12/1260	-0.0452844204560747	0.0508377800770349	church	NN	fiction_romance	fiction	E	E	DE	CDE	church%1:04:00::	E	E	DE	CDE	 snuggled against him, he wondered if she ever went to <font color=green>church</font> . Why did he want her to go to church? he	2	1	116	50	7	church
church/NN/br-p12/1270	-0.0426937913984601	0.0466710637844045	church	NN	fiction_romance	fiction	E	E	DE	CDE	church%1:04:00::	E	E	DE	CDE	 to church. Why did he want her to go to <font color=green>church</font> ? he wondered. Probably because it was a place where she	2	2	96	100	8	church
church/NN/br-p12/1309	-0.0797903664133842	0.0347622688961282	church	NN	fiction_romance	fiction	E	E	DE	CDE	church%1:04:00::	E	E	DE	CDE	 It was too bad he had no feeling himself for <font color=green>church</font> . Not his poor mother 's fault. She would have been	2	2	112	100	5	church
church/NN/br-p12/1433	0.0586955226641211	0.140544031805425	church	NN	fiction_romance	fiction	C	C	C	CDE	church%1:04:00::	E	E	DE	CDE	 woman though, she would take only what she needed from <font color=green>church</font> . It was too bad he was n't a Catholic himself	3	2	120	67	7	church
church/NN/br-p12/1559	-0.111570371283184	-0.023274271399954	church	NN	fiction_romance	fiction	E	E	DE	CDE	church%1:04:00::	E	E	DE	CDE	 girl like Carla if she got up and went to <font color=green>church</font> . A half hour later he got her up to go	1	0	78	0	8	church
church/NN/br-r05/1163	-0.0342457077271109	0.0348154166766646	church	NN	humor	fiction	C	C	C	CDE	church%1:06:00::	D	D	DE	CDE	 While Henry Morgan was escorting Miss Vera Green from the <font color=green>church</font>  social last Saturday night, a savage dog attacked them and	3	2	159	67	7	church
church/NNP/br-d03/1914	0.00942466745207075	0.146619798414631	church	NNP	religion	non-fiction	B	B	AB	AB	group%1:03:00::	C	C	C	CDE	 the Observer depicting clergymen of the Church of England, the <font color=green>Church</font>  of Rome and the Nonconformist Church. The Catholic priest, though	5	2	413	40	6	Church
church/NNP/br-d03/1920	0.0195953471950504	0.149850578407718	church	NNP	religion	non-fiction	B	B	AB	AB	group%1:03:00::	C	C	C	CDE	 Church of England, the Church of Rome and the Nonconformist <font color=green>Church</font> . The Catholic priest, though somewhat superficially drawn, easily came out	5	3	384	60	6	Church
church/NNP/br-d03/2022	0.0431469758970643	0.217467617067043	church	NNP	religion	non-fiction	B	B	AB	AB	group%1:03:00::	C	C	C	CDE	 comments were equally made by an Anglican parson, a Free <font color=green>Church</font>  minister and a Catholic priest. Catholic priests have frequently appeared	3	2	417	67	7	Church
church/NNP/br-d03/91	0.0688342289540829	0.0546021081161798	church	NNP	religion	non-fiction	A	A	AB	AB	group%1:03:00::	C	C	C	CDE	 the religious sphere so popularly discussed as Christian unity. The <font color=green>Church</font>  Unity Octave, January 18- 25, was enthusiastically devoted to prayer	5	3	241	60	8	Church
church/NNP/br-j57/304	0.0858584327687845	0.0899921530710653	church	NNP	learned	non-fiction	B	B	AB	AB	group%1:03:00::	C	C	C	CDE	 Indeed, it is even surprising in the Canon of Christ <font color=green>Church</font>  and Regius Professor of Ecclesiastical History, who fathered this most	3	1	237	33	6	Church
church/NNP/br-k04/233	-0.0768284057777065	-0.0249855816905633	church	NNP	fiction_gral	fiction	D	D	DE	CDE	group%1:03:00::	C	C	C	CDE	 of this crowded region was the Allen African Methodist Episcopal <font color=green>Church</font> . It was an old and dirty wooden structure, sadly in	4	4	193	100	11	Church
church/NNP/br-k06/1930	0.0216920598726002	0.183523964470314	church	NNP	fiction_gral	fiction	D	D	DE	CDE	group%1:03:00::	C	C	C	CDE	 strike the steeples of the other churches; not of Drew <font color=green>Church</font> . A flash illumined the trees as a crooked bolt twigged	2	1	252	50	4	Church
church/NNP/br-k06/698	-0.0128380767290601	0.007470250366586	church	NNP	fiction_gral	fiction	D	D	DE	CDE	group%1:03:00::	C	C	C	CDE	 the foothills, was the city of God. The Dutch Reformed <font color=green>Church</font> , with two steeples and its own school was on Main	4	2	108	50	6	Church
church/NNP/br-k06/714	-0.0427530941119092	0.0718327695881226	church	NNP	fiction_gral	fiction	D	D	DE	CDE	group%1:03:00::	C	C	C	CDE	 and its own school was on Main Street; the Episcopal <font color=green>Church</font>  was one block down Sussex Street; the Catholic Saint Mary's	4	2	183	50	7	Church
church/NNP/br-k06/726	-0.0618414376050507	0.149954318011916	church	NNP	fiction_gral	fiction	D	D	DE	CDE	group%1:03:00::	C	C	C	CDE	 was one block down Sussex Street; the Catholic Saint Mary's <font color=green>Church</font> , with an even taller steeple and a cross on top	5	1	291	20	5	Church
church/NNP/br-k06/841	-0.090942390748348	0.0923092526189366	church	NNP	fiction_gral	fiction	D	D	DE	CDE	group%1:03:00::	C	C	C	CDE	 became familiar with God, who resided chiefly in Drew Centennial <font color=green>Church</font>  with its high steeple and clock. There was no church	3	2	259	67	6	Church
church/NNP/br-k06/855	-0.112618988858157	0.146620511422996	church	NNP	fiction_gral	fiction	D	D	DE	CDE	group%1:03:00::	C	C	C	CDE	 high steeple and clock. There was no church like Drew <font color=green>Church</font> , no preacher like Papa, who was intimate with Him, and	2	1	277	50	7	Church
church/NNP/br-k10/1229	-0.0952972279403612	0.009347931469764	church	NNP	fiction_gral	fiction	B	B	AB	AB	group%1:03:00::	C	C	C	CDE	 smashing images and tearing down symbols sacred to the Old <font color=green>Church</font> . John found it difficult, but he held him in check	4	3	289	75	9	Church
church/NNS/br-d02/548	0.104881498781757	0.00057202576243841	church	NNS	religion	non-fiction	B	B	AB	AB	church%1:14:00::	B	B	AB	AB	 observed to characterize the preaching and teaching of the American <font color=green>churches</font> . In the absence of a truly adequate conceptuality in which	3	1	235	33	7	churches
church/NNS/br-d03/1011	0.144940339145752	-0.159727928194353	church	NNS	religion	non-fiction	D	D	DE	CDE	church%1:06:00::	D	D	DE	CDE	 often, the sale of 764 chapels''. Most of these former <font color=green>churches</font>  are now used as warehouses, but`` neither Anglicans nor Nonconformists	3	1	121	33	4	churches
church/NNS/br-d03/1027	0.0785764828076034	0.181358513880285	church	NNS	religion	non-fiction	D	D	DE	CDE	church%1:06:00::	D	D	DE	CDE	 as warehouses, but`` neither Anglicans nor Nonconformists object to selling <font color=green>churches</font>  to Roman Catholics'', and have done so. While it must	2	1	261	50	5	churches
church/NNS/br-d03/1051	0.04561592087263	0.0187577305292315	church	NNS	religion	non-fiction	D	D	DE	CDE	church%1:06:00::	D	D	DE	CDE	 be said that these same Protestants have built some new <font color=green>churches</font>  during this period, and that religious population shifts have emptied	4	4	219	100	8	churches
church/NNS/br-d03/1063	0.065492704931705	0.0239134038164082	church	NNS	religion	non-fiction	C	C	C	CDE	church%1:06:00::	D	D	DE	CDE	 during this period, and that religious population shifts have emptied <font color=green>churches</font> , a principal reason for this phenomenon of redundancy is that	5	4	260	80	8	churches
church/NNS/br-d03/110	0.0247056788830143	0.021290810027349	church	NNS	religion	non-fiction	C	C	C	CDE	church%1:14:00::	B	B	AB	AB	 was enthusiastically devoted to prayer and discussion by the various <font color=green>churches</font> . Many people seem hopeful, yet it is difficult to predict	5	5	188	100	9	churches
church/NNS/br-d03/1472	0.0174895138241454	0.157710882008029	church	NNS	religion	non-fiction	E	E	DE	CDE	church%1:06:00::	D	D	DE	CDE	 thy Son''. A hymn often to be heard in Catholic <font color=green>churches</font>  is`` Faith of our Fathers'', which glories in England 's	3	2	152	67	4	churches
church/NNS/br-d03/1884	0.0304667799737151	0.086755343765003	church	NNS	religion	non-fiction	B	B	AB	AB	church%1:14:00::	B	B	AB	AB	 at least of equal stature in England with the Protestant <font color=green>churches</font> . On successive Sundays during October, 1960, Paul Ferris( a non-Catholic	2	2	245	100	8	churches
church/NNS/br-d03/313	0.0391531779543062	0.0674237648064834	church	NNS	religion	non-fiction	B	B	AB	AB	anglican_church%1:14:00::	B2	B	AB	AB	 saying and writing and implying about the Roman and Anglican <font color=green>Churches</font>  and about the present religious state of England. Since the	5	4	177	80	7	Churches
church/NNS/br-d03/35	0.0411052097364112	0.0797189928885394	church	NNS	religion	non-fiction	B	B	AB	AB	anglican_church%1:14:00::	B2	B	AB	AB	 efforts of only unauthorized individuals of the Roman and Anglican <font color=green>Churches</font> , and urging a communion of prayer unacceptable to Rome, this	5	3	266	60	7	Churches
church/NNS/br-d03/779	0.0269723583645753	0.0965001940862247	church	NNS	religion	non-fiction	D	D	DE	CDE	church%1:06:00::	D	D	DE	CDE	 less than ten. From many sides come remarks that Protestant <font color=green>churches</font>  are badly attended and the large medieval cathedrals look all	4	3	245	75	8	churches
church/NNS/br-d03/849	0.0398581097467563	0.025297610038915	church	NNS	religion	non-fiction	C	C	C	CDE	church%1:06:00::	D	D	DE	CDE	 admit the great falling off in effective membership in their <font color=green>churches</font> . According to a newspaper report of the 1961 statistics of	2	2	222	100	8	churches
church/NNS/br-d03/929	0.0922494708737018	-0.104980118070199	church	NNS	religion	non-fiction	C	C	C	CDE	church%1:06:00::	D	D	DE	CDE	 the Manchester Guardian of last November, entitled`` Fate of Redundant <font color=green>Churches</font> '', states than an Archbishops' Commission`` reported last month that in	2	0	238	0	6	Churches
church/NNS/br-d03/952	-0.00488889956295492	0.0595664804826089	church	NNS	religion	non-fiction	C	C	C	CDE	church%1:06:00::	D	D	DE	CDE	 that in the Church of England alone there are 790 <font color=green>churches</font>  which are redundant now, or will be in 20 years	3	2	209	67	4	churches
church/NNS/br-d03/971	0.0783754396383804	-0.154192133633269	church	NNS	religion	non-fiction	D	D	DE	CDE	church%1:06:00::	D	D	DE	CDE	 will be in 20 years' time. A further 260 Anglican <font color=green>churches</font>  have been demolished since 1948''. And in the last five	1	0	107	0	1	churches
church/NNS/br-f15/1245	0.0548034799704358	0.0664435928686235	church	NNS	popular_lore	fiction	B	B	AB	AB	church%1:14:00::	B	B	AB	AB	 Consider what happened during World War 1,, when the Protestant <font color=green>churches</font>  united to push the Prohibition law through Congress. Many of	2	2	280	100	8	churches
church/NNS/br-f15/1425	0.136916685175058	0.127023589621917	church	NNS	popular_lore	fiction	B	B	AB	AB	christian_church%1:14:00::	B	B	AB	AB	 turn of the century, contraception was condemned by all Christian <font color=green>churches</font>  as immoral, unnatural and contrary to divine law. This was	5	1	319	20	5	churches
church/NNS/br-f15/1455	0.0260010391945113	0.0462853205477675	church	NNS	popular_lore	fiction	B	B	AB	AB	orthodox_church%1:14:00::	B1	B	AB	AB	 laws of Christian countries. Today, the Roman Catholic and Orthodox <font color=green>Churches</font>  stand virtually alone in holding that conviction. The various Lambeth	5	5	260	100	12	Churches
church/NNS/br-f15/1720	0.0470394012919328	0.025758998912927	church	NNS	popular_lore	fiction	B	B	AB	AB	group%1:03:00::	C	C	C	CDE	 28 members of a committee of the Federal Council of <font color=green>Churches</font>  ratified artificial methods of birth control.`` As to the necessity	4	2	242	50	7	Churches
church/NNS/br-f15/1887	0.0507201291902861	0.0250874592055336	church	NNS	popular_lore	fiction	B	B	AB	AB	group%1:03:00::	C	C	C	CDE	 1961, by the general board of the National Council of <font color=green>Churches</font> , the largest Protestant organization in the US. The board approved	3	3	237	100	6	Churches
church/NNS/br-f15/1944	0.00691405070496062	0.0233418407714218	church	NNS	popular_lore	fiction	B	B	AB	AB	church%1:14:00::	B	B	AB	AB	 of contraceptives. The general board declared:`` Most of the Protestant <font color=green>churches</font>  hold contraception and periodic continence to be morally right when	4	3	185	75	7	churches
church/NNS/br-f15/1998	0.0576369542818731	0.0624683951307634	church	NNS	popular_lore	fiction	B	B	AB	AB	christian_church%1:14:00::	B	B	AB	AB	 of conception''. An action once universally condemned by all Christian <font color=green>churches</font>  and forbidden by the civil law is now not only	2	2	207	100	9	churches
church/NNS/br-f15/821	0.0737747981741593	0.111670920430214	church	NNS	popular_lore	fiction	B	B	AB	AB	orthodox_catholic_church%1:14:00::	B1	B	AB	AB	 the exception of the Roman Catholic and the Orthodox Catholic <font color=green>Churches</font> , most churches make no moral distinction between rhythm and mechanical	6	6	359	100	10	Churches
church/NNS/br-f15/824	0.0780366888281424	0.112065970947987	church	NNS	popular_lore	fiction	B	B	AB	AB	church%1:14:00::	B	B	AB	AB	 of the Roman Catholic and the Orthodox Catholic Churches, most <font color=green>churches</font>  make no moral distinction between rhythm and mechanical or chemical	5	6	362	120	11	churches
church/NNS/br-f44/1106	0.116778068897598	0.0216625683670193	church	NNS	popular_lore	fiction	C	C	C	CDE	church%1:14:00::	B	B	AB	AB	 who will strengthen the social class nucleus of the congregation. <font color=green>Churches</font>  can be strengthened through this process of co-optation so long	5	4	251	80	6	Churches
church/NNS/br-f44/1189	0.0343553957932782	0.0214259335020139	church	NNS	popular_lore	fiction	C	C	C	CDE	church%1:14:00::	B	B	AB	AB	 and publicity in reaching new members. The proclamation of the <font color=green>churches</font>  is almost totally confined to pastoral contacts by the clergy	7	5	249	71	8	churches
church/NNS/br-f44/124	0.0467628984601691	-8.92848012774225e-05	church	NNS	popular_lore	fiction	C	C	C	CDE	church%1:14:00::	B	B	AB	AB	 inner city blight account for the decline of central city <font color=green>churches</font> . Central cities reveal two adverse features for the major denominations	4	4	221	100	10	churches
church/NNS/br-f44/1262	0.0615671526425092	-0.00550181244339048	church	NNS	popular_lore	fiction	C	C	C	CDE	church%1:14:00::	B	B	AB	AB	 will account for a major share of recruitment by the <font color=green>churches</font> , making it quite evident that the extension of economic integration	2	0	188	0	8	churches
church/NNS/br-f44/1427	0.0597994590430186	0.0120919299371867	church	NNS	popular_lore	fiction	C	C	C	CDE	church%1:14:00::	B	B	AB	AB	 for more than a single generation. The fact that metropolitan <font color=green>churches</font>  of the major denominations have moved approximately every generation for	4	4	243	100	10	churches
church/NNS/br-f44/1475	0.0172664546985771	0.0148805607822832	church	NNS	popular_lore	fiction	D	D	DE	CDE	church%1:06:00::	D	D	DE	CDE	 in religious life, when one recalls the number of city <font color=green>churches</font>  which deteriorated beyond repair before being abandoned, raises fundamental questions	4	3	186	75	9	churches
church/NNS/br-f44/1683	0.177768882834601	0.0506853567037203	church	NNS	popular_lore	fiction	C	C	C	CDE	church%1:14:00::	B	B	AB	AB	 hopelessly unstable environment. More than creatures of metropolitan forces, the <font color=green>churches</font>  have taken the lead in counteracting the interdependence of metropolitan	2	2	265	100	7	churches
church/NNS/br-f44/1802	0.210684893364806	0.112212818309383	church	NNS	popular_lore	fiction	D	D	DE	CDE	church%1:14:00::	B	B	AB	AB	 fight their way into the lower middle-class suburbs, and the <font color=green>churches</font>  will experience the same decay and rebuilding cycle which has	3	2	303	67	7	churches
church/NNS/br-f44/1918	0.0923007622709497	0.0600944034350748	church	NNS	popular_lore	fiction	C	C	C	CDE	church%1:14:00::	B	B	AB	AB	 of middle-class culture could lead to various projections for the <font color=green>churches</font> . It could be argued that any fellowship which centers in	3	3	270	100	6	churches
church/NNS/br-f44/2015	0.123016018311882	0.0629792266322416	church	NNS	popular_lore	fiction	C	C	C	CDE	church%1:14:00::	B	B	AB	AB	 next chapter to the style of association in the denominational <font color=green>churches</font> ; this style is characteristically an expression of the communal style	3	1	229	33	5	churches
church/NNS/br-f44/2181	-0.0301359901110758	-0.064546986097835	church	NNS	popular_lore	fiction	C	C	C	CDE	church%1:14:00::	B	B	AB	AB	 have fashioned the iron cage of conformity which imprisons the <font color=green>churches</font>  in their suburban captivity. The perplexing question still remains as	2	1	192	50	5	churches
church/NNS/br-f44/2201	0.0538675488984562	0.0125234882607842	church	NNS	popular_lore	fiction	C	C	C	CDE	church%1:14:00::	B	B	AB	AB	 remains as to why the middle classes turn to the <font color=green>churches</font>  as a vehicle of social identity when their clubs and	5	5	217	100	8	churches
church/NNS/br-f44/343	0.141476103140081	0.0479158151277108	church	NNS	popular_lore	fiction	C	C	C	CDE	church%1:14:00::	B	B	AB	AB	 moreover, residential mobility is so high in metropolitan areas that <font color=green>churches</font>  have to recruit constantly in their core stratum in order	5	3	235	60	8	churches
church/NNS/br-f44/868	0.0979229709477638	0.101439488894815	church	NNS	popular_lore	fiction	C	C	C	CDE	church%1:14:00::	B	B	AB	AB	 and congregational outreach have not been carefully studied in the <font color=green>churches</font> ; one study in Pittsburgh, however, has illuminated the situation. In	2	1	238	50	7	churches
church/NNS/br-f44/890	0.0237760288954572	0.0145310986763287	church	NNS	popular_lore	fiction	C	C	C	CDE	church%1:14:00::	B	B	AB	AB	 the situation. In a sample of new members of Pittsburgh <font color=green>churches</font> , almost 60 per cent were recruited by initial`` contacts with	3	2	228	67	9	churches
church/NNS/br-k01/769	-0.228144807235362	-0.0111406609835442	church	NNS	fiction_gral	fiction	D	D	DE	CDE	church%1:06:00::	D	D	DE	CDE	 It was a Negro section of peeling row houses, store-front <font color=green>churches</font>  and ragged children. Rachel had to bend toward Scotty and	2	1	190	50	5	churches
church/NNS/br-k04/2307	-0.00758844693298235	0.150768169961742	church	NNS	fiction_gral	fiction	B	B	AB	AB	church%1:06:00::	D	D	DE	CDE	 his career in the Methodist church, if not in all <font color=green>churches</font> .	2	0	247	0	2	churches
church/NNS/br-k06/1925	-0.255282771913992	-0.13507658691127	church	NNS	fiction_gral	fiction	D	D	DE	CDE	church%1:06:00::	D	D	DE	CDE	 them open. Lightning might strike the steeples of the other <font color=green>churches</font> ; not of Drew Church. A flash illumined the trees as	2	0	222	0	5	churches
country/NN/br-b20/2202	0.0361259628804616	-0.0435748365626735	country	NN	press_editorial	press	B2	B	B23	B	country%1:14:00::	B2	B	BB2	B	 more serious should the cold war mount in frenzy. The <font color=green>country</font>  is committed to the doctrine of security by military means	5	3	132	60	9	country
country/NN/br-b20/308	0.0443504668003898	-0.0659879405304297	country	NN	press_editorial	press	B4	B	B14	B	country%1:15:00::	B1	B	B1	B	 that of diplomatic policy''. Morrison points out that since our <font color=green>country</font>  is more urbanized than the Soviet Union or Red China	5	3	168	60	8	country
country/NN/br-c01/2379	0.0358067283625382	-0.014773949001687	country	NN	press_reviews	press	B	B	B14	B	country%1:14:00::	B2	B	BB2	B	 in this last of the Russian films to reach this <font color=green>country</font>  in the program of joint cultural exchange. Also on the	4	3	146	75	9	country
country/NN/br-c01/621	-0.0450119023944731	-0.30073424295872	country	NN	press_reviews	press	B1	B	B14	B	country%1:15:00::	B1	B	B1	B	 extraordinary, considers the finest house of its kind in the <font color=green>country</font> - and of course he does n't weep at the capacity	3	1	122	33	5	country
country/NN/br-c01/944	-0.224808453609112	-0.227294417256164	country	NN	press_reviews	press	B1	B	B14	B	country%1:15:00::	B1	B	B1	B	 bookers, cancellation of one of the richest bookings in the <font color=green>country</font> . Will somebody please reopen the Auditorium? Paintings and drawings by	2	0	173	0	5	country
country/NN/br-c02/2222	0.0468130564828354	-0.189330338863938	country	NN	press_reviews	press	B4	B	B14	B	country%1:14:00::	B2	B	BB2	B	 storylines too. He intimated that they were n't doing the <font color=green>country</font>  much good in the Cold War. And to an industry	2	0	129	0	4	country
country/NN/br-c02/2265	-0.0308760926920303	-0.104718181381598	country	NN	press_reviews	press	B4	B	B14	B	country%1:14:00::	B2	B	BB2	B	 globe'', he said,`` the major source of impressions about this <font color=green>country</font>  are in the movies they meet. Would we want a	1	0	98	0	7	country
country/NN/br-d03/1224	0.0374824096097027	0.0443788148774522	country	NN	religion	non-fiction	B4	B	B14	B	country%1:14:01::	B	B	BB2	B	 seems no longer very meaningful to call England a`` Protestant <font color=green>country</font> ''. One of the ironies of the present crusade for Christian	2	2	111	100	8	country
country/NN/br-d03/1509	-0.0297589200566707	0.0854212983803019	country	NN	religion	non-fiction	B4	B	B14	B	country%1:14:01::	B	B	BB2	B	 Faith of our Fathers: Mary 's prayers/ Shall win our <font color=green>country</font>  back to thee''. The English saints are widely venerated, quite	3	1	156	33	6	country
country/NN/br-d03/249	0.00601454026832006	0.0360508896334894	country	NN	religion	non-fiction	B4	B	B14	B	country%1:14:01::	B	B	BB2	B	 century literature of England, I knew only a Protestant dominated <font color=green>country</font> . Since arriving here, however, I have formed a far different	3	3	125	100	7	country
country/NN/br-e28/1281	0.0158684150676288	-0.0350380988484456	country	NN	skill_and_hobbies	non-fiction	B1	B	B14	B	country%1:15:00::	B1	B	B1	B	 some benefit they can share? In one company covering the <font color=green>country</font>  with a high quality sales force of 10 men, the	2	2	95	100	8	country
country/NN/br-e29/1920	0.0264651003453648	-0.0102158662741588	country	NN	skill_and_hobbies	non-fiction	B1	B	B14	B	country%1:15:00::	B1	B	B1	B	 a candidate. Since there are almost no schools in the <font color=green>country</font>  offering graduate work in interior design this rule cannot at	2	1	67	50	9	country
country/NN/br-e30/1177	0.1134912856135	-0.0801940869452525	country	NN	skill_and_hobbies	non-fiction	B1	B	B14	B	country%1:15:00::	B1	B	B1	B	 What 's your profit margin? In what section of the <font color=green>country</font>  are you located? Are you in a rural or urban	4	2	113	50	6	country
country/NN/br-e31/1795	0.00528891345881658	-0.081133502655438	country	NN	skill_and_hobbies	non-fiction	B4	B	B14	B	country%1:15:00::;1:14:00::	B1	B	B1	B	 and( 6) more education. The more people learn about their <font color=green>country</font> , the more they want to learn. Camping is family fun	3	4	100	133	7	country
country/NN/br-e31/1819	-0.027192466363573	-0.0137497078839605	country	NN	skill_and_hobbies	non-fiction	B1	B	B14	B	country%1:15:00::	B1	B	B1	B	 and it is helping more Americans see more of the <font color=green>country</font>  than they ever saw before. But make no mistake about	2	2	89	100	9	country
country/NN/br-f03/2248	-0.145861233559085	-0.0589042371544064	country	NN	popular_lore	fiction	A	A	A	A	country%1:15:01::	A	A	A	A	 the convention, Depew was seated on the porch of a <font color=green>country</font>  home on the Hudson, gazing at the opposite shore.	4	4	186	100	7	country
country/NN/br-f13/1645	0.0634594249767815	-0.0733218166816587	country	NN	popular_lore	fiction	A	A	A	A	country%1:15:01::	A	A	A	A	 a neighborhood of well-kept homes. There are slums in the <font color=green>country</font>  as well as in the city. Few rural areas are	5	4	93	80	7	country
country/NN/br-f13/637	0.0231812498743859	-0.147177312560382	country	NN	popular_lore	fiction	A	A	A	A	country%1:15:01::	A	A	A	A	 Generally, the same level of living costs less in the <font color=green>country</font>  than in the city. The savings are not as great	3	3	113	100	6	country
country/NN/br-f13/701	0.0336718929981058	-0.00696192252950778	country	NN	popular_lore	fiction	A	A	A	A	country%1:15:01::	A	A	A	A	 similar municipal services are of equal quality in city and <font color=green>country</font> , real estate taxes are usually about the same. A part-time	4	2	96	50	10	country
country/NN/br-f15/2048	0.0439527130244451	-0.0157374876227779	country	NN	popular_lore	fiction	B1	B	B14	B	country%1:14:00::	B2	B	BB2	B	 translated into action by the majority of people in this <font color=green>country</font> . Repeated polls have disclosed that most married couples are now	4	3	181	75	8	country
country/NN/br-f15/235	0.0461963805867448	-0.00813472305918482	country	NN	popular_lore	fiction	B4	B	B14	B	country%1:14:00::	B2	B	BB2	B	 more tension, rancor and strife among religious groups in this <font color=green>country</font>  than the birth-control issue. It has flared up periodically on	3	2	99	67	6	country
country/NN/br-f15/664	0.0941158367592285	-0.0379880603569126	country	NN	popular_lore	fiction	B	B	B14	B	country%1:14:00::	B2	B	BB2	B	 necessities of life, the degree of population density of a <font color=green>country</font>  and the shortage of housing facilities may legitimately be taken	4	4	119	100	9	country
country/NN/br-f17/2140	0.0886751504281866	-0.185909431699225	country	NN	popular_lore	fiction	A1	A	A	A	country%1:15:02::	A1	A	A	A	 three men to cart goods to them from the Mississippi <font color=green>country</font> . Others carried pemmican from`` the Forks'' to St. Paul and	4	2	141	50	4	country
country/NN/br-f18/2329	-0.0246277756034398	-0.17491141537051	country	NN	popular_lore	fiction	B1	B	B14	B	country%1:15:00::	B1	B	B1	B	 have been satisfied to have staid at home when my <font color=green>country</font>  is invaded by a thievin foe By a set of	3	1	75	33	7	country
country/NN/br-f19/1206	0.00642446288448368	-0.00490005754397323	country	NN	popular_lore	fiction	B1	B	B14	B	country%1:14:00::	B2	B	BB2	B	 and seldom taught properly to American undergraduates. In addition, this <font color=green>country</font>  has been settled by many peoples of many heritages and	3	3	115	100	9	country
country/NN/br-f19/140	0.077215310507145	0.00174002557711711	country	NN	popular_lore	fiction	B2	B	B23	B	country%1:14:00::	B2	B	BB2	B	 a given generation feels must have occurred. 2) As a <font color=green>country</font>  superimposes its cultural and political attitudes on others, it searches	4	3	119	75	8	country
country/NN/br-f19/350	0.120891351992472	-0.0295188089402052	country	NN	popular_lore	fiction	B4	B	B14	B	country%1:14:00::	B2	B	BB2	B	 Of course, nationalism has really outlived its usefulness in a <font color=green>country</font>  as world oriented as ours, and its continued existence reflects	3	2	101	67	6	country
country/NN/br-f23/1615	-0.0425219614341262	-0.084705005503263	country	NN	popular_lore	fiction	B2	B	B23	B	country%1:14:00::	B2	B	BB2	B	 Soviets understand, moreover, that the first step in turning a <font color=green>country</font>  toward Communism is to turn it against the West. Thus	5	3	80	60	7	country
country/NN/br-f23/1643	0.268458662218373	-0.188907572398962	country	NN	popular_lore	fiction	B2	B	B23	B	country%1:14:00::	B2	B	BB2	B	 first stage of a Communist takeover is to`` neutralize'' a <font color=green>country</font> . The second stage is to retain the nominal classification of	3	1	105	33	7	country
country/NN/br-f23/1664	0.0272977980522247	-0.0296207281808732	country	NN	popular_lore	fiction	B2	B	B23	B	country%1:14:00::	B2	B	BB2	B	 the nominal classification of`` neutralist'', while in fact turning the <font color=green>country</font>  into an active advocate and adherent of Soviet policy. And	5	2	139	40	5	country
country/NN/br-f23/2012	0.0473162922534516	-0.0544138017242625	country	NN	popular_lore	fiction	B2	B	B23	B	country%1:14:00::	B2	B	BB2	B	 Nixon. Today it is up for grabs. One Latin American <font color=green>country</font> , Cuba, has become a Soviet bridgehead ninety miles off our	4	3	65	75	8	country
country/NN/br-f23/2055	-0.0125958787157402	-0.039116053414466	country	NN	popular_lore	fiction	B2	B	B23	B	country%1:14:00::	B2	B	BB2	B	 are displaying open sympathy for Castroism, and there is no <font color=green>country</font> - save the Dominican Republic whose funeral services we recently arranged	2	0	145	0	9	country
country/NN/br-g01/1421	0.0381439547022539	-0.111219786539531	country	NN	belles_lettres	fiction	B4	B	B14	B	mother_country%1:15:00::	B1	B	B1	B	 the sympathy they felt extended to them by the mother <font color=green>country</font> . And no doubt many people in states like the Carolinas	2	1	103	50	7	country
country/NN/br-g01/1864	-0.058471809543228	-0.0697049230575112	country	NN	belles_lettres	fiction	B4	B	B14	B	country%1:15:00::	B1	B	B1	B	 the South was more belligerent than the rest of the <font color=green>country</font> . So instead of being tests of the South 's loyalty	3	3	68	100	7	country
country/NN/br-g11/1229	0.0423505768471666	-0.0418196120731313	country	NN	belles_lettres	fiction	B4	B	B14	B	country%1:14:00::	B2	B	BB2	B	 shorter and our present fear of war. We, in our <font color=green>country</font> , think of war as an external threat which, if it	5	4	120	80	8	country
country/NN/br-g17/2183	-0.0197410281998699	0.0312197924110838	country	NN	belles_lettres	fiction	B1	B	B14	B	country%1:15:00::	B1	B	B1	B	 New England as it did in other parts of the <font color=green>country</font> ? Is n't it a bit odd that the three states	3	1	113	33	6	country
country/NN/br-g17/767	0.166580752095464	-0.0644621815930897	country	NN	belles_lettres	fiction	B4	B	B14	B	country%1:14:01::	B	B	BB2	B	 all partial or local legislation''. Who will say that our <font color=green>country</font>  is even now a homogeneous community? that regional peculiarities do	4	2	76	50	6	country
country/NN/br-g18/1249	-0.153048310388241	-0.141210869298879	country	NN	belles_lettres	fiction	B4	B	B14	B	country%1:14:01::;1:15:00::	B	B	BB2	B	 little patience with collective mediocrity. He saw Sweden as a <font color=green>country</font>  of smug and narrow provincialism, indifferent to the heroic spirit	3	0	196	0	7	country
country/NN/br-g18/1754	0.0936419770132486	-0.14862934182564	country	NN	belles_lettres	fiction	B4	B	B14	B	country%1:14:01::	B	B	BB2	B	 an invasion of Russia and each brought ruin on the <font color=green>country</font>  that worshipped him. Each is still glorified as a national	3	0	159	0	4	country
country/NN/br-g21/1021	0.0161994057968394	-0.0112162259168783	country	NN	belles_lettres	fiction	B4	B	B14	B	country%1:15:00::	B1	B	B1	B	 by the time the war ended, liberal leadership in this <font color=green>country</font>  was spiritually Marxist. We will recall that the still confident	3	2	128	67	8	country
country/NN/br-g21/106	0.0200368816367773	-0.000921791399515882	country	NN	belles_lettres	fiction	B4	B	B14	B	country%1:14:01::	B	B	BB2	B	 relationship that he found between religion and politics in this <font color=green>country</font>  and what happened to it. He points out that from	2	2	130	100	8	country
country/NN/br-g21/15	0.0286444174054529	0.00631195260610176	country	NN	belles_lettres	fiction	B4	B	B14	B	country%1:14:01::	B	B	BB2	B	 pointed up the relation between the Protestant movement in this <font color=green>country</font>  and the development of a social religion, which he called	4	4	169	100	9	country
country/NN/br-g21/605	0.0230015263566097	-0.0310162413020688	country	NN	belles_lettres	fiction	B4	B	B14	B	country%1:14:00::	B2	B	BB2	B	 man? French Egalitarianism had had only nominal influence in this <font color=green>country</font>  before the days of Popularism. The riotous onrush of industrialism	4	1	101	25	6	country
country/NN/br-g21/964	0.0249959897913199	0.00188487800484032	country	NN	belles_lettres	fiction	B4	B	B14	B	country%1:14:01::	B	B	BB2	B	 peace. The long road that had taken liberals in this <font color=green>country</font>  into the social religion of democracy, into a worship of	5	5	154	100	9	country
country/NN/br-g23/17	0.0230596729782457	-0.0756894666773284	country	NN	belles_lettres	fiction	B4	B	B14	B	country%1:14:00::	B2	B	BB2	B	 Woodrow Wilson 's administration, a red scare developed in our <font color=green>country</font> . Many Americans reacted irrationally to the challenge of Russia and	5	2	165	40	8	country
country/NN/br-g28/1507	-0.0324524369771993	-0.0280707330267617	country	NN	belles_lettres	fiction	A	A	A	A	back_country%1:15:00::	A	A	A	A	 William Byrd described the Lubberlanders he encountered in the back <font color=green>country</font>  of Virginia and North Carolina. The chief literary antecedents of	3	2	123	67	11	country
country/NN/br-g28/2097	-0.0175274093793856	-0.0564627597900665	country	NN	belles_lettres	fiction	A1	A	A	A	country%1:15:00::	B1	B	B1	B	 as a young man prepared to find in the new <font color=green>country</font>  the setting of romantic adventure and idealized beauty. But Thorpe	3	1	115	33	7	country
country/NN/br-g43/348	-0.0117848918356733	-0.0209505502087455	country	NN	belles_lettres	fiction	A	A	A	A	country_doctor%1:18:00::	A	A	A	A	 most unforgettable character I ever met'' deals with village grocers, <font color=green>country</font>  doctors, favorite if illiterate aunts, and so forth. Scientists often	2	1	132	50	8	country
country/NN/br-h09/1301	0.0315070345178839	-0.02245231814888	country	NN	miscellaneous	non-fiction	B1	B	B14	B	country%1:14:00::	B2	B	BB2	B	 made with any public or private agency in a foreign <font color=green>country</font>  shall contain provisions effective to insure that the results or	2	2	122	100	11	country
country/NN/br-h18/1493	0.0319214016177087	-0.0126791785321695	country	NN	miscellaneous	non-fiction	B2	B	B23	B	country%1:14:00::	B2	B	BB2	B	 we are to conduct ourselves, in policy literature such as <font color=green>country</font>  papers and National Security Council papers accumulated in the Department	5	6	112	120	9	country
country/NN/br-h18/1813	0.0135068082114	-0.015487898133041	country	NN	miscellaneous	non-fiction	B4	B	B14	B	country%1:14:00::	B2	B	BB2	B	 action can hope to win public support, first in this <font color=green>country</font>  and then abroad? For the policy officer will know that	5	5	164	100	9	country
country/NN/br-h18/1847	0.0621352111072329	-0.0196828361165313	country	NN	miscellaneous	non-fiction	B3	B	B23	B	country%1:14:01::	B	B	BB2	B	 of policy will be conditioned by the readiness of the <font color=green>country</font>  to sustain it. He is interested in public opinion for	5	5	147	100	9	country
country/NN/br-h18/2087	0.113782184181421	-0.0147492848054563	country	NN	miscellaneous	non-fiction	B2	B	B23	B	country%1:14:00::	B2	B	BB2	B	 public opinion until the President and the leaders of the <font color=green>country</font>  have gone to the public to explain what is required	3	4	98	133	8	country
country/NN/br-h18/2142	0.219891897377414	-0.208438695153998	country	NN	miscellaneous	non-fiction	B4	B	B14	B	country%1:14:01::	B	B	BB2	B	 Marshall plan, any public-opinion expert would have said that the <font color=green>country</font>  would have accepted such proposals. The problem in the policy	4	2	86	50	6	country
country/NN/br-h18/857	0.180607652348656	-0.0866029751221669	country	NN	miscellaneous	non-fiction	B1	B	B14	B	country%1:15:00::	B1	B	B1	B	 the representatives of other agencies who are stationed in his <font color=green>country</font> . He is expected to supervise, to encourage, to direct, to	2	1	160	50	4	country
country/NN/br-j22/38	0.129768526409364	-0.115578608536705	country	NN	learned	non-fiction	A	A	A	A	country%1:14:00::	B2	B	BB2	B	 divisive forces, the gaps between rulers and subjects, town and <font color=green>country</font> , will widen; new aspirants for power will emerge whose ambitions	4	0	58	0	4	country
country/NN/br-j37/1184	0.051638419905635	-0.0146342140374655	country	NN	learned	non-fiction	B1	B	B14	B	country%1:15:00::	B1	B	B1	B	 communication and understanding in the more remote areas of the <font color=green>country</font> , but it also served to minimize the national political value	3	3	132	100	9	country
country/NN/br-j37/949	0.0416183506775375	-0.012031477250248	country	NN	learned	non-fiction	B3	B	B23	B	country%1:14:00::	B2	B	BB2	B	 important point emerges concerning the first elections in a developing <font color=green>country</font>  and evaluating their results. In the new country the electoral	4	2	91	50	6	country
country/NN/br-j37/958	0.0514386480299955	-0.0169431200885742	country	NN	learned	non-fiction	B2	B	B23	B	country%1:14:00::	B2	B	BB2	B	 a developing country and evaluating their results. In the new <font color=green>country</font>  the electoral process is considered as a means of resolving	4	3	110	75	9	country
country/NN/br-j38/1233	0.0483168092681335	-0.021192874647284	country	NN	learned	non-fiction	B1	B	B14	B	country%1:14:00::	B2	B	BB2	B	 inherent in the system of local school districts in this <font color=green>country</font> . Planning of vocational education programs and courses is oriented to	3	3	95	100	12	country
country/NN/br-j42/2159	0.0542892321508542	-0.0256305249880076	country	NN	learned	non-fiction	B2	B	B23	B	country%1:14:00::	B2	B	BB2	B	 in private litigation because of some contact with a foreign <font color=green>country</font>  were all severed from the older Law of Nations and	3	2	137	67	5	country
country/NN/br-j56/1063	-0.0643090807849591	-0.193828399642855	country	NN	learned	non-fiction	A	A	A	A	country_club%1:14:00::	A	A	A	A	 had come into vogue, but also to witness the Ekwanok <font color=green>Country</font>  Club tournaments. New Yorkers were kept informed of scores by	2	1	170	50	4	Country
country/NN/br-j58/690	-0.1569495506514	0.0676575833741942	country	NN	learned	non-fiction	B4	B	B14	B	country%1:14:00::	B2	B	BB2	B	 commuted to imprisonment, it would be well- well for the <font color=green>country</font>  and for Virginia''. Despite the excitement being caused by the	1	0	138	0	7	country
country/NN/br-k03/1240	-0.105409261510395	-0.0253328944497085	country	NN	fiction_gral	fiction	A	A	A	A	country%5:00:01:rural:00	A	A	A	A	 sit in the back seat of cars along a dark <font color=green>country</font>  lane. No, they must look the other way and climb	5	2	117	40	8	country
country/NN/br-k03/444	0.0545848080007519	-0.213318855536239	country	NN	fiction_gral	fiction	A	A	A	A	country%5:00:01:rural:00	A	A	A	A	 or his own sentry. He was a wiry, inscrutable, silent <font color=green>country</font>  boy from the red clay of rural Alabama, and he	4	3	168	75	6	country
country/NN/br-k08/28	-0.319778264454511	-0.0949441244953512	country	NN	fiction_gral	fiction	A	A	A	A	country%1:15:00::	B1	B	B1	B	 too. But while the two men are riding into the <font color=green>country</font> , where they are going to dinner, they are attacked in	3	2	123	67	2	country
country/NN/br-k08/558	-0.0763737495595156	-0.114319900017625	country	NN	fiction_gral	fiction	A	A	A	A	country%1:15:00::	B1	B	B1	B	 one day, while on a week 's visit to the <font color=green>country</font>  home of a retired Swiss jeweler, Rousseau amused the company	3	3	149	100	7	country
country/NN/br-k08/973	-0.222294806695099	-0.268622096279376	country	NN	fiction_gral	fiction	A	A	A	A	country%1:15:01::	A	A	A	A	 just for this once, for this one weekend in the <font color=green>country</font> , he would make a little piece out of his melodies	3	1	81	33	5	country
country/NN/br-k17/1967	-0.0227343871850652	0.00702262987604932	country	NN	fiction_gral	fiction	B4	B	B14	B	country%1:15:00::	B1	B	B1	B	 wanted was to be a free man in my own <font color=green>country</font> . I 've lost faith, Styka. I used to love this	4	2	69	50	8	country
country/NN/br-k17/1981	-0.0494123503773866	0.0127748745856394	country	NN	fiction_gral	fiction	B4	B	B14	B	country%1:15:00::	B1	B	B1	B	 I 've lost faith, Styka. I used to love this <font color=green>country</font>  and believe that someday we 'd win our battle for	2	2	148	100	8	country
country/NN/br-k22/1652	-0.00244061385181611	-0.116201065836963	country	NN	fiction_gral	fiction	A	A	A	A	country%1:15:01::	A	A	A	A	 where she had many friends, but Mr. Flannagan thought the <font color=green>country</font>  would be safer in case of war. She would rather	2	1	53	50	6	country
country/NN/br-k23/1336	-0.10215105829858	-0.0188834455371484	country	NN	fiction_gral	fiction	A1	A	A	A	country%1:15:01::	A	A	A	A	 wheel. They rarely spoke. Abel sat and regarded the farm <font color=green>country</font>  which, spreading out from both sides of the road, rolled	3	2	102	67	8	country
country/NN/br-k25/869	-0.00753830903546391	-0.203495109222171	country	NN	fiction_gral	fiction	B1	B	B14	B	country%1:15:00::	B1	B	B1	B	 shawl over her head, which she had bought in that <font color=green>country</font>  during one of their trips abroad, and handed him a	4	3	118	75	5	country
country/NN/br-l11/1246	-0.148675595936985	-0.0678536138212403	country	NN	fiction_mystery	fiction	A	A	A	A	country%1:15:01::	A	A	A	A	 a manner Esquire might suggest for the outdoor man 's <font color=green>country</font>  weekend. Dark gray sports jacket, lighter gray slacks, pink flannel	2	2	168	100	10	country
country/NN/br-n09/1051	0.252148494123174	-0.0416014965131146	country	NN	fiction_adventure	fiction	A	A	A	A	country%1:15:01::	A	A	A	A	 distant derrick of the wildcat- a test well in unexplored <font color=green>country</font> . And even with her limited knowledge of such things, she	2	0	161	0	5	country
country/NN/br-n09/492	-0.00214554315636732	-0.0175909107489586	country	NN	fiction_adventure	fiction	B1	B	B14	B	country%1:15:00::	B1	B	B1	B	 gun- a strange ommission for a peace officer in this <font color=green>country</font> . Never, he 'd once told Joyce, had he encountered any	3	3	131	100	8	country
country/NN/br-n11/1733	-0.0435390306890315	-0.128835635843687	country	NN	fiction_adventure	fiction	B1	B	B14	B	country%1:15:02::	A1	A	A	A	 on a first notice: If you do n't leave this <font color=green>country</font>  within 3 days, your life will be taken the same	1	1	60	100	6	country
country/NN/br-n11/2133	0.0511047408772847	-0.368738102420772	country	NN	fiction_adventure	fiction	A1	A	A	A	country%1:15:02::	A1	A	A	A	 to frighten three rustling homesteaders out of the Upper Laramie <font color=green>country</font>  in a single week.`` My reputation 's my stock in	3	0	135	0	5	country
country/NN/br-p01/180	-0.0421391949864753	-0.112460171149132	country	NN	fiction_romance	fiction	A1	A	A	A	old_country%1:15:00::	B1	B	B1	B	 Rossi, that 's what he was called in the old <font color=green>country</font> ; but here he was just Signore or the Old Man	1	0	57	0	5	country
country/NN/br-p01/465	-0.0139501910464978	-0.00994359981123952	country	NN	fiction_romance	fiction	A1	A	A	A	old_country%1:15:00::	B1	B	B1	B	 she had a part on the stage in the old <font color=green>country</font> , she thought she could carry her head higher than ours	1	0	42	0	7	country
country/NN/br-p09/1816	-0.0936572521834425	-0.0618404670983903	country	NN	fiction_romance	fiction	B4	B	B14	B	country%1:14:00::	B2	B	BB2	B	 arm. He hit the theme about dying to defend your <font color=green>country</font> , and you were ready to do it right then, without	3	2	90	67	7	country
country/NN/br-p12/2090	-0.0597025966343458	-0.0568454811342415	country	NN	fiction_romance	fiction	B1	B	B14	B	country%1:15:00::	B1	B	B1	B	 him she had met a nice man from his adopted <font color=green>country</font> . And Sam thanked her, and hoped he might meet her	2	0	139	0	6	country
country/NN/br-r06/1538	-0.0944326967916038	-0.0987307954199053	country	NN	humor	fiction	B4	B	B14	B	country%1:15:00::	B1	B	B1	B	 too, has undergone a change. It now means, in my <font color=green>country</font> , homosexual'', I said.`` Oh, I forgot to say that if	3	1	21	33	2	country
country/NN/br-r08/1810	0.0364893315303394	-0.0578169184950841	country	NN	humor	fiction	B4	B	B14	B	country%1:15:00::	B1	B	B1	B	 seems to be staging a well deserved comeback. In this <font color=green>country</font> , the two guiding lights are, without doubt, Felix Fing and	2	0	143	0	7	country
country/NNS/br-b13/1273	0.018432695893099	-0.1242884618187	country	NNS	press_editorial	press	B1	B	B14	B	country%1:15:00::	B1	B	B1	B	 desire to visit the`` smaller, less traveled and relatively inexpensive <font color=green>countries</font> '', and is now prepared to teach modern Greek and Portuguese	4	1	166	25	7	countries
country/NNS/br-f14/1851	0.114438629150566	0.00455464100229282	country	NNS	popular_lore	fiction	B1	B	B14	B	country%1:15:00::	B1	B	B1	B	 of the Jews in Germany and later in the occupied <font color=green>countries</font>  contributed to terrorizing the populations, splitting apart individuals and groups	4	2	247	50	6	countries
country/NNS/br-f14/2054	0.109275474372697	-0.090853945908117	country	NNS	popular_lore	fiction	B	B	B14	B	country%1:14:00::	B2	B	BB2	B	 to post before the world the contrasting fates of the <font color=green>countries</font>  in which the Final Solution was aided by native Jew	4	3	236	75	5	countries
country/NNS/br-f14/2151	0.148801967405057	0.0119791685023569	country	NNS	popular_lore	fiction	B1	B	B14	B	country%1:14:00::	B2	B	BB2	B	 Was n't this meaning of Eichmann 's experience in various <font color=green>countries</font>  worth highlighting? As the first collective confrontation of the Nazi	3	2	208	67	5	countries
country/NNS/br-f15/1446	0.0500538541804399	0.0559478343861257	country	NNS	popular_lore	fiction	B4	B	B14	B	country%1:14:00::	B2	B	BB2	B	 This was generally reflected in the civil laws of Christian <font color=green>countries</font> . Today, the Roman Catholic and Orthodox Churches stand virtually alone	4	4	174	100	11	countries
country/NNS/br-f15/290	0.0885407901762366	-0.0522528133227397	country	NNS	popular_lore	fiction	B3	B	B23	B	country%1:14:00::	B2	B	BB2	B	 including birth-control information and material in foreign aid to underdeveloped <font color=green>countries</font> . Where it is not actually erupting, it rumbles and smolders	3	2	190	67	7	countries
country/NNS/br-f23/1716	0.0159299312353718	-0.0167103559357542	country	NNS	popular_lore	fiction	B2	B	B23	B	country%1:14:00::	B2	B	BB2	B	 States- and this purpose may be served very well by <font color=green>countries</font>  that masquerade under a`` neutralist'' mask, yet in fact are	2	0	87	0	6	countries
country/NNS/br-f23/2029	0.00958417507326925	-0.100479981516704	country	NNS	popular_lore	fiction	B2	B	B23	B	country%1:14:00::	B2	B	BB2	B	 a Soviet bridgehead ninety miles off our coast. In some <font color=green>countries</font>  the trend has gone further than others: Mexico, Panama, and	4	3	176	75	7	countries
country/NNS/br-f23/942	-0.0177292996097949	-0.0248454470506951	country	NNS	popular_lore	fiction	B1	B	B14	B	country%1:14:00::	B2	B	BB2	B	 feed the people''. Add this to the unrest in the <font color=green>countries</font>  around us where oppressed peoples would be ready to turn	5	2	64	40	7	countries
country/NNS/br-g12/2313	0.157877054181172	-0.0644695321258611	country	NNS	belles_lettres	fiction	B4	B	B14	B	country%1:14:00::	B2	B	BB2	B	 the technological and economic revolutions now going on in the <font color=green>countries</font>  of Asia and Africa, and also of course on how	5	4	238	80	6	countries
country/NNS/br-g18/2235	0.00568592186196888	-0.0319222744677078	country	NNS	belles_lettres	fiction	B	B	B14	B	country%1:14:01::	B	B	BB2	B	 a perfect introduction to Swedish history for readers of other <font color=green>countries</font> . Some of the earlier episodes have touches of the supernatural	3	2	186	67	7	countries
country/NNS/br-h09/1266	0.0588250735198902	-0.0235233334529977	country	NNS	miscellaneous	non-fiction	B1	B	B14	B	country%1:14:00::	B2	B	BB2	B	 expended in cooperation with public or private agencies in foreign <font color=green>countries</font>  in the development of processes useful to the program in	5	5	198	100	8	countries
country/NNS/br-h13/1532	0.0160650436884676	-0.0439041467741026	country	NNS	miscellaneous	non-fiction	B2	B	B23	B	country%1:14:00::	B2	B	BB2	B	 years the United States had been trying to get these <font color=green>countries</font>  to exclude Castro 's representative from secret military talks. But	5	4	174	80	10	countries
country/NNS/br-h13/2195	0.00205587549314556	-0.0241880971988673	country	NNS	miscellaneous	non-fiction	B2	B	B23	B	country%1:14:00::	B2	B	BB2	B	 without discrimination. Once these conditions of international law are met, <font color=green>countries</font>  that try to run to blockade do so at their	4	3	118	75	8	countries
country/NNS/br-h13/2315	0.048766504468717	-0.110786183615781	country	NNS	miscellaneous	non-fiction	B3	B	B23	B	country%1:14:00::	B2	B	BB2	B	 coming from Russia and Czechoslovakia. Shipments of arms from Western <font color=green>countries</font>  could similarly be seized as contraband. In a total blockade	5	2	177	40	7	countries
country/NNS/br-h21/1267	0.0572870197732355	-0.0420512846021861	country	NNS	miscellaneous	non-fiction	B1	B	B14	B	country%1:14:00::	B2	B	BB2	B	 a rider which limits competitive bidding by firms in other <font color=green>countries</font>  on certain military supply items. As I have repeatedly stated	2	1	243	50	11	countries
country/NNS/br-j10/1243	-0.000877155802741124	-0.0593268385801098	country	NNS	learned	non-fiction	B2	B	B23	B	european_country%1:15:00::	B1	B	B1	B	 the`` cuckoo bumblebee'' as it is called in some European <font color=green>countries</font> . Female individuals of Psithyrus look deceptively like the workers and	2	0	147	0	8	countries
country/NNS/br-j22/1149	0.0369948866295008	-0.0128921056542827	country	NNS	learned	non-fiction	B4	B	B14	B	country%1:14:00::	B2	B	BB2	B	 likely to be a pressing issue in many of these <font color=green>countries</font> . It should be American policy not only to encourage effective	3	3	98	100	9	countries
country/NNS/br-j22/1309	0.217035067388092	-0.0578037050109531	country	NNS	learned	non-fiction	B3	B	B23	B	country%1:14:00::	B2	B	BB2	B	 At a third stage in the modernization process are such <font color=green>countries</font>  as India, Brazil, the Philippines, and Taiwan, which are ready	6	3	247	50	5	countries
country/NNS/br-j22/1375	0.0256002008042595	-0.0341341321178891	country	NNS	learned	non-fiction	B3	B	B23	B	country%1:14:00::	B2	B	BB2	B	 in the program to wider and wider groups. But these <font color=green>countries</font>  have made big strides toward developing the necessary human and	4	4	158	100	7	countries
country/NNS/br-j22/1437	0.100652866715207	-0.0328143011131385	country	NNS	learned	non-fiction	B3	B	B23	B	country%1:14:00::	B2	B	BB2	B	 economies. On the economic front, the first priority of these <font color=green>countries</font>  is to mobilize a vastly increased volume of resources. Several	4	4	200	100	7	countries
country/NNS/br-j22/1464	0.110102382066203	-0.0251357620568406	country	NNS	learned	non-fiction	B3	B	B23	B	country%1:14:00::	B2	B	BB2	B	 carried out if self-sustaining growth is to be achieved. These <font color=green>countries</font>  must formulate a comprehensive, long-term program covering the objectives of	4	3	215	75	9	countries
country/NNS/br-j22/171	0.0116789545226843	-0.019485762767376	country	NNS	learned	non-fiction	B2	B	B23	B	country%1:14:00::	B2	B	BB2	B	 and dangerous consequences of social change which have troubled other <font color=green>countries</font>  passing through this stage can be escaped. The United States	4	3	176	75	10	countries
country/NNS/br-j22/194	0.0275386206703279	-0.0180908255751218	country	NNS	learned	non-fiction	B2	B	B23	B	country%1:14:00::	B2	B	BB2	B	 help by communicating a genuine concern with the problems these <font color=green>countries</font>  face and a readiness to provide technical and other appropriate	3	3	222	100	11	countries
country/NNS/br-j22/1968	0.0214533027305769	-0.016950290501678	country	NNS	learned	non-fiction	B4	B	B14	B	country%1:14:00::	B2	B	BB2	B	 to take seriously their claims to being democratic and free <font color=green>countries</font> ; we also have, in consequence, the duty to appraise realistically	2	2	169	100	8	countries
country/NNS/br-j22/2116	0.095936974831616	-0.0765171328826913	country	NNS	learned	non-fiction	B3	B	B23	B	country%1:14:00::	B2	B	BB2	B	 generate. It follows that any effective policy toward the underdeveloped <font color=green>countries</font>  must have a realistically long working horizon. It must be	3	2	209	67	5	countries
country/NNS/br-j22/257	0.164248707396567	-0.0448679524309438	country	NNS	learned	non-fiction	B3	B	B23	B	country%1:14:00::	B2	B	BB2	B	 and the lack of cohesion and stability which characterize these <font color=green>countries</font>  may make them particularly prone to diversions and external adventures	2	0	246	0	7	countries
country/NNS/br-j22/347	0.0446127884969111	-0.0310155868085622	country	NNS	learned	non-fiction	B2	B	B23	B	country%1:14:00::	B2	B	BB2	B	 world scene. When necessary, we should make it clear that <font color=green>countries</font>  which choose to derive marginal advantages from the cold war	5	5	205	100	9	countries
country/NNS/br-j22/397	0.0630886761029756	-0.04035687659379	country	NNS	learned	non-fiction	B3	B	B23	B	country%1:14:00::	B2	B	BB2	B	 As a nation, we feel an obligation to assist other <font color=green>countries</font>  in their development; but this obligation pertains only to countries	2	2	222	100	8	countries
country/NNS/br-j22/408	0.0965937901932427	-0.0442445213622237	country	NNS	learned	non-fiction	B2	B	B23	B	country%1:14:00::	B2	B	BB2	B	 countries in their development; but this obligation pertains only to <font color=green>countries</font>  which are honestly seeking to become responsible members of a	4	4	183	100	6	countries
country/NNS/br-j22/429	0.130720586337983	-0.0372527017675237	country	NNS	learned	non-fiction	B2	B	B23	B	country%1:14:00::	B2	B	BB2	B	 a stable and forward-moving world community. When we look at <font color=green>countries</font>  like Iran, Iraq, Pakistan, and Burma, where substantial progress has	8	3	145	38	4	countries
country/NNS/br-j22/474	0.0673839345916408	-0.0270330915074397	country	NNS	learned	non-fiction	B2	B	B23	B	country%1:14:00::	B2	B	BB2	B	 of centralized government exist, we find a second category of <font color=green>countries</font>  with a different set of problems and hence different priorities	4	2	168	50	9	countries
country/NNS/br-j22/603	0.0718042171293564	-0.0257331551298598	country	NNS	learned	non-fiction	B2	B	B23	B	country%1:14:00::	B2	B	BB2	B	 achieve the national goals of modernization already symbolically accepted. Most <font color=green>countries</font>  in this second category share the difficulty of having many	3	3	211	100	9	countries
country/NNS/br-j22/892	0.0801926880266182	-0.040804532061735	country	NNS	learned	non-fiction	B2	B	B23	B	country%1:14:00::	B2	B	BB2	B	 performance can we provide telling assistance. With respect to those <font color=green>countries</font>  whose leaders prefer to live with their illusions, we can	2	2	171	100	7	countries
country/NNS/br-j22/929	0.105728626252707	-0.0422720019106854	country	NNS	learned	non-fiction	B3	B	B23	B	country%1:14:00::	B2	B	BB2	B	 clear for all to see. Our technical assistance to these <font color=green>countries</font>  should place special emphasis on inducing the central governments to	4	4	151	100	8	countries
country/NNS/br-j37/1682	0.0903560847566338	-0.00959705837144557	country	NNS	learned	non-fiction	B2	B	B23	B	country%1:14:00::	B2	B	BB2	B	 solutions devised in the electoral experiences of the rapidly changing <font color=green>countries</font>  are often of comparative value and essential to evaluating election	4	4	212	100	12	countries
country/NNS/br-j42/1418	0.0180859953824789	0.00828169150150765	country	NNS	learned	non-fiction	B2	B	B23	B	country%1:14:00::	B2	B	BB2	B	 the Common Law in England. Codification was followed in all <font color=green>countries</font>  by a growing amount of legislation, some changing and adjusting	4	3	153	75	8	countries
country/NNS/br-j42/428	0.0459224193019048	-0.143610455201558	country	NNS	learned	non-fiction	B2	B	B23	B	country%1:14:00::	B2	B	BB2	B	 from the North) was the neutralization of the Latin American <font color=green>countries</font> ; out of the question was the neutralization of Asia and	3	1	134	33	7	countries
country/NNS/br-j42/665	0.13177141564317	-0.00899187780733196	country	NNS	learned	non-fiction	B2	B	B23	B	country%1:14:00::	B2	B	BB2	B	 civilization must formally enter into the circle of law governed <font color=green>countries</font> . They must do something with the acquiescence of the latter	3	3	185	100	8	countries
