id	model.x	model.y	lemma	pos	genre	broad_genre	marisense	mbroad	mari3	mari2	sensekey	wnsense	wnbroad	wn3	wn2	text	cues	cues_with_weight	mean_weight	weighted.cues_ratio	weighted_cw
country/NN/br-a06/106	-0.0878526222439009	-0.0142267319293189	country	NN	press_reportage	press	A	A	A	A	Z	Z	Z	Z	Z	 Westfield Young Democratic Club cocktail party at the Scotch Plains <font color=green>Country</font>  Club. It was greeted with a chorus of boos by	4	1	3.06654727013611	0.25	2
country/NN/br-a17/346	-0.0913792254043838	-0.0289996822445162	country	NN	press_reportage	press	A	A	A	A	Z	Z	Z	Z	Z	 will be a stag dinner Friday evening at the Denver <font color=green>Country</font>  Club which will precede the opening of the 1961 golf	2	1	3.1419587150034	0.5	1
country/NN/br-a18/1063	-0.122879863315191	-0.0815098391079683	country	NN	press_reportage	press	A	A	A	A	Z	Z	Z	Z	Z	 Mrs. John Charles Cotty is chairman of publicity for the <font color=green>country</font>  fair and Mrs. Francis G. Felske and Mrs. Francis Smythe	1	0	3.08911623362902	0	2
country/NN/br-a18/1123	-0.0420659827314237	0.00127275695924614	country	NN	press_reportage	press	A	A	A	A	Z	Z	Z	Z	Z	 exhibit and sale of paintings and sculpture at the Philmont <font color=green>Country</font>  Club on April 8 and 9. A preview party for	2	1	2.81479385460288	0.5	4
country/NN/br-a18/24	-0.0457088227461734	-0.0242238836584443	country	NN	press_reportage	press	A	A	A	A	Z	Z	Z	Z	Z	 of the Thrift Shop Committee for May 6 at Philmont <font color=green>Country</font>  Club. The women have a reputation for giving parties that	3	1	3.30736050467298	0.333333333333333	2
country/NN/br-a18/734	-0.0913792254043838	-0.0289996822445162	country	NN	press_reportage	press	A	A	A	A	Z	Z	Z	Z	Z	 contributions may be made there will be facilities at Philmont <font color=green>Country</font>  Club for those who would like to bring the bundles	2	1	3.1419587150034	0.5	1
country/NN/br-a20/641	-0.0611686728108019	0.0194095989459542	country	NN	press_reportage	press	B2	B	B23	B	Z	Z	Z	Z	Z	 and the two civil servants the recipients for selling their <font color=green>country</font>  's secrets. The fact that secrets of the Dreadnought, and	3	3	2.93606379563848	1	3
country/NN/br-a26/490	-0.0959186509531918	-0.00535610731673096	country	NN	press_reportage	press	B1	B	B14	B	Z	Z	Z	Z	Z	 price would be quoted regularly in newspapers all over the <font color=green>country</font> . He was also pleased with the wide distribution because he	5	0	3.14974085544546	0	1
country/NN/br-a27/436	0.128176104723618	-0.013556722306266	country	NN	press_reportage	press	B2	B	B23	B	Z	Z	Z	Z	Z	 the steel strike. Draper declared,`` As I see it, this <font color=green>country</font>  has never faced such great dangers as threaten us today	4	1	2.74427574733729	0.25	1
country/NN/br-a28/645	0.0742419644697287	-0.00783099237274647	country	NN	press_reportage	press	B3	B	B23	B	Z	Z	Z	Z	Z	 the rural recovery are being felt almost immediately by the <font color=green>country</font>  's farm equipment manufacturers. For example, farm equipment shipments of	3	0	2.5400602059086	0	1
country/NN/br-a29/2062	-0.0454132135898921	-0.0208459289635194	country	NN	press_reportage	press	A	A	A	A	Z	Z	Z	Z	Z	 weekend they have reserved the entire Stagecoach Inn and adjoining <font color=green>country</font>  club, Saledo, for festivities. Invitations have been extended to some	3	1	2.97326166166435	0.333333333333333	3
country/NN/br-a29/2109	-0.0913792254043838	-0.0289996822445162	country	NN	press_reportage	press	A	A	A	A	Z	Z	Z	Z	Z	 The get-together Friday night will be a banquet at the <font color=green>country</font>  club patio and pool, and an orchestra will play for	4	1	3.1419587150034	0.25	1
country/NN/br-a30/1777	-0.00864192148847198	0.0454550231456648	country	NN	press_reportage	press	B1	B	B14	B	Z	Z	Z	Z	Z	 Longinotti. Newcomers of social note from other parts of the <font color=green>country</font>  are the Ray Carbones, formerly of Panama; the Geddes MacGregors	3	1	3.1373183354469	0.333333333333333	1
country/NN/br-a30/292	-0.0774851194122917	0.00883651913500599	country	NN	press_reportage	press	A	A	A	A	Z	Z	Z	Z	Z	 three-building complex. Fall foliage and flowers will decorate Los Angeles <font color=green>Country</font>  Club for the annual formal party Saturday evening. More than	3	1	2.99233726757697	0.333333333333333	2
country/NN/br-a30/380	-0.0645414367792746	-0.0150740504947079	country	NN	press_reportage	press	A	A	A	A	Z	Z	Z	Z	Z	 A. Swim celebrated his 75 th birthday at the Wilshire <font color=green>Country</font>  Club, guests came by chartered plane from all over the	4	1	2.87303662467536	0.25	3
country/NN/br-a30/392	-0.136899799444132	-0.0202754370468182	country	NN	press_reportage	press	B1	B	B14	B	Z	Z	Z	Z	Z	 Club, guests came by chartered plane from all over the <font color=green>country</font> . A flight originating in Florida picked up guests on the	4	0	2.94765071332908	0	2
country/NN/br-a33/399	0.0178333543280511	-0.0633426607151303	country	NN	press_reportage	press	B1	B	B14	B	Z	Z	Z	Z	Z	 Regional representatives appointed to serve from each section of the <font color=green>country</font>  include Frank E. Barnes of Boston. President Kennedy could n't	3	1	2.95191511211554	0.333333333333333	1
country/NN/br-a35/813	0.156993975246324	0.000709555612469075	country	NN	press_reportage	press	B4	B	B14	B	Z	Z	Z	Z	Z	 For while the past needs of the Church in this <font color=green>country</font>  may have been adequately met by collegiate institutions, which in	2	0	2.52113219602308	0	1
country/NN/br-a41/1107	-0.100730713291482	0.134734799935278	country	NN	press_reportage	press	B	B	B14	B	Z	Z	Z	Z	Z	 those Congolese( among them Joseph Kasavubu) who favored splitting the <font color=green>country</font>  into small independent states, Balkanizing it. Second, there were those	2	0	2.72365646013456	0	1
country/NN/br-a41/1455	-0.0288544069497679	-0.160051273077601	country	NN	press_reportage	press	B1	B	B14	B	Z	Z	Z	Z	Z	 the thousands of Belgian civilians who had remained in the <font color=green>country</font> . The Belgian government decided to act, and on July 10	2	0	3.26557267097058	0	2
country/NN/br-a41/1497	-0.0064549918084999	-0.115428123423867	country	NN	press_reportage	press	B	B	B14	B	Z	Z	Z	Z	Z	 Moise Tshombe, announced that his province had seceded from the <font color=green>country</font> . Confusion became chaos; each succeeding day brought new acts of	2	2	2.67905867073232	1	2
country/NN/br-a41/2101	0.0264627772453877	0.18011423644761	country	NN	press_reportage	press	B1	B	B14	B	Z	Z	Z	Z	Z	 Tshombe, holds 65% of the mineral wealth of the entire <font color=green>country</font> . From October 1960 to February 1961, the U. N. forces	3	1	3.06012869675577	0.333333333333333	1
country/NN/br-a44/235	-0.00864192148847198	0.0454550231456648	country	NN	press_reportage	press	B1	B	B14	B	Z	Z	Z	Z	Z	 to supplement their annual funds. In some parts of the <font color=green>country</font> , however, a co-operative movement has begun to grow, under the	2	1	3.1373183354469	0.5	1
country/NN/br-b01/1784	-0.0574486276725078	-0.0845492405732926	country	NN	press_editorial	press	B2	B	B23	B	Z	Z	Z	Z	Z	 character. Tardily the Government here came to understand how this <font color=green>country</font>  's own reputation was tarnished by the association with repression	3	1	3.47276229434255	0.333333333333333	1
country/NN/br-b02/2021	-0.0865902714638465	0.302202586135537	country	NN	press_editorial	press	B	B	B14	B	Z	Z	Z	Z	Z	 in the fighting- this last big effort to seal that <font color=green>country</font>  from the cold war had to be made. The world	3	1	2.69350342196387	0.333333333333333	1
country/NN/br-b05/2003	0.0527338051491545	-0.0532236031650472	country	NN	press_editorial	press	B1	B	B14	B	Z	Z	Z	Z	Z	 it the recreation spot of people from all over the <font color=green>country</font> . By comparison, Stone Harbor bird sanctuary 's allies seem less	6	0	2.58123612009279	0	1
country/NN/br-b05/2202	-0.0277185204763293	0.0783704392559533	country	NN	press_editorial	press	B3	B	B23	B	Z	Z	Z	Z	Z	 day. Then off to a remote place in an underdeveloped <font color=green>country</font>  where the diet, culture, language and living conditions will be	7	1	2.79776443228828	0.142857142857143	1
country/NN/br-b05/482	-0.0707653719645065	0.112819568704485	country	NN	press_editorial	press	B	B	B14	B	Z	Z	Z	Z	Z	 for world trade as a condition of national survival, this <font color=green>country</font>  can have little patience with labor 's family feuds. The	7	1	3.23959718456732	0.142857142857143	1
country/NN/br-b10/2098	0.184634721702897	0.139124759785359	country	NN	press_editorial	press	B1	B	B14	B	Z	Z	Z	Z	Z	 in the past few years is still available in this <font color=green>country</font> . The work is executed in England( by hand) and can	3	0	2.70345375281704	0	1
country/NN/br-b16/1464	0.116594219794275	0.100825294729875	country	NN	press_editorial	press	B4	B	B14	B	Z	Z	Z	Z	Z	 perhaps, one of the things that is wrong with our <font color=green>country</font> ? Engineering graduates of Illinois Institute of Technology are reported receiving	3	0	2.76532915653513	0	1
country/NN/br-b16/284	0.00306101339290637	0.0298324940177271	country	NN	press_editorial	press	B3	B	B23	B	Z	Z	Z	Z	Z	 in world peace, increased world trade, and prosperity for every <font color=green>country</font>  on the globe. Let us prepare for peace, instead of	5	2	2.79873143367757	0.4	2
country/NN/br-b16/85	0.0303161426176436	-0.0351005839513588	country	NN	press_editorial	press	B4	B	B14	B	Z	Z	Z	Z	Z	 win his present position, Mr. Kennedy was vitriolic about this <font color=green>country</font>  's`` prestige'' abroad. What does he think a remark like	2	1	2.68365112552086	0.5	1
country/NN/br-b18/873	0.12380311111035	-0.0582899615668036	country	NN	press_editorial	press	B2	B	B23	B	Z	Z	Z	Z	Z	 did not include repeal of the Connally amendment to this <font color=green>country</font>  's domestic jurisdiction reservation to its Adherence to the Statute	4	1	2.72365646013456	0.25	1
country/NN/br-b19/286	-0.0365507858966824	-0.13633539056032	country	NN	press_editorial	press	B2	B	B23	B	Z	Z	Z	Z	Z	 wrongs can make a right! I am referring to this <font color=green>country</font>  conducting atmosphere tests of nuclear bombs just because Russia is	3	0	2.63579510434322	0	1
country/NN/br-b20/308	-0.151329158902177	0.063467758276013	country	NN	press_editorial	press	B4	B	B14	B	country%1:15:00::	B1	B	B1	B	 that of diplomatic policy''. Morrison points out that since our <font color=green>country</font>  is more urbanized than the Soviet Union or Red China	5	0	2.55503374769877	0	1
country/NN/br-b21/1131	-0.00251729953001313	-0.0403260604374593	country	NN	press_editorial	press	B2	B	B23	B	Z	Z	Z	Z	Z	 devices, Ambassador Stevenson warned the UN General Assembly that this <font color=green>country</font> , in`` self protection'', might have to resume above-ground tests. More	3	1	2.74503587344742	0.333333333333333	2
country/NN/br-b21/49	0.100394942556864	-0.178904543229424	country	NN	press_editorial	press	B1	B	B14	B	Z	Z	Z	Z	Z	 But there is reason in all things, and in this <font color=green>country</font>  the heathenish cult of the motor-car is exceeding all bounds	3	1	2.90190469154088	0.333333333333333	1
country/NN/br-b23/2111	0.102743795738004	-0.120507548669136	country	NN	press_editorial	press	B2	B	B23	B	Z	Z	Z	Z	Z	 with the Communist bloc, and is busily turning his own <font color=green>country</font>  into a totalitarian dictatorship. As our planes land the war	4	1	2.76532915653513	0.25	1
country/NN/br-b27/1218	-0.00864192148847198	0.0454550231456648	country	NN	press_editorial	press	B1	B	B14	B	Z	Z	Z	Z	Z	 if this is the situation in other parts of the <font color=green>country</font> ; apparently it is not. It also happened with the Inauguration	2	1	3.1373183354469	0.5	1
country/NN/br-b27/1414	-0.145787242198444	0.105498412320338	country	NN	press_editorial	press	B1	B	B14	B	Z	Z	Z	Z	Z	 in between. We had a couple of schools in this <font color=green>country</font> , the principal one being on the Marshall Field estate out	3	0	2.58123612009279	0	1
country/NN/br-b27/595	-0.0795842224165842	0.181916262883821	country	NN	press_editorial	press	B4	B	B14	B	Z	Z	Z	Z	Z	 and personal opinion called yellow journalism which flourished in this <font color=green>country</font>  more than a generation ago. We do n't need this	3	1	2.76031813548121	0.333333333333333	2
country/NN/br-c01/621	0.101208481952234	-0.0731067325953563	country	NN	press_reviews	press	B1	B	B14	B	country%1:15:00::	B1	B	B1	B	 extraordinary, considers the finest house of its kind in the <font color=green>country</font> - and of course he does n't weep at the capacity	3	0	2.54645000400737	0	1
country/NN/br-c01/944	-0.0909204576036712	0.0246488129587579	country	NN	press_reviews	press	B1	B	B14	B	country%1:15:00::	B1	B	B1	B	 bookers, cancellation of one of the richest bookings in the <font color=green>country</font> . Will somebody please reopen the Auditorium? Paintings and drawings by	2	0	2.73971221823663	0	2
country/NN/br-c08/1831	-0.0503427542893014	0.130327194369856	country	NN	press_reviews	press	B1	B	B14	B	Z	Z	Z	Z	Z	 African roots among the slaves who were brought to this <font color=green>country</font>  and the West Indies, he stressed the close relationship between	4	0	2.55503374769877	0	1
country/NN/br-c14/2215	-0.0959186509531918	-0.00535610731673097	country	NN	press_reviews	press	B	B	B14	B	Z	Z	Z	Z	Z	 particular type of music or the music of a given <font color=green>country</font> . It is commendable that a regularly scheduled hour is set	2	0	3.14974085544546	0	1
country/NN/br-c15/2033	-0.401308935165171	-0.136635577541496	country	NN	press_reviews	press	A1	A	A	A	Z	Z	Z	Z	Z	 buoys in dozens of frostbite races. Some pleasant fall cruising <font color=green>country</font>  is mapped out below. Pleasure boating is just scooting into	3	0	3.39660093337698	0	1
country/NN/br-d03/1509	-0.153751410454139	-0.13304166134534	country	NN	religion	religion	B4	B	B14	B	country%1:14:01::	B	B	BB2	B	 Faith of our Fathers: Mary 's prayers/ Shall win our <font color=green>country</font>  back to thee''. The English saints are widely venerated, quite	3	1	2.84271582015055	0.333333333333333	1
country/NN/br-d03/249	0.0364025142654867	-0.288516666857527	country	NN	religion	religion	B4	B	B14	B	country%1:14:01::	B	B	BB2	B	 century literature of England, I knew only a Protestant dominated <font color=green>country</font> . Since arriving here, however, I have formed a far different	3	1	2.68365112552086	0.333333333333333	1
country/NN/br-d06/2068	0.00258521611946513	-0.0997866044008801	country	NN	religion	religion	B4	B	B14	B	Z	Z	Z	Z	Z	 are more important than worshipping the God who made our <font color=green>country</font>  great. Is forgiveness of past sins, assurance of present help	2	0	2.6271790535869	0	2
country/NN/br-d11/1770	0.136250555118356	0.0403763231812836	country	NN	religion	religion	B1	B	B14	B	Z	Z	Z	Z	Z	 would far rather die after a Russian occupation of this <font color=green>country</font> - by some deliberate act of refusal- than die uselessly by	1	0	2.93917608633811	0	1
country/NN/br-d12/128	0.00489035057862959	-0.0751990351160134	country	NN	religion	religion	B4	B	B14	B	Z	Z	Z	Z	Z	 for the human aspirations of racial minority groups in this <font color=green>country</font> . It is not surprising that, as spokesman for real estate	3	0	2.83128712432692	0	1
country/NN/br-d14/772	0.105214174762155	-0.104559990976219	country	NN	religion	religion	B4	B	B14	B	Z	Z	Z	Z	Z	 the Protestantism of the nineteenth-century immigration. The ideals of the <font color=green>country</font>  were deeply indebted to the Protestantism of the older stock	3	3	3.1266845752108	1	3
country/NN/br-d17/1276	-0.0558582875485115	0.163554997066943	country	NN	religion	religion	B1	B	B14	B	Z	Z	Z	Z	Z	 during surgery, we asked others to pray; all over the <font color=green>country</font>  a massive shield of prayer was thrown around him. Today	4	0	2.58123612009279	0	1
country/NN/br-d17/859	-0.0729685378588589	-0.105257778970751	country	NN	religion	religion	B4	B	B14	B	Z	Z	Z	Z	Z	 into schools the spiritual and moral values on which this <font color=green>country</font>  was built. Thousands of free copies are sent each month	4	0	2.60814357301271	0	1
country/NN/br-e06/1085	-0.401046302357611	-0.136565913700744	country	NN	skill_and_hobbies	non-fiction	B1	B	B14	B	Z	Z	Z	Z	Z	 making life easier for the growing boating population of the <font color=green>country</font> ; and to making the owning of a boat simpler. There	2	0	3.39660093337698	0	1
country/NN/br-e06/237	-0.401093529054248	-0.136582208411138	country	NN	skill_and_hobbies	non-fiction	B1	B	B14	B	Z	Z	Z	Z	Z	 fringe benefit, providing boating and fishing havens all over the <font color=green>country</font> . No matter how determined or wealthy boating lovers of the	3	0	3.39660093337698	0	2
country/NN/br-e06/608	-0.0349076339458105	0.0120494169752523	country	NN	skill_and_hobbies	non-fiction	B1	B	B14	B	Z	Z	Z	Z	Z	 hauled to new horizons. The variety of craft on the <font color=green>country</font>  's waters today is overwhelming. They range from an eight-foot	3	1	2.94457283627408	0.333333333333333	2
country/NN/br-e12/1718	-0.252130082040079	0.024163269838309	country	NN	skill_and_hobbies	non-fiction	A1	A	A	A	Z	Z	Z	Z	Z	 hatched his boyish mischief. Similarly in Illinois there is Lincoln <font color=green>country</font>  to be seen- his tomb and other landmarks. Minnesota, fabled	3	1	2.74427574733729	0.333333333333333	1
country/NN/br-e12/2274	-0.129979242014795	-0.0581549272731496	country	NN	skill_and_hobbies	non-fiction	A	A	A	A	Z	Z	Z	Z	Z	 formations of eroded rock which loom out of the semiarid <font color=green>country</font>  in both parks. Colorado 's Grand Canyon, probably the most	4	0	2.65466358864761	0	1
country/NN/br-e12/31	0.0346551406718975	-0.11319400669725	country	NN	skill_and_hobbies	non-fiction	B1	B	B14	B	Z	Z	Z	Z	Z	 textbook description alone, the overwhelming space and variety of this <font color=green>country</font>  held together under one government. The miracle of democratic America	6	1	3.01133853258634	0.166666666666667	1
country/NN/br-e17/338	0.260614679512617	0.0493472990516657	country	NN	skill_and_hobbies	non-fiction	B1	B	B14	B	Z	Z	Z	Z	Z	 that building codes and regulations vary so much throughout the <font color=green>country</font> , the first thing to do is to find out what	4	1	2.51283339320839	0.25	1
country/NN/br-e18/632	0.228311207078366	-0.0575384369156139	country	NN	skill_and_hobbies	non-fiction	B1	B	B14	B	Z	Z	Z	Z	Z	 Newburyport was the inventor of the arched bridges in this <font color=green>country</font> . As Mr. Palmer was educated to house-building only, and had	3	0	2.70345375281704	0	1
country/NN/br-e30/1177	0.0742419644697287	-0.00783099237274648	country	NN	skill_and_hobbies	non-fiction	B1	B	B14	B	country%1:15:00::	B1	B	B1	B	 What 's your profit margin? In what section of the <font color=green>country</font>  are you located? Are you in a rural or urban	4	1	2.5400602059086	0.25	1
country/NN/br-f03/2248	-0.467063850516211	0.27690739639927	country	NN	popular_lore	others	A	A	A	A	country%1:15:01::	A	A	A	A	 the convention, Depew was seated on the porch of a <font color=green>country</font>  home on the Hudson, gazing at the opposite shore.	4	0	2.90190469154088	0	1
country/NN/br-f04/177	-0.0379973730577259	0.0480664997675014	country	NN	popular_lore	others	B1	B	B14	B	Z	Z	Z	Z	Z	 region of some of the loveliest mountain scenery in the <font color=green>country</font> , the school buildings are located amid open fields and farm	6	2	2.70365379282771	0.333333333333333	2
country/NN/br-f04/202	-0.0257432788335199	0.0427229444484334	country	NN	popular_lore	others	A	A	A	A	Z	Z	Z	Z	Z	 These contemporary structures, beautifully adapted to a school in the <font color=green>country</font> , are home to 60 children, ages eight to fourteen, grades	3	0	2.93739700793132	0	3
country/NN/br-f05/2164	0.0279111526191081	0.113928537062222	country	NN	popular_lore	others	B1	B	B14	B	Z	Z	Z	Z	Z	 stubby plane as their link with the rest of the <font color=green>country</font> . The flyer had his share of near-misses. At Fort Ethan	3	1	2.5295004456936	0.333333333333333	1
country/NN/br-f09/444	-0.00864192148847198	0.0454550231456648	country	NN	popular_lore	others	B1	B	B14	B	Z	Z	Z	Z	Z	 parts of Europe and Egypt and finally back into this <font color=green>country</font> . She has been acting as a prostitute.`` Our information is	3	0	3.1373183354469	0	1
country/NN/br-f11/1531	-0.00864192148847198	0.0454550231456648	country	NN	popular_lore	others	B1	B	B14	B	Z	Z	Z	Z	Z	 a complete full-banded job differs in various parts of the <font color=green>country</font> . Work that might cost$ 500 to$ 750 in the South	3	1	3.1373183354469	0.333333333333333	1
country/NN/br-f13/1645	0.0742419644697287	-0.00783099237274647	country	NN	popular_lore	others	A	A	A	A	country%1:15:01::	A	A	A	A	 a neighborhood of well-kept homes. There are slums in the <font color=green>country</font>  as well as in the city. Few rural areas are	5	1	2.5400602059086	0.2	1
country/NN/br-f15/2048	-0.0519539827053708	0.0404974621002108	country	NN	popular_lore	others	B1	B	B14	B	country%1:14:00::	B2	B	BB2	B	 translated into action by the majority of people in this <font color=green>country</font> . Repeated polls have disclosed that most married couples are now	4	0	2.52964169860788	0	2
country/NN/br-f15/664	0.0933829717087811	0.0502041801557721	country	NN	popular_lore	others	B	B	B14	B	country%1:14:00::	B2	B	BB2	B	 necessities of life, the degree of population density of a <font color=green>country</font>  and the shortage of housing facilities may legitimately be taken	4	0	2.55503374769877	0	1
country/NN/br-f18/2329	-0.150608729369732	0.0255209732334286	country	NN	popular_lore	others	B1	B	B14	B	country%1:15:00::	B1	B	B1	B	 have been satisfied to have staid at home when my <font color=green>country</font>  is invaded by a thievin foe By a set of	3	0	2.50460289407187	0	1
country/NN/br-f23/1643	0.144559579176006	0.0793128271549772	country	NN	popular_lore	others	B2	B	B23	B	country%1:14:00::	B2	B	BB2	B	 first stage of a Communist takeover is to`` neutralize'' a <font color=green>country</font> . The second stage is to retain the nominal classification of	3	0	2.64518484469306	0	1
country/NN/br-g03/84	-0.0448233355366033	0.249955521860296	country	NN	belles_lettres	others	B1	B	B14	B	Z	Z	Z	Z	Z	 the White House, in offices of key scientists across the <font color=green>country</font>  and aboard the submarines that prowl for months underwater, with	3	0	2.74427574733729	0	1
country/NN/br-g18/1249	-0.0302940637232581	-0.00667044887232278	country	NN	belles_lettres	others	B4	B	B14	B	country%1:14:01::;1:15:00::	B	B	BB2	B	 little patience with collective mediocrity. He saw Sweden as a <font color=green>country</font>  of smug and narrow provincialism, indifferent to the heroic spirit	3	0	2.89033410726727	0	3
country/NN/br-g18/1754	0.016567467546084	-0.0987145855838508	country	NN	belles_lettres	others	B4	B	B14	B	country%1:14:01::	B	B	BB2	B	 an invasion of Russia and each brought ruin on the <font color=green>country</font>  that worshipped him. Each is still glorified as a national	3	0	2.63579510434322	0	1
country/NN/br-g23/17	-0.151329158902177	0.063467758276013	country	NN	belles_lettres	others	B4	B	B14	B	country%1:14:00::	B2	B	BB2	B	 Woodrow Wilson 's administration, a red scare developed in our <font color=green>country</font> . Many Americans reacted irrationally to the challenge of Russia and	5	0	2.55503374769877	0	1
country/NN/br-g28/1507	-0.0807129066814676	-0.092740013722293	country	NN	belles_lettres	others	A	A	A	A	back_country%1:15:00::	A	A	A	A	 William Byrd described the Lubberlanders he encountered in the back <font color=green>country</font>  of Virginia and North Carolina. The chief literary antecedents of	3	0	2.51283339320839	0	1
country/NN/br-g28/2097	-0.103787857934218	0.0568816120045774	country	NN	belles_lettres	others	A1	A	A	A	country%1:15:00::	B1	B	B1	B	 as a young man prepared to find in the new <font color=green>country</font>  the setting of romantic adventure and idealized beauty. But Thorpe	3	0	2.5295004456936	0	1
country/NN/br-h02/206	0.231264038691275	0.00213888581602535	country	NN	miscellaneous	non-fiction	B3	B	B23	B	Z	Z	Z	Z	Z	 formulation of programs for development which are adapted to the <font color=green>country</font>  's objectives and resources. This includes assistance in- assembling the	5	0	3.32894228490317	0	1
country/NN/br-h02/351	0.262233171681858	0.300006467631059	country	NN	miscellaneous	non-fiction	B3	B	B23	B	Z	Z	Z	Z	Z	 programing and budgeting completely beyond the capabilities of the recipient <font color=green>country</font>  would result in the frustration of the basic objective of	3	1	3.65364603636687	0.333333333333333	1
country/NN/br-h02/454	0.262251671025185	0.30002438277085	country	NN	miscellaneous	non-fiction	B3	B	B23	B	Z	Z	Z	Z	Z	 In such a case, however, we would encourage the recipient <font color=green>country</font>  to get on with its programing task, supply it with	5	1	3.65364603636687	0.2	1
country/NN/br-h02/490	0.263135639037672	0.299330845718638	country	NN	miscellaneous	non-fiction	B3	B	B23	B	Z	Z	Z	Z	Z	 expansion or even a continuation of our assistance to the <font color=green>country</font>  's development was conditional upon programing progress being made. At	4	1	3.65364603636687	0.25	1
country/NN/br-h03/1847	0.00664555679141873	-0.179843104903011	country	NN	miscellaneous	non-fiction	B4	B	B14	B	Z	Z	Z	Z	Z	 the greatest American public figures in the history of our <font color=green>country</font>  and I consider that I have been signally honored in	4	0	2.81998756907299	0	1
country/NN/br-h03/351	0.00664555679141873	-0.179843104903011	country	NN	miscellaneous	non-fiction	B4	B	B14	B	Z	Z	Z	Z	Z	 alone his own district but all the people of our <font color=green>country</font> . To honor him is to honor ourselves. In this my	3	0	2.81998756907299	0	2
country/NN/br-h03/688	0.0683615458059493	0.152612243678831	country	NN	miscellaneous	non-fiction	B4	B	B14	B	Z	Z	Z	Z	Z	 honesty- all dedicated to secure the best interests of the <font color=green>country</font>  he has loved and served so long. May the Divine	3	0	2.57242549041063	0	1
country/NN/br-h08/2028	0.0632674188607816	0.121513127998101	country	NN	miscellaneous	non-fiction	B4	B	B14	B	Z	Z	Z	Z	Z	 has been with us since the very beginning of our <font color=green>country</font> . And yet, accompanying our gratitude is the realization that we	3	0	2.64518484469306	0	1
country/NN/br-h18/1813	0.0303161426176436	-0.0351005839513588	country	NN	miscellaneous	non-fiction	B4	B	B14	B	country%1:14:00::	B2	B	BB2	B	 action can hope to win public support, first in this <font color=green>country</font>  and then abroad? For the policy officer will know that	5	1	2.68365112552086	0.2	1
country/NN/br-h18/1847	0.129971198386503	-0.0802223942363012	country	NN	miscellaneous	non-fiction	B3	B	B23	B	country%1:14:01::	B	B	BB2	B	 of policy will be conditioned by the readiness of the <font color=green>country</font>  to sustain it. He is interested in public opinion for	5	1	2.60814357301271	0.2	1
country/NN/br-h18/857	0.0178333543280511	-0.0633426607151303	country	NN	miscellaneous	non-fiction	B1	B	B14	B	country%1:15:00::	B1	B	B1	B	 the representatives of other agencies who are stationed in his <font color=green>country</font> . He is expected to supervise, to encourage, to direct, to	2	0	2.95191511211554	0	1
country/NN/br-j26/1711	0.0493289570197256	-0.149018113091344	country	NN	learned	learned	B1	B	B14	B	Z	Z	Z	Z	Z	 Uniform questions, definitions, and procedures were enforced throughout the whole <font color=green>country</font> . Data were obtained, separately, on three classes of persons:( a	2	0	2.93917608633811	0	1
country/NN/br-j37/1184	-0.0277185204763293	0.0783704392559533	country	NN	learned	learned	B1	B	B14	B	country%1:15:00::	B1	B	B1	B	 communication and understanding in the more remote areas of the <font color=green>country</font> , but it also served to minimize the national political value	3	1	2.79776443228828	0.333333333333333	1
country/NN/br-j37/958	0.0835994980303415	-0.150208523311652	country	NN	learned	learned	B2	B	B23	B	country%1:14:00::	B2	B	BB2	B	 a developing country and evaluating their results. In the new <font color=green>country</font>  the electoral process is considered as a means of resolving	4	1	2.52113219602308	0.25	1
country/NN/br-j56/1063	-0.0913792254043838	-0.0289996822445162	country	NN	learned	learned	A	A	A	A	country_club%1:14:00::	A	A	A	A	 had come into vogue, but also to witness the Ekwanok <font color=green>Country</font>  Club tournaments. New Yorkers were kept informed of scores by	2	1	3.1419587150034	0.5	1
country/NN/br-k03/444	-0.0225920875565008	-0.00414284046561208	country	NN	fiction_gral	fiction	A	A	A	A	country%5:00:01:rural:00	A	A	A	A	 or his own sentry. He was a wiry, inscrutable, silent <font color=green>country</font>  boy from the red clay of rural Alabama, and he	4	2	2.57696301931686	0.5	3
country/NN/br-k08/558	-0.102569538418755	-0.119045852293436	country	NN	fiction_gral	fiction	A	A	A	A	country%1:15:00::	B1	B	B1	B	 one day, while on a week 's visit to the <font color=green>country</font>  home of a retired Swiss jeweler, Rousseau amused the company	3	0	2.59012506751003	0	1
country/NN/br-k08/973	-0.093700184283492	-0.0570762634887379	country	NN	fiction_gral	fiction	A	A	A	A	country%1:15:01::	A	A	A	A	 just for this once, for this one weekend in the <font color=green>country</font> , he would make a little piece out of his melodies	3	1	3.10393131941416	0.333333333333333	1
country/NN/br-k17/1981	-0.142443313506722	0.113507013656228	country	NN	fiction_gral	fiction	B4	B	B14	B	country%1:15:00::	B1	B	B1	B	 I 've lost faith, Styka. I used to love this <font color=green>country</font>  and believe that someday we 'd win our battle for	2	0	2.80881426847486	0	1
country/NN/br-k25/869	0.0303161426176436	-0.0351005839513588	country	NN	fiction_gral	fiction	B1	B	B14	B	country%1:15:00::	B1	B	B1	B	 shawl over her head, which she had bought in that <font color=green>country</font>  during one of their trips abroad, and handed him a	4	1	2.68365112552086	0.25	1
country/NN/br-l11/1246	-0.093700184283492	-0.0570762634887379	country	NN	fiction_mystery	fiction	A	A	A	A	country%1:15:01::	A	A	A	A	 a manner Esquire might suggest for the outdoor man 's <font color=green>country</font>  weekend. Dark gray sports jacket, lighter gray slacks, pink flannel	2	1	3.10393131941416	0.5	1
country/NN/br-n01/1082	-0.189971561284695	0.106724798655687	country	NN	fiction_adventure	fiction	A	A	A	A	Z	Z	Z	Z	Z	 He had seen a few nester wagons go through the <font color=green>country</font> , the families almost starving to death, but he had never	4	1	2.68365112552086	0.25	1
country/NN/br-n09/1051	0.400895164545884	-0.212823871223588	country	NN	fiction_adventure	fiction	A	A	A	A	country%1:15:01::	A	A	A	A	 distant derrick of the wildcat- a test well in unexplored <font color=green>country</font> . And even with her limited knowledge of such things, she	2	0	2.64518484469306	0	1
country/NN/br-n11/2133	-0.0532867230108714	-0.0574541754494529	country	NN	fiction_adventure	fiction	A1	A	A	A	country%1:15:02::	A1	A	A	A	 to frighten three rustling homesteaders out of the Upper Laramie <font color=green>country</font>  in a single week.`` My reputation 's my stock in	3	0	3.04045293367763	0	2
country/NNS/br-a04/1454	0.074657702335755	-0.118732124691086	country	NNS	press_reportage	press	B3	B	B23	B	Z	Z	Z	Z	Z	 did recommend that President Kennedy state clearly that if Communist <font color=green>countries</font>  shipped any further arms to Cuba that it would not	3	0	2.70165901966698	0	1
country/NNS/br-a04/766	0.0403828635393034	-0.0156289368611507	country	NNS	press_reportage	press	B3	B	B23	B	Z	Z	Z	Z	Z	 ratified) as a method of coordinating aid to the underdeveloped <font color=green>countries</font> , and the need for strengthening conventional forces as well as	4	2	3.07283809747519	0.5	3
country/NNS/br-a04/938	0.00968712344392408	-0.0255070865121102	country	NNS	press_reportage	press	B2	B	B23	B	Z	Z	Z	Z	Z	 Viet Nam. They count on the aid of the neutral <font color=green>countries</font>  attending the Geneva conference to achieve this. The United States	4	3	3.16896167406768	0.75	4
country/NNS/br-a07/1587	0.00126151854826966	-0.0190594639901523	country	NNS	press_reportage	press	B3	B	B23	B	Z	Z	Z	Z	Z	 the successful banker. Indonesia is one of the twenty under-developed <font color=green>countries</font>  of Asia, Africa and Latin America that are receiving Soviet	4	0	3.27643793349998	0	3
country/NNS/br-a07/1628	0.0336360622324324	-0.0205531817127392	country	NNS	press_reportage	press	B3	B	B23	B	Z	Z	Z	Z	Z	 technical and military assistance to the uncommitted nations. The Communist <font color=green>countries</font>  allocated more than$ 1000000000 in economic aid alone last year	5	2	3.12803182809828	0.4	2
country/NNS/br-a07/1659	0.015264971295215	0.0765007421409988	country	NNS	press_reportage	press	B3	B	B23	B	Z	Z	Z	Z	Z	 biggest annual outlay since the Communist program for the under-developed <font color=green>countries</font>  made its modest beginning in 1954. In 1960 more than	3	0	2.91458101690966	0	1
country/NNS/br-a07/1678	0.0104410487632552	-0.0157871423999314	country	NNS	press_reportage	press	B1	B	B14	B	Z	Z	Z	Z	Z	 1960 more than 6000 Communist technicians were present in those <font color=green>countries</font> . A committee of experts has recommended that a country 's	1	0	2.83564848057431	0	3
country/NNS/br-a07/1769	0.00412080867015595	-0.0158433992018462	country	NNS	press_reportage	press	B2	B	B23	B	Z	Z	Z	Z	Z	 take jobs from European nations and give more to such <font color=green>countries</font>  as India. India is the most populous United Nations member	5	2	3.77282807902542	0.4	3
country/NNS/br-a10/167	0.027014924725069	-0.00308076561990854	country	NNS	press_reportage	press	B4	B	B14	B	Z	Z	Z	Z	Z	 350 persons that the United States' challenge was to help <font color=green>countries</font>  build their own societies their own ways, following their own	4	1	3.14489676161809	0.25	2
country/NNS/br-a10/231	0.0393273591579271	0.0196436374745606	country	NNS	press_reportage	press	B4	B	B14	B	Z	Z	Z	Z	Z	 want it will lack ritiuality and loyalty. Insuring that the <font color=green>countries</font>  have a freedom of choice, he said, was the biggest	2	0	2.90567551267229	0	2
country/NNS/br-a10/304	-0.00500957654150116	0.010301194531286	country	NNS	press_reportage	press	B4	B	B14	B	Z	Z	Z	Z	Z	 Martin called for patience on the part of Americans.`` The <font color=green>countries</font>  are trying to build in a decade the kind of	2	0	3.40208352366398	0	2
country/NNS/br-a10/384	0.0233888838312927	-0.0453175105273819	country	NNS	press_reportage	press	B3	B	B23	B	Z	Z	Z	Z	Z	 Economically, Martin said, the United States could best help foreign <font color=green>countries</font>  by helping them help themselves. Private business is more effective	5	1	3.30323900670144	0.2	1
country/NNS/br-a10/89	0.0233888838312927	-0.0453175105273819	country	NNS	press_reportage	press	B2	B	B23	B	Z	Z	Z	Z	Z	 is married and the father of three children. Helping foreign <font color=green>countries</font>  to build a sound political structure is more important than	3	1	3.30323900670144	0.333333333333333	1
country/NNS/br-a26/1144	0.0233888838312927	-0.0453175105273819	country	NNS	press_reportage	press	B3	B	B23	B	Z	Z	Z	Z	Z	 percentage of new gins in the U. S. and foreign <font color=green>countries</font>  contain machinery made in this area. The Murray Co. of	3	0	3.30323900670144	0	1
country/NNS/br-a34/1104	-0.0219603923890242	0.0276900438956377	country	NNS	press_reportage	press	B	B	B14	B	Z	Z	Z	Z	Z	 would mean an unchecked spread of nuclear weapons to other <font color=green>countries</font>  as well as a fatal blow to any hope for	4	1	3.03112484067077	0.25	3
country/NNS/br-a34/1717	0.0186777541919019	-0.00798422393167209	country	NNS	press_reportage	press	B2	B	B23	B	Z	Z	Z	Z	Z	 the major issues which affect the relationships between the two <font color=green>countries</font> ''. The Vienna meeting will bring together a seasoned, 67- year-old	2	0	2.83917418803468	0	3
country/NNS/br-a43/1609	-0.00678213757478899	-0.021347028450482	country	NNS	press_reportage	press	B3	B	B23	B	Z	Z	Z	Z	Z	 these: An international conference of the big textile-importing and textile-exporting <font color=green>countries</font>  will be called shortly by President Kennedy. Chief aims of	4	1	2.83198410636655	0.25	3
country/NNS/br-a43/1639	0.0302855503176985	-0.0111946578012584	country	NNS	press_reportage	press	B3	B	B23	B	Z	Z	Z	Z	Z	 U. S. will try to get agreement among the industrialized <font color=green>countries</font>  to take more textile imports from the less-developed countries over	5	2	3.79097174549849	0.4	3
country/NNS/br-a43/1648	0.0302855503176985	-0.0111946578012584	country	NNS	press_reportage	press	B3	B	B23	B	Z	Z	Z	Z	Z	 industrialized countries to take more textile imports from the less-developed <font color=green>countries</font>  over the years. Point is that developing countries often build	5	2	3.48705078511057	0.4	4
country/NNS/br-a43/1657	0.017923409768963	-0.0123719988208027	country	NNS	press_reportage	press	B3	B	B23	B	Z	Z	Z	Z	Z	 the less-developed countries over the years. Point is that developing <font color=green>countries</font>  often build up a textile industry first, need encouragement to	4	1	3.53643879832831	0.25	3
country/NNS/br-a43/1723	0.002959936082195	-0.0400645363862803	country	NNS	press_reportage	press	B3	B	B23	B	Z	Z	Z	Z	Z	 purpose of the conference will be to get certain low-wage <font color=green>countries</font>  to control textile exports- especially dumping of specific products- to	3	1	3.76957280329548	0.333333333333333	2
country/NNS/br-a43/1738	-0.000740740131773033	-0.0461930917207743	country	NNS	press_reportage	press	B3	B	B23	B	Z	Z	Z	Z	Z	 textile exports- especially dumping of specific products- to high-wage textile-producing <font color=green>countries</font> . Japan, since 1957, has been`` voluntarily'' curbing exports of textiles	4	0	2.84898373442384	0	1
country/NNS/br-a43/1789	-0.00887024195706414	-0.0110305975013652	country	NNS	press_reportage	press	B2	B	B23	B	Z	Z	Z	Z	Z	 for several years under the`` Lancashire Pact''. None of these <font color=green>countries</font>  is happy with these arrangements. The Japanese want to increase	3	2	2.62733902603609	0.666666666666667	2
country/NNS/br-a43/1888	0.00306588305259399	-0.0275169441521337	country	NNS	press_reportage	press	B3	B	B23	B	Z	Z	Z	Z	Z	 at the conference or through bilateral talks, the low-wage textile-producing <font color=green>countries</font>  in Asia and Europe will see that`` dumping'' practices cause	4	1	3.54822266222097	0.25	3
country/NNS/br-a43/2111	0.0150976100624857	0.00326641797710622	country	NNS	press_reportage	press	B3	B	B23	B	Z	Z	Z	Z	Z	 for other lines having difficulty competing with imports from low-wage <font color=green>countries</font> . Among the highest-paid workers in the world are U. S.	4	2	3.13036250014699	0.5	4
country/NNS/br-b01/1558	-0.0755957928067264	0.0496784754607802	country	NNS	press_editorial	press	B2	B	B23	B	Z	Z	Z	Z	Z	 countless schemes to do away with democratic leaders in neighboring <font color=green>countries</font>  such as President Romulo Betancourt of Venezuela. It was a	4	1	3.26915014443638	0.25	2
country/NNS/br-b07/252	0.011655248179823	-0.00847882000306037	country	NNS	press_editorial	press	B	B	B14	B	Z	Z	Z	Z	Z	 from the Secretary down into political agents of the respective <font color=green>countries</font>  from which they come. The controversy now revolves mainly around	4	1	3.10054407121827	0.25	4
country/NNS/br-b11/1001	-0.0311311013499504	0.011069801856266	country	NNS	press_editorial	press	B3	B	B23	B	Z	Z	Z	Z	Z	 as part of the world menace allegedly looming over the <font color=green>countries</font>  of capitalism. Evidently the war drum beating and hysteria so	3	1	3.19037921003032	0.333333333333333	3
country/NNS/br-b13/1273	-0.0782599639131036	-0.149676738587968	country	NNS	press_editorial	press	B1	B	B14	B	country%1:15:00::	B1	B	B1	B	 desire to visit the`` smaller, less traveled and relatively inexpensive <font color=green>countries</font> '', and is now prepared to teach modern Greek and Portuguese	4	0	3.52638255801565	0	1
country/NNS/br-b16/263	0.103173610618556	0.00124657692974868	country	NNS	press_editorial	press	B3	B	B23	B	Z	Z	Z	Z	Z	 any other program to solve the problems of the underdeveloped <font color=green>countries</font>  would be an investment that would pay off in world	6	1	3.00622560682077	0.166666666666667	1
country/NNS/br-b19/664	0.0199817536426552	0.00743799914592867	country	NNS	press_editorial	press	B2	B	B23	B	Z	Z	Z	Z	Z	 formed so that intelligent men with good intentions from all <font color=green>countries</font>  could meet and solve problems without resorting to war. Russia	3	0	3.02008544058895	0	3
country/NNS/br-b25/1744	0.146986022544476	-0.0591214150352662	country	NNS	press_editorial	press	B1	B	B14	B	Z	Z	Z	Z	Z	 and North Vietnamese liberating the southern half of their respective <font color=green>countries</font> . Perhaps Khrushchev is in a more difficult position than any	2	0	3.97169357467101	0	1
country/NNS/br-c07/1056	0.0742813965645421	0.049032378549479	country	NNS	press_reviews	press	B4	B	B14	B	Z	Z	Z	Z	Z	 century in England, much ahead of similar revivals in other <font color=green>countries</font> . As a result no comparable literature of the period is	4	0	2.59356252419028	0	1
country/NNS/br-c07/1967	-0.220490432029628	-0.0898112017060311	country	NNS	press_reviews	press	B	B	B14	B	Z	Z	Z	Z	Z	 were accompanied by Anna Mi Lee, pianist. Selections from fifteen <font color=green>countries</font>  were sung as solos and duets in a broad range	1	0	3.10029816270475	0	1
country/NNS/br-c16/1019	-0.0150491695107785	-0.0287848353638948	country	NNS	press_reviews	press	B	B	B14	B	Z	Z	Z	Z	Z	 is Field Marshal Montgomery 's belief that in most Western <font color=green>countries</font>  about 60 per cent of the people do not really	2	1	2.95380307869502	0.5	3
country/NNS/br-c16/1072	0.00717040897650105	-0.00948053341527909	country	NNS	press_reviews	press	B4	B	B14	B	Z	Z	Z	Z	Z	 are genuine Christians and believers in democracy. But these Western <font color=green>countries</font>  do care about themselves. Each feels intensely national. If, say	5	2	3.04393307633146	0.4	4
country/NNS/br-f04/226	0.0233888838312927	-0.0453175105273819	country	NNS	popular_lore	others	B	B	B14	B	Z	Z	Z	Z	Z	 grades four through eight. From fourteen states and three foreign <font color=green>countries</font>  they come to spend the months from mid-September to June	4	1	3.30323900670144	0.25	1
country/NNS/br-f14/1851	0.0110436211772562	-0.00261708429910889	country	NNS	popular_lore	others	B1	B	B14	B	country%1:15:00::	B1	B	B1	B	 of the Jews in Germany and later in the occupied <font color=green>countries</font>  contributed to terrorizing the populations, splitting apart individuals and groups	4	2	2.94000479526991	0.5	3
country/NNS/br-f14/2054	-0.0463916026459538	0.000188911466136788	country	NNS	popular_lore	others	B	B	B14	B	country%1:14:00::	B2	B	BB2	B	 to post before the world the contrasting fates of the <font color=green>countries</font>  in which the Final Solution was aided by native Jew	4	1	2.76912667128565	0.25	2
country/NNS/br-f14/2151	0.0752006321164655	-0.0292759002790461	country	NNS	popular_lore	others	B1	B	B14	B	country%1:14:00::	B2	B	BB2	B	 Was n't this meaning of Eichmann 's experience in various <font color=green>countries</font>  worth highlighting? As the first collective confrontation of the Nazi	3	0	3.24806497811701	0	2
country/NNS/br-f15/1446	-0.019769176041081	-0.0936105182540513	country	NNS	popular_lore	others	B4	B	B14	B	country%1:14:00::	B2	B	BB2	B	 This was generally reflected in the civil laws of Christian <font color=green>countries</font> . Today, the Roman Catholic and Orthodox Churches stand virtually alone	4	0	2.935105739637	0	2
country/NNS/br-f15/290	0.0209338495079184	-0.0254565524380043	country	NNS	popular_lore	others	B3	B	B23	B	country%1:14:00::	B2	B	BB2	B	 including birth-control information and material in foreign aid to underdeveloped <font color=green>countries</font> . Where it is not actually erupting, it rumbles and smolders	3	2	3.38975488438437	0.666666666666667	3
country/NNS/br-f23/2029	-0.0341974173684431	-0.0178839538327094	country	NNS	popular_lore	others	B2	B	B23	B	country%1:14:00::	B2	B	BB2	B	 a Soviet bridgehead ninety miles off our coast. In some <font color=green>countries</font>  the trend has gone further than others: Mexico, Panama, and	4	1	2.87647480163252	0.25	2
country/NNS/br-g12/2313	0.017177586056925	-0.00676773132221497	country	NNS	belles_lettres	others	B4	B	B14	B	country%1:14:00::	B2	B	BB2	B	 the technological and economic revolutions now going on in the <font color=green>countries</font>  of Asia and Africa, and also of course on how	5	3	3.46674778277855	0.6	3
country/NNS/br-g18/2235	-0.00357403689464764	0.0133300476962677	country	NNS	belles_lettres	others	B	B	B14	B	country%1:14:01::	B	B	BB2	B	 a perfect introduction to Swedish history for readers of other <font color=green>countries</font> . Some of the earlier episodes have touches of the supernatural	3	0	2.84251695814396	0	2
country/NNS/br-h02/1163	0.0645496078596702	0.0169491842876126	country	NNS	miscellaneous	non-fiction	B3	B	B23	B	Z	Z	Z	Z	Z	 on a sustained basis, tailored to priority needs, to those <font color=green>countries</font>  making serious efforts in self-help. In many instances it can	3	1	3.93385770195689	0.333333333333333	3
country/NNS/br-h02/1181	0.024925854755754	-0.00521023390047265	country	NNS	miscellaneous	non-fiction	B2	B	B23	B	Z	Z	Z	Z	Z	 many instances it can withhold or limit its aid to <font color=green>countries</font>  not yet willing to make such efforts. There are other	1	1	2.97410112901684	1	4
country/NNS/br-h02/1193	0.0197305391942857	-0.0333644912605819	country	NNS	miscellaneous	non-fiction	B2	B	B23	B	Z	Z	Z	Z	Z	 not yet willing to make such efforts. There are other <font color=green>countries</font>  where, with skillful diplomacy, we may be able by our	2	1	3.00736272881016	0.5	2
country/NNS/br-h02/1242	0.033072939976841	0.101168868991102	country	NNS	miscellaneous	non-fiction	B3	B	B23	B	Z	Z	Z	Z	Z	 Governments are rarely monolithic. But there will be still other <font color=green>countries</font>  where, despite the inadequacy of the level of self-help, we	4	1	3.58041495110938	0.25	2
country/NNS/br-h02/1335	0.0268712966108174	0.0319978683240611	country	NNS	miscellaneous	non-fiction	B3	B	B23	B	Z	Z	Z	Z	Z	 promote the economic and social development of the less developed <font color=green>countries</font> . This is not a short-run goal. To have any success	5	2	4.04475309312897	0.4	2
country/NNS/br-h02/1422	0.00497661233146217	-0.00722566954138619	country	NNS	miscellaneous	non-fiction	B3	B	B23	B	Z	Z	Z	Z	Z	 as India, a decade of concentrated effort can launch these <font color=green>countries</font>  into a stage in which they can carry forward their	4	2	3.38505570217264	0.5	4
country/NNS/br-h02/1480	0.0121477959687394	0.00335450135049713	country	NNS	miscellaneous	non-fiction	B	B	B14	B	Z	Z	Z	Z	Z	 absorb the bulk of our capital assistance. The number of <font color=green>countries</font>  thus favorably situated is small, but their peoples constitute over	3	1	3.00032180459792	0.333333333333333	4
country/NNS/br-h02/1779	0.0228674153661273	0.0175317145135115	country	NNS	miscellaneous	non-fiction	B3	B	B23	B	Z	Z	Z	Z	Z	 importantly, several of the more advanced of the less developed <font color=green>countries</font>  have found through experience that they must plan their own	3	2	3.85175470748572	0.666666666666667	3
country/NNS/br-h02/1885	-0.0037431672308635	0.00648264375385833	country	NNS	miscellaneous	non-fiction	B3	B	B23	B	Z	Z	Z	Z	Z	 can be employed. Most important of all, the less developed <font color=green>countries</font>  must be persuaded to take the necessary steps to allocate	4	4	3.69524435312355	1	4
country/NNS/br-h02/1983	0.0201852474812837	0.000634438321599161	country	NNS	miscellaneous	non-fiction	B3	B	B23	B	Z	Z	Z	Z	Z	 be related to long-range development plans. If the less developed <font color=green>countries</font>  are to be persuaded to adopt a long-term approach, the	5	3	3.7111108542909	0.6	5
country/NNS/br-h02/2052	0.0136127776676971	0.00477188233204092	country	NNS	miscellaneous	non-fiction	B3	B	B23	B	Z	Z	Z	Z	Z	 The extent to which we can persuade the less developed <font color=green>countries</font>  to appraise their own resources, to set targets toward which	4	3	3.53258447819168	0.75	5
country/NNS/br-h02/2175	0.172460896310303	0.0289958417677249	country	NNS	miscellaneous	non-fiction	B2	B	B23	B	Z	Z	Z	Z	Z	 incentive for them will be clear evidence that where other <font color=green>countries</font>  have done this kind of home work we have responded	2	0	3.52638255801565	0	1
country/NNS/br-h02/318	0.0176625135576527	0.0408484664083776	country	NNS	miscellaneous	non-fiction	B3	B	B23	B	Z	Z	Z	Z	Z	 cannot, of course, be mechanical. It must be recognized that <font color=green>countries</font>  at different stages of development have very different capabilities of	3	1	3.02803558227638	0.333333333333333	2
country/NNS/br-h02/513	0.0382747398705149	0.0324287611181331	country	NNS	miscellaneous	non-fiction	B3	B	B23	B	Z	Z	Z	Z	Z	 the other end of the spectrum, where the more advanced <font color=green>countries</font>  can be relied upon to make well thought through decisions	3	2	3.30925830677412	0.666666666666667	3
country/NNS/br-h02/562	0.0348882102139166	-0.0110044345948057	country	NNS	miscellaneous	non-fiction	B3	B	B23	B	Z	Z	Z	Z	Z	 to move toward long-term support, in cooperation with other developed <font color=green>countries</font> , of the essential foreign exchange requirements of the country 's	6	3	3.94278777974607	0.5	3
country/NNS/br-h02/626	0.021782747461684	0.0043664434887133	country	NNS	miscellaneous	non-fiction	B3	B	B23	B	Z	Z	Z	Z	Z	 main thrust for development must come from the less developed <font color=green>countries</font>  themselves. External aid can only be marginal, although the margin	4	2	3.57933028125776	0.5	5
country/NNS/br-h02/681	-0.125807435251052	0.0390367201909749	country	NNS	miscellaneous	non-fiction	B3	B	B23	B	Z	Z	Z	Z	Z	 aid, therefore, should increasingly be designed to provide incentives for <font color=green>countries</font>  to take the steps that only they themselves can take	3	1	3.01555693424966	0.333333333333333	1
country/NNS/br-h02/7	0.0298531808406621	0.0225258116855349	country	NNS	miscellaneous	non-fiction	B3	B	B23	B	Z	Z	Z	Z	Z	 In most of the less developed <font color=green>countries</font> , however, such programing is at best inadequate and at worst	4	4	3.50814514015697	1	4
country/NNS/br-h02/706	0.114504129694798	0.0227099907400356	country	NNS	miscellaneous	non-fiction	B2	B	B23	B	Z	Z	Z	Z	Z	 conditions of self-help, it is important that we not expect <font color=green>countries</font>  to remake themselves in our image. Open societies can take	3	2	3.8714754147926	0.666666666666667	2
country/NNS/br-h06/876	0.0172264013761002	-0.0380056900687533	country	NNS	miscellaneous	non-fiction	B	B	B14	B	Z	Z	Z	Z	Z	 of our 50 United States and 11 came from foreign <font color=green>countries</font> . New York led in the number of inquiries, followed by	2	1	3.1983787412104	0.5	2
country/NNS/br-h06/901	0.00060856903926784	-0.0158186705916338	country	NNS	miscellaneous	non-fiction	B2	B	B23	B	Z	Z	Z	Z	Z	 followed by California, New Jersey, Massachusetts, and Pennsylvania. Among foreign <font color=green>countries</font>  responding were Germany, Canada, Brazil and India. An important operation	5	4	3.08689621417007	0.8	6
country/NNS/br-h08/1935	-0.169432198735909	0.344302778734595	country	NNS	miscellaneous	non-fiction	B4	B	B14	B	Z	Z	Z	Z	Z	 years would be the symbol of hope to the oppressed <font color=green>countries</font>  of the world. They simply turned to God filled with	2	0	2.54946720432506	0	1
country/NNS/br-h09/1266	0.0233888838312927	-0.0453175105273819	country	NNS	miscellaneous	non-fiction	B1	B	B14	B	country%1:14:00::	B2	B	BB2	B	 expended in cooperation with public or private agencies in foreign <font color=green>countries</font>  in the development of processes useful to the program in	5	1	3.30323900670144	0.2	1
country/NNS/br-h13/1532	-0.02105836393176	-0.0453825749727673	country	NNS	miscellaneous	non-fiction	B2	B	B23	B	country%1:14:00::	B2	B	BB2	B	 years the United States had been trying to get these <font color=green>countries</font>  to exclude Castro 's representative from secret military talks. But	5	1	2.59457975012142	0.2	2
country/NNS/br-h13/2195	0.133764190866299	-0.147150009147062	country	NNS	miscellaneous	non-fiction	B2	B	B23	B	country%1:14:00::	B2	B	BB2	B	 without discrimination. Once these conditions of international law are met, <font color=green>countries</font>  that try to run to blockade do so at their	4	1	3.26241701218118	0.25	1
country/NNS/br-h13/2315	0.00627611759300889	-0.00558122815693013	country	NNS	miscellaneous	non-fiction	B3	B	B23	B	country%1:14:00::	B2	B	BB2	B	 coming from Russia and Czechoslovakia. Shipments of arms from Western <font color=green>countries</font>  could similarly be seized as contraband. In a total blockade	5	1	2.73091798578623	0.2	3
country/NNS/br-h21/1267	0.00589423982537221	-0.000922378432746114	country	NNS	miscellaneous	non-fiction	B1	B	B14	B	country%1:14:00::	B2	B	BB2	B	 a rider which limits competitive bidding by firms in other <font color=green>countries</font>  on certain military supply items. As I have repeatedly stated	2	0	3.13287470886124	0	5
country/NNS/br-j10/1243	0.0285056334588721	0.0409611198294097	country	NNS	learned	learned	B2	B	B23	B	european_country%1:15:00::	B1	B	B1	B	 the`` cuckoo bumblebee'' as it is called in some European <font color=green>countries</font> . Female individuals of Psithyrus look deceptively like the workers and	2	0	2.96741380136097	0	2
country/NNS/br-j22/1309	0.0210316398599605	-0.0283535049796537	country	NNS	learned	learned	B3	B	B23	B	country%1:14:00::	B2	B	BB2	B	 At a third stage in the modernization process are such <font color=green>countries</font>  as India, Brazil, the Philippines, and Taiwan, which are ready	6	2	4.24262442981028	0.333333333333333	2
country/NNS/br-j22/1375	-0.22118501959022	0.0892167660252163	country	NNS	learned	learned	B3	B	B23	B	country%1:14:00::	B2	B	BB2	B	 in the program to wider and wider groups. But these <font color=green>countries</font>  have made big strides toward developing the necessary human and	4	1	3.39938286725434	0.25	1
country/NNS/br-j22/1437	0.0544646496506121	0.00549266733771861	country	NNS	learned	learned	B3	B	B23	B	country%1:14:00::	B2	B	BB2	B	 economies. On the economic front, the first priority of these <font color=green>countries</font>  is to mobilize a vastly increased volume of resources. Several	4	2	3.24408521199542	0.5	2
country/NNS/br-j22/1464	0.0531571075970768	-0.00266834486470102	country	NNS	learned	learned	B3	B	B23	B	country%1:14:00::	B2	B	BB2	B	 carried out if self-sustaining growth is to be achieved. These <font color=green>countries</font>  must formulate a comprehensive, long-term program covering the objectives of	4	1	3.23240766330535	0.25	4
country/NNS/br-j22/171	0.0555444868564822	0.0582696996600992	country	NNS	learned	learned	B2	B	B23	B	country%1:14:00::	B2	B	BB2	B	 and dangerous consequences of social change which have troubled other <font color=green>countries</font>  passing through this stage can be escaped. The United States	4	0	3.00830509114847	0	2
country/NNS/br-j22/194	0.0175509800488648	0.0168625214957256	country	NNS	learned	learned	B2	B	B23	B	country%1:14:00::	B2	B	BB2	B	 help by communicating a genuine concern with the problems these <font color=green>countries</font>  face and a readiness to provide technical and other appropriate	3	0	3.27200950829677	0	3
country/NNS/br-j22/1968	0.0774140332780502	0.0650665701464169	country	NNS	learned	learned	B4	B	B14	B	country%1:14:00::	B2	B	BB2	B	 to take seriously their claims to being democratic and free <font color=green>countries</font> ; we also have, in consequence, the duty to appraise realistically	2	0	3.07345091266856	0	1
country/NNS/br-j22/2116	-0.0350534115267924	0.0312541862759638	country	NNS	learned	learned	B3	B	B23	B	country%1:14:00::	B2	B	BB2	B	 generate. It follows that any effective policy toward the underdeveloped <font color=green>countries</font>  must have a realistically long working horizon. It must be	3	0	2.79683285726905	0	2
country/NNS/br-j22/257	0.015398094736473	0.0472854897298242	country	NNS	learned	learned	B3	B	B23	B	country%1:14:00::	B2	B	BB2	B	 and the lack of cohesion and stability which characterize these <font color=green>countries</font>  may make them particularly prone to diversions and external adventures	2	0	3.33149793875722	0	4
country/NNS/br-j22/347	0.0599348620576858	0.0338478990602672	country	NNS	learned	learned	B2	B	B23	B	country%1:14:00::	B2	B	BB2	B	 world scene. When necessary, we should make it clear that <font color=green>countries</font>  which choose to derive marginal advantages from the cold war	5	2	3.30193861585141	0.4	2
country/NNS/br-j22/397	0.0603753585679276	-0.0171068824233906	country	NNS	learned	learned	B3	B	B23	B	country%1:14:00::	B2	B	BB2	B	 As a nation, we feel an obligation to assist other <font color=green>countries</font>  in their development; but this obligation pertains only to countries	2	1	3.88301015484405	0.5	3
country/NNS/br-j22/408	0.121058191024485	-0.0289783486596487	country	NNS	learned	learned	B2	B	B23	B	country%1:14:00::	B2	B	BB2	B	 countries in their development; but this obligation pertains only to <font color=green>countries</font>  which are honestly seeking to become responsible members of a	4	1	4.43575284704523	0.25	1
country/NNS/br-j22/429	0.00426564736464408	0.102591182502131	country	NNS	learned	learned	B2	B	B23	B	country%1:14:00::	B2	B	BB2	B	 a stable and forward-moving world community. When we look at <font color=green>countries</font>  like Iran, Iraq, Pakistan, and Burma, where substantial progress has	8	1	2.93743915498571	0.125	1
country/NNS/br-j22/474	0.109896059063613	0.0559095849168669	country	NNS	learned	learned	B2	B	B23	B	country%1:14:00::	B2	B	BB2	B	 of centralized government exist, we find a second category of <font color=green>countries</font>  with a different set of problems and hence different priorities	4	0	3.60209437975134	0	1
country/NNS/br-j22/603	0.0315034377267883	0.00758997213084835	country	NNS	learned	learned	B2	B	B23	B	country%1:14:00::	B2	B	BB2	B	 achieve the national goals of modernization already symbolically accepted. Most <font color=green>countries</font>  in this second category share the difficulty of having many	3	2	3.27877786139272	0.666666666666667	4
country/NNS/br-j22/892	0.0541675839705353	-0.0278739675058005	country	NNS	learned	learned	B2	B	B23	B	country%1:14:00::	B2	B	BB2	B	 performance can we provide telling assistance. With respect to those <font color=green>countries</font>  whose leaders prefer to live with their illusions, we can	2	1	3.06192815143178	0.5	1
country/NNS/br-j22/929	0.0541675839705353	-0.0278739675058005	country	NNS	learned	learned	B3	B	B23	B	country%1:14:00::	B2	B	BB2	B	 clear for all to see. Our technical assistance to these <font color=green>countries</font>  should place special emphasis on inducing the central governments to	4	1	3.06192815143178	0.25	1
country/NNS/br-j26/1235	0.0954985973653136	-0.0422135253913005	country	NNS	learned	learned	B2	B	B23	B	Z	Z	Z	Z	Z	 long-term economic and social programs. The AIMO organizations of both <font color=green>countries</font> , which maintain administrative services throughout the territories, retained immediate responsibility	6	0	2.6701957502112	0	1
country/NNS/br-j37/1682	0.0275481146849186	0.00774295104513144	country	NNS	learned	learned	B2	B	B23	B	country%1:14:00::	B2	B	BB2	B	 solutions devised in the electoral experiences of the rapidly changing <font color=green>countries</font>  are often of comparative value and essential to evaluating election	4	2	3.14973735467206	0.5	5
country/NNS/br-j42/428	0.0265696343721274	-0.0585747414679072	country	NNS	learned	learned	B2	B	B23	B	country%1:14:00::	B2	B	BB2	B	 from the North) was the neutralization of the Latin American <font color=green>countries</font> ; out of the question was the neutralization of Asia and	3	1	3.91250470328068	0.333333333333333	1
country/NNS/br-j42/665	-0.0103025924742441	-0.00566437699456445	country	NNS	learned	learned	B2	B	B23	B	country%1:14:00::	B2	B	BB2	B	 civilization must formally enter into the circle of law governed <font color=green>countries</font> . They must do something with the acquiescence of the latter	3	2	2.85429166851836	0.666666666666667	4
