id	model.x	model.y	lemma	wf	pos	genre	broad_genre	marisense	mbroad	mari3	mari2	sensekey	wnsense	wnbroad	wn3	wn2	text	cues	cues_with_weight	mean_weight_x100	wcratio_x100	weighted_cw
church/NN/br-f15/713	-0.152684725369278	-0.111645076300838	church	Church	NN	popular_lore	fiction	B	B	AB	AB	roman_catholic_church%1:14:00::	B1	B	AB	AB	 permit birth control only for medical reasons. The Roman Catholic <font color=green>Church</font> , however, sanctions a much more liberal policy on family planning	5	4	124	80	11
church/NN/br-f15/754	-0.177978036395986	-0.123292523153828	church	Church	NN	popular_lore	fiction	B	B	AB	AB	roman_catholic_church%1:14:00::	B1	B	AB	AB	 disagree over the methods to be used. The Roman Catholic <font color=green>Church</font>  sanctions only abstention or the rhythm method, also known as	1	0	213	0	7
church/NN/br-f15/776	-0.0879975090897212	0.00672057747578552	church	Church	NN	popular_lore	fiction	A	A	AB	AB	roman_catholic_church%1:14:00::	B1	B	AB	AB	 as the use of the infertile or safe period. The <font color=green>Church</font>  considers this to be the method provided by nature and	3	3	111	100	8
church/NN/br-f15/862	-0.00147357588115216	-0.0493407952307257	church	Church	NN	popular_lore	fiction	A	A	AB	AB	roman_catholic_church%1:14:00::	B1	B	AB	AB	 there seems little chance of agreement. The grounds for the <font color=green>Church</font>  's position are Scriptural( Old Testament), the teachings of the	3	1	78	33	8
church/NN/br-f15/882	-0.083602632831603	-0.0470862475615818	church	Church	NN	popular_lore	fiction	A	A	AB	AB	roman_catholic_church%1:14:00::	B1	B	AB	AB	 the teachings of the fathers and doctors of the early <font color=green>Church</font> , the unbroken tradition of nineteen centuries, the decisions of the	4	3	166	75	5
church/NN/br-f44/1076	-0.128576456398246	-0.0202481874032906	church	church	NN	popular_lore	fiction	C	C	C	CDE	church%1:14:00::	B	B	AB	AB	 and economic level of the congregation; the mission of the <font color=green>church</font>  is actually a process of informal co-optation; the lay ministry	5	2	157	40	8
church/NN/br-f44/1122	-0.0612049043312472	0.0114936087680993	church	church	NN	popular_lore	fiction	D	D	DE	CDE	church%1:14:00::	B	B	AB	AB	 process of co-optation so long as the environs of the <font color=green>church</font>  provide a sufficient pool of people who can fit the	1	0	122	0	6
church/NN/br-f44/1285	-0.117833240991415	-0.0054865988712901	church	church	NN	popular_lore	fiction	C	C	C	CDE	church%1:14:00::	B	B	AB	AB	 co-optation is the principal form of mission in the contemporary <font color=green>church</font> ; economic integration and co-optation are the two methods by which	3	2	149	67	8
church/NN/br-f44/1618	-0.154501101692637	-0.0185143513935966	church	church	NN	popular_lore	fiction	C	C	C	CDE	church%1:14:00::	B	B	AB	AB	 in the metropolis. It now becomes evident that the denominational <font color=green>church</font>  is intimately involved with the economy of middle-class culture, for	5	3	175	60	6
church/NN/br-f44/2150	-0.0624818938399565	-0.00548990056356804	church	church	NN	popular_lore	fiction	C	C	C	CDE	church%1:14:00::	B	B	AB	AB	 will occupy our attention under the rubric of the organization <font color=green>church</font> . An understanding of the new role of residential association in	3	3	146	100	8
church/NN/br-f44/368	-0.0399009864004818	-0.0190910165927095	church	church	NN	popular_lore	fiction	C	C	C	CDE	church%1:14:00::	B	B	AB	AB	 they can lose higher- and lower status members from the <font color=green>church</font>  without collapsing, but they need adequate recruits for the core	3	2	153	67	8
church/NN/br-f44/647	-0.0608307437288221	-0.0846811360119619	church	Church	NN	popular_lore	fiction	A	A	AB	AB	church%1:14:00::	B	B	AB	AB	 denominations. There is much talk in theological circles about the`` <font color=green>Church</font>  as Mission'' and the`` Church 's Mission''; theologians have been	4	4	245	100	7
church/NN/br-f44/654	-0.0512831202098105	-0.0676794560554863	church	Church	NN	popular_lore	fiction	A	A	AB	AB	church%1:14:00::	B	B	AB	AB	 in theological circles about the`` Church as Mission'' and the`` <font color=green>Church</font>  's Mission''; theologians have been stressing the fact that the	4	2	230	50	5
church/NN/br-f44/667	-0.0389249107703545	-0.0414190653022681	church	Church	NN	popular_lore	fiction	A	A	AB	AB	church%1:14:00::	B	B	AB	AB	 's Mission''; theologians have been stressing the fact that the <font color=green>Church</font>  does not exist for its own sake but as a	4	2	121	50	5
church/NN/br-f44/924	-0.10265676958341	-0.0291299852402028	church	church	NN	popular_lore	fiction	C	C	C	CDE	church%1:14:00::	B	B	AB	AB	 with friendly members the`` contacts with an organization of the <font color=green>church</font> ''( 11.2 per cent of the cases), then a substantial two	3	3	181	100	6
church/NN/br-f44/986	-0.0140456050839974	-0.00511261325047184	church	church	NN	popular_lore	fiction	C	C	C	CDE	church%1:14:00::	B	B	AB	AB	 people; the new people respond in kind by joining the <font color=green>church</font> . Missionary outreach by friendly contact looks somewhat different when one	4	2	132	50	12
church/NN/br-g05/1358	0.110809060261965	0.0772211781558215	church	church	NN	belles_lettres	fiction	D	D	DE	CDE	Z	Z	Z	Z	Z	 which contain nine greater alcoves as frescoed and capacious as <font color=green>church</font>  apses. Here, in the old days- when they had come	3	0	96	0	2
church/NN/br-g12/1271	-0.19844574037528	-0.349025875342071	church	church	NN	belles_lettres	fiction	D	D	DE	CDE	church%1:06:00::	D	D	DE	CDE	 and gestured toward the Madeleine. The classical lines of the <font color=green>church</font>  which Napoleon thought of as a Temple of Glory, dominated	5	2	271	40	3
church/NN/br-g12/1807	0.319146749433965	0.133609565490064	church	church	NN	belles_lettres	fiction	D	D	DE	CDE	church%1:06:00::	D	D	DE	CDE	 not attractive, but it is deeper. When you pass a <font color=green>church</font>  on an Irish bus, all the hands flurry in the	2	2	111	100	4
church/NN/br-g12/544	0.202646905406374	0.043380174560435	church	church	NN	belles_lettres	fiction	D	D	DE	CDE	church%1:06:00::	D	D	DE	CDE	 the Madeleine and across to a sidewalk cafe opposite that <font color=green>church</font> . The conversation that ensued may have been engrossing but it	4	3	188	75	6
church/NN/br-k04/1076	0.0143515996194318	-0.00153255772039652	church	church	NN	fiction_gral	fiction	D	D	DE	CDE	church%1:06:00::	D	D	DE	CDE	 There were two liquor saloons not very far from the <font color=green>church</font> , one white, that is conducted for white people with a	4	3	129	75	11
church/NN/br-k04/1117	0.149201124844217	-0.262908587613031	church	church	NN	fiction_gral	fiction	D	D	DE	CDE	church%1:06:00::	D	D	DE	CDE	 of gambling in both. On the other side of the <font color=green>church</font>  was a quiet, well-kept house with shutters and recently painted	4	0	170	0	4
church/NN/br-k04/1145	-0.00420252411475128	0.234862480218131	church	church	NN	fiction_gral	fiction	C	C	C	CDE	church%1:14:00::	B	B	AB	AB	 it. It was called Kent House. The deacon of the <font color=green>church</font> , Carlson, was its janitor. One of the leading members of	3	0	102	0	5
church/NN/br-k04/1353	0.0173650267814782	0.0518088851470293	church	church	NN	fiction_gral	fiction	D	D	DE	CDE	church%1:06:00::	D	D	DE	CDE	 tract of land, and it occurred to him that the <font color=green>church</font>  and the better Negro homes might gradually be moved to	3	3	96	100	7
church/NN/br-k04/1419	0.00243418717956489	-0.00772378923370046	church	church	NN	fiction_gral	fiction	C	C	C	CDE	church%1:06:00::	D	D	DE	CDE	 stress, and that was that the contribution to the general <font color=green>church</font>  expenses, the dollar money, had been seriously falling behind in	3	3	125	100	10
church/NN/br-k04/1433	0.0188771873010738	-0.000366592551791215	church	church	NN	fiction_gral	fiction	C	C	C	CDE	church%1:06:00::	D	D	DE	CDE	 the dollar money, had been seriously falling behind in this <font color=green>church</font> , and that must be looked after immediately. In fact, he	1	1	85	100	12
church/NN/br-k04/1485	-0.0460639637877348	-0.0521938224039959	church	church	NN	fiction_gral	fiction	C	C	C	CDE	church%1:06:00::	D	D	DE	CDE	 that clear as this was, they must have a better <font color=green>church</font> , a more business-like conduct of the church organization, and an	2	1	191	50	6
church/NN/br-k04/1493	-0.0424492704918459	-0.0325895004788415	church	church	NN	fiction_gral	fiction	C	C	C	CDE	church%1:14:00::	B	B	AB	AB	 have a better church, a more business-like conduct of the <font color=green>church</font>  organization, and an effort to get this religious center out	4	3	173	75	8
church/NN/br-k04/1514	-0.1211634412977	-0.0206021422815994	church	church	NN	fiction_gral	fiction	C	C	C	CDE	church%1:14:00::	B	B	AB	AB	 out of its rut of wild worship into a modern <font color=green>church</font>  organization. He emphasized to the Presiding Elder the plan of	5	3	200	60	6
church/NN/br-k04/1530	0.0322572779681391	0.019680170059397	church	church	NN	fiction_gral	fiction	D	D	DE	CDE	church%1:06:00::	D	D	DE	CDE	 the Presiding Elder the plan of giving up the old <font color=green>church</font>  and moving across the river. The Presiding Elder was sure	5	3	86	60	5
church/NN/br-k04/1578	0.0279995647344577	-0.00300033262417308	church	church	NN	fiction_gral	fiction	D	D	DE	CDE	church%1:06:00::	D	D	DE	CDE	 impossible. The bank which held the mortgage on the old <font color=green>church</font>  declared that the interest was considerably in arrears, and the	2	1	118	50	6
church/NN/br-k04/1634	0.0378076628306061	0.101564590842658	church	church	NN	fiction_gral	fiction	D	D	DE	CDE	church%1:06:00::	D	D	DE	CDE	 to colored folk. When it was proposed to rebuild the <font color=green>church</font> , Wilson found that the terms for a new mortgage were	2	0	141	0	6
church/NN/br-k04/1685	-0.119119512348161	-0.145281354628493	church	church	NN	fiction_gral	fiction	D	D	DE	CDE	church%1:06:00::	D	D	DE	CDE	 made to his Deacon Board, he met unanimous opposition. The <font color=green>church</font>  certainly would not be removed. The very proposition was sacrilege	3	1	120	33	7
church/NN/br-k04/1807	0.0785804364141512	0.0357073659541076	church	church	NN	fiction_gral	fiction	D	D	DE	CDE	church%1:06:00::	D	D	DE	CDE	 of money that has been invested by whites around that <font color=green>church</font> ? Tenements, stores, saloons, some gambling, I hope not too much	5	2	157	40	6
church/NN/br-k04/1874	0.122605910949839	0.0907156079902029	church	church	NN	fiction_gral	fiction	D	D	DE	CDE	church%1:06:00::	D	D	DE	CDE	 were you I would just plan to repair the old <font color=green>church</font>  so it would last for five or ten years. By	3	3	104	100	7
church/NN/br-k04/2301	-0.0585026957933596	-0.0424650921948735	church	church	NN	fiction_gral	fiction	B	B	AB	AB	methodist_church%1:14:00::	B2	B	AB	AB	 mean practically the end of his career in the Methodist <font color=green>church</font> , if not in all churches.	3	1	133	33	6
church/NN/br-k04/356	0.0573046979688627	0.0291363699517419	church	church	NN	fiction_gral	fiction	C	C	C	CDE	church%1:06:00::	D	D	DE	CDE	 with the whites, especially the rich who partly supported the <font color=green>church</font> . The Deacon Board, headed by a black man named Carlson	7	4	156	57	7
church/NN/br-k04/397	-0.0711848958622409	-0.103275024553285	church	church	NN	fiction_gral	fiction	C	C	C	CDE	church%1:06:00::	D	D	DE	CDE	 support of the Amen corner. The characteristic thing about this <font color=green>church</font>  was its Amen corner and the weekly religious orgy. A	4	4	181	100	6
church/NN/br-k04/828	0.0117307530480574	-0.00444112791996523	church	church	NN	fiction_gral	fiction	C	C	C	CDE	church%1:14:00::	B	B	AB	AB	 the home of one of the old members of the <font color=green>church</font> , a woman named Catt who, as Wilson afterward found, was	2	2	146	100	7
church/NN/br-k04/877	0.0220604208880423	0.118683110786841	church	church	NN	fiction_gral	fiction	C	C	C	CDE	church%1:14:00::	B	B	AB	AB	 never married, conducting a spotless home and devoted to her <font color=green>church</font> , but a perpetual dissenter and born critic. She soared over	2	1	214	50	5
church/NN/br-k04/923	0.0673723115029799	-0.0573925661466508	church	church	NN	fiction_gral	fiction	D	D	DE	CDE	church%1:06:00::	D	D	DE	CDE	 which she was chief repository. Then Wilson looked over the <font color=green>church</font>  and studied its condition. The salary of the pastor had	3	3	139	100	8
church/NN/br-k04/975	0.171008303298083	0.119355075741468	church	church	NN	fiction_gral	fiction	D	D	DE	CDE	church%1:06:00::	D	D	DE	CDE	 he mentioned this to the Deacons they said nothing. The <font color=green>church</font>  itself must be repaired. It was dirty and neglected. It	3	2	112	67	7
church/NN/br-k06/1056	0.0645754561919668	-0.0328412828774642	church	church	NN	fiction_gral	fiction	D	D	DE	CDE	church%1:06:00::	D	D	DE	CDE	 northward to Brooklyn, below Point Peter, he could see the <font color=green>church</font>  spire wherever he looked back. Sometimes they went south and	5	2	115	40	6
church/NN/br-k06/1389	0.144156647967063	-0.00725623215751865	church	church	NN	fiction_gral	fiction	D	D	DE	CDE	church%1:06:00::	D	D	DE	CDE	 with its peaked lance. Stevie was constantly slipping into the <font color=green>church</font> . He pulled with all his strength at the heavy, brass	3	2	109	67	6
church/NN/br-k06/1473	0.188999665061666	-0.0320875869838455	church	church	NN	fiction_gral	fiction	D	D	DE	CDE	church%1:06:00::	D	D	DE	CDE	 hands tucked under his coattails, and staring into the dark <font color=green>church</font> . The figure was wreathed in an extraordinary luminescence. The boy	3	2	104	67	5
church/NN/br-k06/528	0.205307059437807	0.010960308731459	church	church	NN	fiction_gral	fiction	D	D	DE	CDE	church%1:06:00::	D	D	DE	CDE	 his head out. There was the slate roof of the <font color=green>church</font> ; ivy climbed the red brick walls like a green scaled	5	3	152	60	7
church/NN/br-k06/571	0.288118465222768	-0.167294520543705	church	church	NN	fiction_gral	fiction	D	D	DE	CDE	church%1:06:00::	D	D	DE	CDE	 cupboards.`` There 's a tower and a steeple on the <font color=green>church</font>  a million feet high. And the loudest clock in the	3	2	160	67	5
church/NN/br-k06/659	0.0524827358717654	-0.323386984356128	church	church	NN	fiction_gral	fiction	D	D	DE	CDE	church%1:06:00::	D	D	DE	CDE	 Street to Orange Square. The steeple leaned backward, while the <font color=green>church</font>  advanced like a headless creature in a long, shapeless coat	5	0	225	0	3
church/NN/br-k06/852	0.18824372160319	-0.204325588907969	church	church	NN	fiction_gral	fiction	D	D	DE	CDE	church%1:06:00::	D	D	DE	CDE	 Church with its high steeple and clock. There was no <font color=green>church</font>  like Drew Church, no preacher like Papa, who was intimate	3	2	181	67	5
church/NN/br-k10/1423	-0.0562087705469042	-0.0181299258455536	church	Church	NN	fiction_gral	fiction	A	A	AB	AB	church%1:14:00::	B	B	AB	AB	 economics, and social issues that are no concern of the <font color=green>Church</font> ''? And John 's reply was always the same:`` Anything that	5	1	117	20	8
church/NN/br-k10/1445	0.071819718140235	0.172031618001331	church	Church	NN	fiction_gral	fiction	A	A	AB	AB	church%1:14:00::	B	B	AB	AB	 same:`` Anything that affects souls is the concern of the <font color=green>Church</font> ! We will have righteousness''! Tears burned behind his eyes as	3	2	150	67	7
church/NN/br-k10/1802	0.0317175758021195	-0.141387182933869	church	Church	NN	fiction_gral	fiction	B	B	AB	AB	church_of_rome%1:14:00::	B1	B	AB	AB	 Geneva, saying that he had been a bishop of the <font color=green>Church</font>  of Rome and had been persecuted in Paris for his	2	1	91	50	7
church/NN/br-k10/205	0.0464184562594386	-0.21196942584296	church	Church	NN	fiction_gral	fiction	A	A	AB	AB	church%1:14:00::	B	B	AB	AB	 that the couple would have to be punished if the <font color=green>Church</font>  was to be respected.`` I have told you before, and	2	1	95	50	6
church/NN/br-k10/257	0.0213508820205762	-0.103054437975436	church	Church	NN	fiction_gral	fiction	A	A	AB	AB	church%1:14:00::	B	B	AB	AB	 is the answer the ungodly will always make when the <font color=green>Church</font>  points its fingers at their sins. I say to you	3	2	107	67	7
church/NN/br-k10/271	0.0149820895651101	-0.191544310002907	church	Church	NN	fiction_gral	fiction	A	A	AB	AB	church%1:14:00::	B	B	AB	AB	 fingers at their sins. I say to you that the <font color=green>Church</font>  will ever decry evil''! John 's reply was like a	3	2	157	67	7
church/NN/br-k10/561	0.0337132232476432	-0.0216460400403081	church	Church	NN	fiction_gral	fiction	A	A	AB	AB	church%1:14:00::	B	B	AB	AB	 weeks before, in early November, without being reconciled to the <font color=green>Church</font> . The canons, in a body, had tried to force him	3	1	100	33	4
church/NN/br-k10/588	0.00619374155395443	-0.16835371298448	church	Church	NN	fiction_gral	fiction	A	A	AB	AB	church%1:14:00::	B	B	AB	AB	 to let them give him the last rites of the <font color=green>Church</font> , but he had died still proclaiming salvation by faith. Burial	3	2	155	67	8
church/NN/br-k10/967	0.105333368461293	-0.0215163097823061	church	church	NN	fiction_gral	fiction	D	D	DE	CDE	church%1:06:00::	D	D	DE	CDE	 all the time. Quickening his steps, John entered the vast <font color=green>church</font>  and climbed the tower steps to the bells. Underneath the	6	6	167	100	8
church/NN/br-k13/533	0.147722248655662	-0.0371021482200071	church	church	NN	fiction_gral	fiction	D	D	DE	CDE	church%1:06:00::	D	D	DE	CDE	 Harold indicated the photograph on the wall and asked what <font color=green>church</font>  the stone sculpture was in. Eugene told him and he	3	3	129	100	11
church/NN/br-k14/1114	0.0226941119185804	0.0198238060597208	church	Church	NN	fiction_gral	fiction	A	A	AB	AB	church%1:14:00::	B	B	AB	AB	 not want my people to get in trouble with the <font color=green>Church</font> ''.`` I am working for the Cardinal of San Dionigi. I'm	3	2	73	67	4
church/NN/br-k14/826	0.0369151811004446	0.280027953382694	church	church	NN	fiction_gral	fiction	D	D	DE	CDE	church%1:06:00::	D	D	DE	CDE	 Jewish section was in Trastevere, near the Tiber at the <font color=green>church</font>  of San Francesco a Ripa. The colony had been small	4	1	93	25	6
church/NN/br-k15/188	0.062360048896861	-0.0222052433846535	church	church	NN	fiction_gral	fiction	D	D	DE	CDE	church%1:06:00::	D	D	DE	CDE	 They held the funeral the next morning from the crossroads <font color=green>church</font>  and buried the little box in the quiet family plot	6	6	194	100	10
church/NN/br-k16/1431	0.169320941518332	0.0394662689155626	church	church	NN	fiction_gral	fiction	D	D	DE	CDE	church%1:06:00::	D	D	DE	CDE	 thickets. Along Wappinger Creek in Dutchess County, past the white <font color=green>church</font>  at Fishkill, past Verplanck 's Point on the east bank	6	5	174	83	5
church/NN/br-k16/2285	0.076503388923041	-0.013126687028215	church	church	NN	fiction_gral	fiction	E	E	DE	CDE	church_service%1:04:00::	E	E	DE	CDE	 him out of some dim corner of memory from a <font color=green>church</font>  service when he was a boy- yes, in a white	1	1	151	100	6
church/NN/br-k16/2298	0.134509592569782	0.0121510601681054	church	church	NN	fiction_gral	fiction	D	D	DE	CDE	church%1:06:00::	D	D	DE	CDE	 service when he was a boy- yes, in a white <font color=green>church</font>  with a thin spur steeple in the patriarchal Hudson Valley	5	3	99	60	5
church/NN/br-k19/168	0.0245786949379544	-0.0109110268970839	church	church	NN	fiction_gral	fiction	A	A	AB	AB	church%1:14:00::	B	B	AB	AB	 for a more exalted office in the hierarchy of the <font color=green>church</font> - his ambitions for the bishopry had died very early in	5	1	63	20	6
church/NN/br-k19/213	-0.0645547427945181	-0.154861437317709	church	church	NN	fiction_gral	fiction	A	A	AB	AB	church%1:14:00::	B	B	AB	AB	 of this desire was due to his devotion to the <font color=green>church</font>  and how much was his own ego, demanding to be	1	1	121	100	8
church/NN/br-k25/81	-0.0424971346160065	0.0818682128578365	church	church	NN	fiction_gral	fiction	D	D	DE	CDE	church%1:06:00::	D	D	DE	CDE	 whether a private residence in his Pennsylvania county or a <font color=green>church</font>  in Brazil, without it being obvious that he had done	3	2	109	67	7
church/NN/br-l08/1824	0.0564687279739928	-0.0574208413300215	church	church	NN	fiction_mystery	fiction	E	E	DE	CDE	church%1:04:00::	E	E	DE	CDE	 did n't feel good on Sunday, could n't go to <font color=green>church</font> - there 'd be a little argument, but she could be	3	2	105	67	7
church/NN/br-l08/2109	-0.0188823319114336	0.00219410098021898	church	church	NN	fiction_mystery	fiction	C	C	C	CDE	church%1:06:00::	D	D	DE	CDE	 with foreign sounding names, the ones went to the same <font color=green>church</font>  and- Different place, different job, different people, she 'd be	2	2	96	100	11
church/NN/br-m01/1682	-0.0224252240448676	-0.0845266915216795	church	Church	NN	fiction_science	fiction	A	A	AB	AB	church%1:14:00::	B	B	AB	AB	 indicted for price-cutting. Fosterite bishops, after secret conclave, announced the <font color=green>Church</font>  's second Major Miracle: Supreme Bishop Digby had been translated	5	1	117	20	5
church/NN/br-m01/2360	0.0117113569573314	0.00113504882233477	church	church	NN	fiction_science	fiction	E	E	DE	CDE	church%1:04:00::	E	E	DE	CDE	 continued most of the week following that ill-starred trip to <font color=green>church</font> , during which period Mike stayed in his room and usually	1	1	126	100	7
church/NN/br-p01/1161	0.178498306430598	-0.0151533849277026	church	church	NN	fiction_romance	fiction	D	D	DE	CDE	church%1:06:00::	D	D	DE	CDE	 hill, rising with the hill to the top where the <font color=green>church</font>  was and beyond that to the cemetery. Only paved alleyways	7	6	157	86	9
church/NN/br-p01/21	0.225215472350552	-0.115531372912237	church	church	NN	fiction_romance	fiction	D	D	DE	CDE	church_tower%1:06:00::	D	D	DE	CDE	 them he could have been the broken bell in the <font color=green>church</font>  tower which rang before and after Mass, and at noon	4	3	200	75	6
church/NN/br-p01/222	0.0341280116093662	-0.10434108856384	church	church	NN	fiction_romance	fiction	E	E	DE	CDE	church%1:04:00::	E	E	DE	CDE	 from its elders. Youth obeyed when commanded. It went to <font color=green>church</font>  on Sunday and one Saturday a month went to confession	5	5	211	100	9
church/NN/br-p01/829	0.151067812572198	-0.101929978753623	church	church	NN	fiction_romance	fiction	D	D	DE	CDE	church%1:06:00::	D	D	DE	CDE	 to Drexel Street and his back in opposition to the <font color=green>church</font>  behind him. For all he saw or cared to see	5	3	136	60	6
church/NN/br-p03/76	0.0122139675917152	0.133560103582374	church	church	NN	fiction_romance	fiction	E	E	DE	CDE	Z	Z	Z	Z	Z	 to live in California. He 'd mentioned it, himself, at <font color=green>church</font>  and everybody seemed to have the idea that Tolley had	2	1	122	50	4
church/NN/br-p03/933	0.0973906589910579	-0.0173929157073483	church	church	NN	fiction_romance	fiction	E	E	DE	CDE	Z	Z	Z	Z	Z	 scream. And do n't tell me you did n't at <font color=green>church</font>  Sunday. I heard you''! He really had n't meant to	2	0	52	0	5
church/NN/br-p04/2406	0.0896096641215854	-0.0313380116077006	church	church	NN	fiction_romance	fiction	D	D	DE	CDE	Z	Z	Z	Z	Z	 sky. She felt mindless, walking, and almost easy until the <font color=green>church</font>  spire told her she was near the cemetery, and she	3	2	121	67	7
church/NN/br-p04/2429	0.29903613971517	0.0562011169272409	church	church	NN	fiction_romance	fiction	D	D	DE	CDE	Z	Z	Z	Z	Z	 caught herself wondering what she would say to Doaty. Both <font color=green>church</font>  and graveyard were smaller than she remembered them( how many	2	0	65	0	4
church/NN/br-p04/983	0.389884704762841	-0.166835923072112	church	church	NN	fiction_romance	fiction	D	D	DE	CDE	Z	Z	Z	Z	Z	 beyond the door. To a Blackwell, there was only one <font color=green>church</font> . The cemetery slumbered just behind it, and the way lay	2	2	125	100	4
church/NN/br-p06/425	-0.0316304779868159	-0.0631850523565901	church	church	NN	fiction_romance	fiction	C	C	C	CDE	Z	Z	Z	Z	Z	 yellow moons.`` How do you do''? she said, semi-professionally.`` Our <font color=green>church</font>  is sponsoring a group of very courageous women up in	2	2	106	100	5
church/NN/br-p09/150	-0.0196300312680792	-0.221581383290906	church	church	NN	fiction_romance	fiction	D	D	DE	CDE	church%1:06:00::	D	D	DE	CDE	 all right. Wednesday nights after youth fellowship. Out of the <font color=green>church</font>  and into his big car, it tooling over the road	4	1	173	25	5
church/NN/br-p12/1014	0.624242681701417	0.181172685572237	church	church	NN	fiction_romance	fiction	D	D	DE	CDE	church%1:06:00::	D	D	DE	CDE	 Then they took a taxi to Trastevere.`` There 's a <font color=green>church</font>  you should see'', she said. And when they stood by	3	1	166	33	2
church/NN/br-p12/1063	0.125409595738411	-0.0543438249034018	church	church	NN	fiction_romance	fiction	D	D	DE	CDE	church%1:06:00::	D	D	DE	CDE	 with Alberto. He let her tell him all about the <font color=green>church</font> . Then they had dinner. All evening she was eloquent and	1	0	89	0	5
church/NN/br-p12/1102	0.15974138910085	-0.0496117054434082	church	church	NN	fiction_romance	fiction	D	D	DE	CDE	church_bell%1:06:00::	D	D	DE	CDE	 in the morning when he woke up at ten the <font color=green>church</font>  bells were ringing. He had never heard so many bells	2	1	120	50	7
church/NN/br-p12/1141	0.156662582741409	-0.0117116980290581	church	church	NN	fiction_romance	fiction	D	D	DE	CDE	church%1:06:00::	D	D	DE	CDE	 when he had looked up at the obelisk and the <font color=green>church</font>  at the top of the Spanish Steps. It was a	3	1	72	33	5
church/NN/br-p12/1260	0.0239512026853789	-0.0499690888500356	church	church	NN	fiction_romance	fiction	E	E	DE	CDE	church%1:04:00::	E	E	DE	CDE	 snuggled against him, he wondered if she ever went to <font color=green>church</font> . Why did he want her to go to church? he	2	1	116	50	7
church/NN/br-p12/1270	0.0242691790447394	-0.0447441946988132	church	church	NN	fiction_romance	fiction	E	E	DE	CDE	church%1:04:00::	E	E	DE	CDE	 to church. Why did he want her to go to <font color=green>church</font> ? he wondered. Probably because it was a place where she	2	2	96	100	8
church/NN/br-p12/1309	0.0220666800861468	-0.0784865172497478	church	church	NN	fiction_romance	fiction	E	E	DE	CDE	church%1:04:00::	E	E	DE	CDE	 It was too bad he had no feeling himself for <font color=green>church</font> . Not his poor mother 's fault. She would have been	2	2	112	100	5
church/NN/br-p12/1433	-0.118556992389538	-0.125911777585271	church	church	NN	fiction_romance	fiction	C	C	C	CDE	church%1:04:00::	E	E	DE	CDE	 woman though, she would take only what she needed from <font color=green>church</font> . It was too bad he was n't a Catholic himself	3	2	120	67	7
church/NN/br-p12/1559	0.0927099252528585	-0.00595789030459345	church	church	NN	fiction_romance	fiction	E	E	DE	CDE	church%1:04:00::	E	E	DE	CDE	 girl like Carla if she got up and went to <font color=green>church</font> . A half hour later he got her up to go	1	0	78	0	8
church/NN/br-r05/1163	-0.017564534001212	-0.0625639035975514	church	church	NN	humor	fiction	C	C	C	CDE	church%1:06:00::	D	D	DE	CDE	 While Henry Morgan was escorting Miss Vera Green from the <font color=green>church</font>  social last Saturday night, a savage dog attacked them and	3	2	159	67	7
church/NNP/br-g02/1539	-0.152856397663847	-0.0761884431211536	church	Church	NNP	belles_lettres	fiction	A	A	AB	AB	Z	Z	Z	Z	Z	 and influence of such other claimants for loyalty as the <font color=green>Church</font> . The breakup of the Holy Roman Empire and the downfall	4	2	205	50	5
church/NNP/br-k04/233	0.0567573250608093	0.0574365618517129	church	Church	NNP	fiction_gral	fiction	D	D	DE	CDE	group%1:03:00::	C	C	C	CDE	 of this crowded region was the Allen African Methodist Episcopal <font color=green>Church</font> . It was an old and dirty wooden structure, sadly in	4	4	193	100	11
church/NNP/br-k06/1930	-0.106144152826402	-0.165903533572128	church	Church	NNP	fiction_gral	fiction	D	D	DE	CDE	group%1:03:00::	C	C	C	CDE	 strike the steeples of the other churches; not of Drew <font color=green>Church</font> . A flash illumined the trees as a crooked bolt twigged	2	1	252	50	4
church/NNP/br-k06/698	-0.0108656291306038	-0.0143133968462086	church	Church	NNP	fiction_gral	fiction	D	D	DE	CDE	group%1:03:00::	C	C	C	CDE	 the foothills, was the city of God. The Dutch Reformed <font color=green>Church</font> , with two steeples and its own school was on Main	4	2	108	50	6
church/NNP/br-k06/714	0.0536622915801528	-0.0366280824311772	church	Church	NNP	fiction_gral	fiction	D	D	DE	CDE	group%1:03:00::	C	C	C	CDE	 and its own school was on Main Street; the Episcopal <font color=green>Church</font>  was one block down Sussex Street; the Catholic Saint Mary's	4	2	183	50	7
church/NNP/br-k06/726	0.116169076327003	-0.0991103627268229	church	Church	NNP	fiction_gral	fiction	D	D	DE	CDE	group%1:03:00::	C	C	C	CDE	 was one block down Sussex Street; the Catholic Saint Mary's <font color=green>Church</font> , with an even taller steeple and a cross on top	5	1	291	20	5
church/NNP/br-k06/841	0.0304127857385543	-0.123613424437584	church	Church	NNP	fiction_gral	fiction	D	D	DE	CDE	group%1:03:00::	C	C	C	CDE	 became familiar with God, who resided chiefly in Drew Centennial <font color=green>Church</font>  with its high steeple and clock. There was no church	3	2	259	67	6
church/NNP/br-k06/855	0.0708264344175037	-0.169828923955621	church	Church	NNP	fiction_gral	fiction	D	D	DE	CDE	group%1:03:00::	C	C	C	CDE	 high steeple and clock. There was no church like Drew <font color=green>Church</font> , no preacher like Papa, who was intimate with Him, and	2	1	277	50	7
church/NNP/br-k10/1229	0.040421068085863	-0.0726713288892694	church	Church	NNP	fiction_gral	fiction	B	B	AB	AB	group%1:03:00::	C	C	C	CDE	 smashing images and tearing down symbols sacred to the Old <font color=green>Church</font> . John found it difficult, but he held him in check	4	3	289	75	9
church/NNS/br-f15/1245	-0.0957517235806809	-0.0535326796895342	church	churches	NNS	popular_lore	fiction	B	B	AB	AB	church%1:14:00::	B	B	AB	AB	 Consider what happened during World War 1,, when the Protestant <font color=green>churches</font>  united to push the Prohibition law through Congress. Many of	2	2	280	100	8
church/NNS/br-f15/1425	-0.189073612668014	-0.111471739217303	church	churches	NNS	popular_lore	fiction	B	B	AB	AB	christian_church%1:14:00::	B	B	AB	AB	 turn of the century, contraception was condemned by all Christian <font color=green>churches</font>  as immoral, unnatural and contrary to divine law. This was	5	1	319	20	5
church/NNS/br-f15/1455	-0.0555729413193167	-0.0339341163672459	church	Churches	NNS	popular_lore	fiction	B	B	AB	AB	orthodox_church%1:14:00::	B1	B	AB	AB	 laws of Christian countries. Today, the Roman Catholic and Orthodox <font color=green>Churches</font>  stand virtually alone in holding that conviction. The various Lambeth	5	5	260	100	12
church/NNS/br-f15/1720	-0.0751584619700414	-0.0215726723869486	church	Churches	NNS	popular_lore	fiction	B	B	AB	AB	group%1:03:00::	C	C	C	CDE	 28 members of a committee of the Federal Council of <font color=green>Churches</font>  ratified artificial methods of birth control.`` As to the necessity	4	2	242	50	7
church/NNS/br-f15/1887	-0.0772048927378485	-0.0161123743776189	church	Churches	NNS	popular_lore	fiction	B	B	AB	AB	group%1:03:00::	C	C	C	CDE	 1961, by the general board of the National Council of <font color=green>Churches</font> , the largest Protestant organization in the US. The board approved	3	3	237	100	6
church/NNS/br-f15/1944	-0.0365187850708356	-0.0322259167721188	church	churches	NNS	popular_lore	fiction	B	B	AB	AB	church%1:14:00::	B	B	AB	AB	 of contraceptives. The general board declared:`` Most of the Protestant <font color=green>churches</font>  hold contraception and periodic continence to be morally right when	4	3	185	75	7
church/NNS/br-f15/1998	-0.0885730713574773	-0.0651920325035671	church	churches	NNS	popular_lore	fiction	B	B	AB	AB	christian_church%1:14:00::	B	B	AB	AB	 of conception''. An action once universally condemned by all Christian <font color=green>churches</font>  and forbidden by the civil law is now not only	2	2	207	100	9
church/NNS/br-f15/821	-0.137403992859417	-0.0915347741414	church	Churches	NNS	popular_lore	fiction	B	B	AB	AB	orthodox_catholic_church%1:14:00::	B1	B	AB	AB	 the exception of the Roman Catholic and the Orthodox Catholic <font color=green>Churches</font> , most churches make no moral distinction between rhythm and mechanical	6	6	359	100	10
church/NNS/br-f15/824	-0.141868209388682	-0.0892967443458493	church	churches	NNS	popular_lore	fiction	B	B	AB	AB	church%1:14:00::	B	B	AB	AB	 of the Roman Catholic and the Orthodox Catholic Churches, most <font color=green>churches</font>  make no moral distinction between rhythm and mechanical or chemical	5	6	362	120	11
church/NNS/br-f44/1106	-0.149152505705262	-0.0148026851045287	church	Churches	NNS	popular_lore	fiction	C	C	C	CDE	church%1:14:00::	B	B	AB	AB	 who will strengthen the social class nucleus of the congregation. <font color=green>Churches</font>  can be strengthened through this process of co-optation so long	5	4	251	80	6
church/NNS/br-f44/1189	-0.0608873304244804	-0.0085109948307428	church	churches	NNS	popular_lore	fiction	C	C	C	CDE	church%1:14:00::	B	B	AB	AB	 and publicity in reaching new members. The proclamation of the <font color=green>churches</font>  is almost totally confined to pastoral contacts by the clergy	7	5	249	71	8
church/NNS/br-f44/124	-0.0635234938084584	0.0163380856845613	church	churches	NNS	popular_lore	fiction	C	C	C	CDE	church%1:14:00::	B	B	AB	AB	 inner city blight account for the decline of central city <font color=green>churches</font> . Central cities reveal two adverse features for the major denominations	4	4	221	100	10
church/NNS/br-f44/1262	-0.0817299208068682	0.0135919908277922	church	churches	NNS	popular_lore	fiction	C	C	C	CDE	church%1:14:00::	B	B	AB	AB	 will account for a major share of recruitment by the <font color=green>churches</font> , making it quite evident that the extension of economic integration	2	0	188	0	8
church/NNS/br-f44/1427	-0.0857859758366215	-0.00200864068521039	church	churches	NNS	popular_lore	fiction	C	C	C	CDE	church%1:14:00::	B	B	AB	AB	 for more than a single generation. The fact that metropolitan <font color=green>churches</font>  of the major denominations have moved approximately every generation for	4	4	243	100	10
church/NNS/br-f44/1475	-0.0392001000275279	-0.00805842205104726	church	churches	NNS	popular_lore	fiction	D	D	DE	CDE	church%1:06:00::	D	D	DE	CDE	 in religious life, when one recalls the number of city <font color=green>churches</font>  which deteriorated beyond repair before being abandoned, raises fundamental questions	4	3	186	75	9
church/NNS/br-f44/1683	-0.199839491253529	-0.0384189687207111	church	churches	NNS	popular_lore	fiction	C	C	C	CDE	church%1:14:00::	B	B	AB	AB	 hopelessly unstable environment. More than creatures of metropolitan forces, the <font color=green>churches</font>  have taken the lead in counteracting the interdependence of metropolitan	2	2	265	100	7
church/NNS/br-f44/1802	-0.238605192669243	-0.104093780687496	church	churches	NNS	popular_lore	fiction	D	D	DE	CDE	church%1:14:00::	B	B	AB	AB	 fight their way into the lower middle-class suburbs, and the <font color=green>churches</font>  will experience the same decay and rebuilding cycle which has	3	2	303	67	7
church/NNS/br-f44/1918	-0.126532040769336	-0.038198015755883	church	churches	NNS	popular_lore	fiction	C	C	C	CDE	church%1:14:00::	B	B	AB	AB	 of middle-class culture could lead to various projections for the <font color=green>churches</font> . It could be argued that any fellowship which centers in	3	3	270	100	6
church/NNS/br-f44/2015	-0.144838288493413	-0.0489317907480219	church	churches	NNS	popular_lore	fiction	C	C	C	CDE	church%1:14:00::	B	B	AB	AB	 next chapter to the style of association in the denominational <font color=green>churches</font> ; this style is characteristically an expression of the communal style	3	1	229	33	5
church/NNS/br-f44/2181	-0.00712445687990906	-0.0249471779177067	church	churches	NNS	popular_lore	fiction	C	C	C	CDE	church%1:14:00::	B	B	AB	AB	 have fashioned the iron cage of conformity which imprisons the <font color=green>churches</font>  in their suburban captivity. The perplexing question still remains as	2	1	192	50	5
church/NNS/br-f44/2201	-0.0757178484518042	-0.00829458898814252	church	churches	NNS	popular_lore	fiction	C	C	C	CDE	church%1:14:00::	B	B	AB	AB	 remains as to why the middle classes turn to the <font color=green>churches</font>  as a vehicle of social identity when their clubs and	5	5	217	100	8
church/NNS/br-f44/343	-0.170318235643112	-0.0211711804992368	church	churches	NNS	popular_lore	fiction	C	C	C	CDE	church%1:14:00::	B	B	AB	AB	 moreover, residential mobility is so high in metropolitan areas that <font color=green>churches</font>  have to recruit constantly in their core stratum in order	5	3	235	60	8
church/NNS/br-f44/868	-0.104756042380728	-0.106108280830487	church	churches	NNS	popular_lore	fiction	C	C	C	CDE	church%1:14:00::	B	B	AB	AB	 and congregational outreach have not been carefully studied in the <font color=green>churches</font> ; one study in Pittsburgh, however, has illuminated the situation. In	2	1	238	50	7
church/NNS/br-f44/890	-0.0468785436981897	-0.005106933747773	church	churches	NNS	popular_lore	fiction	C	C	C	CDE	church%1:14:00::	B	B	AB	AB	 the situation. In a sample of new members of Pittsburgh <font color=green>churches</font> , almost 60 per cent were recruited by initial`` contacts with	3	2	228	67	9
church/NNS/br-g13/1130	-0.22779579910562	0.175547696239042	church	churches	NNS	belles_lettres	fiction	D	D	DE	CDE	Z	Z	Z	Z	Z	 holy barbarians; they will destroy the shrines, temples, museums, and <font color=green>churches</font>  of the state that is the implacable enemy of the	3	0	140	0	3
church/NNS/br-k01/769	0.21320332795194	-0.0148368444579904	church	churches	NNS	fiction_gral	fiction	D	D	DE	CDE	church%1:06:00::	D	D	DE	CDE	 It was a Negro section of peeling row houses, store-front <font color=green>churches</font>  and ragged children. Rachel had to bend toward Scotty and	2	1	190	50	5
church/NNS/br-k04/2307	-0.0690907269015734	-0.150971116436023	church	churches	NNS	fiction_gral	fiction	B	B	AB	AB	church%1:06:00::	D	D	DE	CDE	 his career in the Methodist church, if not in all <font color=green>churches</font> .	2	0	247	0	2
church/NNS/br-k06/1925	0.243805338983421	0.119507201868042	church	churches	NNS	fiction_gral	fiction	D	D	DE	CDE	church%1:06:00::	D	D	DE	CDE	 them open. Lightning might strike the steeples of the other <font color=green>churches</font> ; not of Drew Church. A flash illumined the trees as	2	0	222	0	5
country/NN/br-f02/449	-0.166629332061599	0.0635205342620993	country	country	NN	popular_lore	fiction	B4	B	B14	B	Z	Z	Z	Z	Z	 been outlawed by the general opinion of civilized mankind. This <font color=green>country</font>  has not used them, and I hope that we never	4	2	158	50	4
country/NN/br-f03/2248	0.128655210997979	0.0430337290578153	country	country	NN	popular_lore	fiction	A	A	A	A	country%1:15:01::	A	A	A	A	 the convention, Depew was seated on the porch of a <font color=green>country</font>  home on the Hudson, gazing at the opposite shore.	4	4	186	100	7
country/NN/br-f04/177	0.0785180529989038	0.0832519201595662	country	country	NN	popular_lore	fiction	B1	B	B14	B	Z	Z	Z	Z	Z	 region of some of the loveliest mountain scenery in the <font color=green>country</font> , the school buildings are located amid open fields and farm	6	4	160	67	8
country/NN/br-f04/202	-0.0425558504864543	0.105275159362444	country	country	NN	popular_lore	fiction	A	A	A	A	Z	Z	Z	Z	Z	 These contemporary structures, beautifully adapted to a school in the <font color=green>country</font> , are home to 60 children, ages eight to fourteen, grades	3	2	168	67	8
country/NN/br-f05/2164	0.136431665043334	-0.12797071622931	country	country	NN	popular_lore	fiction	B1	B	B14	B	Z	Z	Z	Z	Z	 stubby plane as their link with the rest of the <font color=green>country</font> . The flyer had his share of near-misses. At Fort Ethan	3	2	134	67	5
country/NN/br-f09/1740	-0.0374513752835072	0.122491833703844	country	country	NN	popular_lore	fiction	B1	B	B14	B	Z	Z	Z	Z	Z	 taken the passport so that Diane could n't leave the <font color=green>country</font>  without his approval. Officials provided a temporary passport, good only	3	1	99	33	8
country/NN/br-f09/444	-0.148954131095699	0.122840063121657	country	country	NN	popular_lore	fiction	B1	B	B14	B	Z	Z	Z	Z	Z	 parts of Europe and Egypt and finally back into this <font color=green>country</font> . She has been acting as a prostitute.`` Our information is	3	1	122	33	5
country/NN/br-f11/1531	-0.150878369052946	0.193440932800252	country	country	NN	popular_lore	fiction	B1	B	B14	B	Z	Z	Z	Z	Z	 a complete full-banded job differs in various parts of the <font color=green>country</font> . Work that might cost$ 500 to$ 750 in the South	3	1	125	33	5
country/NN/br-f13/1645	-0.0575776156883205	0.0877381445038431	country	country	NN	popular_lore	fiction	A	A	A	A	country%1:15:01::	A	A	A	A	 a neighborhood of well-kept homes. There are slums in the <font color=green>country</font>  as well as in the city. Few rural areas are	5	4	93	80	7
country/NN/br-f13/637	-0.0658669606290437	0.137860826116062	country	country	NN	popular_lore	fiction	A	A	A	A	country%1:15:01::	A	A	A	A	 Generally, the same level of living costs less in the <font color=green>country</font>  than in the city. The savings are not as great	3	3	113	100	6
country/NN/br-f13/701	-0.0500507670826686	0.0232527434252209	country	country	NN	popular_lore	fiction	A	A	A	A	country%1:15:01::	A	A	A	A	 similar municipal services are of equal quality in city and <font color=green>country</font> , real estate taxes are usually about the same. A part-time	4	2	96	50	10
country/NN/br-f15/2048	-0.0692758457924288	0.0197208369527305	country	country	NN	popular_lore	fiction	B1	B	B14	B	country%1:14:00::	B2	B	BB2	B	 translated into action by the majority of people in this <font color=green>country</font> . Repeated polls have disclosed that most married couples are now	4	3	181	75	8
country/NN/br-f15/235	-0.0653603303961365	0.0111042565691015	country	country	NN	popular_lore	fiction	B4	B	B14	B	country%1:14:00::	B2	B	BB2	B	 more tension, rancor and strife among religious groups in this <font color=green>country</font>  than the birth-control issue. It has flared up periodically on	3	2	99	67	6
country/NN/br-f15/664	-0.109306180068442	0.0488247030142229	country	country	NN	popular_lore	fiction	B	B	B14	B	country%1:14:00::	B2	B	BB2	B	 necessities of life, the degree of population density of a <font color=green>country</font>  and the shortage of housing facilities may legitimately be taken	4	4	119	100	9
country/NN/br-f17/2140	-0.0908655846494919	0.196390053595757	country	country	NN	popular_lore	fiction	A1	A	A	A	country%1:15:02::	A1	A	A	A	 three men to cart goods to them from the Mississippi <font color=green>country</font> . Others carried pemmican from`` the Forks'' to St. Paul and	4	2	141	50	4
country/NN/br-f18/2329	-0.0313148762852908	0.17162601614933	country	country	NN	popular_lore	fiction	B1	B	B14	B	country%1:15:00::	B1	B	B1	B	 have been satisfied to have staid at home when my <font color=green>country</font>  is invaded by a thievin foe By a set of	3	1	75	33	7
country/NN/br-f19/1206	-0.0212739148365001	0.00453012105903903	country	country	NN	popular_lore	fiction	B1	B	B14	B	country%1:14:00::	B2	B	BB2	B	 and seldom taught properly to American undergraduates. In addition, this <font color=green>country</font>  has been settled by many peoples of many heritages and	3	3	115	100	9
country/NN/br-f19/140	-0.100800990386893	0.00825304186096845	country	country	NN	popular_lore	fiction	B2	B	B23	B	country%1:14:00::	B2	B	BB2	B	 a given generation feels must have occurred. 2) As a <font color=green>country</font>  superimposes its cultural and political attitudes on others, it searches	4	3	119	75	8
country/NN/br-f19/350	-0.141937635300685	0.0319882911570813	country	country	NN	popular_lore	fiction	B4	B	B14	B	country%1:14:00::	B2	B	BB2	B	 Of course, nationalism has really outlived its usefulness in a <font color=green>country</font>  as world oriented as ours, and its continued existence reflects	3	2	101	67	6
country/NN/br-f23/1615	0.0220466501366632	0.0800597893906518	country	country	NN	popular_lore	fiction	B2	B	B23	B	country%1:14:00::	B2	B	BB2	B	 Soviets understand, moreover, that the first step in turning a <font color=green>country</font>  toward Communism is to turn it against the West. Thus	5	3	80	60	7
country/NN/br-f23/1643	-0.321190074100587	0.134425665875894	country	country	NN	popular_lore	fiction	B2	B	B23	B	country%1:14:00::	B2	B	BB2	B	 first stage of a Communist takeover is to`` neutralize'' a <font color=green>country</font> . The second stage is to retain the nominal classification of	3	1	105	33	7
country/NN/br-f23/1664	-0.0421838047689332	0.0209820860206637	country	country	NN	popular_lore	fiction	B2	B	B23	B	country%1:14:00::	B2	B	BB2	B	 the nominal classification of`` neutralist'', while in fact turning the <font color=green>country</font>  into an active advocate and adherent of Soviet policy. And	5	2	139	40	5
country/NN/br-f23/2012	-0.0734743971853394	0.0462025674075658	country	country	NN	popular_lore	fiction	B2	B	B23	B	country%1:14:00::	B2	B	BB2	B	 Nixon. Today it is up for grabs. One Latin American <font color=green>country</font> , Cuba, has become a Soviet bridgehead ninety miles off our	4	3	65	75	8
country/NN/br-f23/2055	-0.00694565523265545	0.0427822577194021	country	country	NN	popular_lore	fiction	B2	B	B23	B	country%1:14:00::	B2	B	BB2	B	 are displaying open sympathy for Castroism, and there is no <font color=green>country</font> - save the Dominican Republic whose funeral services we recently arranged	2	0	145	0	9
country/NN/br-g01/1421	-0.0820098743615793	0.0922423339891067	country	country	NN	belles_lettres	fiction	B4	B	B14	B	mother_country%1:15:00::	B1	B	B1	B	 the sympathy they felt extended to them by the mother <font color=green>country</font> . And no doubt many people in states like the Carolinas	2	1	103	50	7
country/NN/br-g01/1864	0.0306100618975217	0.0757475429924166	country	country	NN	belles_lettres	fiction	B4	B	B14	B	country%1:15:00::	B1	B	B1	B	 the South was more belligerent than the rest of the <font color=green>country</font> . So instead of being tests of the South 's loyalty	3	3	68	100	7
country/NN/br-g03/84	0.0875656839602763	0.138927231786325	country	country	NN	belles_lettres	fiction	B1	B	B14	B	Z	Z	Z	Z	Z	 the White House, in offices of key scientists across the <font color=green>country</font>  and aboard the submarines that prowl for months underwater, with	3	1	148	33	10
country/NN/br-g04/688	0.0477753236945278	0.0266664995284183	country	country	NN	belles_lettres	fiction	A	A	A	A	Z	Z	Z	Z	Z	 They went well-equipped with everything except knowledge of the`` outback'' <font color=green>country</font> .`` The countryside looked like a beautiful open park with gentle	5	3	93	60	6
country/NN/br-g06/2232	-0.051951804139745	0.0179364178763651	country	country	NN	belles_lettres	fiction	B1	B	B14	B	Z	Z	Z	Z	Z	 for help and that to be stranded in a foreign <font color=green>country</font>  without sufficient funds did not contribute to international understanding. The	3	2	103	67	11
country/NN/br-g06/2329	-0.0223652273677196	0.0169793456527085	country	country	NN	belles_lettres	fiction	B2	B	B23	B	Z	Z	Z	Z	Z	 feared most was war or political instability in their own <font color=green>country</font> . The ideal home, they agreed, would be a small private	4	3	116	75	10
country/NN/br-g07/1662	-0.0538127417124643	0.145060251859645	country	country	NN	belles_lettres	fiction	B4	B	B14	B	Z	Z	Z	Z	Z	 viewing a man who had made the fortune of his <font color=green>country</font> , but now is working all night in order to support	1	0	81	0	6
country/NN/br-g07/1993	-0.0249598826675666	0.00113566161884256	country	country	NN	belles_lettres	fiction	B4	B	B14	B	Z	Z	Z	Z	Z	 Hamilton counseled the young nation. This new force, love of <font color=green>country</font> , super-imposed upon- if not displacing- affectionate ties to one 's	3	2	66	67	5
country/NN/br-g07/2023	0.0735034563951572	-0.108686368962391	country	country	NN	belles_lettres	fiction	B4	B	B14	B	Z	Z	Z	Z	Z	 epitomized by Washington. His first inaugural address speaks of`` my <font color=green>country</font>  whose voice I can never hear but with veneration and	4	1	59	25	4
country/NN/br-g10/530	-0.00796815539449706	-0.15799615605198	country	country	NN	belles_lettres	fiction	B	B	B14	B	Z	Z	Z	Z	Z	 it comes to this, I shall prefer emigrating to some <font color=green>country</font>  where they make no pretence of loving liberty- to Russia	2	0	126	0	5
country/NN/br-g11/1229	-0.0576375269950153	0.0347732400437272	country	country	NN	belles_lettres	fiction	B4	B	B14	B	country%1:14:00::	B2	B	BB2	B	 shorter and our present fear of war. We, in our <font color=green>country</font> , think of war as an external threat which, if it	5	4	120	80	8
country/NN/br-g17/2183	0.000594129152360544	-0.0210518785288016	country	country	NN	belles_lettres	fiction	B1	B	B14	B	country%1:15:00::	B1	B	B1	B	 New England as it did in other parts of the <font color=green>country</font> ? Is n't it a bit odd that the three states	3	1	113	33	6
country/NN/br-g17/767	-0.184715750988964	0.087926802121024	country	country	NN	belles_lettres	fiction	B4	B	B14	B	country%1:14:01::	B	B	BB2	B	 all partial or local legislation''. Who will say that our <font color=green>country</font>  is even now a homogeneous community? that regional peculiarities do	4	2	76	50	6
country/NN/br-g18/1249	0.117106417180936	0.174670835626789	country	country	NN	belles_lettres	fiction	B4	B	B14	B	country%1:14:01::;1:15:00::	B	B	BB2	B	 little patience with collective mediocrity. He saw Sweden as a <font color=green>country</font>  of smug and narrow provincialism, indifferent to the heroic spirit	3	0	196	0	7
country/NN/br-g18/1754	-0.127625015662809	0.130327057720536	country	country	NN	belles_lettres	fiction	B4	B	B14	B	country%1:14:01::	B	B	BB2	B	 an invasion of Russia and each brought ruin on the <font color=green>country</font>  that worshipped him. Each is still glorified as a national	3	0	159	0	4
country/NN/br-g21/1021	-0.0331384402412251	0.0128954912320935	country	country	NN	belles_lettres	fiction	B4	B	B14	B	country%1:15:00::	B1	B	B1	B	 by the time the war ended, liberal leadership in this <font color=green>country</font>  was spiritually Marxist. We will recall that the still confident	3	2	128	67	8
country/NN/br-g21/106	-0.0380377121234286	-0.00310348562384769	country	country	NN	belles_lettres	fiction	B4	B	B14	B	country%1:14:01::	B	B	BB2	B	 relationship that he found between religion and politics in this <font color=green>country</font>  and what happened to it. He points out that from	2	2	130	100	8
country/NN/br-g21/15	-0.046465233128132	-0.00155269959688709	country	country	NN	belles_lettres	fiction	B4	B	B14	B	country%1:14:01::	B	B	BB2	B	 pointed up the relation between the Protestant movement in this <font color=green>country</font>  and the development of a social religion, which he called	4	4	169	100	9
country/NN/br-g21/605	-0.0447899769206865	0.0217716776623702	country	country	NN	belles_lettres	fiction	B4	B	B14	B	country%1:14:00::	B2	B	BB2	B	 man? French Egalitarianism had had only nominal influence in this <font color=green>country</font>  before the days of Popularism. The riotous onrush of industrialism	4	1	101	25	6
country/NN/br-g21/964	-0.0475745717942287	0.000110727352100461	country	country	NN	belles_lettres	fiction	B4	B	B14	B	country%1:14:01::	B	B	BB2	B	 peace. The long road that had taken liberals in this <font color=green>country</font>  into the social religion of democracy, into a worship of	5	5	154	100	9
country/NN/br-g23/17	-0.052274796073772	0.0721127009186959	country	country	NN	belles_lettres	fiction	B4	B	B14	B	country%1:14:00::	B2	B	BB2	B	 Woodrow Wilson 's administration, a red scare developed in our <font color=green>country</font> . Many Americans reacted irrationally to the challenge of Russia and	5	2	165	40	8
country/NN/br-g28/1507	0.00272060827316716	0.0343290843201337	country	country	NN	belles_lettres	fiction	A	A	A	A	back_country%1:15:00::	A	A	A	A	 William Byrd described the Lubberlanders he encountered in the back <font color=green>country</font>  of Virginia and North Carolina. The chief literary antecedents of	3	2	123	67	11
country/NN/br-g28/2097	-0.0215879022798051	0.051375466808017	country	country	NN	belles_lettres	fiction	A1	A	A	A	country%1:15:00::	B1	B	B1	B	 as a young man prepared to find in the new <font color=green>country</font>  the setting of romantic adventure and idealized beauty. But Thorpe	3	1	115	33	7
country/NN/br-g43/348	-0.00540407646295909	0.0227203951078557	country	country	NN	belles_lettres	fiction	A	A	A	A	country_doctor%1:18:00::	A	A	A	A	 most unforgettable character I ever met'' deals with village grocers, <font color=green>country</font>  doctors, favorite if illiterate aunts, and so forth. Scientists often	2	1	132	50	8
country/NN/br-k03/1240	0.0887270270803744	0.00746091331300702	country	country	NN	fiction_gral	fiction	A	A	A	A	country%5:00:01:rural:00	A	A	A	A	 sit in the back seat of cars along a dark <font color=green>country</font>  lane. No, they must look the other way and climb	5	2	117	40	8
country/NN/br-k03/444	-0.0447953084162449	0.221127790672266	country	country	NN	fiction_gral	fiction	A	A	A	A	country%5:00:01:rural:00	A	A	A	A	 or his own sentry. He was a wiry, inscrutable, silent <font color=green>country</font>  boy from the red clay of rural Alabama, and he	4	3	168	75	6
country/NN/br-k08/28	0.312243797686619	-0.0208450611377651	country	country	NN	fiction_gral	fiction	A	A	A	A	country%1:15:00::	B1	B	B1	B	 too. But while the two men are riding into the <font color=green>country</font> , where they are going to dinner, they are attacked in	3	2	123	67	2
country/NN/br-k08/558	0.0496393120151975	0.113878350961577	country	country	NN	fiction_gral	fiction	A	A	A	A	country%1:15:00::	B1	B	B1	B	 one day, while on a week 's visit to the <font color=green>country</font>  home of a retired Swiss jeweler, Rousseau amused the company	3	3	149	100	7
country/NN/br-k08/973	0.276144207955639	-0.191347060863907	country	country	NN	fiction_gral	fiction	A	A	A	A	country%1:15:01::	A	A	A	A	 just for this once, for this one weekend in the <font color=green>country</font> , he would make a little piece out of his melodies	3	1	81	33	5
country/NN/br-k17/1967	0.00334155593550704	-0.0145224644119807	country	country	NN	fiction_gral	fiction	B4	B	B14	B	country%1:15:00::	B1	B	B1	B	 wanted was to be a free man in my own <font color=green>country</font> . I 've lost faith, Styka. I used to love this	4	2	69	50	8
country/NN/br-k17/1981	0.0177630335316538	-0.032722499027448	country	country	NN	fiction_gral	fiction	B4	B	B14	B	country%1:15:00::	B1	B	B1	B	 I 've lost faith, Styka. I used to love this <font color=green>country</font>  and believe that someday we 'd win our battle for	2	2	148	100	8
country/NN/br-k22/1652	-0.0264268576821146	0.0934379421866764	country	country	NN	fiction_gral	fiction	A	A	A	A	country%1:15:01::	A	A	A	A	 where she had many friends, but Mr. Flannagan thought the <font color=green>country</font>  would be safer in case of war. She would rather	2	1	53	50	6
country/NN/br-k23/1336	0.0894993286796186	0.0269616919577669	country	country	NN	fiction_gral	fiction	A1	A	A	A	country%1:15:01::	A	A	A	A	 wheel. They rarely spoke. Abel sat and regarded the farm <font color=green>country</font>  which, spreading out from both sides of the road, rolled	3	2	102	67	8
country/NN/br-k25/869	0.0349756715660997	0.19458799932402	country	country	NN	fiction_gral	fiction	B1	B	B14	B	country%1:15:00::	B1	B	B1	B	 shawl over her head, which she had bought in that <font color=green>country</font>  during one of their trips abroad, and handed him a	4	3	118	75	5
country/NN/br-l04/2288	0.060546791597965	0.0467690916729838	country	country	NN	fiction_mystery	fiction	A1	A	A	A	Z	Z	Z	Z	Z	 should never have come out here alone. This is redneck <font color=green>country</font> . Every man in every one of these houses is a	5	3	70	60	8
country/NN/br-l11/1246	0.139103610512394	0.0307423614044856	country	country	NN	fiction_mystery	fiction	A	A	A	A	country%1:15:01::	A	A	A	A	 a manner Esquire might suggest for the outdoor man 's <font color=green>country</font>  weekend. Dark gray sports jacket, lighter gray slacks, pink flannel	2	2	168	100	10
country/NN/br-m04/110	0.108425964466322	0.0219621740530324	country	country	NN	fiction_science	fiction	A	A	A	A	Z	Z	Z	Z	Z	 Okay''.`` Well, let 's take a ground-level look at the <font color=green>country</font>  around here''. The facsiport rolled open on the landscape. A	4	0	78	0	5
country/NN/br-n01/1082	0.0969501079309056	0.106619092716262	country	country	NN	fiction_adventure	fiction	A	A	A	A	Z	Z	Z	Z	Z	 He had seen a few nester wagons go through the <font color=green>country</font> , the families almost starving to death, but he had never	4	2	90	50	6
country/NN/br-n01/113	0.0708322320495774	0.25314517850194	country	country	NN	fiction_adventure	fiction	B1	B	B14	B	Z	Z	Z	Z	Z	 be to sell out to Al Budd and leave the <font color=green>country</font> , but there was a stubborn streak in him that would	1	1	56	100	3
country/NN/br-n01/1326	0.219759299033221	0.213702989974443	country	country	NN	fiction_adventure	fiction	A	A	A	A	Z	Z	Z	Z	Z	 want town work'', Jones said.`` This is a mighty empty <font color=green>country</font> '', Morgan said.`` There 's only one more ranch three miles	5	2	126	40	4
country/NN/br-n01/399	-0.000390707921587777	0.00743365947359936	country	country	NN	fiction_adventure	fiction	B1	B	B14	B	Z	Z	Z	Z	Z	 trick Budd had thought up. No one walked in this <font color=green>country</font> , least of all Ed Dow or Dutch Renfro or any	1	1	102	100	6
country/NN/br-n04/448	-0.00440765420285383	0.0139791450219191	country	country	NN	fiction_adventure	fiction	B1	B	B14	B	Z	Z	Z	Z	Z	 no war on now''.`` You 're wrong, Matt. In this <font color=green>country</font>  there 's a war on every time the grass turns	1	2	130	200	9
country/NN/br-n04/831	-0.00786209818477718	0.00732640574252314	country	country	NN	fiction_adventure	fiction	B1	B	B14	B	Z	Z	Z	Z	Z	 calmly,`` Trouble ai n't easy to dodge out in this <font color=green>country</font> , rev ' rend''. Gray Eyes attacked our camp just as	1	0	134	0	6
country/NN/br-n07/907	0.0362681520029274	0.0557357869006745	country	country	NN	fiction_adventure	fiction	B1	B	B14	B	Z	Z	Z	Z	Z	 to set out to attack the largest mining combination the <font color=green>country</font>  had ever seen if all they wanted was adventure. But	3	2	106	67	7
country/NN/br-n09/1051	-0.24808903203679	0.113429337489103	country	country	NN	fiction_adventure	fiction	A	A	A	A	country%1:15:01::	A	A	A	A	 distant derrick of the wildcat- a test well in unexplored <font color=green>country</font> . And even with her limited knowledge of such things, she	2	0	161	0	5
country/NN/br-n09/492	-0.0113849372784978	0.00843125988213444	country	country	NN	fiction_adventure	fiction	B1	B	B14	B	country%1:15:00::	B1	B	B1	B	 gun- a strange ommission for a peace officer in this <font color=green>country</font> . Never, he 'd once told Joyce, had he encountered any	3	3	131	100	8
country/NN/br-n11/1733	-0.00832531302385432	-0.122975933816288	country	country	NN	fiction_adventure	fiction	B1	B	B14	B	country%1:15:02::	A1	A	A	A	 on a first notice: If you do n't leave this <font color=green>country</font>  within 3 days, your life will be taken the same	1	1	60	100	6
country/NN/br-n11/2133	-0.0537688115932337	0.373218924829575	country	country	NN	fiction_adventure	fiction	A1	A	A	A	country%1:15:02::	A1	A	A	A	 to frighten three rustling homesteaders out of the Upper Laramie <font color=green>country</font>  in a single week.`` My reputation 's my stock in	3	0	135	0	5
country/NN/br-p01/180	-0.00529304185915579	0.113539952756496	country	country	NN	fiction_romance	fiction	A1	A	A	A	old_country%1:15:00::	B1	B	B1	B	 Rossi, that 's what he was called in the old <font color=green>country</font> ; but here he was just Signore or the Old Man	1	0	57	0	5
country/NN/br-p01/465	0.0078710203772059	0.00275963647433082	country	country	NN	fiction_romance	fiction	A1	A	A	A	old_country%1:15:00::	B1	B	B1	B	 she had a part on the stage in the old <font color=green>country</font> , she thought she could carry her head higher than ours	1	0	42	0	7
country/NN/br-p02/1422	0.0076649074374296	0.0828372201799362	country	country	NN	fiction_romance	fiction	B2	B	B23	B	Z	Z	Z	Z	Z	 rates. The East was popularly supposed to have got the <font color=green>country</font>  into war and into depression, dragging the west along; and	4	3	144	75	6
country/NN/br-p03/2318	0.0266539951275275	0.0056244247951737	country	country	NN	fiction_romance	fiction	A	A	A	A	Z	Z	Z	Z	Z	 early summer day as she was walking home from the <font color=green>country</font>  school where she was teaching now that Eph Showers had	3	3	80	100	7
country/NN/br-p05/1375	-0.00256859121986114	0.0215333595555737	country	country	NN	fiction_romance	fiction	B1	B	B14	B	Z	Z	Z	Z	Z	 was learning that so long as she was in this <font color=green>country</font> , and wore civilian dress in the Club, there would always	1	0	99	0	7
country/NN/br-p08/1312	0.0691191420754797	-0.146781521007635	country	country	NN	fiction_romance	fiction	A	A	A	A	Z	Z	Z	Z	Z	 to take them away and put them out in the <font color=green>country</font> , in the kibbutzim. She loved the children. She was a	3	0	123	0	3
country/NN/br-p09/1816	0.0524974921383154	-0.0739040915254871	country	country	NN	fiction_romance	fiction	B4	B	B14	B	country%1:14:00::	B2	B	BB2	B	 arm. He hit the theme about dying to defend your <font color=green>country</font> , and you were ready to do it right then, without	3	2	90	67	7
country/NN/br-p12/2090	0.0390305515656816	0.0412553831839057	country	country	NN	fiction_romance	fiction	B1	B	B14	B	country%1:15:00::	B1	B	B1	B	 him she had met a nice man from his adopted <font color=green>country</font> . And Sam thanked her, and hoped he might meet her	2	0	139	0	6
country/NN/br-r06/1538	0.0873329286013569	-0.0626534147434146	country	country	NN	humor	fiction	B4	B	B14	B	country%1:15:00::	B1	B	B1	B	 too, has undergone a change. It now means, in my <font color=green>country</font> , homosexual'', I said.`` Oh, I forgot to say that if	3	1	21	33	2
country/NN/br-r08/1810	-0.0651598638965604	0.0470876175621113	country	country	NN	humor	fiction	B4	B	B14	B	country%1:15:00::	B1	B	B1	B	 seems to be staging a well deserved comeback. In this <font color=green>country</font> , the two guiding lights are, without doubt, Felix Fing and	2	0	143	0	7
country/NNS/br-f04/226	-0.0700387866214415	0.0587634153389611	country	countries	NNS	popular_lore	fiction	B	B	B14	B	Z	Z	Z	Z	Z	 grades four through eight. From fourteen states and three foreign <font color=green>countries</font>  they come to spend the months from mid-September to June	4	3	150	75	5
country/NNS/br-f14/1851	-0.130954974464968	0.0313579869539337	country	countries	NNS	popular_lore	fiction	B1	B	B14	B	country%1:15:00::	B1	B	B1	B	 of the Jews in Germany and later in the occupied <font color=green>countries</font>  contributed to terrorizing the populations, splitting apart individuals and groups	4	2	247	50	6
country/NNS/br-f14/2054	-0.123065698159202	0.0886661777787738	country	countries	NNS	popular_lore	fiction	B	B	B14	B	country%1:14:00::	B2	B	BB2	B	 to post before the world the contrasting fates of the <font color=green>countries</font>  in which the Final Solution was aided by native Jew	4	3	236	75	5
country/NNS/br-f14/2151	-0.172600926911177	0.0139201291786633	country	countries	NNS	popular_lore	fiction	B1	B	B14	B	country%1:14:00::	B2	B	BB2	B	 Was n't this meaning of Eichmann 's experience in various <font color=green>countries</font>  worth highlighting? As the first collective confrontation of the Nazi	3	2	208	67	5
country/NNS/br-f15/1446	-0.090582806147326	-0.0406831774885467	country	countries	NNS	popular_lore	fiction	B4	B	B14	B	country%1:14:00::	B2	B	BB2	B	 This was generally reflected in the civil laws of Christian <font color=green>countries</font> . Today, the Roman Catholic and Orthodox Churches stand virtually alone	4	4	174	100	11
country/NNS/br-f15/290	-0.104750522335125	0.0560000131774027	country	countries	NNS	popular_lore	fiction	B3	B	B23	B	country%1:14:00::	B2	B	BB2	B	 including birth-control information and material in foreign aid to underdeveloped <font color=green>countries</font> . Where it is not actually erupting, it rumbles and smolders	3	2	190	67	7
country/NNS/br-f23/1716	-0.0329598712722495	0.0085632721086515	country	countries	NNS	popular_lore	fiction	B2	B	B23	B	country%1:14:00::	B2	B	BB2	B	 States- and this purpose may be served very well by <font color=green>countries</font>  that masquerade under a`` neutralist'' mask, yet in fact are	2	0	87	0	6
country/NNS/br-f23/2029	-0.0280871919469213	0.101230932554941	country	countries	NNS	popular_lore	fiction	B2	B	B23	B	country%1:14:00::	B2	B	BB2	B	 a Soviet bridgehead ninety miles off our coast. In some <font color=green>countries</font>  the trend has gone further than others: Mexico, Panama, and	4	3	176	75	7
country/NNS/br-f23/942	0.00910094448058765	0.0110866184503615	country	countries	NNS	popular_lore	fiction	B1	B	B14	B	country%1:14:00::	B2	B	BB2	B	 feed the people''. Add this to the unrest in the <font color=green>countries</font>  around us where oppressed peoples would be ready to turn	5	2	64	40	7
country/NNS/br-g12/2313	-0.186578598124265	0.0564552550778347	country	countries	NNS	belles_lettres	fiction	B4	B	B14	B	country%1:14:00::	B2	B	BB2	B	 the technological and economic revolutions now going on in the <font color=green>countries</font>  of Asia and Africa, and also of course on how	5	4	238	80	6
country/NNS/br-g18/2235	-0.0416958336215952	0.0362086344011442	country	countries	NNS	belles_lettres	fiction	B	B	B14	B	country%1:14:01::	B	B	BB2	B	 a perfect introduction to Swedish history for readers of other <font color=green>countries</font> . Some of the earlier episodes have touches of the supernatural	3	2	186	67	7
country/NNS/br-p08/1533	0.00212924822600526	0.0101882589204751	country	countries	NNS	fiction_romance	fiction	B1	B	B14	B	Z	Z	Z	Z	Z	 at least she could take other children out of their <font color=green>countries</font>  and put them on the farms. She set out to	3	2	88	67	7
