id	model.x	model.y	lemma	pos	genre	broad_genre	marisense	mbroad	mari3	mari2	sensekey	wnsense	wnbroad	wn3	wn2	text	cues	cues_with_weight	mean_weight_x100	wcratio_x100	weighted_cw
church/NN/br-a01/2073	-0.266346283466235	-0.036471668020118	church	NN	press_reportage	press	E	E	DE	CDE	church%1:04:00::	E	E	DE	CDE	 said.`` Being at the polls was just like being at <font color=green>church</font> . I did n't smell a drop of liquor, and we	1	0	198	0	4
church/NN/br-a07/1303	0.0740875489861881	-0.0943855279073966	church	NN	press_reportage	press	A	A	AB	AB	Z	Z	Z	Z	Z	 Africa, the Middle East and Latin America. Interviews with several <font color=green>church</font>  leaders have disclosed that this development has raised the question	3	1	230	33	5
church/NN/br-a07/1325	0.166186701541489	0.00689517764622226	church	NN	press_reportage	press	A	A	AB	AB	Z	Z	Z	Z	Z	 the Peace Corps will be able to prevent confusion for <font color=green>church</font>  and state over methods, means and goals. There are a	4	3	199	75	4
church/NN/br-a07/1487	0.0912560205740456	-0.140998360483688	church	NN	press_reportage	press	A	A	AB	AB	Z	Z	Z	Z	Z	 projects and still preserve the constitutional requirement on separation of <font color=green>church</font>  and state? R. Sargent Shriver Jr., director of the corps	4	1	189	25	6
church/NN/br-a10/1754	0.0873349382733955	-0.0257373427019323	church	NN	press_reportage	press	A	A	AB	AB	Z	Z	Z	Z	Z	 one out of three Americans has vital contact with the <font color=green>church</font> . This means that more than 100 million have no vital	1	1	194	100	4
church/NN/br-a10/1769	0.00885349713721171	0.00867927985345063	church	NN	press_reportage	press	A	A	AB	AB	Z	Z	Z	Z	Z	 more than 100 million have no vital touch with the <font color=green>church</font>  or religious life'', he told delegates Friday. Talking of the	3	2	185	67	6
church/NN/br-a10/1850	0.395067499625144	-0.178987097858091	church	NN	press_reportage	press	C	C	C	CDE	Z	Z	Z	Z	Z	 adding that the denomination had a national goal of one <font color=green>church</font>  for every 10000 persons.`` In this light we need 1000	3	1	159	33	1
church/NN/br-a10/1940	0.204039713646564	-0.0113555192178424	church	NN	press_reportage	press	A	A	AB	AB	Z	Z	Z	Z	Z	 this would necessitate some changes in methods, he said.`` The <font color=green>church</font>  's ability to change her methods is going to determine	1	0	209	0	4
church/NN/br-a16/453	-0.142173481900107	0.0284390294854925	church	NN	press_reportage	press	D	D	DE	CDE	Z	Z	Z	Z	Z	 a small one at noon tomorrow in St. Bernadine 's <font color=green>church</font> , Forest Park. A small reception will follow in the Oak	4	2	228	50	4
church/NN/br-a17/1636	-0.164619145593912	0.0478386640146836	church	NN	press_reportage	press	D	D	DE	CDE	Z	Z	Z	Z	Z	 Gay, who were married Saturday at the Munger Place Methodist <font color=green>Church</font> . Parents of the bride are Mr. and Mrs. Ferris M.	4	3	221	75	4
church/NN/br-a17/1770	-0.216125707674664	0.0967485730104384	church	NN	press_reportage	press	D	D	DE	CDE	Z	Z	Z	Z	Z	 College of Technology, in the chapel of the First Presbyterian <font color=green>Church</font>  of Houston. The bride, daughter of Rhodes Semmes Baker Jr.	2	0	212	0	4
church/NN/br-a17/2228	-0.0227236089305823	0.0329606928844602	church	NN	press_reportage	press	D	D	DE	CDE	Z	Z	Z	Z	Z	 Burgher Jr. seated guests. A reception was held at the <font color=green>church</font> . The First Christian Church of Pampa was the setting for	5	4	269	80	7
church/NN/br-a17/2233	-0.0203395720575785	0.0386458557499403	church	NN	press_reportage	press	D	D	DE	CDE	Z	Z	Z	Z	Z	 A reception was held at the church. The First Christian <font color=green>Church</font>  of Pampa was the setting for the wedding last Sunday	4	2	256	50	6
church/NN/br-a21/677	0.0447859866237303	0.176061637612348	church	NN	press_reportage	press	D	D	DE	CDE	Z	Z	Z	Z	Z	 for 10 a. m. tomorrow in St. Anne 's Catholic <font color=green>Church</font> , 31978 Mound, in Warren. The mother and daughter, who will	4	1	259	25	4
church/NN/br-a22/1206	0.0501388029721342	-0.219839120594832	church	NN	press_reportage	press	B	B	AB	AB	Z	Z	Z	Z	Z	 World War 1,. He was a member of the Baptist <font color=green>church</font> . Survivors include two brothers, C. E. Killingsworth, Atlanta, and John	2	1	227	50	3
church/NN/br-a22/1283	0.0283174279026064	-0.172312159214913	church	NN	press_reportage	press	C	C	C	CDE	Z	Z	Z	Z	Z	 painter. He was a member of the Oakland City Methodist <font color=green>Church</font>  and a native of Atlanta. Funeral services will be at	2	1	227	50	5
church/NN/br-a22/307	0.0160679822874931	0.0649047122015408	church	NN	press_reportage	press	B	B	AB	AB	Z	Z	Z	Z	Z	 challenged by the state. Emory is affiliated with the Methodist <font color=green>Church</font> . Some church leaders, both clerical and lay, have criticized the	4	1	296	25	2
church/NN/br-a22/310	0.0192394642803439	0.0563910876837022	church	NN	press_reportage	press	A	A	AB	AB	Z	Z	Z	Z	Z	 the state. Emory is affiliated with the Methodist Church. Some <font color=green>church</font>  leaders, both clerical and lay, have criticized the university for	5	1	289	20	3
church/NN/br-a31/1395	-0.182536947279221	-0.0188200769031496	church	NN	press_reportage	press	D	D	DE	CDE	Z	Z	Z	Z	Z	 from 4 to 8 p. m. Sunday at First Presbyterian <font color=green>Church</font> . At that time the second half of the Christian Youth	5	0	179	0	3
church/NN/br-a31/1542	0.0861727929453132	-0.465070109715068	church	NN	press_reportage	press	C	C	C	CDE	Z	Z	Z	Z	Z	 he and his wife serve as advisors at First Presbyterian <font color=green>Church</font> . And he wanted to be careful that the kids not	3	0	159	0	1
church/NN/br-a31/1842	0.269705825941501	0.18570085925413	church	NN	press_reportage	press	D	D	DE	CDE	Z	Z	Z	Z	Z	 planned for 10: 50 a. m. Sunday at First Christian <font color=green>Church</font> . It will be the second time the assistant manager of	3	0	250	0	3
church/NN/br-a31/2087	-0.125131048243519	0.106437209520422	church	NN	press_reportage	press	D	D	DE	CDE	Z	Z	Z	Z	Z	 Family'' at 7: 30 p. m. Sunday at Christ Lutheran <font color=green>Church</font> . Mr. and Mrs. George Treadwell will be honored at a	3	0	236	0	3
church/NN/br-a31/2112	-0.0467622829211045	0.0818667713618119	church	NN	press_reportage	press	D	D	DE	CDE	Z	Z	Z	Z	Z	 and program at 6 p. m. Sunday at Trinity Methodist <font color=green>Church</font> . He is the sexton of the church. A family worship	3	0	322	0	2
church/NN/br-a31/2120	0.000661733016624773	0.0186752897338875	church	NN	press_reportage	press	D	D	DE	CDE	Z	Z	Z	Z	Z	 at Trinity Methodist Church. He is the sexton of the <font color=green>church</font> . A family worship service will follow the program at 7	4	1	231	25	5
church/NN/br-a31/2172	-0.0360145068009315	0.0209783223346267	church	NN	press_reportage	press	C	C	C	CDE	Z	Z	Z	Z	Z	 service marking National Family Week. Every family of Riviera Presbyterian <font color=green>Church</font>  has been asked to read the Bible and pray together	6	3	172	50	6
church/NN/br-a31/2212	-0.0464583420144314	-0.0135751176323925	church	NN	press_reportage	press	C	C	C	CDE	Z	Z	Z	Z	Z	 participate. To start the week of special programs at the <font color=green>church</font> , the Rev. John D. Henderson will preach on`` A Successful	4	2	160	50	5
church/NN/br-a31/2241	-0.0259597393903307	-0.304402325641552	church	NN	press_reportage	press	C	C	C	CDE	Z	Z	Z	Z	Z	 40 and 11 a. m. Sunday. New officers of the <font color=green>church</font>  will be ordained and installed at the 7: 30 p.	4	2	152	50	2
church/NN/br-a31/2280	-0.0781399644143304	-0.0287384599760028	church	NN	press_reportage	press	C	C	C	CDE	Z	Z	Z	Z	Z	 held at 6: 15 p. m. Monday and the annual <font color=green>church</font>  picnic at 4 p. m. next Saturday. The week will	3	3	214	100	7
church/NN/br-b08/1866	-0.00352296201918325	0.0144539181757422	church	NN	press_editorial	press	D	D	DE	CDE	Z	Z	Z	Z	Z	 wrote after almost a decade of service to this majestic <font color=green>church</font> .`` Such a church needs vigor and vitality in its rector	2	0	222	0	6
church/NN/br-b08/1871	0.00163460770747452	0.031320747277628	church	NN	press_editorial	press	C	C	C	CDE	Z	Z	Z	Z	Z	 a decade of service to this majestic church.`` Such a <font color=green>church</font>  needs vigor and vitality in its rector and one man	4	2	246	50	4
church/NN/br-b08/1912	0.0598181491906408	-0.108599404102219	church	NN	press_editorial	press	C	C	C	CDE	Z	Z	Z	Z	Z	 stay`` beyond the time that his leadership should benefit'' his <font color=green>church</font> , he wrote,`` for he becomes ordinary''. And so the young	2	1	193	50	4
church/NN/br-b08/2063	0.235743505561719	-0.245803805752226	church	NN	press_editorial	press	C	C	C	CDE	Z	Z	Z	Z	Z	 gives himself to God and to the believers of his <font color=green>church</font>  takes upon himself a life of giving. He does not	4	0	198	0	1
church/NN/br-b08/2245	-0.074300618261796	-0.214630452927511	church	NN	press_editorial	press	E	E	DE	CDE	Z	Z	Z	Z	Z	 them to bestow saintliness upon us in return for ostentatious <font color=green>church</font>  attendance and a few bucks a week, American cash. If	1	0	190	0	2
church/NN/br-b08/2363	-0.109498283399601	-0.00110373524402962	church	NN	press_editorial	press	D	D	DE	CDE	Z	Z	Z	Z	Z	 through him. But how little love we give him. The <font color=green>church</font>  truly is not a rest home for saints, but a	3	1	129	33	3
church/NN/br-b08/834	-0.0917341987798762	-0.0181917109557914	church	NN	press_editorial	press	D	D	DE	CDE	Z	Z	Z	Z	Z	 agreement. I settled it tonight'', he continued.`` I leave this <font color=green>church</font>  with a feeling that a great weight has been lifted	1	0	160	0	4
church/NN/br-b12/2009	-0.0433951218807865	0.0353603285850251	church	NN	press_editorial	press	A	A	AB	AB	Z	Z	Z	Z	Z	 new version retains, however, the old phrase`` angel of the <font color=green>church</font> '' which Biblical scholars have previously interpreted as meaning bishop. This	4	2	199	50	7
church/NN/br-b12/2115	-0.00242523572987209	0.227801852057274	church	NN	press_editorial	press	A	A	AB	AB	Z	Z	Z	Z	Z	 and Greek and other ancient writings, some by the early <font color=green>church</font>  fathers, in themselves called for a restudy of the Bible	5	1	242	20	3
church/NN/br-b12/2217	0.00600021701119441	0.0421799223315765	church	NN	press_editorial	press	B	B	AB	AB	Z	Z	Z	Z	Z	 of a joint committee made up of representatives of the <font color=green>Church</font>  of England, Church of Scotland, Methodist Church, Congregational Union, Baptist	6	1	245	17	5
church/NN/br-b12/2226	0.0225948454698213	0.083988498916072	church	NN	press_editorial	press	B	B	AB	AB	Z	Z	Z	Z	Z	 representatives of the Church of England, Church of Scotland, Methodist <font color=green>Church</font> , Congregational Union, Baptist Union, Presbyterian Church of England, Churches in	7	2	336	29	4
church/NN/br-b12/2235	0.0347094686840901	0.0593765424334474	church	NN	press_editorial	press	B	B	AB	AB	Z	Z	Z	Z	Z	 Church of Scotland, Methodist Church, Congregational Union, Baptist Union, Presbyterian <font color=green>Church</font>  of England, Churches in Wales, Churches in Ireland, Society of	9	3	300	33	5
church/NN/br-b15/1190	-0.397760729071036	0.0495517027693411	church	NN	press_editorial	press	C	C	C	CDE	Z	Z	Z	Z	Z	 El; Rev. DeWitt Clemens, pastor of the Mathewson Street Methodist <font color=green>Church</font> ; Mr. Felix Miranda, of the Imperial Knife Co.; and to	2	1	264	50	2
church/NN/br-b18/1829	0.114714602834969	-0.119318446624932	church	NN	press_editorial	press	C	C	C	CDE	Z	Z	Z	Z	Z	 the Women 's Association of the Trumbull Ave. United Presbyterian <font color=green>Church</font> , considerable use was made of material from The Detroit News	4	1	193	25	3
church/NN/br-b24/1259	0.0207711223122147	-0.0475058456011034	church	NN	press_editorial	press	C	C	C	CDE	Z	Z	Z	Z	Z	 or less native. Sometimes they get their initial experience in <font color=green>church</font>  haflis, conducted by Lebanese and Syrians in the U. S.	2	1	163	50	5
church/NN/br-d01/1628	-0.110108064182852	-0.370067873225785	church	NN	religion	non-fiction	B	B	AB	AB	church%1:14:00::	B	B	AB	AB	 age to whip men into a surrender to a particular <font color=green>church</font>  or church-state''. Apparently he does not intend that those who	3	1	251	33	3
church/NN/br-d02/1641	0.129471851976567	0.236052639170689	church	NN	religion	non-fiction	B	B	AB	AB	church%1:14:00::	B	B	AB	AB	 concerned to stand squarely within the tradition of the apostolic <font color=green>church</font> , they have exhibited no willingness whatever to sacrifice their modernity	2	1	284	50	3
church/NN/br-d02/706	-0.0405937556758619	0.0974373861094208	church	NN	religion	non-fiction	A	A	AB	AB	church%1:14:00::	B	B	AB	AB	 there tends to be an almost complete indifference to the <font color=green>church</font>  and its traditional message of sin and grace. To be	4	4	208	100	7
church/NN/br-d02/786	-0.163335293114882	0.30493117341836	church	NN	religion	non-fiction	A	A	AB	AB	church%1:14:00::	B	B	AB	AB	 longer afford the luxury of such smug indignation? Can the <font color=green>church</font>  risk assuming that the`` folly'' of men is as dear	3	0	280	0	3
church/NN/br-d02/877	0.0442137367204185	0.233629335106798	church	NN	religion	non-fiction	A	A	AB	AB	church%1:14:00::	B	B	AB	AB	 precarious? There is an ancient and venerable tradition in the <font color=green>church</font> ( which derives, however, from the heritage of the Greeks rather	4	3	256	75	3
church/NN/br-d02/923	0.299838520334226	-0.0768679135168873	church	NN	religion	non-fiction	A	A	AB	AB	church%1:14:00::	B	B	AB	AB	 for accomplishing his work in the world. by analogy, the <font color=green>church</font>  also has been regarded as entirely independent of the`` world	3	1	186	33	3
church/NN/br-d02/949	-0.164465076932783	0.216319204910962	church	NN	religion	non-fiction	A	A	AB	AB	church%1:14:00::	B	B	AB	AB	 of requiring nothing from it in order to be the <font color=green>church</font> . But, as Scripture everywhere reminds us, God does have need	2	1	202	50	3
church/NN/br-d02/969	-0.129074680545195	0.195054821157621	church	NN	religion	non-fiction	A	A	AB	AB	church%1:14:00::	B	B	AB	AB	 us, God does have need of his creatures, and the <font color=green>church</font> , a fortiori, can ill afford to do without the talents	4	3	218	75	3
church/NN/br-d03/1080	0.177908095432714	0.084435416380992	church	NN	religion	non-fiction	E	E	DE	CDE	church%1:04:00::	E	E	DE	CDE	 phenomenon of redundancy is that fewer Protestants are going to <font color=green>church</font> . It should be admitted, too, that there is a good	2	1	201	50	4
church/NN/br-d03/1342	-0.0076828244826777	0.0178828321197683	church	NN	religion	non-fiction	E	E	DE	CDE	church%1:06:00::	D	D	DE	CDE	 my experience to find as many men as women in <font color=green>church</font> , and to hear almost everyone in church congregations reciting the	5	2	205	40	7
church/NN/br-d03/1350	-0.0083821176293258	0.0269854438654697	church	NN	religion	non-fiction	E	E	DE	CDE	church%1:06:00::	D	D	DE	CDE	 as women in church, and to hear almost everyone in <font color=green>church</font>  congregations reciting the Latin prayers and responses at Mass. They	5	4	239	80	10
church/NN/br-d03/1871	0.047248640135949	0.11358497450705	church	NN	religion	non-fiction	B	B	AB	AB	catholic_church%1:14:00::	B1	B	AB	AB	 the Sunday Observer implies a kindly recognition that the Catholic <font color=green>Church</font>  is now at least of equal stature in England with	2	2	284	100	7
church/NN/br-d03/1909	0.0227553548202893	0.153538628371462	church	NN	religion	non-fiction	B	B	AB	AB	church_of_england%1:14:00::	B2	B	AB	AB	 non-Catholic) wrote articles in the Observer depicting clergymen of the <font color=green>Church</font>  of England, the Church of Rome and the Nonconformist Church	6	2	286	33	4
church/NN/br-d03/2097	0.0014997227599545	0.102509758421652	church	NN	religion	non-fiction	A	A	AB	AB	church%1:14:00::	B	B	AB	AB	 Canterbury. The good feeling which exists between these two important <font color=green>church</font>  figures is now well known in England. The Holy Sacrifice	4	0	217	0	4
church/NN/br-d03/2336	0.0356683254879059	0.0708447124840025	church	NN	religion	non-fiction	D	D	DE	CDE	catholic_church%1:14:00::	B1	B	AB	AB	 a votive Mass offered for Christian unity at a Catholic <font color=green>church</font>  in Slough during the Church Unity Octave.	2	1	299	50	6
church/NN/br-d03/2341	0.0435423714104645	0.088103070929895	church	NN	religion	non-fiction	A	A	AB	AB	church%1:14:00::	B	B	AB	AB	 Christian unity at a Catholic church in Slough during the <font color=green>Church</font>  Unity Octave.	2	1	317	50	5
church/NN/br-d03/721	-0.0390079216033212	0.270557402628977	church	NN	religion	non-fiction	B	B	AB	AB	church%1:06:00::	D	D	DE	CDE	 crowds going in and out of the Birmingham Oratory( Catholic) <font color=green>Church</font>  on Sunday mornings. She found this a marvel because, as	1	0	279	0	3
church/NN/br-d03/862	0.0215541222692656	0.0174178161591132	church	NN	religion	non-fiction	B	B	AB	AB	church_of_england%1:14:00::	B2	B	AB	AB	 to a newspaper report of the 1961 statistics of the <font color=green>Church</font>  of England, the`` total of confirmed members is 9748000, but	3	2	244	67	5
church/NN/br-d03/883	0.208897133277013	0.296603219119291	church	NN	religion	non-fiction	C	C	C	CDE	church_roll%1:10:00::	C	C	C	CDE	 is 9748000, but only 2887671 are registered on the parochial <font color=green>church</font>  rolls'', and`` over 27 million people in England are baptized	4	3	255	75	3
church/NN/br-d03/899	0.0569335686098373	0.226311998119704	church	NN	religion	non-fiction	B	B	AB	AB	church_of_england%1:14:00::	B2	B	AB	AB	 over 27 million people in England are baptized into the <font color=green>Church</font>  of England, but roughly only a tenth of them continue	3	2	282	67	3
church/NN/br-d03/945	0.0452281124459246	0.0431109926559894	church	NN	religion	non-fiction	B	B	AB	AB	church_of_england%1:14:00::	B2	B	AB	AB	 than an Archbishops' Commission`` reported last month that in the <font color=green>Church</font>  of England alone there are 790 churches which are redundant	1	0	217	0	4
church/NN/br-d04/56	-0.0575231903132891	0.14185952040633	church	NN	religion	non-fiction	A	A	AB	AB	church_father%1:18:00::	A	A	AB	AB	 Jesus Christ the unique and the universal concur. Perhaps no <font color=green>church</font>  father saw this concurrence of the unique and the universal	4	6	234	150	6
church/NN/br-d05/1163	-0.0533406243173007	0.225036219404755	church	NN	religion	non-fiction	B	B	AB	AB	Z	Z	Z	Z	Z	 Parker as the ultra-liberal minister within the pale of a <font color=green>church</font>  which had proclaimed itself the repository of liberality poses a	2	0	233	0	4
church/NN/br-d06/2048	0.0665180256829586	-0.0825099777504413	church	NN	religion	non-fiction	E	E	DE	CDE	Z	Z	Z	Z	Z	 not one of the 70000000 Americans who do not attend <font color=green>church</font> , but who feel that various forms of recreation are more	1	0	189	0	4
church/NN/br-d06/2174	0.0816006114299288	0.0156728325374517	church	NN	religion	non-fiction	C	C	C	CDE	Z	Z	Z	Z	Z	 spiritually. No amount of religious ceremonies or even joining a <font color=green>church</font>  will relieve the gnawing of your`` inner'' space. Why? Because	3	3	241	100	5
church/NN/br-d07/1408	0.256020011643919	-0.035693682912274	church	NN	religion	non-fiction	D	D	DE	CDE	Z	Z	Z	Z	Z	 then jumped; she was fatally injured. The entrance to a <font color=green>church</font>  has been walled up, so that the congregation, most of	2	1	239	50	3
church/NN/br-d07/216	-0.0055945682924063	-0.161827619702693	church	NN	religion	non-fiction	C	C	C	CDE	Z	Z	Z	Z	Z	 of the most wholesome things you could schedule in your <font color=green>church</font>  would thus be a group confessional where people could admit	4	1	172	25	3
church/NN/br-d09/1044	-0.00798785350581937	0.0350617841078136	church	NN	religion	non-fiction	C	C	C	CDE	Z	Z	Z	Z	Z	 such topics as:`` What Christ Means to Me'',`` What the <font color=green>Church</font>  Means to Me'',`` Why Join the Church'',`` The Duties of	3	2	223	67	5
church/NN/br-d09/1054	0.00312801775138733	0.0098858482651032	church	NN	religion	non-fiction	C	C	C	CDE	Z	Z	Z	Z	Z	 Me'',`` What the Church Means to Me'',`` Why Join the <font color=green>Church</font> '',`` The Duties of Church Members'', etc.. Assign a series of	3	3	272	100	6
church/NN/br-d09/1061	0.00636261355614405	0.0105332211661231	church	NN	religion	non-fiction	C	C	C	CDE	Z	Z	Z	Z	Z	 Means to Me'',`` Why Join the Church'',`` The Duties of <font color=green>Church</font>  Members'', etc.. Assign a series of catechism questions to be	4	3	260	75	5
church/NN/br-d09/1260	0.0789954373817406	-0.0455351553277692	church	NN	religion	non-fiction	C	C	C	CDE	Z	Z	Z	Z	Z	 provides a natural transition into the life of the local <font color=green>church</font>  and its organizations. The total process of evangelism reaches the	4	2	176	50	5
church/NN/br-d09/1619	0.131039276945373	-0.0745702253167608	church	NN	religion	non-fiction	C	C	C	CDE	Z	Z	Z	Z	Z	 the group of new members to be put in the <font color=green>church</font>  paper or placed on the bulletin board. Have a fellowship	5	2	273	40	2
church/NN/br-d09/1641	-0.0310006767700175	-0.0115374749053027	church	NN	religion	non-fiction	C	C	C	CDE	Z	Z	Z	Z	Z	 fellowship luncheon or dinner with new members as guests. The <font color=green>church</font>  is`` the family of God''. The members of the`` family	3	3	234	100	6
church/NN/br-d09/1829	0.0663197407546228	-0.00643894258184366	church	NN	religion	non-fiction	C	C	C	CDE	Z	Z	Z	Z	Z	 during the same period there were 1080062 additions. Another major <font color=green>church</font>  body had 4499608 members and twenty years later its membership	5	2	219	40	3
church/NN/br-d09/2026	0.0787328095696105	-0.0161018694644038	church	NN	religion	non-fiction	C	C	C	CDE	Z	Z	Z	Z	Z	 planned and carefully developed. The entire membership of the local <font color=green>church</font>  must be alerted to their part in this dynamic process	3	2	214	67	5
church/NN/br-d09/2040	0.0614301818789632	-0.0646901187196888	church	NN	religion	non-fiction	C	C	C	CDE	Z	Z	Z	Z	Z	 alerted to their part in this dynamic process. If the <font color=green>church</font>  has followed the plan of cultivation of prospects and carried	3	2	209	67	5
church/NN/br-d09/2084	-0.117213458062758	-0.0681221715228193	church	NN	religion	non-fiction	A	A	AB	AB	Z	Z	Z	Z	Z	 under way. Those who enter the front door of the <font color=green>church</font>  intelligently and with Christian dedication will not so easily step	2	1	159	50	4
church/NN/br-d09/2174	0.0108261544378186	-0.016059108439707	church	NN	religion	non-fiction	C	C	C	CDE	Z	Z	Z	Z	Z	 members. The new members justifiably expect some things from their <font color=green>church</font>  family:	3	3	205	100	4
church/NN/br-d09/724	0.0138613543877806	0.0202756396119583	church	NN	religion	non-fiction	C	C	C	CDE	Z	Z	Z	Z	Z	 as well as the program and activities of the local <font color=green>church</font> . The lay leadership of the church may be invited to	5	3	243	60	5
church/NN/br-d09/731	0.0114042267233364	0.0151088213187331	church	NN	religion	non-fiction	C	C	C	CDE	Z	Z	Z	Z	Z	 activities of the local church. The lay leadership of the <font color=green>church</font>  may be invited to speak on the various phases of	2	2	254	100	6
church/NN/br-d09/742	0.0129961288007562	0.0108711384496905	church	NN	religion	non-fiction	C	C	C	CDE	Z	Z	Z	Z	Z	 may be invited to speak on the various phases of <font color=green>church</font>  life, service opportunities, the church school, missions, men 's work	6	2	274	33	7
church/NN/br-d09/749	0.00701549957938289	0.00490400543344668	church	NN	religion	non-fiction	C	C	C	CDE	Z	Z	Z	Z	Z	 on the various phases of church life, service opportunities, the <font color=green>church</font>  school, missions, men 's work, women 's work, youth program	9	3	260	33	7
church/NN/br-d09/775	0.0753588277061369	-0.0390981327821726	church	NN	religion	non-fiction	C	C	C	CDE	Z	Z	Z	Z	Z	 youth program, social activities, and finances. The budget of the <font color=green>church</font>  may be presented and pledges solicited at this session. An	5	4	175	80	4
church/NN/br-d09/825	0.0201534522189923	-0.0250187712340399	church	NN	religion	non-fiction	D	D	DE	CDE	Z	Z	Z	Z	Z	 fourth session may be concluded with a tour of the <font color=green>church</font>  facilities and refreshments. The social time gives an opportunity for	4	3	168	75	7
church/NN/br-d09/837	0.0363254943720032	-0.0122873479925995	church	NN	religion	non-fiction	C	C	C	CDE	Z	Z	Z	Z	Z	 facilities and refreshments. The social time gives an opportunity for <font color=green>church</font>  leaders to become acquainted with the new members. In conducting	5	3	209	60	5
church/NN/br-d09/935	-0.197057447649484	0.155356982772935	church	NN	religion	non-fiction	A	A	AB	AB	Z	Z	Z	Z	Z	 dramatization- for example, in discussing the Lord 's Supper or <font color=green>church</font>  symbolism. Use audio-visual aids. Some excellent filmstrips with recordings and	3	1	221	33	4
church/NN/br-d10/1913	0.0860886392660721	0.113491623025148	church	NN	religion	non-fiction	A	A	AB	AB	Z	Z	Z	Z	Z	 impressive Roman Catholic defense of the practical autonomy of both <font color=green>church</font>  and state. The failure at that time of the Puerto	2	0	231	0	6
church/NN/br-d10/2166	0.0922054355738029	0.120887693724794	church	NN	religion	non-fiction	B	B	AB	AB	Z	Z	Z	Z	Z	 the Christian claim is of considerable significance. The Roman Catholic <font color=green>Church</font>  has excommunicated one of its priests, Father Feeney, for insisting	6	4	268	67	6
church/NN/br-d10/2187	0.0201815103121109	0.365343957569692	church	NN	religion	non-fiction	A	A	AB	AB	Z	Z	Z	Z	Z	 for insisting that there is no salvation outside the visible <font color=green>church</font> . In mentioning this under`` salvation reconsidered'' I do not mean	1	2	305	200	3
church/NN/br-d12/1462	0.0467112807574617	0.0106074181221836	church	NN	religion	non-fiction	A	A	AB	AB	Z	Z	Z	Z	Z	 is discussed must surely be raised. The role of both <font color=green>church</font>  and university as sources of information and settings within which	3	1	162	33	6
church/NN/br-d12/233	0.087159476471013	0.0438499271530973	church	NN	religion	non-fiction	A	A	AB	AB	Z	Z	Z	Z	Z	 social change? What social, ethical and theological insights can the <font color=green>church</font>  and university help him bring to bear upon his situation	5	6	211	120	7
church/NN/br-d12/976	0.0302511134690398	-0.0040906465057537	church	NN	religion	non-fiction	C	C	C	CDE	Z	Z	Z	Z	Z	 social and professional organizations, as citizens and civic leaders, as <font color=green>church</font>  laymen, as university alumni, as newspaper readers, etc.. From such	4	3	214	75	7
church/NN/br-d14/209	0.072528677770376	0.0599644064835161	church	NN	religion	non-fiction	A	A	AB	AB	Z	Z	Z	Z	Z	 of churches. Presumably those who did not have a formal <font color=green>church</font>  connexion had also felt the influence of Christianity to a	3	2	224	67	5
church/NN/br-d14/234	0.0742285795711456	0.0457564251950936	church	NN	religion	non-fiction	C	C	C	CDE	Z	Z	Z	Z	Z	 extent. Many of them had once been members of a <font color=green>church</font>  or at least had been given instruction in Christianity but	3	3	271	100	3
church/NN/br-d14/410	0.0664418921472793	-0.00383079803712644	church	NN	religion	non-fiction	A	A	AB	AB	Z	Z	Z	Z	Z	 be absurd. For instance, we cannot know whether even for <font color=green>church</font>  members the degree of conformity to Christian standards of morality	5	3	225	60	5
church/NN/br-d14/428	0.0343286744745954	-0.0277980822153586	church	NN	religion	non-fiction	C	C	C	CDE	Z	Z	Z	Z	Z	 standards of morality increased or declined as the proportion of <font color=green>church</font>  members in the population rose. The temptation is to say	2	1	239	50	6
church/NN/br-d14/446	0.054186917264851	-0.00457654170686201	church	NN	religion	non-fiction	C	C	C	CDE	Z	Z	Z	Z	Z	 The temptation is to say that, as the percentage of <font color=green>church</font>  members mounted, the degree of discipline exercised by the churches	3	3	202	100	6
church/NN/br-d14/557	0.211697261682287	-0.0604040580758263	church	NN	religion	non-fiction	A	A	AB	AB	Z	Z	Z	Z	Z	 If guilty, the offender might be excluded from membership. As <font color=green>church</font>  membership burgeoned, such measures faded into desuetude. But whether this	2	3	242	150	4
church/NN/br-d14/726	0.154190331907277	0.214569207794237	church	NN	religion	non-fiction	B	B	AB	AB	Z	Z	Z	Z	Z	 stock. By the end of the century the Roman Catholic <font color=green>Church</font>  was beginning to make itself felt, mainly through such institutions	3	2	332	67	3
church/NN/br-d16/1602	0.0928174920961465	0.0427516559872166	church	NN	religion	non-fiction	C	C	C	CDE	Z	Z	Z	Z	Z	 1: 12, 13. You may be very religious, a good <font color=green>church</font>  member, an upright, honest and sincere person; you may be	4	2	218	50	4
church/NN/br-d16/1644	-0.0292703614791384	-0.532352089294879	church	NN	religion	non-fiction	A	A	AB	AB	Z	Z	Z	Z	Z	 and zealously keep all the sacraments and ceremonies of the <font color=green>church</font> ; you may have the final and extreme unction but if	5	1	347	20	1
church/NN/br-d16/1947	-0.0787199200771312	0.17684413763933	church	NN	religion	non-fiction	A	A	AB	AB	Z	Z	Z	Z	Z	 Him. You can ignore His Book, the Bible, and His <font color=green>church</font> . You can laugh at His blood-bought salvation, curse His followers	6	2	223	33	5
church/NN/br-d16/220	0.0941893408137452	0.158991718526451	church	NN	religion	non-fiction	B	B	AB	AB	Z	Z	Z	Z	Z	 a short reading of the Holy Scriptures''. Since the Catholic <font color=green>Church</font>  expresses such desire that the Sacred Scriptures be read, the	4	3	293	75	6
church/NN/br-d17/1073	0.152655942044018	-0.250828824477393	church	NN	religion	non-fiction	C	C	C	CDE	Z	Z	Z	Z	Z	 different, and something important: Ruth Peale, her wide experience in <font color=green>church</font>  work; Sidney Fields, years of experience as a New York	2	2	182	100	3
church/NN/br-e13/272	0.187183587990856	0.156585969166422	church	NN	skill_and_hobbies	non-fiction	B	B	AB	AB	Z	Z	Z	Z	Z	 shifted religions- although the Patriarch, or Pope, of the Orthodox <font color=green>Church</font>  continued to live there, and still does- and became the	3	1	198	33	2
church/NN/br-e13/754	0.186362352190132	-0.343507938533866	church	NN	skill_and_hobbies	non-fiction	D	D	DE	CDE	Z	Z	Z	Z	Z	 the first of which was begun by Constantine, this fourth <font color=green>church</font>  was started by Justinian in 532 and completed twenty years	4	1	132	25	1
church/NN/br-f15/713	0.123734686398868	0.184767652855723	church	NN	popular_lore	fiction	B	B	AB	AB	roman_catholic_church%1:14:00::	B1	B	AB	AB	 permit birth control only for medical reasons. The Roman Catholic <font color=green>Church</font> , however, sanctions a much more liberal policy on family planning	5	3	282	60	4
church/NN/br-f15/754	0.111016861736819	0.122967364964841	church	NN	popular_lore	fiction	B	B	AB	AB	roman_catholic_church%1:14:00::	B1	B	AB	AB	 disagree over the methods to be used. The Roman Catholic <font color=green>Church</font>  sanctions only abstention or the rhythm method, also known as	1	0	288	0	5
church/NN/br-f15/776	0.154228386821571	-0.0604525070677843	church	NN	popular_lore	fiction	A	A	AB	AB	roman_catholic_church%1:14:00::	B1	B	AB	AB	 as the use of the infertile or safe period. The <font color=green>Church</font>  considers this to be the method provided by nature and	3	2	179	67	4
church/NN/br-f15/862	0.233494304894402	0.22892095266409	church	NN	popular_lore	fiction	A	A	AB	AB	roman_catholic_church%1:14:00::	B1	B	AB	AB	 there seems little chance of agreement. The grounds for the <font color=green>Church</font>  's position are Scriptural( Old Testament), the teachings of the	3	1	177	33	2
church/NN/br-f15/882	0.0840664762123606	0.0714252393502925	church	NN	popular_lore	fiction	A	A	AB	AB	roman_catholic_church%1:14:00::	B1	B	AB	AB	 the teachings of the fathers and doctors of the early <font color=green>Church</font> , the unbroken tradition of nineteen centuries, the decisions of the	4	3	188	75	4
church/NN/br-f44/1076	0.135460576635003	0.00310499716494776	church	NN	popular_lore	fiction	C	C	C	CDE	church%1:14:00::	B	B	AB	AB	 and economic level of the congregation; the mission of the <font color=green>church</font>  is actually a process of informal co-optation; the lay ministry	5	2	264	40	4
church/NN/br-f44/1122	0.0666697325067973	-0.0432589123007535	church	NN	popular_lore	fiction	D	D	DE	CDE	church%1:14:00::	B	B	AB	AB	 process of co-optation so long as the environs of the <font color=green>church</font>  provide a sufficient pool of people who can fit the	1	0	153	0	4
church/NN/br-f44/1285	0.104544876349124	0.0187300202129883	church	NN	popular_lore	fiction	C	C	C	CDE	church%1:14:00::	B	B	AB	AB	 co-optation is the principal form of mission in the contemporary <font color=green>church</font> ; economic integration and co-optation are the two methods by which	3	2	211	67	5
church/NN/br-f44/1618	0.115544187558447	0.000556160636198386	church	NN	popular_lore	fiction	C	C	C	CDE	church%1:14:00::	B	B	AB	AB	 in the metropolis. It now becomes evident that the denominational <font color=green>church</font>  is intimately involved with the economy of middle-class culture, for	5	3	175	60	6
church/NN/br-f44/2150	0.0568957265760488	-0.0147812623469211	church	NN	popular_lore	fiction	C	C	C	CDE	church%1:14:00::	B	B	AB	AB	 will occupy our attention under the rubric of the organization <font color=green>church</font> . An understanding of the new role of residential association in	3	3	176	100	6
church/NN/br-f44/368	0.025204350355988	-0.0234355547958873	church	NN	popular_lore	fiction	C	C	C	CDE	church%1:14:00::	B	B	AB	AB	 they can lose higher- and lower status members from the <font color=green>church</font>  without collapsing, but they need adequate recruits for the core	3	2	187	67	6
church/NN/br-f44/647	0.00837766519568296	0.0621180596655915	church	NN	popular_lore	fiction	A	A	AB	AB	church%1:14:00::	B	B	AB	AB	 denominations. There is much talk in theological circles about the`` <font color=green>Church</font>  as Mission'' and the`` Church 's Mission''; theologians have been	4	4	283	100	6
church/NN/br-f44/654	0.00831087993998772	0.0970577754989605	church	NN	popular_lore	fiction	A	A	AB	AB	church%1:14:00::	B	B	AB	AB	 in theological circles about the`` Church as Mission'' and the`` <font color=green>Church</font>  's Mission''; theologians have been stressing the fact that the	4	2	329	50	3
church/NN/br-f44/667	-0.47856471188083	0.287929996033921	church	NN	popular_lore	fiction	A	A	AB	AB	church%1:14:00::	B	B	AB	AB	 's Mission''; theologians have been stressing the fact that the <font color=green>Church</font>  does not exist for its own sake but as a	4	1	253	25	1
church/NN/br-f44/924	0.0790186096310772	-0.00384802894203113	church	NN	popular_lore	fiction	C	C	C	CDE	church%1:14:00::	B	B	AB	AB	 with friendly members the`` contacts with an organization of the <font color=green>church</font> ''( 11.2 per cent of the cases), then a substantial two	3	3	249	100	4
church/NN/br-f44/986	0.00474717659286104	-0.0173542440310818	church	NN	popular_lore	fiction	C	C	C	CDE	church%1:14:00::	B	B	AB	AB	 people; the new people respond in kind by joining the <font color=green>church</font> . Missionary outreach by friendly contact looks somewhat different when one	4	2	182	50	7
church/NN/br-g05/1358	-0.225393631620273	-0.128259332897995	church	NN	belles_lettres	fiction	D	D	DE	CDE	Z	Z	Z	Z	Z	 which contain nine greater alcoves as frescoed and capacious as <font color=green>church</font>  apses. Here, in the old days- when they had come	3	0	131	0	1
church/NN/br-g12/1271	-0.000282571571006332	0.35136525522045	church	NN	belles_lettres	fiction	D	D	DE	CDE	church%1:06:00::	D	D	DE	CDE	 and gestured toward the Madeleine. The classical lines of the <font color=green>church</font>  which Napoleon thought of as a Temple of Glory, dominated	5	2	271	40	3
church/NN/br-g12/1807	-0.334637088149895	-0.0769102319129124	church	NN	belles_lettres	fiction	D	D	DE	CDE	church%1:06:00::	D	D	DE	CDE	 not attractive, but it is deeper. When you pass a <font color=green>church</font>  on an Irish bus, all the hands flurry in the	2	1	210	50	2
church/NN/br-g12/544	-0.271701372840465	-0.0911661152377306	church	NN	belles_lettres	fiction	D	D	DE	CDE	church%1:06:00::	D	D	DE	CDE	 the Madeleine and across to a sidewalk cafe opposite that <font color=green>church</font> . The conversation that ensued may have been engrossing but it	4	3	209	75	5
church/NN/br-h17/1199	0.0258926426057072	-0.099011149584164	church	NN	miscellaneous	non-fiction	C	C	C	CDE	church%1:14:00::	B	B	AB	AB	 because of his willingness to kill in defense of his <font color=green>church</font>  and home. Upon administrative approval of the reclassification, he was	2	1	191	50	5
church/NN/br-h17/1434	0.0713031999120926	-0.0444185264267736	church	NN	miscellaneous	non-fiction	C	C	C	CDE	church%1:14:00::	B	B	AB	AB	 preaching and from 20 to 25 hours per month to <font color=green>church</font>  activities. His claim was therefore`` so highly exaggerated'', the Department	1	1	191	100	5
church/NN/br-j23/1105	0.126706727972602	-0.0346986361875603	church	NN	learned	non-fiction	C	C	C	CDE	church_member%1:18:00::	C	C	C	CDE	 which is reflective of our common religion. Even the non <font color=green>church</font>  members- the freewheelers, marginal religionists and so on- have the	2	1	252	50	2
church/NN/br-j57/2237	-0.0331531221152147	0.228169746196864	church	NN	learned	non-fiction	A	A	AB	AB	church_father%1:18:00::	A	A	AB	AB	 which reached Christianity by the way of Stoicism through the <font color=green>Church</font>  Fathers of Late Antiquity.	3	2	239	67	2
church/NN/br-j57/958	-0.05817757752843	0.0340306356860962	church	NN	learned	non-fiction	A	A	AB	AB	church_father%1:18:00::	A	A	AB	AB	 all possessions. This conception was taken up by the early <font color=green>Church</font>  Fathers and by canon lawyers and theologians in the Middle	5	3	193	60	5
church/NN/br-j58/1496	-0.0209930192289223	-0.135475970509352	church	NN	learned	non-fiction	D	D	DE	CDE	church_bell%1:06:00::	D	D	DE	CDE	 In many Northern towns and cities meetings were held and <font color=green>church</font>  bells were tolled. Such was not the case in Rhode	4	1	175	25	4
church/NN/br-k04/1076	-0.0436106411381795	-0.0369609951262348	church	NN	fiction_gral	fiction	D	D	DE	CDE	church%1:06:00::	D	D	DE	CDE	 There were two liquor saloons not very far from the <font color=green>church</font> , one white, that is conducted for white people with a	4	3	193	75	6
church/NN/br-k04/1117	-0.383538970902488	-0.0406599500207849	church	NN	fiction_gral	fiction	D	D	DE	CDE	church%1:06:00::	D	D	DE	CDE	 of gambling in both. On the other side of the <font color=green>church</font>  was a quiet, well-kept house with shutters and recently painted	4	0	292	0	2
church/NN/br-k04/1145	-0.174514754277474	-0.356584927482199	church	NN	fiction_gral	fiction	C	C	C	CDE	church%1:14:00::	B	B	AB	AB	 it. It was called Kent House. The deacon of the <font color=green>church</font> , Carlson, was its janitor. One of the leading members of	3	0	191	0	2
church/NN/br-k04/1353	-0.0501282003808846	-0.164332778438666	church	NN	fiction_gral	fiction	D	D	DE	CDE	church%1:06:00::	D	D	DE	CDE	 tract of land, and it occurred to him that the <font color=green>church</font>  and the better Negro homes might gradually be moved to	3	1	166	33	3
church/NN/br-k04/1419	-0.0426636822643579	-0.0777589481400338	church	NN	fiction_gral	fiction	C	C	C	CDE	church%1:06:00::	D	D	DE	CDE	 stress, and that was that the contribution to the general <font color=green>church</font>  expenses, the dollar money, had been seriously falling behind in	3	3	182	100	6
church/NN/br-k04/1433	-0.0925275386570261	-0.0947847696555835	church	NN	fiction_gral	fiction	C	C	C	CDE	church%1:06:00::	D	D	DE	CDE	 the dollar money, had been seriously falling behind in this <font color=green>church</font> , and that must be looked after immediately. In fact, he	1	1	177	100	4
church/NN/br-k04/1485	0.0132075003170689	0.03135334204939	church	NN	fiction_gral	fiction	C	C	C	CDE	church%1:06:00::	D	D	DE	CDE	 that clear as this was, they must have a better <font color=green>church</font> , a more business-like conduct of the church organization, and an	2	1	271	50	4
church/NN/br-k04/1493	0.0226546835598953	0.0265268240150359	church	NN	fiction_gral	fiction	C	C	C	CDE	church%1:14:00::	B	B	AB	AB	 have a better church, a more business-like conduct of the <font color=green>church</font>  organization, and an effort to get this religious center out	4	2	258	50	5
church/NN/br-k04/1514	0.0836698651787262	-0.0132668284108959	church	NN	fiction_gral	fiction	C	C	C	CDE	church%1:14:00::	B	B	AB	AB	 out of its rut of wild worship into a modern <font color=green>church</font>  organization. He emphasized to the Presiding Elder the plan of	5	2	230	40	5
church/NN/br-k04/1530	-0.0497777822039109	-0.101117762469642	church	NN	fiction_gral	fiction	D	D	DE	CDE	church%1:06:00::	D	D	DE	CDE	 the Presiding Elder the plan of giving up the old <font color=green>church</font>  and moving across the river. The Presiding Elder was sure	5	1	137	20	2
church/NN/br-k04/1578	-0.0398171169409808	-0.0255404602121493	church	NN	fiction_gral	fiction	D	D	DE	CDE	church%1:06:00::	D	D	DE	CDE	 impossible. The bank which held the mortgage on the old <font color=green>church</font>  declared that the interest was considerably in arrears, and the	2	1	138	50	5
church/NN/br-k04/1634	-0.116367929973069	-0.126821396490215	church	NN	fiction_gral	fiction	D	D	DE	CDE	church%1:06:00::	D	D	DE	CDE	 to colored folk. When it was proposed to rebuild the <font color=green>church</font> , Wilson found that the terms for a new mortgage were	2	0	196	0	4
church/NN/br-k04/1685	0.277507705235483	0.0685126597682486	church	NN	fiction_gral	fiction	D	D	DE	CDE	church%1:06:00::	D	D	DE	CDE	 made to his Deacon Board, he met unanimous opposition. The <font color=green>church</font>  certainly would not be removed. The very proposition was sacrilege	3	0	219	0	3
church/NN/br-k04/1807	-0.135639451857838	-0.114007158631829	church	NN	fiction_gral	fiction	D	D	DE	CDE	church%1:06:00::	D	D	DE	CDE	 of money that has been invested by whites around that <font color=green>church</font> ? Tenements, stores, saloons, some gambling, I hope not too much	5	2	209	40	4
church/NN/br-k04/1874	-0.188291771504167	-0.140753136379995	church	NN	fiction_gral	fiction	D	D	DE	CDE	church%1:06:00::	D	D	DE	CDE	 were you I would just plan to repair the old <font color=green>church</font>  so it would last for five or ten years. By	3	3	206	100	3
church/NN/br-k04/2301	0.0531254533941538	0.0367895415711938	church	NN	fiction_gral	fiction	B	B	AB	AB	methodist_church%1:14:00::	B2	B	AB	AB	 mean practically the end of his career in the Methodist <font color=green>church</font> , if not in all churches.	3	1	183	33	4
church/NN/br-k04/356	-0.0930767333540667	-0.0485917069968896	church	NN	fiction_gral	fiction	C	C	C	CDE	church%1:06:00::	D	D	DE	CDE	 with the whites, especially the rich who partly supported the <font color=green>church</font> . The Deacon Board, headed by a black man named Carlson	7	4	172	57	6
church/NN/br-k04/397	-0.00838693312034774	0.0675117368716642	church	NN	fiction_gral	fiction	C	C	C	CDE	church%1:06:00::	D	D	DE	CDE	 support of the Amen corner. The characteristic thing about this <font color=green>church</font>  was its Amen corner and the weekly religious orgy. A	4	4	214	100	5
church/NN/br-k04/828	-0.0238822539990789	-0.0181883625232637	church	NN	fiction_gral	fiction	C	C	C	CDE	church%1:14:00::	B	B	AB	AB	 the home of one of the old members of the <font color=green>church</font> , a woman named Catt who, as Wilson afterward found, was	2	1	180	50	5
church/NN/br-k04/877	-0.0667045016475424	-0.0511918016968548	church	NN	fiction_gral	fiction	C	C	C	CDE	church%1:14:00::	B	B	AB	AB	 never married, conducting a spotless home and devoted to her <font color=green>church</font> , but a perpetual dissenter and born critic. She soared over	2	1	214	50	5
church/NN/br-k04/923	-0.148772786890612	-0.106084748098993	church	NN	fiction_gral	fiction	D	D	DE	CDE	church%1:06:00::	D	D	DE	CDE	 which she was chief repository. Then Wilson looked over the <font color=green>church</font>  and studied its condition. The salary of the pastor had	3	1	234	33	4
church/NN/br-k04/975	-0.196416442984557	-0.206167830887903	church	NN	fiction_gral	fiction	D	D	DE	CDE	church%1:06:00::	D	D	DE	CDE	 he mentioned this to the Deacons they said nothing. The <font color=green>church</font>  itself must be repaired. It was dirty and neglected. It	3	2	227	67	3
church/NN/br-k06/1056	-0.164112432445711	0.144374667032735	church	NN	fiction_gral	fiction	D	D	DE	CDE	church%1:06:00::	D	D	DE	CDE	 northward to Brooklyn, below Point Peter, he could see the <font color=green>church</font>  spire wherever he looked back. Sometimes they went south and	5	1	169	20	3
church/NN/br-k06/1389	-0.197203437474658	-0.166897318941548	church	NN	fiction_gral	fiction	D	D	DE	CDE	church%1:06:00::	D	D	DE	CDE	 with its peaked lance. Stevie was constantly slipping into the <font color=green>church</font> . He pulled with all his strength at the heavy, brass	3	2	161	67	3
church/NN/br-k06/1473	-0.346866266553624	0.094065698661165	church	NN	fiction_gral	fiction	D	D	DE	CDE	church%1:06:00::	D	D	DE	CDE	 hands tucked under his coattails, and staring into the dark <font color=green>church</font> . The figure was wreathed in an extraordinary luminescence. The boy	3	1	180	33	2
church/NN/br-k06/528	-0.227240450605488	-0.0839275929287277	church	NN	fiction_gral	fiction	D	D	DE	CDE	church%1:06:00::	D	D	DE	CDE	 his head out. There was the slate roof of the <font color=green>church</font> ; ivy climbed the red brick walls like a green scaled	5	3	174	60	6
church/NN/br-k06/571	-0.405925185067509	0.142905112889322	church	NN	fiction_gral	fiction	D	D	DE	CDE	church%1:06:00::	D	D	DE	CDE	 cupboards.`` There 's a tower and a steeple on the <font color=green>church</font>  a million feet high. And the loudest clock in the	3	2	354	67	2
church/NN/br-k06/659	-0.272521384559228	0.144218984951745	church	NN	fiction_gral	fiction	D	D	DE	CDE	church%1:06:00::	D	D	DE	CDE	 Street to Orange Square. The steeple leaned backward, while the <font color=green>church</font>  advanced like a headless creature in a long, shapeless coat	5	0	225	0	3
church/NN/br-k06/852	-0.305861849816073	0.186120532197823	church	NN	fiction_gral	fiction	D	D	DE	CDE	church%1:06:00::	D	D	DE	CDE	 Church with its high steeple and clock. There was no <font color=green>church</font>  like Drew Church, no preacher like Papa, who was intimate	3	1	274	33	3
church/NN/br-k10/1423	0.0392454383499802	-0.0524480257294622	church	NN	fiction_gral	fiction	A	A	AB	AB	church%1:14:00::	B	B	AB	AB	 economics, and social issues that are no concern of the <font color=green>Church</font> ''? And John 's reply was always the same:`` Anything that	5	1	193	20	4
church/NN/br-k10/1445	-0.141129350900091	0.115627370167778	church	NN	fiction_gral	fiction	A	A	AB	AB	church%1:14:00::	B	B	AB	AB	 same:`` Anything that affects souls is the concern of the <font color=green>Church</font> ! We will have righteousness''! Tears burned behind his eyes as	3	2	205	67	5
church/NN/br-k10/1802	-0.0347376544228222	0.305223148832085	church	NN	fiction_gral	fiction	B	B	AB	AB	church_of_rome%1:14:00::	B1	B	AB	AB	 Geneva, saying that he had been a bishop of the <font color=green>Church</font>  of Rome and had been persecuted in Paris for his	2	1	225	50	2
church/NN/br-k10/205	-0.200150358043942	0.0710977906543091	church	NN	fiction_gral	fiction	A	A	AB	AB	church%1:14:00::	B	B	AB	AB	 that the couple would have to be punished if the <font color=green>Church</font>  was to be respected.`` I have told you before, and	2	1	178	50	3
church/NN/br-k10/257	-0.200077907963386	0.279149899818764	church	NN	fiction_gral	fiction	A	A	AB	AB	church%1:14:00::	B	B	AB	AB	 is the answer the ungodly will always make when the <font color=green>Church</font>  points its fingers at their sins. I say to you	3	2	213	67	2
church/NN/br-k10/271	-0.135479800535765	0.174940183693346	church	NN	fiction_gral	fiction	A	A	AB	AB	church%1:14:00::	B	B	AB	AB	 fingers at their sins. I say to you that the <font color=green>Church</font>  will ever decry evil''! John 's reply was like a	3	2	251	67	4
church/NN/br-k10/561	-0.0549404184594523	-0.134376164857452	church	NN	fiction_gral	fiction	A	A	AB	AB	church%1:14:00::	B	B	AB	AB	 weeks before, in early November, without being reconciled to the <font color=green>Church</font> . The canons, in a body, had tried to force him	3	0	141	0	2
church/NN/br-k10/588	-0.0986220447366162	0.215965081113935	church	NN	fiction_gral	fiction	A	A	AB	AB	church%1:14:00::	B	B	AB	AB	 to let them give him the last rites of the <font color=green>Church</font> , but he had died still proclaiming salvation by faith. Burial	3	1	266	33	4
church/NN/br-k10/967	-0.128857778500419	-0.0252072419023928	church	NN	fiction_gral	fiction	D	D	DE	CDE	church%1:06:00::	D	D	DE	CDE	 all the time. Quickening his steps, John entered the vast <font color=green>church</font>  and climbed the tower steps to the bells. Underneath the	6	6	182	100	7
church/NN/br-k13/533	-0.192161633082567	-0.0094605636319413	church	NN	fiction_gral	fiction	D	D	DE	CDE	church%1:06:00::	D	D	DE	CDE	 Harold indicated the photograph on the wall and asked what <font color=green>church</font>  the stone sculpture was in. Eugene told him and he	3	3	193	100	7
church/NN/br-k14/1114	0.192061597007572	-0.097409953317045	church	NN	fiction_gral	fiction	A	A	AB	AB	church%1:14:00::	B	B	AB	AB	 not want my people to get in trouble with the <font color=green>Church</font> ''.`` I am working for the Cardinal of San Dionigi. I'm	3	1	131	33	1
church/NN/br-k14/826	-0.0234814033256721	-0.405859681990408	church	NN	fiction_gral	fiction	D	D	DE	CDE	church%1:06:00::	D	D	DE	CDE	 Jewish section was in Trastevere, near the Tiber at the <font color=green>church</font>  of San Francesco a Ripa. The colony had been small	4	1	225	25	2
church/NN/br-k15/188	-0.0888541862837153	-0.000219244735927497	church	NN	fiction_gral	fiction	D	D	DE	CDE	church%1:06:00::	D	D	DE	CDE	 They held the funeral the next morning from the crossroads <font color=green>church</font>  and buried the little box in the quiet family plot	6	6	206	100	9
church/NN/br-k16/1431	-0.179550088230722	-0.0764236606643531	church	NN	fiction_gral	fiction	D	D	DE	CDE	church%1:06:00::	D	D	DE	CDE	 thickets. Along Wappinger Creek in Dutchess County, past the white <font color=green>church</font>  at Fishkill, past Verplanck 's Point on the east bank	6	5	174	83	5
church/NN/br-k16/2285	-0.10890935400828	-0.0275744712247818	church	NN	fiction_gral	fiction	E	E	DE	CDE	church_service%1:04:00::	E	E	DE	CDE	 him out of some dim corner of memory from a <font color=green>church</font>  service when he was a boy- yes, in a white	1	1	206	100	4
church/NN/br-k16/2298	-0.200433818087829	-0.0835855012402799	church	NN	fiction_gral	fiction	D	D	DE	CDE	church%1:06:00::	D	D	DE	CDE	 service when he was a boy- yes, in a white <font color=green>church</font>  with a thin spur steeple in the patriarchal Hudson Valley	5	3	138	60	3
church/NN/br-k19/168	-0.108059919209518	0.0212121222887813	church	NN	fiction_gral	fiction	A	A	AB	AB	church%1:14:00::	B	B	AB	AB	 for a more exalted office in the hierarchy of the <font color=green>church</font> - his ambitions for the bishopry had died very early in	5	0	134	0	2
church/NN/br-k19/213	0.183744857877738	-0.109508972195153	church	NN	fiction_gral	fiction	A	A	AB	AB	church%1:14:00::	B	B	AB	AB	 of this desire was due to his devotion to the <font color=green>church</font>  and how much was his own ego, demanding to be	1	1	217	100	4
church/NN/br-k25/81	0.0270243313818807	-0.159610576824686	church	NN	fiction_gral	fiction	D	D	DE	CDE	church%1:06:00::	D	D	DE	CDE	 whether a private residence in his Pennsylvania county or a <font color=green>church</font>  in Brazil, without it being obvious that he had done	3	1	156	33	4
church/NN/br-l08/1824	-0.114709085626006	0.298706469520951	church	NN	fiction_mystery	fiction	E	E	DE	CDE	church%1:04:00::	E	E	DE	CDE	 did n't feel good on Sunday, could n't go to <font color=green>church</font> - there 'd be a little argument, but she could be	3	1	224	33	2
church/NN/br-l08/2109	0.116826025227807	-0.0682555465238212	church	NN	fiction_mystery	fiction	C	C	C	CDE	church%1:06:00::	D	D	DE	CDE	 with foreign sounding names, the ones went to the same <font color=green>church</font>  and- Different place, different job, different people, she 'd be	2	1	156	50	5
church/NN/br-m01/1682	0.333362546474493	0.00173978333146585	church	NN	fiction_science	fiction	A	A	AB	AB	church%1:14:00::	B	B	AB	AB	 indicted for price-cutting. Fosterite bishops, after secret conclave, announced the <font color=green>Church</font>  's second Major Miracle: Supreme Bishop Digby had been translated	5	1	182	20	2
church/NN/br-m01/2360	-0.014883601780643	-0.0338882580275536	church	NN	fiction_science	fiction	E	E	DE	CDE	church%1:04:00::	E	E	DE	CDE	 continued most of the week following that ill-starred trip to <font color=green>church</font> , during which period Mike stayed in his room and usually	1	1	148	100	5
church/NN/br-m01/265	0.263539359652445	0.003519797380668	church	NN	fiction_science	fiction	Z	Z	Z	Z	church%1:14:00::	B	B	AB	AB	 was no Martian concept to match it- unless one took`` <font color=green>church</font> '' and`` worship'' and`` God'' and`` congregation'' and many other words	1	1	212	100	3
church/NN/br-p01/1161	-0.219361231904785	-0.0422967276407893	church	NN	fiction_romance	fiction	D	D	DE	CDE	church%1:06:00::	D	D	DE	CDE	 hill, rising with the hill to the top where the <font color=green>church</font>  was and beyond that to the cemetery. Only paved alleyways	7	6	223	86	6
church/NN/br-p01/21	-0.273137765192156	0.0418179244885329	church	NN	fiction_romance	fiction	D	D	DE	CDE	church_tower%1:06:00::	D	D	DE	CDE	 them he could have been the broken bell in the <font color=green>church</font>  tower which rang before and after Mass, and at noon	4	3	281	75	4
church/NN/br-p01/222	-0.0723265940193466	0.0451675549443437	church	NN	fiction_romance	fiction	E	E	DE	CDE	church%1:04:00::	E	E	DE	CDE	 from its elders. Youth obeyed when commanded. It went to <font color=green>church</font>  on Sunday and one Saturday a month went to confession	5	3	252	60	7
church/NN/br-p01/829	-0.148291752838653	-0.241717891354952	church	NN	fiction_romance	fiction	D	D	DE	CDE	church%1:06:00::	D	D	DE	CDE	 to Drexel Street and his back in opposition to the <font color=green>church</font>  behind him. For all he saw or cared to see	5	2	221	40	3
church/NN/br-p03/76	-0.0691131338671375	-0.151778384913719	church	NN	fiction_romance	fiction	E	E	DE	CDE	Z	Z	Z	Z	Z	 to live in California. He 'd mentioned it, himself, at <font color=green>church</font>  and everybody seemed to have the idea that Tolley had	2	1	148	50	3
church/NN/br-p03/933	-0.165960363708129	-0.0357871828071323	church	NN	fiction_romance	fiction	E	E	DE	CDE	Z	Z	Z	Z	Z	 scream. And do n't tell me you did n't at <font color=green>church</font>  Sunday. I heard you''! He really had n't meant to	2	0	107	0	2
church/NN/br-p04/2406	-0.217330850211658	0.0404542863293925	church	NN	fiction_romance	fiction	D	D	DE	CDE	Z	Z	Z	Z	Z	 sky. She felt mindless, walking, and almost easy until the <font color=green>church</font>  spire told her she was near the cemetery, and she	3	1	213	33	3
church/NN/br-p04/2429	-0.403105446279826	-0.123579505441629	church	NN	fiction_romance	fiction	D	D	DE	CDE	Z	Z	Z	Z	Z	 caught herself wondering what she would say to Doaty. Both <font color=green>church</font>  and graveyard were smaller than she remembered them( how many	2	0	210	0	1
church/NN/br-p04/983	-0.438785489897699	0.358447132909168	church	NN	fiction_romance	fiction	D	D	DE	CDE	Z	Z	Z	Z	Z	 beyond the door. To a Blackwell, there was only one <font color=green>church</font> . The cemetery slumbered just behind it, and the way lay	2	1	409	50	1
church/NN/br-p06/425	0.010362017991221	-0.203719796306272	church	NN	fiction_romance	fiction	C	C	C	CDE	Z	Z	Z	Z	Z	 yellow moons.`` How do you do''? she said, semi-professionally.`` Our <font color=green>church</font>  is sponsoring a group of very courageous women up in	2	2	195	100	2
church/NN/br-p09/150	-0.116292965930593	0.0744385197884062	church	NN	fiction_romance	fiction	D	D	DE	CDE	church%1:06:00::	D	D	DE	CDE	 all right. Wednesday nights after youth fellowship. Out of the <font color=green>church</font>  and into his big car, it tooling over the road	4	0	214	0	4
church/NN/br-p12/1014	-0.500307105643405	-0.36646445931376	church	NN	fiction_romance	fiction	D	D	DE	CDE	church%1:06:00::	D	D	DE	CDE	 Then they took a taxi to Trastevere.`` There 's a <font color=green>church</font>  you should see'', she said. And when they stood by	3	1	316	33	1
church/NN/br-p12/1063	-0.228044028915603	-0.0163232726856959	church	NN	fiction_romance	fiction	D	D	DE	CDE	church%1:06:00::	D	D	DE	CDE	 with Alberto. He let her tell him all about the <font color=green>church</font> . Then they had dinner. All evening she was eloquent and	1	0	148	0	2
church/NN/br-p12/1102	-0.234818681716215	0.00117745881072398	church	NN	fiction_romance	fiction	D	D	DE	CDE	church_bell%1:06:00::	D	D	DE	CDE	 in the morning when he woke up at ten the <font color=green>church</font>  bells were ringing. He had never heard so many bells	2	1	188	50	4
church/NN/br-p12/1141	-0.375904742235282	-0.220807331236623	church	NN	fiction_romance	fiction	D	D	DE	CDE	church%1:06:00::	D	D	DE	CDE	 when he had looked up at the obelisk and the <font color=green>church</font>  at the top of the Spanish Steps. It was a	3	1	198	33	1
church/NN/br-p12/1260	-0.0414052911461884	0.079660365335182	church	NN	fiction_romance	fiction	E	E	DE	CDE	church%1:04:00::	E	E	DE	CDE	 snuggled against him, he wondered if she ever went to <font color=green>church</font> . Why did he want her to go to church? he	2	0	278	0	2
church/NN/br-p12/1270	-0.0414052911461884	0.079660365335182	church	NN	fiction_romance	fiction	E	E	DE	CDE	church%1:04:00::	E	E	DE	CDE	 to church. Why did he want her to go to <font color=green>church</font> ? he wondered. Probably because it was a place where she	2	0	278	0	2
church/NN/br-p12/1309	-0.0932165853797019	0.0242488406073683	church	NN	fiction_romance	fiction	E	E	DE	CDE	church%1:04:00::	E	E	DE	CDE	 It was too bad he had no feeling himself for <font color=green>church</font> . Not his poor mother 's fault. She would have been	2	2	135	100	4
church/NN/br-p12/1433	0.100729808935149	0.160462445048338	church	NN	fiction_romance	fiction	C	C	C	CDE	church%1:04:00::	E	E	DE	CDE	 woman though, she would take only what she needed from <font color=green>church</font> . It was too bad he was n't a Catholic himself	3	2	229	67	3
church/NN/br-p12/1559	-0.330845409822691	0.0344453695998811	church	NN	fiction_romance	fiction	E	E	DE	CDE	church%1:04:00::	E	E	DE	CDE	 girl like Carla if she got up and went to <font color=green>church</font> . A half hour later he got her up to go	1	0	185	0	2
church/NN/br-r05/1163	-0.0404757497462548	-0.0093037988511615	church	NN	humor	fiction	C	C	C	CDE	church%1:06:00::	D	D	DE	CDE	 While Henry Morgan was escorting Miss Vera Green from the <font color=green>church</font>  social last Saturday night, a savage dog attacked them and	3	2	203	67	5
church/NNP/br-a17/2134	-0.158679448629421	0.0600069809535186	church	NNP	press_reportage	press	D	D	DE	CDE	Z	Z	Z	Z	Z	 at the ceremony in Slaughter Chapel of the First Baptist <font color=green>Church</font> . Dan Beam presented music and the bride was given in	2	0	283	0	4
church/NNP/br-a18/760	-0.0425071903002251	-0.0344041262370893	church	NNP	press_reportage	press	C	C	C	CDE	Z	Z	Z	Z	Z	 the party. The women 's committee of St. David 's <font color=green>Church</font>  will hold its annual pre-Fair pink parade, a dessert bridge	5	4	258	80	8
church/NNP/br-a31/2143	-0.0907354740098571	-0.0345521751073571	church	NNP	press_reportage	press	C	C	C	CDE	Z	Z	Z	Z	Z	 7: 45 p. m.. The outstanding family of Central Nazarene <font color=green>Church</font>  will be picked by ballot from among eight families during	3	2	273	67	6
church/NNP/br-a35/810	0.0108162282816598	-0.0637869744086023	church	NNP	press_reportage	press	A	A	AB	AB	Z	Z	Z	Z	Z	 deserves closer scrutiny. For while the past needs of the <font color=green>Church</font>  in this country may have been adequately met by collegiate	2	2	221	100	7
church/NNP/br-b08/1804	-0.16264934792197	-0.159545291796336	church	NNP	press_editorial	press	C	C	C	CDE	Z	Z	Z	Z	Z	 his letter of resignation as rector of St. Luke 's <font color=green>Church</font>  in Atlanta. It was the cry of not just one	3	1	328	33	3
church/NNP/br-b12/2221	0.0326557875521626	0.0796693485437021	church	NNP	press_editorial	press	B	B	AB	AB	Z	Z	Z	Z	Z	 committee made up of representatives of the Church of England, <font color=green>Church</font>  of Scotland, Methodist Church, Congregational Union, Baptist Union, Presbyterian Church	9	5	357	56	5
church/NNP/br-b16/1946	-0.06738223434623	-0.0198165726715789	church	NNP	press_editorial	press	Z	Z	Z	Z	Z	Z	Z	Z	Z	 Dirksen and Sen. Douglas. But when you write to Congresswoman <font color=green>Church</font> , bless her heart, your letter is answered fully and completely	1	0	242	0	6
church/NNP/br-b22/1005	0.0664034198929525	-0.0574108935126033	church	NNP	press_editorial	press	A	A	AB	AB	Z	Z	Z	Z	Z	 concern itself directly only with the internal affairs of the <font color=green>Church</font> . As it has turned out, however, the excessive enthusiasm in	2	2	243	100	5
church/NNP/br-b22/1077	-0.0294584221263343	0.00431913489008387	church	NNP	press_editorial	press	A	A	AB	AB	Z	Z	Z	Z	Z	 that Pope John sees the renewal and purification of the <font color=green>Church</font>  as an absolutely necessary step toward Christian unity. Far from	5	1	271	20	6
church/NNP/br-b22/1102	0.0851316376285949	-0.160434125109721	church	NNP	press_editorial	press	A	A	AB	AB	Z	Z	Z	Z	Z	 to the ecumenical task, the Pontiff believes that a revivified <font color=green>Church</font>  is required in order that the whole world may see	5	1	265	20	4
church/NNP/br-b22/1154	0.144864297455853	0.0608715143660716	church	NNP	press_editorial	press	A	A	AB	AB	Z	Z	Z	Z	Z	 be to remove as far as possible whatever in the <font color=green>Church</font>  today stands in the way of unity. Secondly, a whole	1	1	242	100	3
church/NNP/br-b22/1193	-0.0176237076523798	0.0580408271323259	church	NNP	press_editorial	press	A	A	AB	AB	Z	Z	Z	Z	Z	 unity is still very much alive and growing within the <font color=green>Church</font> . The establishment, by the Holy Father, of a permanent Secretariat	3	1	301	33	5
church/NNP/br-b22/1245	0.0195541891090624	-0.0742497574163471	church	NNP	press_editorial	press	B	B	AB	AB	Z	Z	Z	Z	Z	 Churches assembly in New Delhi as`` official'' observers reverses the <font color=green>Church</font>  's earlier stand. The public appeal by the new Vatican	3	1	273	33	8
church/NNP/br-b22/1318	0.0354169914062894	0.0278980935064483	church	NNP	press_editorial	press	B	B	AB	AB	Z	Z	Z	Z	Z	 as directly as anyone the new spirit that pervades the <font color=green>Church</font>  's stance toward the Protestant and Orthodox Churches. Noting all	3	1	282	33	7
church/NNP/br-d03/1914	0.010706877829457	0.10785625047489	church	NNP	religion	non-fiction	B	B	AB	AB	group%1:03:00::	C	C	C	CDE	 the Observer depicting clergymen of the Church of England, the <font color=green>Church</font>  of Rome and the Nonconformist Church. The Catholic priest, though	5	2	413	40	6
church/NNP/br-d03/1920	0.0186114392235343	0.12056515766225	church	NNP	religion	non-fiction	B	B	AB	AB	group%1:03:00::	C	C	C	CDE	 Church of England, the Church of Rome and the Nonconformist <font color=green>Church</font> . The Catholic priest, though somewhat superficially drawn, easily came out	5	3	384	60	6
church/NNP/br-d03/2022	0.0360491860004305	0.179056741333871	church	NNP	religion	non-fiction	B	B	AB	AB	group%1:03:00::	C	C	C	CDE	 comments were equally made by an Anglican parson, a Free <font color=green>Church</font>  minister and a Catholic priest. Catholic priests have frequently appeared	3	2	417	67	7
church/NNP/br-d03/91	0.0820003148803482	0.0583873805019627	church	NNP	religion	non-fiction	A	A	AB	AB	group%1:03:00::	C	C	C	CDE	 the religious sphere so popularly discussed as Christian unity. The <font color=green>Church</font>  Unity Octave, January 18- 25, was enthusiastically devoted to prayer	5	3	303	60	6
church/NNP/br-d05/1515	0.0863007955970709	0.294985537527548	church	NNP	religion	non-fiction	C	C	C	CDE	Z	Z	Z	Z	Z	 the world-at-large, disguised as the minister of a`` twenty-eighth Congregational <font color=green>Church</font> '' which bore no resemblance to the Congregational polities descended from	2	3	442	150	6
church/NNP/br-d05/207	-0.00650251490601292	-0.0480475715278957	church	NNP	religion	non-fiction	C	C	C	CDE	Z	Z	Z	Z	Z	 existed for their returning the Public Lecture to the First <font color=green>Church</font> , and so to suppress it, rather than let Parker use	2	1	218	50	5
church/NNP/br-d09/1115	0.0293600840402961	0.0270686821672704	church	NNP	religion	non-fiction	A	A	AB	AB	Z	Z	Z	Z	Z	 Reception Service. There is a growing conviction among pastors and <font color=green>Church</font>  leaders that all those who come into the fellowship of	3	2	267	67	5
church/NNP/br-d09/1127	0.0103643866795098	-0.0384089812051608	church	NNP	religion	non-fiction	C	C	C	CDE	Z	Z	Z	Z	Z	 that all those who come into the fellowship of the <font color=green>Church</font>  need preparatory training, including those coming by transfer of membership	3	2	224	67	7
church/NNP/br-d09/1156	0.0212965368814076	-0.239847066229162	church	NNP	religion	non-fiction	A	A	AB	AB	Z	Z	Z	Z	Z	 There is danger in trying to make admission to the <font color=green>Church</font>  so easy and painless that people will scarcely know that	1	1	309	100	4
church/NNP/br-d09/129	-0.0143551125379286	0.0756979923582338	church	NNP	religion	non-fiction	A	A	AB	AB	Z	Z	Z	Z	Z	 one-third of those visited make commitments to Christ and the <font color=green>Church</font> . The pastor and the Membership Preparation and Assimilation Committee must	2	1	371	50	6
church/NNP/br-d09/1297	-0.00107804581228616	0.00668626441239228	church	NNP	religion	non-fiction	B	B	AB	AB	Z	Z	Z	Z	Z	 faith and to be received into the fellowship of the <font color=green>Church</font> . This should be a high moment in their lives, a	2	2	301	100	6
church/NNP/br-d09/1404	0.0279094559596683	-0.0134454525585347	church	NNP	religion	non-fiction	A	A	AB	AB	Z	Z	Z	Z	Z	 to determine the attitude of the new members toward the <font color=green>Church</font> . It can mean the difference between participation and inaction, spiritual	5	4	226	80	7
church/NNP/br-d09/1436	0.0131069898663225	-0.0116025878345654	church	NNP	religion	non-fiction	A	A	AB	AB	Z	Z	Z	Z	Z	 natural and logical time to receive new members into the <font color=green>Church</font> . The atmosphere for this momentous experience can be created most	3	3	226	100	8
church/NNP/br-d09/1708	0.0318027144382242	-0.0565125330196711	church	NNP	religion	non-fiction	A	A	AB	AB	Z	Z	Z	Z	Z	 be a participant. Yet the most difficult problem in the <font color=green>Church</font>  's program of evangelism is right at this point- helping	1	0	176	0	4
church/NNP/br-d09/172	0.0444651339436384	0.0136409265330705	church	NNP	religion	non-fiction	A	A	AB	AB	Z	Z	Z	Z	Z	 determine their interest and participation in the life of the <font color=green>Church</font> . Neglect means spiritual paralysis or death. Churches that have a	3	2	238	67	7
church/NNP/br-d09/1774	-0.0143013349204433	-0.0629046381162837	church	NNP	religion	non-fiction	C	C	C	CDE	Z	Z	Z	Z	Z	 that nearly 40 per cent of those who joined the <font color=green>Church</font>  were lost to the Church within seven years. One denomination	3	2	236	67	4
church/NNP/br-d09/1779	0.0547715909903789	-0.0584042945433047	church	NNP	religion	non-fiction	C	C	C	CDE	Z	Z	Z	Z	Z	 of those who joined the Church were lost to the <font color=green>Church</font>  within seven years. One denomination had a membership of 1419833	4	3	344	75	3
church/NNP/br-d09/2131	0.115498822570433	0.0545458435335012	church	NNP	religion	non-fiction	A	A	AB	AB	Z	Z	Z	Z	Z	 the meaning of Christian discipleship. When they unite with the <font color=green>Church</font>  they must find in this fellowship the satisfaction of their	3	1	346	33	5
church/NNP/br-d09/2155	0.0430039028584848	-0.00628046778494171	church	NNP	religion	non-fiction	A	A	AB	AB	Z	Z	Z	Z	Z	 needs or they will never mature into effective Christians. The <font color=green>Church</font>  expects certain things of those who become members. The new	5	4	251	80	6
church/NNP/br-d09/231	0.0923044957397997	-0.0439145423242055	church	NNP	religion	non-fiction	A	A	AB	AB	Z	Z	Z	Z	Z	 It is important that persons desiring to unite with the <font color=green>Church</font>  be prepared for this experience so that it may be	3	3	315	100	5
church/NNP/br-d09/262	0.0776770858431524	0.0268516245693378	church	NNP	religion	non-fiction	A	A	AB	AB	Z	Z	Z	Z	Z	 to ask a person to take the sacred vows of <font color=green>Church</font>  membership before he has been carefully instructed concerning their implications	5	4	355	80	7
church/NNP/br-d09/276	0.021299581589354	-0.0392106700144366	church	NNP	religion	non-fiction	B	B	AB	AB	Z	Z	Z	Z	Z	 he has been carefully instructed concerning their implications. Preparation for <font color=green>Church</font>  membership begins immediately after the commitment is received. The pastor	4	1	362	25	8
church/NNP/br-d09/39	0.171605345478049	0.0615128993299035	church	NNP	religion	non-fiction	A	A	AB	AB	Z	Z	Z	Z	Z	 to achieve Christian stature, it is an indictment of the <font color=green>Church</font> . These fatalities are dramatic evidence of`` halfway evangelism'', a failure	4	2	304	50	5
church/NNP/br-d09/515	-0.00740006940610056	-0.00262119351412897	church	NNP	religion	non-fiction	A	A	AB	AB	Z	Z	Z	Z	Z	 require more. None should ask less. Those who join the <font color=green>Church</font>  need to be instructed in the faith and the meaning	3	3	289	100	7
church/NNP/br-d09/544	0.152760606777511	-0.0174974540215097	church	NNP	religion	non-fiction	A	A	AB	AB	Z	Z	Z	Z	Z	 sacred vows. They will have a greater appreciation for the <font color=green>Church</font>  and a deeper devotion to it if membership requires something	2	1	378	50	4
church/NNP/br-d09/6	0.0641632364637645	-0.138987628349381	church	NNP	religion	non-fiction	A	A	AB	AB	Z	Z	Z	Z	Z	 Few persons who join the <font color=green>Church</font>  are insincere. They earnestly desire to do the will of	2	1	342	50	3
church/NNP/br-d09/624	0.0337705366668867	0.00313445791914518	church	NNP	religion	non-fiction	C	C	C	CDE	Z	Z	Z	Z	Z	 cover four major areas: The Christian Faith History of the <font color=green>Church</font>  Duties of Church Membership The Local Church and Its Program	4	4	284	100	8
church/NNP/br-d09/627	0.0271060675349994	0.00236194200868676	church	NNP	religion	non-fiction	C	C	C	CDE	Z	Z	Z	Z	Z	 areas: The Christian Faith History of the Church Duties of <font color=green>Church</font>  Membership The Local Church and Its Program Following each instruction	4	4	339	100	8
church/NNP/br-d09/631	0.0287850830203982	-0.00915311272847406	church	NNP	religion	non-fiction	C	C	C	CDE	Z	Z	Z	Z	Z	 History of the Church Duties of Church Membership The Local <font color=green>Church</font>  and Its Program Following each instruction period a piece of	4	4	312	100	8
church/NNP/br-d14/1311	-0.0111160973419895	0.0330384662699055	church	NNP	religion	non-fiction	B	B	AB	AB	Z	Z	Z	Z	Z	 men and women of New England ancestry also issued the <font color=green>Church</font>  of Jesus Christ of Latter Day Saints, the Seventh Day	7	3	260	43	7
church/NNP/br-e13/1916	-0.0938184087169197	-0.0772717161049045	church	NNP	skill_and_hobbies	non-fiction	D	D	DE	CDE	Z	Z	Z	Z	Z	 a road toward another gate in the distance, past the <font color=green>Church</font>  of St. Irene, completed by Constantine in 330 A. D.	3	3	257	100	5
church/NNP/br-g02/1539	0.129235907537172	0.142385348619414	church	NNP	belles_lettres	fiction	A	A	AB	AB	Z	Z	Z	Z	Z	 and influence of such other claimants for loyalty as the <font color=green>Church</font> . The breakup of the Holy Roman Empire and the downfall	4	2	307	50	3
church/NNP/br-j25/691	0.186767018925465	0.00739595512449476	church	NNP	learned	non-fiction	B	B	AB	AB	Z	Z	Z	Z	Z	 indicators of expected adherence to group norms. However, because of <font color=green>Church</font>  laws, lately more stringently enforced, which forbid the marriage of	5	4	301	80	5
church/NNP/br-j57/304	-0.00700704109759626	0.146636884918069	church	NNP	learned	non-fiction	B	B	AB	AB	group%1:03:00::	C	C	C	CDE	 Indeed, it is even surprising in the Canon of Christ <font color=green>Church</font>  and Regius Professor of Ecclesiastical History, who fathered this most	3	1	332	33	4
church/NNP/br-k04/233	-0.0756647317830992	-0.0946525080519104	church	NNP	fiction_gral	fiction	D	D	DE	CDE	group%1:03:00::	C	C	C	CDE	 of this crowded region was the Allen African Methodist Episcopal <font color=green>Church</font> . It was an old and dirty wooden structure, sadly in	4	3	284	75	7
church/NNP/br-k06/1930	0.127298385013267	0.117338241535518	church	NNP	fiction_gral	fiction	D	D	DE	CDE	group%1:03:00::	C	C	C	CDE	 strike the steeples of the other churches; not of Drew <font color=green>Church</font> . A flash illumined the trees as a crooked bolt twigged	2	1	326	50	3
church/NNP/br-k06/698	-0.0502747253430476	0.0397669115855501	church	NNP	fiction_gral	fiction	D	D	DE	CDE	group%1:03:00::	C	C	C	CDE	 the foothills, was the city of God. The Dutch Reformed <font color=green>Church</font> , with two steeples and its own school was on Main	4	1	166	25	3
church/NNP/br-k06/714	-0.051856972201848	0.0379606489442386	church	NNP	fiction_gral	fiction	D	D	DE	CDE	group%1:03:00::	C	C	C	CDE	 and its own school was on Main Street; the Episcopal <font color=green>Church</font>  was one block down Sussex Street; the Catholic Saint Mary's	4	2	245	50	5
church/NNP/br-k06/726	-0.0872267002410072	0.133306885059033	church	NNP	fiction_gral	fiction	D	D	DE	CDE	group%1:03:00::	C	C	C	CDE	 was one block down Sussex Street; the Catholic Saint Mary's <font color=green>Church</font> , with an even taller steeple and a cross on top	5	1	347	20	4
church/NNP/br-k06/841	-0.0933065249896167	0.0855014231645178	church	NNP	fiction_gral	fiction	D	D	DE	CDE	group%1:03:00::	C	C	C	CDE	 became familiar with God, who resided chiefly in Drew Centennial <font color=green>Church</font>  with its high steeple and clock. There was no church	3	2	305	67	5
church/NNP/br-k06/855	-0.0960550180059329	0.0996064783144745	church	NNP	fiction_gral	fiction	D	D	DE	CDE	group%1:03:00::	C	C	C	CDE	 high steeple and clock. There was no church like Drew <font color=green>Church</font> , no preacher like Papa, who was intimate with Him, and	2	1	376	50	5
church/NNP/br-k10/1229	-0.0766110376187096	-0.0462701539261509	church	NNP	fiction_gral	fiction	B	B	AB	AB	group%1:03:00::	C	C	C	CDE	 smashing images and tearing down symbols sacred to the Old <font color=green>Church</font> . John found it difficult, but he held him in check	4	3	289	75	9
church/NNS/br-a09/1417	-0.0342115120170762	-0.162948688127544	church	NNS	press_reportage	press	D	D	DE	CDE	Z	Z	Z	Z	Z	 will feature row houses, garden apartments, four small parks, schools, <font color=green>churches</font> , a shopping center and several small clusters of stores. The	7	4	269	57	5
church/NNS/br-a10/1674	-0.0155600270839494	-0.0438652385836331	church	NNS	press_reportage	press	D	D	DE	CDE	Z	Z	Z	Z	Z	 need for their forthcoming program,`` Breakthrough'' scheduled to fill the <font color=green>churches</font>  for the next two years. In his opening address Wednesday	5	4	197	80	6
church/NNS/br-a10/1831	-0.0905540150208519	-0.18287891677559	church	NNS	press_reportage	press	C	C	C	CDE	Z	Z	Z	Z	Z	 with this challenge''.`` In 35 years we have opened 7000 <font color=green>churches</font> '', the Rev. Mr. Brandt said, adding that the denomination had	3	1	264	33	3
church/NNS/br-a10/1863	0.177461024276342	-0.178477181498274	church	NNS	press_reportage	press	C	C	C	CDE	Z	Z	Z	Z	Z	 for every 10000 persons.`` In this light we need 1000 <font color=green>churches</font>  in Illinois, where we have 200; 800 in Southern New	3	2	224	67	2
church/NNS/br-a10/1918	0.0016876725846446	-0.052052974761655	church	NNS	press_reportage	press	C	C	C	CDE	Z	Z	Z	Z	Z	 Brandt suggested the vision of 8000 new Assemblies of God <font color=green>churches</font>  in the next 10 years. To accomplish this would necessitate	3	2	241	67	6
church/NNS/br-a10/1980	0.0381844141873274	-0.00681166103544063	church	NNS	press_reportage	press	C	C	C	CDE	Z	Z	Z	Z	Z	 includes: Encouraging by every means, all existing Assemblies of God <font color=green>churches</font>  to start new churches. Engaging mature, experienced men to pioneer	6	2	296	33	10
church/NNS/br-a10/1984	0.0210380126784573	-0.00915411601412397	church	NNS	press_reportage	press	C	C	C	CDE	Z	Z	Z	Z	Z	 means, all existing Assemblies of God churches to start new <font color=green>churches</font> . Engaging mature, experienced men to pioneer or open new churches	6	4	307	67	9
church/NNS/br-a10/1996	0.0322055611423238	-0.0432980635628346	church	NNS	press_reportage	press	C	C	C	CDE	Z	Z	Z	Z	Z	 churches. Engaging mature, experienced men to pioneer or open new <font color=green>churches</font>  in strategic population centers. Surrounding pioneer pastors with vocational volunteers	7	3	318	43	10
church/NNS/br-a10/2022	0.00637565326160692	-0.0373083200259	church	NNS	press_reportage	press	C	C	C	CDE	Z	Z	Z	Z	Z	 will be urged to move into the area of new <font color=green>churches</font>  in the interest of lending their support to the new	2	3	216	150	7
church/NNS/br-a10/2051	-0.0457183761518544	-0.0927510709487999	church	NNS	press_reportage	press	C	C	C	CDE	Z	Z	Z	Z	Z	 to spend from 6- 12 months as apprentices in well-established <font color=green>churches</font> . U. S. Dist. Judge Charles L. Powell denied all motions	2	0	215	0	5
church/NNS/br-a31/1594	0.0409068266952813	-0.0910641772397677	church	NNS	press_reportage	press	C	C	C	CDE	Z	Z	Z	Z	Z	 than 300 top teenagers and 65 adult advisers from Presbyterian <font color=green>churches</font>  of the area sat enthralled at the four-hour program. This	4	3	241	75	5
church/NNS/br-a31/1753	0.0987861031198836	-0.131752587783767	church	NNS	press_reportage	press	C	C	C	CDE	Z	Z	Z	Z	Z	 Auditorium may be set up soon. And to encourage other <font color=green>churches</font>  to try their own programs, Kern said this Sunday 's	3	2	214	67	3
church/NNS/br-a31/1806	0.00337229523347413	-0.0151129685113862	church	NNS	press_reportage	press	D	D	DE	CDE	Z	Z	Z	Z	Z	 special services marking National Christian Family Week in Miami area <font color=green>churches</font>  next week. Of particular meaning to the Charles MacWhorter family	4	3	185	75	11
church/NNS/br-b04/1480	-0.0503344322527506	-0.0199032864311033	church	NNS	press_editorial	press	C	C	C	CDE	Z	Z	Z	Z	Z	 his money and his name: Does it assail schools and <font color=green>churches</font>  with blanket accusations? Does it attack other traditional American institutions	4	3	229	75	6
church/NNS/br-b12/2239	0.0217252148217598	0.0347741417266406	church	NNS	press_editorial	press	B	B	AB	AB	Z	Z	Z	Z	Z	 Methodist Church, Congregational Union, Baptist Union, Presbyterian Church of England, <font color=green>Churches</font>  in Wales, Churches in Ireland, Society of Friends, British and	7	0	273	0	6
church/NNS/br-b12/2243	0.0167502638566604	0.0286086326593499	church	NNS	press_editorial	press	B	B	AB	AB	Z	Z	Z	Z	Z	 Union, Baptist Union, Presbyterian Church of England, Churches in Wales, <font color=green>Churches</font>  in Ireland, Society of Friends, British and Foreign Bible Society	2	0	271	0	6
church/NNS/br-b22/1233	0.0457190325199447	-0.0756675804156704	church	NNS	press_editorial	press	B	B	AB	AB	Z	Z	Z	Z	Z	 of five Catholic theologians to attend the World Council of <font color=green>Churches</font>  assembly in New Delhi as`` official'' observers reverses the Church	5	2	287	40	6
church/NNS/br-b22/1326	0.158806461832759	0.15833501973691	church	NNS	press_editorial	press	B	B	AB	AB	Z	Z	Z	Z	Z	 pervades the Church 's stance toward the Protestant and Orthodox <font color=green>Churches</font> . Noting all the difficulties that stand in the way of	2	1	324	50	4
church/NNS/br-c08/1853	0.0607038604375529	0.0326219789634577	church	NNS	press_reviews	press	C	C	C	CDE	Z	Z	Z	Z	Z	 the early jazz forms and the music of the Negro <font color=green>churches</font> . To help him on this religious aspect of primitive jazz	4	3	253	75	6
church/NNS/br-d02/548	0.100285732677153	-0.0107221943802687	church	NNS	religion	non-fiction	B	B	AB	AB	church%1:14:00::	B	B	AB	AB	 observed to characterize the preaching and teaching of the American <font color=green>churches</font> . In the absence of a truly adequate conceptuality in which	3	1	235	33	7
church/NNS/br-d03/1011	0.143875966790317	-0.219293642565184	church	NNS	religion	non-fiction	D	D	DE	CDE	church%1:06:00::	D	D	DE	CDE	 often, the sale of 764 chapels''. Most of these former <font color=green>churches</font>  are now used as warehouses, but`` neither Anglicans nor Nonconformists	3	1	215	33	2
church/NNS/br-d03/1027	0.10869065721358	0.165237682997474	church	NNS	religion	non-fiction	D	D	DE	CDE	church%1:06:00::	D	D	DE	CDE	 as warehouses, but`` neither Anglicans nor Nonconformists object to selling <font color=green>churches</font>  to Roman Catholics'', and have done so. While it must	2	1	308	50	4
church/NNS/br-d03/1051	0.0537782931990515	0.00688249527585751	church	NNS	religion	non-fiction	D	D	DE	CDE	church%1:06:00::	D	D	DE	CDE	 be said that these same Protestants have built some new <font color=green>churches</font>  during this period, and that religious population shifts have emptied	4	4	247	100	7
church/NNS/br-d03/1063	0.0775870752386934	0.00236652395241315	church	NNS	religion	non-fiction	C	C	C	CDE	church%1:06:00::	D	D	DE	CDE	 during this period, and that religious population shifts have emptied <font color=green>churches</font> , a principal reason for this phenomenon of redundancy is that	5	4	283	80	7
church/NNS/br-d03/110	0.0425199774998823	0.00301184534790297	church	NNS	religion	non-fiction	C	C	C	CDE	church%1:14:00::	B	B	AB	AB	 was enthusiastically devoted to prayer and discussion by the various <font color=green>churches</font> . Many people seem hopeful, yet it is difficult to predict	5	4	258	80	6
church/NNS/br-d03/1472	0.0788269610907187	0.223130895781292	church	NNS	religion	non-fiction	E	E	DE	CDE	church%1:06:00::	D	D	DE	CDE	 thy Son''. A hymn often to be heard in Catholic <font color=green>churches</font>  is`` Faith of our Fathers'', which glories in England 's	3	1	242	33	2
church/NNS/br-d03/1884	0.045806108647426	0.0784461641623624	church	NNS	religion	non-fiction	B	B	AB	AB	church%1:14:00::	B	B	AB	AB	 at least of equal stature in England with the Protestant <font color=green>churches</font> . On successive Sundays during October, 1960, Paul Ferris( a non-Catholic	2	2	313	100	6
church/NNS/br-d03/313	0.0651192808202199	0.0932858053846302	church	NNS	religion	non-fiction	B	B	AB	AB	anglican_church%1:14:00::	B2	B	AB	AB	 saying and writing and implying about the Roman and Anglican <font color=green>Churches</font>  and about the present religious state of England. Since the	5	3	348	60	3
church/NNS/br-d03/35	0.0405740184177073	0.0641225701692259	church	NNS	religion	non-fiction	B	B	AB	AB	anglican_church%1:14:00::	B2	B	AB	AB	 efforts of only unauthorized individuals of the Roman and Anglican <font color=green>Churches</font> , and urging a communion of prayer unacceptable to Rome, this	5	3	305	60	6
church/NNS/br-d03/779	0.0584583735097707	0.102578942129726	church	NNS	religion	non-fiction	D	D	DE	CDE	church%1:06:00::	D	D	DE	CDE	 less than ten. From many sides come remarks that Protestant <font color=green>churches</font>  are badly attended and the large medieval cathedrals look all	4	2	302	50	6
church/NNS/br-d03/849	0.0314617423613944	-0.0144036630085572	church	NNS	religion	non-fiction	C	C	C	CDE	church%1:06:00::	D	D	DE	CDE	 admit the great falling off in effective membership in their <font color=green>churches</font> . According to a newspaper report of the 1961 statistics of	2	2	250	100	7
church/NNS/br-d03/929	0.0155573716700464	-0.107661040985471	church	NNS	religion	non-fiction	C	C	C	CDE	church%1:06:00::	D	D	DE	CDE	 the Manchester Guardian of last November, entitled`` Fate of Redundant <font color=green>Churches</font> '', states than an Archbishops' Commission`` reported last month that in	2	0	238	0	6
church/NNS/br-d03/952	0.000786202623737786	0.0555620497816739	church	NNS	religion	non-fiction	C	C	C	CDE	church%1:06:00::	D	D	DE	CDE	 that in the Church of England alone there are 790 <font color=green>churches</font>  which are redundant now, or will be in 20 years	3	2	262	67	3
church/NNS/br-d03/971	0.0101877354800574	-0.169669463789778	church	NNS	religion	non-fiction	D	D	DE	CDE	church%1:06:00::	D	D	DE	CDE	 will be in 20 years' time. A further 260 Anglican <font color=green>churches</font>  have been demolished since 1948''. And in the last five	1	0	107	0	1
church/NNS/br-d05/1536	0.185640475568924	0.040859125032895	church	NNS	religion	non-fiction	C	C	C	CDE	Z	Z	Z	Z	Z	 descended from the founders( among which were still the Unitarian <font color=green>churches</font> ), made explicit from the beginning that the conflict between him	1	0	225	0	4
church/NNS/br-d05/1935	-0.110162969765687	-0.290577904284002	church	NNS	religion	non-fiction	C	C	C	CDE	Z	Z	Z	Z	Z	 his colleagues know that he intended them:`` Even the Unitarian <font color=green>churches</font>  have caught the malaria, and are worse than those who	2	0	216	0	2
church/NNS/br-d09/1216	0.107270712180179	-0.027384418486606	church	NNS	religion	non-fiction	C	C	C	CDE	Z	Z	Z	Z	Z	 membership training, since this is a recent development in many <font color=green>churches</font> . Those coming from other denominations will welcome the opportunity to	3	2	249	67	5
church/NNS/br-d09/181	0.0458000745372515	-0.0138465687449105	church	NNS	religion	non-fiction	C	C	C	CDE	Z	Z	Z	Z	Z	 life of the Church. Neglect means spiritual paralysis or death. <font color=green>Churches</font>  that have a carefully planned program of membership preparation and	4	3	246	75	6
church/NNS/br-d09/1910	0.0317097775176096	-0.021632394337284	church	NNS	religion	non-fiction	C	C	C	CDE	Z	Z	Z	Z	Z	 This problem is illustrated by the fact that many local <font color=green>churches</font>  drop from the active membership rolls each year as many	4	3	218	75	6
church/NNS/br-d09/1946	0.0379029445907781	-0.0242235806990621	church	NNS	religion	non-fiction	C	C	C	CDE	Z	Z	Z	Z	Z	 some areas where population is expanding, show that numbers of <font color=green>churches</font>  have had little net increase, though many new members were	5	5	235	100	8
church/NNS/br-d09/502	0.0822200670653393	-0.0471061208529607	church	NNS	religion	non-fiction	C	C	C	CDE	Z	Z	Z	Z	Z	 sessions of preparation for membership is necessary for adults. Some <font color=green>churches</font>  require more. None should ask less. Those who join the	5	4	244	80	6
church/NNS/br-d09/559	0.0140923506571775	0.00385342930943293	church	NNS	religion	non-fiction	C	C	C	CDE	Z	Z	Z	Z	Z	 devotion to it if membership requires something of them. Many <font color=green>churches</font>  find the Sunday school hour to be the most practical	4	2	240	50	7
church/NNS/br-d09/891	0.0270673188381564	-0.0500444972583246	church	NNS	religion	non-fiction	C	C	C	CDE	Z	Z	Z	Z	Z	 have been found effective. Extend the number of classes. Some <font color=green>churches</font>  have six or more training sessions of two hours each	3	3	209	100	7
church/NNS/br-d10/1095	0.0690697417262402	-0.0294485252709948	church	NNS	religion	non-fiction	C	C	C	CDE	Z	Z	Z	Z	Z	 Asians tend to consider not only missions but the local <font color=green>churches</font>  they have produced as centers and agents of Western culture	4	4	256	100	8
church/NNS/br-d10/2114	0.0503205449001255	-0.0285713373770984	church	NNS	religion	non-fiction	B	B	AB	AB	Z	Z	Z	Z	Z	 Newbiggin reflects the dominant position within the World Council of <font color=green>Churches</font>  when he says,`` We must claim absoluteness and finality for	2	1	216	50	6
church/NNS/br-d10/305	0.253601296381971	-0.18992758016582	church	NNS	religion	non-fiction	C	C	C	CDE	Z	Z	Z	Z	Z	 may have a certain justification, we ought to dispense with <font color=green>churches</font> . The suggestion is naive. Man is at once a gregarious	1	0	203	0	2
church/NNS/br-d14/1926	0.154005969412756	0.103214067889834	church	NNS	religion	non-fiction	B	B	AB	AB	Z	Z	Z	Z	Z	 John Greenleaf Whittier( 1807- 1892) he eventually attacked the orthodox <font color=green>churches</font>  for what he deemed their cowardly compromising on the slavery	2	1	356	50	5
church/NNS/br-d14/199	0.0159311233409217	0.0159616491867889	church	NNS	religion	non-fiction	C	C	C	CDE	Z	Z	Z	Z	Z	 proportion, although in 1914 still a minority, were members of <font color=green>churches</font> . Presumably those who did not have a formal church connexion	2	1	261	50	6
church/NNS/br-d14/2203	0.0901750513466718	-0.066411799973875	church	NNS	religion	non-fiction	B	B	AB	AB	Z	Z	Z	Z	Z	 preaching of Lyman Beecher. Although he later broke with the <font color=green>churches</font>  because he believed that they were insufficiently outspoken against social	3	2	151	67	2
church/NNS/br-d14/457	0.0482656597085574	-0.0074628319398927	church	NNS	religion	non-fiction	C	C	C	CDE	Z	Z	Z	Z	Z	 church members mounted, the degree of discipline exercised by the <font color=green>churches</font>  lessened and the trend was towards conformity to the general	3	2	260	67	7
church/NNS/br-d14/507	0.0888922681778969	0.0149876948174934	church	NNS	religion	non-fiction	C	C	C	CDE	Z	Z	Z	Z	Z	 the ethical codes to which the majority subscribed. Thus Baptist <font color=green>churches</font>  on the frontier took cognizance of charges against their members	3	2	322	67	7
church/NNS/br-d17/569	0.123944477596078	-0.101732859483858	church	NNS	religion	non-fiction	C	C	C	CDE	Z	Z	Z	Z	Z	 one of my editorial workers wanted to find out how <font color=green>churches</font>  and philanthropic organizations met the needs of New York 's	2	1	239	50	4
church/NNS/br-e12/1082	-0.042415469783814	-0.0668302848132936	church	NNS	skill_and_hobbies	non-fiction	D	D	DE	CDE	Z	Z	Z	Z	Z	 famous Alamo and photograph 18 th Century Spanish buildings and <font color=green>churches</font> . The Great Smoky Mountains is another area of the South	3	3	251	100	8
church/NNS/br-e13/808	0.125610828542282	-0.153717148163154	church	NNS	skill_and_hobbies	non-fiction	D	D	DE	CDE	Z	Z	Z	Z	Z	 fell in. Nevertheless, it remained one of the most splendid <font color=green>churches</font>  of the Eastern Empire, where the Byzantine Emperors were crowned	2	1	287	50	4
church/NNS/br-f15/1245	0.0545625547734168	0.0469918168665534	church	NNS	popular_lore	fiction	B	B	AB	AB	church%1:14:00::	B	B	AB	AB	 Consider what happened during World War 1,, when the Protestant <font color=green>churches</font>  united to push the Prohibition law through Congress. Many of	2	2	280	100	8
church/NNS/br-f15/1425	0.134720516268455	0.100493033747131	church	NNS	popular_lore	fiction	B	B	AB	AB	christian_church%1:14:00::	B	B	AB	AB	 turn of the century, contraception was condemned by all Christian <font color=green>churches</font>  as immoral, unnatural and contrary to divine law. This was	5	1	319	20	5
church/NNS/br-f15/1455	0.0305267468630218	0.0441172181612296	church	NNS	popular_lore	fiction	B	B	AB	AB	orthodox_church%1:14:00::	B1	B	AB	AB	 laws of Christian countries. Today, the Roman Catholic and Orthodox <font color=green>Churches</font>  stand virtually alone in holding that conviction. The various Lambeth	5	5	278	100	11
church/NNS/br-f15/1720	0.0393944022962892	0.00172493740637941	church	NNS	popular_lore	fiction	B	B	AB	AB	group%1:03:00::	C	C	C	CDE	 28 members of a committee of the Federal Council of <font color=green>Churches</font>  ratified artificial methods of birth control.`` As to the necessity	4	2	242	50	7
church/NNS/br-f15/1887	0.0519062358247495	0.012643696071581	church	NNS	popular_lore	fiction	B	B	AB	AB	group%1:03:00::	C	C	C	CDE	 1961, by the general board of the National Council of <font color=green>Churches</font> , the largest Protestant organization in the US. The board approved	3	3	237	100	6
church/NNS/br-f15/1944	0.00827294047506686	-0.0195165512792458	church	NNS	popular_lore	fiction	B	B	AB	AB	church%1:14:00::	B	B	AB	AB	 of contraceptives. The general board declared:`` Most of the Protestant <font color=green>churches</font>  hold contraception and periodic continence to be morally right when	4	3	215	75	6
church/NNS/br-f15/1998	0.111904535675361	0.0791428864580266	church	NNS	popular_lore	fiction	B	B	AB	AB	christian_church%1:14:00::	B	B	AB	AB	 of conception''. An action once universally condemned by all Christian <font color=green>churches</font>  and forbidden by the civil law is now not only	2	2	284	100	6
church/NNS/br-f15/821	0.0781490241551567	0.087992016587978	church	NNS	popular_lore	fiction	B	B	AB	AB	orthodox_catholic_church%1:14:00::	B1	B	AB	AB	 the exception of the Roman Catholic and the Orthodox Catholic <font color=green>Churches</font> , most churches make no moral distinction between rhythm and mechanical	6	6	393	100	9
church/NNS/br-f15/824	0.0839521341856754	0.0870950839618379	church	NNS	popular_lore	fiction	B	B	AB	AB	church%1:14:00::	B	B	AB	AB	 of the Roman Catholic and the Orthodox Catholic Churches, most <font color=green>churches</font>  make no moral distinction between rhythm and mechanical or chemical	5	6	393	120	10
church/NNS/br-f44/1106	0.104667902408772	-0.01116792720135	church	NNS	popular_lore	fiction	C	C	C	CDE	church%1:14:00::	B	B	AB	AB	 who will strengthen the social class nucleus of the congregation. <font color=green>Churches</font>  can be strengthened through this process of co-optation so long	5	4	251	80	6
church/NNS/br-f44/1189	0.0470438041956975	-0.0179909597857569	church	NNS	popular_lore	fiction	C	C	C	CDE	church%1:14:00::	B	B	AB	AB	 and publicity in reaching new members. The proclamation of the <font color=green>churches</font>  is almost totally confined to pastoral contacts by the clergy	7	4	274	57	7
church/NNS/br-f44/124	0.041566133826482	-0.0345772741135743	church	NNS	popular_lore	fiction	C	C	C	CDE	church%1:14:00::	B	B	AB	AB	 inner city blight account for the decline of central city <font color=green>churches</font> . Central cities reveal two adverse features for the major denominations	4	4	221	100	10
church/NNS/br-f44/1262	0.0869923463597059	-0.0367818451532133	church	NNS	popular_lore	fiction	C	C	C	CDE	church%1:14:00::	B	B	AB	AB	 will account for a major share of recruitment by the <font color=green>churches</font> , making it quite evident that the extension of economic integration	2	0	225	0	6
church/NNS/br-f44/1427	0.0606134621242967	-0.0125982283955707	church	NNS	popular_lore	fiction	C	C	C	CDE	church%1:14:00::	B	B	AB	AB	 for more than a single generation. The fact that metropolitan <font color=green>churches</font>  of the major denominations have moved approximately every generation for	4	4	268	100	9
church/NNS/br-f44/1475	0.0256585780256054	-0.00552720821419852	church	NNS	popular_lore	fiction	D	D	DE	CDE	church%1:06:00::	D	D	DE	CDE	 in religious life, when one recalls the number of city <font color=green>churches</font>  which deteriorated beyond repair before being abandoned, raises fundamental questions	4	3	227	75	7
church/NNS/br-f44/1683	0.21121146607298	-0.040023665472056	church	NNS	popular_lore	fiction	C	C	C	CDE	church%1:14:00::	B	B	AB	AB	 hopelessly unstable environment. More than creatures of metropolitan forces, the <font color=green>churches</font>  have taken the lead in counteracting the interdependence of metropolitan	2	2	350	100	5
church/NNS/br-f44/1802	0.242248537994312	0.0268654894656535	church	NNS	popular_lore	fiction	D	D	DE	CDE	church%1:14:00::	B	B	AB	AB	 fight their way into the lower middle-class suburbs, and the <font color=green>churches</font>  will experience the same decay and rebuilding cycle which has	3	2	343	67	6
church/NNS/br-f44/1918	0.111121797278314	0.0216516007974717	church	NNS	popular_lore	fiction	C	C	C	CDE	church%1:14:00::	B	B	AB	AB	 of middle-class culture could lead to various projections for the <font color=green>churches</font> . It could be argued that any fellowship which centers in	3	3	305	100	5
church/NNS/br-f44/2015	0.118584264190883	-0.0106901512336627	church	NNS	popular_lore	fiction	C	C	C	CDE	church%1:14:00::	B	B	AB	AB	 next chapter to the style of association in the denominational <font color=green>churches</font> ; this style is characteristically an expression of the communal style	3	1	229	33	5
church/NNS/br-f44/2181	-0.0218098721672898	-0.116171376200236	church	NNS	popular_lore	fiction	C	C	C	CDE	church%1:14:00::	B	B	AB	AB	 have fashioned the iron cage of conformity which imprisons the <font color=green>churches</font>  in their suburban captivity. The perplexing question still remains as	2	1	220	50	4
church/NNS/br-f44/2201	0.055371238711386	-0.0254634524185251	church	NNS	popular_lore	fiction	C	C	C	CDE	church%1:14:00::	B	B	AB	AB	 remains as to why the middle classes turn to the <font color=green>churches</font>  as a vehicle of social identity when their clubs and	5	5	244	100	7
church/NNS/br-f44/343	0.139186819193226	-0.027392627169953	church	NNS	popular_lore	fiction	C	C	C	CDE	church%1:14:00::	B	B	AB	AB	 moreover, residential mobility is so high in metropolitan areas that <font color=green>churches</font>  have to recruit constantly in their core stratum in order	5	3	305	60	6
church/NNS/br-f44/868	0.146231621048717	0.0301681131192268	church	NNS	popular_lore	fiction	C	C	C	CDE	church%1:14:00::	B	B	AB	AB	 and congregational outreach have not been carefully studied in the <font color=green>churches</font> ; one study in Pittsburgh, however, has illuminated the situation. In	2	1	308	50	5
church/NNS/br-f44/890	0.0234245466195582	-0.0102557231283211	church	NNS	popular_lore	fiction	C	C	C	CDE	church%1:14:00::	B	B	AB	AB	 the situation. In a sample of new members of Pittsburgh <font color=green>churches</font> , almost 60 per cent were recruited by initial`` contacts with	3	2	228	67	9
church/NNS/br-g13/1130	0.243372935286936	-0.200493268529356	church	NNS	belles_lettres	fiction	D	D	DE	CDE	Z	Z	Z	Z	Z	 holy barbarians; they will destroy the shrines, temples, museums, and <font color=green>churches</font>  of the state that is the implacable enemy of the	3	0	202	0	2
church/NNS/br-k01/769	-0.217304534137848	-0.108870470560832	church	NNS	fiction_gral	fiction	D	D	DE	CDE	church%1:06:00::	D	D	DE	CDE	 It was a Negro section of peeling row houses, store-front <font color=green>churches</font>  and ragged children. Rachel had to bend toward Scotty and	2	0	230	0	4
church/NNS/br-k04/2307	-0.00457296276709641	0.0933258206354677	church	NNS	fiction_gral	fiction	B	B	AB	AB	church%1:06:00::	D	D	DE	CDE	 his career in the Methodist church, if not in all <font color=green>churches</font> .	2	0	247	0	2
church/NNS/br-k06/1925	-0.262245470941531	-0.239165075619836	church	NNS	fiction_gral	fiction	D	D	DE	CDE	church%1:06:00::	D	D	DE	CDE	 them open. Lightning might strike the steeples of the other <font color=green>churches</font> ; not of Drew Church. A flash illumined the trees as	2	0	263	0	4
