id	model.x	model.y	lemma	pos	sensekey	marisense	mbroad	wnbroad	mari2	mari3	wn2	wn3	wnsense	text
country/NN/br-a06/106	-0.230809326278002	-0.097609183324121	country	NN	Z	A	A	Z	A	A	Z	Z	Z	 Westfield Young Democratic Club cocktail party at the Scotch Plains <font color=green>Country</font>  Club. It was greeted with a chorus of boos by
country/NN/br-a17/346	-0.263594646156435	-0.107478810850974	country	NN	Z	A	A	Z	A	A	Z	Z	Z	 will be a stag dinner Friday evening at the Denver <font color=green>Country</font>  Club which will precede the opening of the 1961 golf
country/NN/br-a18/1063	-0.364885309362474	-0.25114751038012	country	NN	Z	A	A	Z	A	A	Z	Z	Z	 Mrs. John Charles Cotty is chairman of publicity for the <font color=green>country</font>  fair and Mrs. Francis G. Felske and Mrs. Francis Smythe
country/NN/br-a18/1123	-0.15484074804158	-0.0312560824657894	country	NN	Z	A	A	Z	A	A	Z	Z	Z	 exhibit and sale of paintings and sculpture at the Philmont <font color=green>Country</font>  Club on April 8 and 9. A preview party for
country/NN/br-a18/24	-0.203149096903615	-0.0423091629514584	country	NN	Z	A	A	Z	A	A	Z	Z	Z	 of the Thrift Shop Committee for May 6 at Philmont <font color=green>Country</font>  Club. The women have a reputation for giving parties that
country/NN/br-a18/734	-0.263594646156435	-0.107478810850974	country	NN	Z	A	A	Z	A	A	Z	Z	Z	 contributions may be made there will be facilities at Philmont <font color=green>Country</font>  Club for those who would like to bring the bundles
country/NN/br-a20/641	-0.32413691138459	-0.00791065523020254	country	NN	Z	B2	B	Z	B	B23	Z	Z	Z	 and the two civil servants the recipients for selling their <font color=green>country</font>  's secrets. The fact that secrets of the Dreadnought, and
country/NN/br-a26/490	-0.202216456211541	0.34657061628406	country	NN	Z	B1	B	Z	B	B14	Z	Z	Z	 price would be quoted regularly in newspapers all over the <font color=green>country</font> . He was also pleased with the wide distribution because he
country/NN/br-a27/436	0.0931821764857729	0.413647199962419	country	NN	Z	B2	B	Z	B	B23	Z	Z	Z	 the steel strike. Draper declared,`` As I see it, this <font color=green>country</font>  has never faced such great dangers as threaten us today
country/NN/br-a28/645	0.114669130129503	-0.200551048439765	country	NN	Z	B3	B	Z	B	B23	Z	Z	Z	 the rural recovery are being felt almost immediately by the <font color=green>country</font>  's farm equipment manufacturers. For example, farm equipment shipments of
country/NN/br-a29/2062	-0.163798419514847	-0.0553719342263708	country	NN	Z	A	A	Z	A	A	Z	Z	Z	 weekend they have reserved the entire Stagecoach Inn and adjoining <font color=green>country</font>  club, Saledo, for festivities. Invitations have been extended to some
country/NN/br-a29/2109	-0.263594646156435	-0.107478810850974	country	NN	Z	A	A	Z	A	A	Z	Z	Z	 The get-together Friday night will be a banquet at the <font color=green>country</font>  club patio and pool, and an orchestra will play for
country/NN/br-a30/1777	0.0709802364126621	-0.277812398435745	country	NN	Z	B1	B	Z	B	B14	Z	Z	Z	 Longinotti. Newcomers of social note from other parts of the <font color=green>country</font>  are the Ray Carbones, formerly of Panama; the Geddes MacGregors
country/NN/br-a30/292	-0.241518334816753	-0.071951596849219	country	NN	Z	A	A	Z	A	A	Z	Z	Z	 three-building complex. Fall foliage and flowers will decorate Los Angeles <font color=green>Country</font>  Club for the annual formal party Saturday evening. More than
country/NN/br-a30/380	-0.18116178007763	-0.0699256702516735	country	NN	Z	A	A	Z	A	A	Z	Z	Z	 A. Swim celebrated his 75 th birthday at the Wilshire <font color=green>Country</font>  Club, guests came by chartered plane from all over the
country/NN/br-a30/392	-0.329741597260435	-0.134598289035105	country	NN	Z	B1	B	Z	B	B14	Z	Z	Z	 Club, guests came by chartered plane from all over the <font color=green>country</font> . A flight originating in Florida picked up guests on the
country/NN/br-a33/399	-0.110260122399823	-0.296236633096955	country	NN	Z	B1	B	Z	B	B14	Z	Z	Z	 Regional representatives appointed to serve from each section of the <font color=green>country</font>  include Frank E. Barnes of Boston. President Kennedy could n't
country/NN/br-a35/813	0.386013247186158	0.111115271686447	country	NN	Z	B4	B	Z	B	B14	Z	Z	Z	 For while the past needs of the Church in this <font color=green>country</font>  may have been adequately met by collegiate institutions, which in
country/NN/br-a41/1107	0.378349187531514	-0.217591724606231	country	NN	Z	B	B	Z	B	B14	Z	Z	Z	 those Congolese( among them Joseph Kasavubu) who favored splitting the <font color=green>country</font>  into small independent states, Balkanizing it. Second, there were those
country/NN/br-a41/1455	0.114117836478312	-0.335877166124862	country	NN	Z	B1	B	Z	B	B14	Z	Z	Z	 the thousands of Belgian civilians who had remained in the <font color=green>country</font> . The Belgian government decided to act, and on July 10
country/NN/br-a41/1497	-0.199930571241369	-0.255369571823297	country	NN	Z	B	B	Z	B	B14	Z	Z	Z	 Moise Tshombe, announced that his province had seceded from the <font color=green>country</font> . Confusion became chaos; each succeeding day brought new acts of
country/NN/br-a41/2101	-0.13266867768369	0.475099103758101	country	NN	Z	B1	B	Z	B	B14	Z	Z	Z	 Tshombe, holds 65% of the mineral wealth of the entire <font color=green>country</font> . From October 1960 to February 1961, the U. N. forces
country/NN/br-a44/235	0.0709802364126621	-0.277812398435745	country	NN	Z	B1	B	Z	B	B14	Z	Z	Z	 to supplement their annual funds. In some parts of the <font color=green>country</font> , however, a co-operative movement has begun to grow, under the
country/NN/br-b01/1784	-0.332247637825421	0.158171381561353	country	NN	Z	B2	B	Z	B	B23	Z	Z	Z	 character. Tardily the Government here came to understand how this <font color=green>country</font>  's own reputation was tarnished by the association with repression
country/NN/br-b02/2021	0.347876839275519	0.372976394147584	country	NN	Z	B	B	Z	B	B14	Z	Z	Z	 in the fighting- this last big effort to seal that <font color=green>country</font>  from the cold war had to be made. The world
country/NN/br-b05/2003	0.201843853950967	-0.316677228569727	country	NN	Z	B1	B	Z	B	B14	Z	Z	Z	 it the recreation spot of people from all over the <font color=green>country</font> . By comparison, Stone Harbor bird sanctuary 's allies seem less
country/NN/br-b05/2202	-0.0711754168896296	0.291937797837342	country	NN	Z	B3	B	Z	B	B23	Z	Z	Z	 day. Then off to a remote place in an underdeveloped <font color=green>country</font>  where the diet, culture, language and living conditions will be
country/NN/br-b05/482	0.0480939920189613	0.34213681083895	country	NN	Z	B	B	Z	B	B14	Z	Z	Z	 for world trade as a condition of national survival, this <font color=green>country</font>  can have little patience with labor 's family feuds. The
country/NN/br-b10/2098	-0.284069744006311	-0.271501640012688	country	NN	Z	B1	B	Z	B	B14	Z	Z	Z	 in the past few years is still available in this <font color=green>country</font> . The work is executed in England( by hand) and can
country/NN/br-b16/1464	0.0156599311658619	0.359786510782666	country	NN	Z	B4	B	Z	B	B14	Z	Z	Z	 perhaps, one of the things that is wrong with our <font color=green>country</font> ? Engineering graduates of Illinois Institute of Technology are reported receiving
country/NN/br-b16/284	-0.159002459257401	0.0334514931562343	country	NN	Z	B3	B	Z	B	B23	Z	Z	Z	 in world peace, increased world trade, and prosperity for every <font color=green>country</font>  on the globe. Let us prepare for peace, instead of
country/NN/br-b16/85	-0.0353536941790316	-0.180791482682705	country	NN	Z	B4	B	Z	B	B14	Z	Z	Z	 win his present position, Mr. Kennedy was vitriolic about this <font color=green>country</font>  's`` prestige'' abroad. What does he think a remark like
country/NN/br-b18/873	-0.132465254077697	-0.441308553155583	country	NN	Z	B2	B	Z	B	B23	Z	Z	Z	 did not include repeal of the Connally amendment to this <font color=green>country</font>  's domestic jurisdiction reservation to its Adherence to the Statute
country/NN/br-b19/286	-0.0100683152152292	0.480230220516395	country	NN	Z	B2	B	Z	B	B23	Z	Z	Z	 wrongs can make a right! I am referring to this <font color=green>country</font>  conducting atmosphere tests of nuclear bombs just because Russia is
country/NN/br-b20/308	-0.0469437899237982	-0.27937935482216	country	NN	country%1:15:00::	B4	B	B	B	B14	B	B1	B1	 that of diplomatic policy''. Morrison points out that since our <font color=green>country</font>  is more urbanized than the Soviet Union or Red China
country/NN/br-b21/1131	0.00989552611572171	-0.319509334687766	country	NN	Z	B2	B	Z	B	B23	Z	Z	Z	 devices, Ambassador Stevenson warned the UN General Assembly that this <font color=green>country</font> , in`` self protection'', might have to resume above-ground tests. More
country/NN/br-b21/49	-0.0722181679531812	0.421877728330497	country	NN	Z	B1	B	Z	B	B14	Z	Z	Z	 But there is reason in all things, and in this <font color=green>country</font>  the heathenish cult of the motor-car is exceeding all bounds
country/NN/br-b23/2111	0.24680215483478	0.353755069541969	country	NN	Z	B2	B	Z	B	B23	Z	Z	Z	 with the Communist bloc, and is busily turning his own <font color=green>country</font>  into a totalitarian dictatorship. As our planes land the war
country/NN/br-b27/1218	0.0709802364126621	-0.277812398435745	country	NN	Z	B1	B	Z	B	B14	Z	Z	Z	 if this is the situation in other parts of the <font color=green>country</font> ; apparently it is not. It also happened with the Inauguration
country/NN/br-b27/1414	-0.457038447906354	0.0275423580579315	country	NN	Z	B1	B	Z	B	B14	Z	Z	Z	 in between. We had a couple of schools in this <font color=green>country</font> , the principal one being on the Marshall Field estate out
country/NN/br-b27/595	-0.331311919051914	0.190271033254334	country	NN	Z	B4	B	Z	B	B14	Z	Z	Z	 and personal opinion called yellow journalism which flourished in this <font color=green>country</font>  more than a generation ago. We do n't need this
country/NN/br-c01/621	0.201554329156505	0.36675076705337	country	NN	country%1:15:00::	B1	B	B	B	B14	B	B1	B1	 extraordinary, considers the finest house of its kind in the <font color=green>country</font> - and of course he does n't weep at the capacity
country/NN/br-c01/944	-0.305762452597746	-0.03641386135612	country	NN	country%1:15:00::	B1	B	B	B	B14	B	B1	B1	 bookers, cancellation of one of the richest bookings in the <font color=green>country</font> . Will somebody please reopen the Auditorium? Paintings and drawings by
country/NN/br-c08/1831	-0.133996920025261	0.348835428685027	country	NN	Z	B1	B	Z	B	B14	Z	Z	Z	 African roots among the slaves who were brought to this <font color=green>country</font>  and the West Indies, he stressed the close relationship between
country/NN/br-c14/2215	-0.202216456211541	0.34657061628406	country	NN	Z	B	B	Z	B	B14	Z	Z	Z	 particular type of music or the music of a given <font color=green>country</font> . It is commendable that a regularly scheduled hour is set
country/NN/br-c15/2033	-0.279158204006078	0.0908410231814103	country	NN	Z	A1	A	Z	A	A	Z	Z	Z	 buoys in dozens of frostbite races. Some pleasant fall cruising <font color=green>country</font>  is mapped out below. Pleasure boating is just scooting into
country/NN/br-d03/1509	-0.173307846677958	-0.372028777668218	country	NN	country%1:14:01::	B4	B	B	B	B14	B	BB2	B	 Faith of our Fathers: Mary 's prayers/ Shall win our <font color=green>country</font>  back to thee''. The English saints are widely venerated, quite
country/NN/br-d03/249	-0.284601038344371	0.266021455335988	country	NN	country%1:14:01::	B4	B	B	B	B14	B	BB2	B	 century literature of England, I knew only a Protestant dominated <font color=green>country</font> . Since arriving here, however, I have formed a far different
country/NN/br-d06/2068	-0.00904861328194071	0.30308066846897	country	NN	Z	B4	B	Z	B	B14	Z	Z	Z	 are more important than worshipping the God who made our <font color=green>country</font>  great. Is forgiveness of past sins, assurance of present help
country/NN/br-d11/1770	-0.324551037933066	0.262853582237137	country	NN	Z	B1	B	Z	B	B14	Z	Z	Z	 would far rather die after a Russian occupation of this <font color=green>country</font> - by some deliberate act of refusal- than die uselessly by
country/NN/br-d12/128	-0.457410475378148	-0.0236071557977463	country	NN	Z	B4	B	Z	B	B14	Z	Z	Z	 for the human aspirations of racial minority groups in this <font color=green>country</font> . It is not surprising that, as spokesman for real estate
country/NN/br-d14/772	-0.176567245348355	0.258934631024341	country	NN	Z	B4	B	Z	B	B14	Z	Z	Z	 the Protestantism of the nineteenth-century immigration. The ideals of the <font color=green>country</font>  were deeply indebted to the Protestantism of the older stock
country/NN/br-d17/1276	-0.184316455874349	0.453440197498847	country	NN	Z	B1	B	Z	B	B14	Z	Z	Z	 during surgery, we asked others to pray; all over the <font color=green>country</font>  a massive shield of prayer was thrown around him. Today
country/NN/br-d17/859	-0.0365522436211608	-0.430450055854837	country	NN	Z	B4	B	Z	B	B14	Z	Z	Z	 into schools the spiritual and moral values on which this <font color=green>country</font>  was built. Thousands of free copies are sent each month
country/NN/br-e06/1085	-0.279158204006078	0.0908410231814103	country	NN	Z	B1	B	Z	B	B14	Z	Z	Z	 making life easier for the growing boating population of the <font color=green>country</font> ; and to making the owning of a boat simpler. There
country/NN/br-e06/237	-0.279158204006078	0.0908410231814103	country	NN	Z	B1	B	Z	B	B14	Z	Z	Z	 fringe benefit, providing boating and fishing havens all over the <font color=green>country</font> . No matter how determined or wealthy boating lovers of the
country/NN/br-e06/608	-0.223152974165225	0.187025299738738	country	NN	Z	B1	B	Z	B	B14	Z	Z	Z	 hauled to new horizons. The variety of craft on the <font color=green>country</font>  's waters today is overwhelming. They range from an eight-foot
country/NN/br-e12/1718	-0.414126725242873	0.0665561665241437	country	NN	Z	A1	A	Z	A	A	Z	Z	Z	 hatched his boyish mischief. Similarly in Illinois there is Lincoln <font color=green>country</font>  to be seen- his tomb and other landmarks. Minnesota, fabled
country/NN/br-e12/2274	-0.33884039169265	-0.291816146584183	country	NN	Z	A	A	Z	A	A	Z	Z	Z	 formations of eroded rock which loom out of the semiarid <font color=green>country</font>  in both parks. Colorado 's Grand Canyon, probably the most
country/NN/br-e12/31	-0.23889755583991	0.233381854281393	country	NN	Z	B1	B	Z	B	B14	Z	Z	Z	 textbook description alone, the overwhelming space and variety of this <font color=green>country</font>  held together under one government. The miracle of democratic America
country/NN/br-e17/338	-0.252076444962796	0.31900298565936	country	NN	Z	B1	B	Z	B	B14	Z	Z	Z	 that building codes and regulations vary so much throughout the <font color=green>country</font> , the first thing to do is to find out what
country/NN/br-e18/632	-0.344797144494472	0.0341449493371333	country	NN	Z	B1	B	Z	B	B14	Z	Z	Z	 Newburyport was the inventor of the arched bridges in this <font color=green>country</font> . As Mr. Palmer was educated to house-building only, and had
country/NN/br-e30/1177	0.114669130129503	-0.200551048439765	country	NN	country%1:15:00::	B1	B	B	B	B14	B	B1	B1	 What 's your profit margin? In what section of the <font color=green>country</font>  are you located? Are you in a rural or urban
country/NN/br-f03/2248	-0.453557067731918	-0.0958272870904709	country	NN	country%1:15:01::	A	A	A	A	A	A	A	A	 the convention, Depew was seated on the porch of a <font color=green>country</font>  home on the Hudson, gazing at the opposite shore.
country/NN/br-f04/177	-0.303147191768489	-0.175623833307612	country	NN	Z	B1	B	Z	B	B14	Z	Z	Z	 region of some of the loveliest mountain scenery in the <font color=green>country</font> , the school buildings are located amid open fields and farm
country/NN/br-f04/202	-0.142205144726061	0.159030807552806	country	NN	Z	A	A	Z	A	A	Z	Z	Z	 These contemporary structures, beautifully adapted to a school in the <font color=green>country</font> , are home to 60 children, ages eight to fourteen, grades
country/NN/br-f05/2164	-0.146355568247291	0.403194751123138	country	NN	Z	B1	B	Z	B	B14	Z	Z	Z	 stubby plane as their link with the rest of the <font color=green>country</font> . The flyer had his share of near-misses. At Fort Ethan
country/NN/br-f09/444	0.0709802364126621	-0.277812398435745	country	NN	Z	B1	B	Z	B	B14	Z	Z	Z	 parts of Europe and Egypt and finally back into this <font color=green>country</font> . She has been acting as a prostitute.`` Our information is
country/NN/br-f11/1531	0.0709802364126621	-0.277812398435745	country	NN	Z	B1	B	Z	B	B14	Z	Z	Z	 a complete full-banded job differs in various parts of the <font color=green>country</font> . Work that might cost$ 500 to$ 750 in the South
country/NN/br-f13/1645	0.114669130129503	-0.200551048439765	country	NN	country%1:15:01::	A	A	A	A	A	A	A	A	 a neighborhood of well-kept homes. There are slums in the <font color=green>country</font>  as well as in the city. Few rural areas are
country/NN/br-f15/2048	-0.0989690616851577	0.257221896416774	country	NN	country%1:14:00::	B1	B	B	B	B14	B	BB2	B2	 translated into action by the majority of people in this <font color=green>country</font> . Repeated polls have disclosed that most married couples are now
country/NN/br-f15/664	0.16572760169707	0.374648919659802	country	NN	country%1:14:00::	B	B	B	B	B14	B	BB2	B2	 necessities of life, the degree of population density of a <font color=green>country</font>  and the shortage of housing facilities may legitimately be taken
country/NN/br-f18/2329	0.322479537768937	0.261548169123021	country	NN	country%1:15:00::	B1	B	B	B	B14	B	B1	B1	 have been satisfied to have staid at home when my <font color=green>country</font>  is invaded by a thievin foe By a set of
country/NN/br-f23/1643	-0.275326042945693	0.300015955104349	country	NN	country%1:14:00::	B2	B	B	B	B23	B	BB2	B2	 first stage of a Communist takeover is to`` neutralize'' a <font color=green>country</font> . The second stage is to retain the nominal classification of
country/NN/br-g03/84	-0.433253124978558	0.143119436438907	country	NN	Z	B1	B	Z	B	B14	Z	Z	Z	 the White House, in offices of key scientists across the <font color=green>country</font>  and aboard the submarines that prowl for months underwater, with
country/NN/br-g18/1249	-0.0465656660647738	0.172849074381101	country	NN	country%1:14:01::;1:15:00::	B4	B	B	B	B14	B	BB2	B	 little patience with collective mediocrity. He saw Sweden as a <font color=green>country</font>  of smug and narrow provincialism, indifferent to the heroic spirit
country/NN/br-g18/1754	0.216156621233364	0.339005130697646	country	NN	country%1:14:01::	B4	B	B	B	B14	B	BB2	B	 an invasion of Russia and each brought ruin on the <font color=green>country</font>  that worshipped him. Each is still glorified as a national
country/NN/br-g23/17	-0.0469437899237982	-0.27937935482216	country	NN	country%1:14:00::	B4	B	B	B	B14	B	BB2	B2	 Woodrow Wilson 's administration, a red scare developed in our <font color=green>country</font> . Many Americans reacted irrationally to the challenge of Russia and
country/NN/br-g28/1507	-0.402772846426469	0.0990914365806206	country	NN	back_country%1:15:00::	A	A	A	A	A	A	A	A	 William Byrd described the Lubberlanders he encountered in the back <font color=green>country</font>  of Virginia and North Carolina. The chief literary antecedents of
country/NN/br-g28/2097	-0.399241841824115	-0.183859067404983	country	NN	country%1:15:00::	A1	A	B	A	A	B	B1	B1	 as a young man prepared to find in the new <font color=green>country</font>  the setting of romantic adventure and idealized beauty. But Thorpe
country/NN/br-h02/206	-0.0407471560094476	0.403234131711386	country	NN	Z	B3	B	Z	B	B23	Z	Z	Z	 formulation of programs for development which are adapted to the <font color=green>country</font>  's objectives and resources. This includes assistance in- assembling the
country/NN/br-h02/351	0.263271196711551	-0.0200235439605765	country	NN	Z	B3	B	Z	B	B23	Z	Z	Z	 programing and budgeting completely beyond the capabilities of the recipient <font color=green>country</font>  would result in the frustration of the basic objective of
country/NN/br-h02/454	0.263271196711551	-0.0200235439605765	country	NN	Z	B3	B	Z	B	B23	Z	Z	Z	 In such a case, however, we would encourage the recipient <font color=green>country</font>  to get on with its programing task, supply it with
country/NN/br-h02/490	0.263271196711551	-0.0200235439605765	country	NN	Z	B3	B	Z	B	B23	Z	Z	Z	 expansion or even a continuation of our assistance to the <font color=green>country</font>  's development was conditional upon programing progress being made. At
country/NN/br-h03/1847	-0.286273215034568	-0.20102194540712	country	NN	Z	B4	B	Z	B	B14	Z	Z	Z	 the greatest American public figures in the history of our <font color=green>country</font>  and I consider that I have been signally honored in
country/NN/br-h03/351	-0.286273215034568	-0.20102194540712	country	NN	Z	B4	B	Z	B	B14	Z	Z	Z	 alone his own district but all the people of our <font color=green>country</font> . To honor him is to honor ourselves. In this my
country/NN/br-h03/688	-0.215075265874478	-0.296232640755958	country	NN	Z	B4	B	Z	B	B14	Z	Z	Z	 honesty- all dedicated to secure the best interests of the <font color=green>country</font>  he has loved and served so long. May the Divine
country/NN/br-h08/2028	0.141476315444251	0.345468495465595	country	NN	Z	B4	B	Z	B	B14	Z	Z	Z	 has been with us since the very beginning of our <font color=green>country</font> . And yet, accompanying our gratitude is the realization that we
country/NN/br-h18/1813	-0.0353536941790316	-0.180791482682705	country	NN	country%1:14:00::	B4	B	B	B	B14	B	BB2	B2	 action can hope to win public support, first in this <font color=green>country</font>  and then abroad? For the policy officer will know that
country/NN/br-h18/1847	0.367886951866318	0.129895827933812	country	NN	country%1:14:01::	B3	B	B	B	B23	B	BB2	B	 of policy will be conditioned by the readiness of the <font color=green>country</font>  to sustain it. He is interested in public opinion for
country/NN/br-h18/857	-0.110260122399823	-0.296236633096955	country	NN	country%1:15:00::	B1	B	B	B	B14	B	B1	B1	 the representatives of other agencies who are stationed in his <font color=green>country</font> . He is expected to supervise, to encourage, to direct, to
country/NN/br-j26/1711	0.066198983790406	0.419482935230204	country	NN	Z	B1	B	Z	B	B14	Z	Z	Z	 Uniform questions, definitions, and procedures were enforced throughout the whole <font color=green>country</font> . Data were obtained, separately, on three classes of persons:( a
country/NN/br-j37/1184	-0.0711754168896296	0.291937797837342	country	NN	country%1:15:00::	B1	B	B	B	B14	B	B1	B1	 communication and understanding in the more remote areas of the <font color=green>country</font> , but it also served to minimize the national political value
country/NN/br-j37/958	0.382111740263606	-0.0720061223638578	country	NN	country%1:14:00::	B2	B	B	B	B23	B	BB2	B2	 a developing country and evaluating their results. In the new <font color=green>country</font>  the electoral process is considered as a means of resolving
country/NN/br-j56/1063	-0.263594646156435	-0.107478810850974	country	NN	country_club%1:14:00::	A	A	A	A	A	A	A	A	 had come into vogue, but also to witness the Ekwanok <font color=green>Country</font>  Club tournaments. New Yorkers were kept informed of scores by
country/NN/br-k03/444	-0.0294659474173799	-0.0895122556176715	country	NN	country%5:00:01:rural:00	A	A	A	A	A	A	A	A	 or his own sentry. He was a wiry, inscrutable, silent <font color=green>country</font>  boy from the red clay of rural Alabama, and he
country/NN/br-k08/558	-0.0865553241054263	-0.414279136163861	country	NN	country%1:15:00::	A	A	B	A	A	B	B1	B1	 one day, while on a week 's visit to the <font color=green>country</font>  home of a retired Swiss jeweler, Rousseau amused the company
country/NN/br-k08/973	-0.342786774275002	-0.0745517703112931	country	NN	country%1:15:01::	A	A	A	A	A	A	A	A	 just for this once, for this one weekend in the <font color=green>country</font> , he would make a little piece out of his melodies
country/NN/br-k17/1981	-0.424127054581765	0.219773971932739	country	NN	country%1:15:00::	B4	B	B	B	B14	B	B1	B1	 I 've lost faith, Styka. I used to love this <font color=green>country</font>  and believe that someday we 'd win our battle for
country/NN/br-k25/869	-0.0353536941790316	-0.180791482682705	country	NN	country%1:15:00::	B1	B	B	B	B14	B	B1	B1	 shawl over her head, which she had bought in that <font color=green>country</font>  during one of their trips abroad, and handed him a
country/NN/br-l11/1246	-0.342786774275002	-0.0745517703112931	country	NN	country%1:15:01::	A	A	A	A	A	A	A	A	 a manner Esquire might suggest for the outdoor man 's <font color=green>country</font>  weekend. Dark gray sports jacket, lighter gray slacks, pink flannel
country/NN/br-n01/1082	-0.2819920358068	-0.402600871453172	country	NN	Z	A	A	Z	A	A	Z	Z	Z	 He had seen a few nester wagons go through the <font color=green>country</font> , the families almost starving to death, but he had never
country/NN/br-n09/1051	0.412286822685836	0.208067387263255	country	NN	country%1:15:01::	A	A	A	A	A	A	A	A	 distant derrick of the wildcat- a test well in unexplored <font color=green>country</font> . And even with her limited knowledge of such things, she
country/NN/br-n11/2133	-0.245975490179503	0.141884418528035	country	NN	country%1:15:02::	A1	A	A	A	A	A	A	A1	 to frighten three rustling homesteaders out of the Upper Laramie <font color=green>country</font>  in a single week.`` My reputation 's my stock in
country/NNS/br-a04/1454	-0.124246434198475	0.103590894708441	country	NNS	Z	B3	B	Z	B	B23	Z	Z	Z	 did recommend that President Kennedy state clearly that if Communist <font color=green>countries</font>  shipped any further arms to Cuba that it would not
country/NNS/br-a04/766	0.0993532283290496	-0.0441379181220689	country	NNS	Z	B3	B	Z	B	B23	Z	Z	Z	 ratified) as a method of coordinating aid to the underdeveloped <font color=green>countries</font> , and the need for strengthening conventional forces as well as
country/NNS/br-a04/938	0.039454799755177	-0.0556428725856831	country	NNS	Z	B2	B	Z	B	B23	Z	Z	Z	 Viet Nam. They count on the aid of the neutral <font color=green>countries</font>  attending the Geneva conference to achieve this. The United States
country/NNS/br-a07/1587	0.0862541744886424	-0.117375694543153	country	NNS	Z	B3	B	Z	B	B23	Z	Z	Z	 the successful banker. Indonesia is one of the twenty under-developed <font color=green>countries</font>  of Asia, Africa and Latin America that are receiving Soviet
country/NNS/br-a07/1628	0.104288393200098	-0.0684371352824915	country	NNS	Z	B3	B	Z	B	B23	Z	Z	Z	 technical and military assistance to the uncommitted nations. The Communist <font color=green>countries</font>  allocated more than$ 1000000000 in economic aid alone last year
country/NNS/br-a07/1659	0.263066146411441	-0.232939957820117	country	NNS	Z	B3	B	Z	B	B23	Z	Z	Z	 biggest annual outlay since the Communist program for the under-developed <font color=green>countries</font>  made its modest beginning in 1954. In 1960 more than
country/NNS/br-a07/1678	0.0126490968085305	0.0313641524158783	country	NNS	Z	B1	B	Z	B	B14	Z	Z	Z	 1960 more than 6000 Communist technicians were present in those <font color=green>countries</font> . A committee of experts has recommended that a country 's
country/NNS/br-a07/1769	0.0898361888557414	-0.0904057961910283	country	NNS	Z	B2	B	Z	B	B23	Z	Z	Z	 take jobs from European nations and give more to such <font color=green>countries</font>  as India. India is the most populous United Nations member
country/NNS/br-a10/167	0.105946996227526	0.0101426884758707	country	NNS	Z	B4	B	Z	B	B14	Z	Z	Z	 350 persons that the United States' challenge was to help <font color=green>countries</font>  build their own societies their own ways, following their own
country/NNS/br-a10/231	0.043256705046965	0.100922010602546	country	NNS	Z	B4	B	Z	B	B14	Z	Z	Z	 want it will lack ritiuality and loyalty. Insuring that the <font color=green>countries</font>  have a freedom of choice, he said, was the biggest
country/NNS/br-a10/304	-0.0315064946064299	0.136164144823366	country	NNS	Z	B4	B	Z	B	B14	Z	Z	Z	 Martin called for patience on the part of Americans.`` The <font color=green>countries</font>  are trying to build in a decade the kind of
country/NNS/br-a10/384	0.0503974984746481	-0.105742357029788	country	NNS	Z	B3	B	Z	B	B23	Z	Z	Z	 Economically, Martin said, the United States could best help foreign <font color=green>countries</font>  by helping them help themselves. Private business is more effective
country/NNS/br-a10/89	0.0503974984746481	-0.105742357029788	country	NNS	Z	B2	B	Z	B	B23	Z	Z	Z	 is married and the father of three children. Helping foreign <font color=green>countries</font>  to build a sound political structure is more important than
country/NNS/br-a26/1144	0.0503974984746481	-0.105742357029788	country	NNS	Z	B3	B	Z	B	B23	Z	Z	Z	 percentage of new gins in the U. S. and foreign <font color=green>countries</font>  contain machinery made in this area. The Murray Co. of
country/NNS/br-a34/1104	0.0713193400626393	0.192069437400507	country	NNS	Z	B	B	Z	B	B14	Z	Z	Z	 would mean an unchecked spread of nuclear weapons to other <font color=green>countries</font>  as well as a fatal blow to any hope for
country/NNS/br-a34/1717	0.129180030860615	-0.0295186164241603	country	NNS	Z	B2	B	Z	B	B23	Z	Z	Z	 the major issues which affect the relationships between the two <font color=green>countries</font> ''. The Vienna meeting will bring together a seasoned, 67- year-old
country/NNS/br-a43/1609	-0.0170158517968331	-0.0615785071690064	country	NNS	Z	B3	B	Z	B	B23	Z	Z	Z	 these: An international conference of the big textile-importing and textile-exporting <font color=green>countries</font>  will be called shortly by President Kennedy. Chief aims of
country/NNS/br-a43/1639	0.0976874651840362	-0.0252039593826555	country	NNS	Z	B3	B	Z	B	B23	Z	Z	Z	 U. S. will try to get agreement among the industrialized <font color=green>countries</font>  to take more textile imports from the less-developed countries over
country/NNS/br-a43/1648	0.0976874651840362	-0.0252039593826555	country	NNS	Z	B3	B	Z	B	B23	Z	Z	Z	 industrialized countries to take more textile imports from the less-developed <font color=green>countries</font>  over the years. Point is that developing countries often build
country/NNS/br-a43/1657	0.0852865907628053	-0.0231938688013247	country	NNS	Z	B3	B	Z	B	B23	Z	Z	Z	 the less-developed countries over the years. Point is that developing <font color=green>countries</font>  often build up a textile industry first, need encouragement to
country/NNS/br-a43/1723	-0.013909441888568	-0.0983452647731552	country	NNS	Z	B3	B	Z	B	B23	Z	Z	Z	 purpose of the conference will be to get certain low-wage <font color=green>countries</font>  to control textile exports- especially dumping of specific products- to
country/NNS/br-a43/1738	0.360464113720196	0.00755115539340961	country	NNS	Z	B3	B	Z	B	B23	Z	Z	Z	 textile exports- especially dumping of specific products- to high-wage textile-producing <font color=green>countries</font> . Japan, since 1957, has been`` voluntarily'' curbing exports of textiles
country/NNS/br-a43/1789	-0.0441401748649772	-0.00121180944315279	country	NNS	Z	B2	B	Z	B	B23	Z	Z	Z	 for several years under the`` Lancashire Pact''. None of these <font color=green>countries</font>  is happy with these arrangements. The Japanese want to increase
country/NNS/br-a43/1888	0.0246070826571963	-0.113536256823931	country	NNS	Z	B3	B	Z	B	B23	Z	Z	Z	 at the conference or through bilateral talks, the low-wage textile-producing <font color=green>countries</font>  in Asia and Europe will see that`` dumping'' practices cause
country/NNS/br-a43/2111	0.0569454236418766	-0.00364460194233627	country	NNS	Z	B3	B	Z	B	B23	Z	Z	Z	 for other lines having difficulty competing with imports from low-wage <font color=green>countries</font> . Among the highest-paid workers in the world are U. S.
country/NNS/br-b01/1558	0.162962932785447	0.173290274307927	country	NNS	Z	B2	B	Z	B	B23	Z	Z	Z	 countless schemes to do away with democratic leaders in neighboring <font color=green>countries</font>  such as President Romulo Betancourt of Venezuela. It was a
country/NNS/br-b07/252	0.0484656055307442	-0.0570374876232717	country	NNS	Z	B	B	Z	B	B14	Z	Z	Z	 from the Secretary down into political agents of the respective <font color=green>countries</font>  from which they come. The controversy now revolves mainly around
country/NNS/br-b11/1001	0.149364566608543	0.125933077890661	country	NNS	Z	B3	B	Z	B	B23	Z	Z	Z	 as part of the world menace allegedly looming over the <font color=green>countries</font>  of capitalism. Evidently the war drum beating and hysteria so
country/NNS/br-b13/1273	0.329537605149344	-0.337319595303191	country	NNS	country%1:15:00::	B1	B	B	B	B14	B	B1	B1	 desire to visit the`` smaller, less traveled and relatively inexpensive <font color=green>countries</font> '', and is now prepared to teach modern Greek and Portuguese
country/NNS/br-b16/263	0.294718347807262	-0.0871166003662371	country	NNS	Z	B3	B	Z	B	B23	Z	Z	Z	 any other program to solve the problems of the underdeveloped <font color=green>countries</font>  would be an investment that would pay off in world
country/NNS/br-b19/664	0.0336933835736162	0.0212133808311738	country	NNS	Z	B2	B	Z	B	B23	Z	Z	Z	 formed so that intelligent men with good intentions from all <font color=green>countries</font>  could meet and solve problems without resorting to war. Russia
country/NNS/br-b25/1744	0.267985768140532	-0.306446466468587	country	NNS	Z	B1	B	Z	B	B14	Z	Z	Z	 and North Vietnamese liberating the southern half of their respective <font color=green>countries</font> . Perhaps Khrushchev is in a more difficult position than any
country/NNS/br-c07/1056	0.270219066372589	0.141511152049699	country	NNS	Z	B4	B	Z	B	B14	Z	Z	Z	 century in England, much ahead of similar revivals in other <font color=green>countries</font> . As a result no comparable literature of the period is
country/NNS/br-c07/1967	-0.191438823350976	-0.324352929625344	country	NNS	Z	B	B	Z	B	B14	Z	Z	Z	 were accompanied by Anna Mi Lee, pianist. Selections from fifteen <font color=green>countries</font>  were sung as solos and duets in a broad range
country/NNS/br-c16/1019	-0.01688521697489	-0.0432646590243243	country	NNS	Z	B	B	Z	B	B14	Z	Z	Z	 is Field Marshal Montgomery 's belief that in most Western <font color=green>countries</font>  about 60 per cent of the people do not really
country/NNS/br-c16/1072	0.0275485718469195	-0.024698033890985	country	NNS	Z	B4	B	Z	B	B14	Z	Z	Z	 are genuine Christians and believers in democracy. But these Western <font color=green>countries</font>  do care about themselves. Each feels intensely national. If, say
country/NNS/br-f04/226	0.0503974984746481	-0.105742357029788	country	NNS	Z	B	B	Z	B	B14	Z	Z	Z	 grades four through eight. From fourteen states and three foreign <font color=green>countries</font>  they come to spend the months from mid-September to June
country/NNS/br-f14/1851	0.0493158746504359	-0.0322870169446664	country	NNS	country%1:15:00::	B1	B	B	B	B14	B	B1	B1	 of the Jews in Germany and later in the occupied <font color=green>countries</font>  contributed to terrorizing the populations, splitting apart individuals and groups
country/NNS/br-f14/2054	-0.0454737435143187	0.0911428901687826	country	NNS	country%1:14:00::	B	B	B	B	B14	B	BB2	B2	 to post before the world the contrasting fates of the <font color=green>countries</font>  in which the Final Solution was aided by native Jew
country/NNS/br-f14/2151	0.118036708333759	0.140931690312411	country	NNS	country%1:14:00::	B1	B	B	B	B14	B	BB2	B2	 Was n't this meaning of Eichmann 's experience in various <font color=green>countries</font>  worth highlighting? As the first collective confrontation of the Nazi
country/NNS/br-f15/1446	0.0932840161228427	0.225413371233168	country	NNS	country%1:14:00::	B4	B	B	B	B14	B	BB2	B2	 This was generally reflected in the civil laws of Christian <font color=green>countries</font> . Today, the Roman Catholic and Orthodox Churches stand virtually alone
country/NNS/br-f15/290	0.0604076251794648	-0.0554614000389863	country	NNS	country%1:14:00::	B3	B	B	B	B23	B	BB2	B2	 including birth-control information and material in foreign aid to underdeveloped <font color=green>countries</font> . Where it is not actually erupting, it rumbles and smolders
country/NNS/br-f23/2029	-0.137568884786927	-0.0946459386340393	country	NNS	country%1:14:00::	B2	B	B	B	B23	B	BB2	B2	 a Soviet bridgehead ninety miles off our coast. In some <font color=green>countries</font>  the trend has gone further than others: Mexico, Panama, and
country/NNS/br-g12/2313	0.113689564044463	-0.0884085653604077	country	NNS	country%1:14:00::	B4	B	B	B	B14	B	BB2	B2	 the technological and economic revolutions now going on in the <font color=green>countries</font>  of Asia and Africa, and also of course on how
country/NNS/br-g18/2235	0.189998430165135	-0.151870207420775	country	NNS	country%1:14:01::	B	B	B	B	B14	B	BB2	B	 a perfect introduction to Swedish history for readers of other <font color=green>countries</font> . Some of the earlier episodes have touches of the supernatural
country/NNS/br-h02/1163	0.158581821469884	-0.0326175071931719	country	NNS	Z	B3	B	Z	B	B23	Z	Z	Z	 on a sustained basis, tailored to priority needs, to those <font color=green>countries</font>  making serious efforts in self-help. In many instances it can
country/NNS/br-h02/1181	0.0462290143721511	-0.0155294823142329	country	NNS	Z	B2	B	Z	B	B23	Z	Z	Z	 many instances it can withhold or limit its aid to <font color=green>countries</font>  not yet willing to make such efforts. There are other
country/NNS/br-h02/1193	0.0597225605319355	0.060495343240337	country	NNS	Z	B2	B	Z	B	B23	Z	Z	Z	 not yet willing to make such efforts. There are other <font color=green>countries</font>  where, with skillful diplomacy, we may be able by our
country/NNS/br-h02/1242	0.191067322789419	-0.0263064476035525	country	NNS	Z	B3	B	Z	B	B23	Z	Z	Z	 Governments are rarely monolithic. But there will be still other <font color=green>countries</font>  where, despite the inadequacy of the level of self-help, we
country/NNS/br-h02/1335	0.162133532935669	-0.00771132227875509	country	NNS	Z	B3	B	Z	B	B23	Z	Z	Z	 promote the economic and social development of the less developed <font color=green>countries</font> . This is not a short-run goal. To have any success
country/NNS/br-h02/1422	0.0301695981015031	-0.00235734918809794	country	NNS	Z	B3	B	Z	B	B23	Z	Z	Z	 as India, a decade of concentrated effort can launch these <font color=green>countries</font>  into a stage in which they can carry forward their
country/NNS/br-h02/1480	0.0761545322972276	-0.0393476297048818	country	NNS	Z	B	B	Z	B	B14	Z	Z	Z	 absorb the bulk of our capital assistance. The number of <font color=green>countries</font>  thus favorably situated is small, but their peoples constitute over
country/NNS/br-h02/1779	0.116471850756614	0.00231087694921211	country	NNS	Z	B3	B	Z	B	B23	Z	Z	Z	 importantly, several of the more advanced of the less developed <font color=green>countries</font>  have found through experience that they must plan their own
country/NNS/br-h02/1885	0.0930523801431768	-0.00953777233567231	country	NNS	Z	B3	B	Z	B	B23	Z	Z	Z	 can be employed. Most important of all, the less developed <font color=green>countries</font>  must be persuaded to take the necessary steps to allocate
country/NNS/br-h02/1983	0.0766464207749605	-0.00373497624382908	country	NNS	Z	B3	B	Z	B	B23	Z	Z	Z	 be related to long-range development plans. If the less developed <font color=green>countries</font>  are to be persuaded to adopt a long-term approach, the
country/NNS/br-h02/2052	0.0796460571095882	-0.000915394062377141	country	NNS	Z	B3	B	Z	B	B23	Z	Z	Z	 The extent to which we can persuade the less developed <font color=green>countries</font>  to appraise their own resources, to set targets toward which
country/NNS/br-h02/2175	0.329133153915958	-0.04650712412226	country	NNS	Z	B2	B	Z	B	B23	Z	Z	Z	 incentive for them will be clear evidence that where other <font color=green>countries</font>  have done this kind of home work we have responded
country/NNS/br-h02/318	0.233365519160042	0.0238105813409454	country	NNS	Z	B3	B	Z	B	B23	Z	Z	Z	 cannot, of course, be mechanical. It must be recognized that <font color=green>countries</font>  at different stages of development have very different capabilities of
country/NNS/br-h02/513	0.13862351765112	0.0553435462075954	country	NNS	Z	B3	B	Z	B	B23	Z	Z	Z	 the other end of the spectrum, where the more advanced <font color=green>countries</font>  can be relied upon to make well thought through decisions
country/NNS/br-h02/562	0.0874575368203229	-0.0412643567463222	country	NNS	Z	B3	B	Z	B	B23	Z	Z	Z	 to move toward long-term support, in cooperation with other developed <font color=green>countries</font> , of the essential foreign exchange requirements of the country 's
country/NNS/br-h02/626	0.0742909904233752	-0.000452707653166133	country	NNS	Z	B3	B	Z	B	B23	Z	Z	Z	 main thrust for development must come from the less developed <font color=green>countries</font>  themselves. External aid can only be marginal, although the margin
country/NNS/br-h02/681	0.279788366716373	-0.148802189442912	country	NNS	Z	B3	B	Z	B	B23	Z	Z	Z	 aid, therefore, should increasingly be designed to provide incentives for <font color=green>countries</font>  to take the steps that only they themselves can take
country/NNS/br-h02/7	0.0999671271126377	0.00198628812169605	country	NNS	Z	B3	B	Z	B	B23	Z	Z	Z	 In most of the less developed <font color=green>countries</font> , however, such programing is at best inadequate and at worst
country/NNS/br-h02/706	0.176647802136237	-0.0408624119053088	country	NNS	Z	B2	B	Z	B	B23	Z	Z	Z	 conditions of self-help, it is important that we not expect <font color=green>countries</font>  to remake themselves in our image. Open societies can take
country/NNS/br-h06/876	0.0425451732889095	-0.0784274766397627	country	NNS	Z	B	B	Z	B	B14	Z	Z	Z	 of our 50 United States and 11 came from foreign <font color=green>countries</font> . New York led in the number of inquiries, followed by
country/NNS/br-h06/901	0.0111986392150188	-0.0475799295093609	country	NNS	Z	B2	B	Z	B	B23	Z	Z	Z	 followed by California, New Jersey, Massachusetts, and Pennsylvania. Among foreign <font color=green>countries</font>  responding were Germany, Canada, Brazil and India. An important operation
country/NNS/br-h08/1935	0.0880053437906427	-0.415870847148519	country	NNS	Z	B4	B	Z	B	B14	Z	Z	Z	 years would be the symbol of hope to the oppressed <font color=green>countries</font>  of the world. They simply turned to God filled with
country/NNS/br-h09/1266	0.0503974984746481	-0.105742357029788	country	NNS	country%1:14:00::	B1	B	B	B	B14	B	BB2	B2	 expended in cooperation with public or private agencies in foreign <font color=green>countries</font>  in the development of processes useful to the program in
country/NNS/br-h13/1532	0.0199211609602069	0.135070791169867	country	NNS	country%1:14:00::	B2	B	B	B	B23	B	BB2	B2	 years the United States had been trying to get these <font color=green>countries</font>  to exclude Castro 's representative from secret military talks. But
country/NNS/br-h13/2195	0.348199535773963	0.150861985612345	country	NNS	country%1:14:00::	B2	B	B	B	B23	B	BB2	B2	 without discrimination. Once these conditions of international law are met, <font color=green>countries</font>  that try to run to blockade do so at their
country/NNS/br-h13/2315	-0.00606848504138291	-0.0197190226282346	country	NNS	country%1:14:00::	B3	B	B	B	B23	B	BB2	B2	 coming from Russia and Czechoslovakia. Shipments of arms from Western <font color=green>countries</font>  could similarly be seized as contraband. In a total blockade
country/NNS/br-h21/1267	0.0673961086434015	0.0238398168684546	country	NNS	country%1:14:00::	B1	B	B	B	B14	B	BB2	B2	 a rider which limits competitive bidding by firms in other <font color=green>countries</font>  on certain military supply items. As I have repeatedly stated
country/NNS/br-j10/1243	0.113912136906623	0.0835731322045628	country	NNS	european_country%1:15:00::	B2	B	B	B	B23	B	B1	B1	 the`` cuckoo bumblebee'' as it is called in some European <font color=green>countries</font> . Female individuals of Psithyrus look deceptively like the workers and
country/NNS/br-j22/1309	0.156928025230814	-0.0679907174771875	country	NNS	country%1:14:00::	B3	B	B	B	B23	B	BB2	B2	 At a third stage in the modernization process are such <font color=green>countries</font>  as India, Brazil, the Philippines, and Taiwan, which are ready
country/NNS/br-j22/1375	0.464681428151971	-0.0205422827792889	country	NNS	country%1:14:00::	B3	B	B	B	B23	B	BB2	B2	 in the program to wider and wider groups. But these <font color=green>countries</font>  have made big strides toward developing the necessary human and
country/NNS/br-j22/1437	0.145755641074335	-0.0531198631741929	country	NNS	country%1:14:00::	B3	B	B	B	B23	B	BB2	B2	 economies. On the economic front, the first priority of these <font color=green>countries</font>  is to mobilize a vastly increased volume of resources. Several
country/NNS/br-j22/1464	0.134039495403928	-0.00726577392018018	country	NNS	country%1:14:00::	B3	B	B	B	B23	B	BB2	B2	 carried out if self-sustaining growth is to be achieved. These <font color=green>countries</font>  must formulate a comprehensive, long-term program covering the objectives of
country/NNS/br-j22/171	0.184570490043822	0.142721695101891	country	NNS	country%1:14:00::	B2	B	B	B	B23	B	BB2	B2	 and dangerous consequences of social change which have troubled other <font color=green>countries</font>  passing through this stage can be escaped. The United States
country/NNS/br-j22/194	0.132476363984768	0.0841217061780726	country	NNS	country%1:14:00::	B2	B	B	B	B23	B	BB2	B2	 help by communicating a genuine concern with the problems these <font color=green>countries</font>  face and a readiness to provide technical and other appropriate
country/NNS/br-j22/1968	0.265595661579971	0.213927639952059	country	NNS	country%1:14:00::	B4	B	B	B	B14	B	BB2	B2	 to take seriously their claims to being democratic and free <font color=green>countries</font> ; we also have, in consequence, the duty to appraise realistically
country/NNS/br-j22/2116	0.032157602680166	0.193969550363796	country	NNS	country%1:14:00::	B3	B	B	B	B23	B	BB2	B2	 generate. It follows that any effective policy toward the underdeveloped <font color=green>countries</font>  must have a realistically long working horizon. It must be
country/NNS/br-j22/257	0.12137169874884	0.0563904330043332	country	NNS	country%1:14:00::	B3	B	B	B	B23	B	BB2	B2	 and the lack of cohesion and stability which characterize these <font color=green>countries</font>  may make them particularly prone to diversions and external adventures
country/NNS/br-j22/347	0.215044256873691	0.0714224067904451	country	NNS	country%1:14:00::	B2	B	B	B	B23	B	BB2	B2	 world scene. When necessary, we should make it clear that <font color=green>countries</font>  which choose to derive marginal advantages from the cold war
country/NNS/br-j22/397	0.218952880271984	-0.0904403038276335	country	NNS	country%1:14:00::	B3	B	B	B	B23	B	BB2	B2	 As a nation, we feel an obligation to assist other <font color=green>countries</font>  in their development; but this obligation pertains only to countries
country/NNS/br-j22/408	0.368605694137871	-0.093919147471989	country	NNS	country%1:14:00::	B2	B	B	B	B23	B	BB2	B2	 countries in their development; but this obligation pertains only to <font color=green>countries</font>  which are honestly seeking to become responsible members of a
country/NNS/br-j22/429	0.324712534252187	-0.185130540444181	country	NNS	country%1:14:00::	B2	B	B	B	B23	B	BB2	B2	 a stable and forward-moving world community. When we look at <font color=green>countries</font>  like Iran, Iraq, Pakistan, and Burma, where substantial progress has
country/NNS/br-j22/474	0.284955096236802	0.272352540025383	country	NNS	country%1:14:00::	B2	B	B	B	B23	B	BB2	B2	 of centralized government exist, we find a second category of <font color=green>countries</font>  with a different set of problems and hence different priorities
country/NNS/br-j22/603	0.0780165556733437	0.0406616424048908	country	NNS	country%1:14:00::	B2	B	B	B	B23	B	BB2	B2	 achieve the national goals of modernization already symbolically accepted. Most <font color=green>countries</font>  in this second category share the difficulty of having many
country/NNS/br-j22/892	0.161053545432284	-0.111887903668322	country	NNS	country%1:14:00::	B2	B	B	B	B23	B	BB2	B2	 performance can we provide telling assistance. With respect to those <font color=green>countries</font>  whose leaders prefer to live with their illusions, we can
country/NNS/br-j22/929	0.161053545432284	-0.111887903668322	country	NNS	country%1:14:00::	B3	B	B	B	B23	B	BB2	B2	 clear for all to see. Our technical assistance to these <font color=green>countries</font>  should place special emphasis on inducing the central governments to
country/NNS/br-j26/1235	0.194544667221987	-0.349468837606918	country	NNS	Z	B2	B	Z	B	B23	Z	Z	Z	 long-term economic and social programs. The AIMO organizations of both <font color=green>countries</font> , which maintain administrative services throughout the territories, retained immediate responsibility
country/NNS/br-j37/1682	0.136004752738802	0.0235471745563556	country	NNS	country%1:14:00::	B2	B	B	B	B23	B	BB2	B2	 solutions devised in the electoral experiences of the rapidly changing <font color=green>countries</font>  are often of comparative value and essential to evaluating election
country/NNS/br-j42/428	0.164225354883236	-0.204332492083077	country	NNS	country%1:14:00::	B2	B	B	B	B23	B	BB2	B2	 from the North) was the neutralization of the Latin American <font color=green>countries</font> ; out of the question was the neutralization of Asia and
country/NNS/br-j42/665	-0.00612761188161451	0.0203453255224667	country	NNS	country%1:14:00::	B2	B	B	B	B23	B	BB2	B2	 civilization must formally enter into the circle of law governed <font color=green>countries</font> . They must do something with the acquiescence of the latter
