id	model.x	model.y	lemma	pos	genre	broad_genre	marisense	mbroad	mari3	mari2	sensekey	wnsense	wnbroad	wn3	wn2	text
country/NN/br-a06/106	-0.104041126192229	-0.255470183397349	country	NN	press_reportage	press	A	A	A	A	Z	Z	Z	Z	Z	 Westfield Young Democratic Club cocktail party at the Scotch Plains <font color=green>Country</font>  Club. It was greeted with a chorus of boos by
country/NN/br-a17/346	-0.0852758837192433	-0.278703705579967	country	NN	press_reportage	press	A	A	A	A	Z	Z	Z	Z	Z	 will be a stag dinner Friday evening at the Denver <font color=green>Country</font>  Club which will precede the opening of the 1961 golf
country/NN/br-a18/24	-0.122387202606305	-0.204612356648937	country	NN	press_reportage	press	A	A	A	A	Z	Z	Z	Z	Z	 of the Thrift Shop Committee for May 6 at Philmont <font color=green>Country</font>  Club. The women have a reputation for giving parties that
country/NN/br-a18/734	-0.0852758837192433	-0.278703705579967	country	NN	press_reportage	press	A	A	A	A	Z	Z	Z	Z	Z	 contributions may be made there will be facilities at Philmont <font color=green>Country</font>  Club for those who would like to bring the bundles
country/NN/br-a26/490	-0.416269538183932	0.0656228781901169	country	NN	press_reportage	press	B1	B	B14	B	Z	Z	Z	Z	Z	 price would be quoted regularly in newspapers all over the <font color=green>country</font> . He was also pleased with the wide distribution because he
country/NN/br-a27/436	-0.390276530653499	0.20351695590115	country	NN	press_reportage	press	B2	B	B23	B	Z	Z	Z	Z	Z	 the steel strike. Draper declared,`` As I see it, this <font color=green>country</font>  has never faced such great dangers as threaten us today
country/NN/br-a30/380	-0.0715445039741388	-0.182776696876108	country	NN	press_reportage	press	A	A	A	A	Z	Z	Z	Z	Z	 A. Swim celebrated his 75 th birthday at the Wilshire <font color=green>Country</font>  Club, guests came by chartered plane from all over the
country/NN/br-a33/399	0.158534209499789	-0.188677584465556	country	NN	press_reportage	press	B1	B	B14	B	Z	Z	Z	Z	Z	 Regional representatives appointed to serve from each section of the <font color=green>country</font>  include Frank E. Barnes of Boston. President Kennedy could n't
country/NN/br-a35/813	-0.0905644540744868	0.350105487192218	country	NN	press_reportage	press	B4	B	B14	B	Z	Z	Z	Z	Z	 For while the past needs of the Church in this <font color=green>country</font>  may have been adequately met by collegiate institutions, which in
country/NN/br-a41/1455	-0.350235846715395	-0.0748427959333258	country	NN	press_reportage	press	B1	B	B14	B	Z	Z	Z	Z	Z	 the thousands of Belgian civilians who had remained in the <font color=green>country</font> . The Belgian government decided to act, and on July 10
country/NN/br-a41/2101	0.225846712167657	0.434089244521452	country	NN	press_reportage	press	B1	B	B14	B	Z	Z	Z	Z	Z	 Tshombe, holds 65% of the mineral wealth of the entire <font color=green>country</font> . From October 1960 to February 1961, the U. N. forces
country/NN/br-b01/1784	-0.346751324418404	-0.253359077449618	country	NN	press_editorial	press	B2	B	B23	B	Z	Z	Z	Z	Z	 character. Tardily the Government here came to understand how this <font color=green>country</font>  's own reputation was tarnished by the association with repression
country/NN/br-b05/2202	-0.365973165537517	0.212363328334625	country	NN	press_editorial	press	B3	B	B23	B	Z	Z	Z	Z	Z	 day. Then off to a remote place in an underdeveloped <font color=green>country</font>  where the diet, culture, language and living conditions will be
country/NN/br-b10/2098	-0.416661077782353	-0.215244777307624	country	NN	press_editorial	press	B1	B	B14	B	Z	Z	Z	Z	Z	 in the past few years is still available in this <font color=green>country</font> . The work is executed in England( by hand) and can
country/NN/br-b16/284	-0.298769920820065	-0.11313327824723	country	NN	press_editorial	press	B3	B	B23	B	Z	Z	Z	Z	Z	 in world peace, increased world trade, and prosperity for every <font color=green>country</font>  on the globe. Let us prepare for peace, instead of
country/NN/br-b18/873	0.341521811956242	-0.195681544156621	country	NN	press_editorial	press	B2	B	B23	B	Z	Z	Z	Z	Z	 did not include repeal of the Connally amendment to this <font color=green>country</font>  's domestic jurisdiction reservation to its Adherence to the Statute
country/NN/br-b19/286	-0.16043154412976	-0.468949238560727	country	NN	press_editorial	press	B2	B	B23	B	Z	Z	Z	Z	Z	 wrongs can make a right! I am referring to this <font color=green>country</font>  conducting atmosphere tests of nuclear bombs just because Russia is
country/NN/br-b21/1131	-0.0202052065195224	-0.353626439339074	country	NN	press_editorial	press	B2	B	B23	B	Z	Z	Z	Z	Z	 devices, Ambassador Stevenson warned the UN General Assembly that this <font color=green>country</font> , in`` self protection'', might have to resume above-ground tests. More
country/NN/br-b21/49	-0.4685545916377	0.0936095214574091	country	NN	press_editorial	press	B1	B	B14	B	Z	Z	Z	Z	Z	 But there is reason in all things, and in this <font color=green>country</font>  the heathenish cult of the motor-car is exceeding all bounds
country/NN/br-b27/1218	-0.0347683673255411	0.280649011450537	country	NN	press_editorial	press	B1	B	B14	B	Z	Z	Z	Z	Z	 if this is the situation in other parts of the <font color=green>country</font> ; apparently it is not. It also happened with the Inauguration
country/NN/br-b27/1414	0.18462835393252	-0.386092934739878	country	NN	press_editorial	press	B1	B	B14	B	Z	Z	Z	Z	Z	 in between. We had a couple of schools in this <font color=green>country</font> , the principal one being on the Marshall Field estate out
country/NN/br-c01/621	-0.443307888762573	0.143183755755756	country	NN	press_reviews	press	B1	B	B14	B	country%1:15:00::	B1	B	B1	B	 extraordinary, considers the finest house of its kind in the <font color=green>country</font> - and of course he does n't weep at the capacity
country/NN/br-c14/2215	-0.416269538183932	0.0656228781901169	country	NN	press_reviews	press	B	B	B14	B	Z	Z	Z	Z	Z	 particular type of music or the music of a given <font color=green>country</font> . It is commendable that a regularly scheduled hour is set
country/NN/br-c15/2033	-0.240806974635241	0.234614482376182	country	NN	press_reviews	press	A1	A	A	A	Z	Z	Z	Z	Z	 buoys in dozens of frostbite races. Some pleasant fall cruising <font color=green>country</font>  is mapped out below. Pleasure boating is just scooting into
country/NN/br-d03/1509	-0.430522777244786	-0.143203795363921	country	NN	religion	religion	B4	B	B14	B	country%1:14:01::	B	B	BB2	B	 Faith of our Fathers: Mary 's prayers/ Shall win our <font color=green>country</font>  back to thee''. The English saints are widely venerated, quite
country/NN/br-d03/249	-0.441539062003779	-0.0485035368184328	country	NN	religion	religion	B4	B	B14	B	country%1:14:01::	B	B	BB2	B	 century literature of England, I knew only a Protestant dominated <font color=green>country</font> . Since arriving here, however, I have formed a far different
country/NN/br-d06/2068	-0.383283287472515	0.0298224298248254	country	NN	religion	religion	B4	B	B14	B	Z	Z	Z	Z	Z	 are more important than worshipping the God who made our <font color=green>country</font>  great. Is forgiveness of past sins, assurance of present help
country/NN/br-d11/1770	-0.483399776580796	-0.116819729557707	country	NN	religion	religion	B1	B	B14	B	Z	Z	Z	Z	Z	 would far rather die after a Russian occupation of this <font color=green>country</font> - by some deliberate act of refusal- than die uselessly by
country/NN/br-d12/128	-0.444724817378457	-0.101073097024633	country	NN	religion	religion	B4	B	B14	B	Z	Z	Z	Z	Z	 for the human aspirations of racial minority groups in this <font color=green>country</font> . It is not surprising that, as spokesman for real estate
country/NN/br-d17/1276	-0.281574302449043	0.426663058903244	country	NN	religion	religion	B1	B	B14	B	Z	Z	Z	Z	Z	 during surgery, we asked others to pray; all over the <font color=green>country</font>  a massive shield of prayer was thrown around him. Today
country/NN/br-e06/608	-0.216801328630236	0.232407728625208	country	NN	skill_and_hobbies	non-fiction	B1	B	B14	B	Z	Z	Z	Z	Z	 hauled to new horizons. The variety of craft on the <font color=green>country</font>  's waters today is overwhelming. They range from an eight-foot
country/NN/br-e12/31	-0.317844848914915	0.249668038047026	country	NN	skill_and_hobbies	non-fiction	B1	B	B14	B	Z	Z	Z	Z	Z	 textbook description alone, the overwhelming space and variety of this <font color=green>country</font>  held together under one government. The miracle of democratic America
country/NN/br-e17/338	-0.237020848412247	0.35316904678487	country	NN	skill_and_hobbies	non-fiction	B1	B	B14	B	Z	Z	Z	Z	Z	 that building codes and regulations vary so much throughout the <font color=green>country</font> , the first thing to do is to find out what
country/NN/br-f03/2248	-0.369817562504363	-0.369144265660647	country	NN	popular_lore	others	A	A	A	A	country%1:15:01::	A	A	A	A	 the convention, Depew was seated on the porch of a <font color=green>country</font>  home on the Hudson, gazing at the opposite shore.
country/NN/br-f04/177	-0.385637187312034	-0.0148816022472839	country	NN	popular_lore	others	B1	B	B14	B	Z	Z	Z	Z	Z	 region of some of the loveliest mountain scenery in the <font color=green>country</font> , the school buildings are located amid open fields and farm
country/NN/br-f05/2164	-0.300980507663525	0.354578403794161	country	NN	popular_lore	others	B1	B	B14	B	Z	Z	Z	Z	Z	 stubby plane as their link with the rest of the <font color=green>country</font> . The flyer had his share of near-misses. At Fort Ethan
country/NN/br-f09/444	-0.0347683673255411	0.280649011450537	country	NN	popular_lore	others	B1	B	B14	B	Z	Z	Z	Z	Z	 parts of Europe and Egypt and finally back into this <font color=green>country</font> . She has been acting as a prostitute.`` Our information is
country/NN/br-f11/1531	-0.0347683673255411	0.280649011450537	country	NN	popular_lore	others	B1	B	B14	B	Z	Z	Z	Z	Z	 a complete full-banded job differs in various parts of the <font color=green>country</font> . Work that might cost$ 500 to$ 750 in the South
country/NN/br-f18/2329	-0.456976198254557	-0.00340905475265004	country	NN	popular_lore	others	B1	B	B14	B	country%1:15:00::	B1	B	B1	B	 have been satisfied to have staid at home when my <font color=green>country</font>  is invaded by a thievin foe By a set of
country/NN/br-g03/84	0.476609469289995	-0.0884456372609801	country	NN	belles_lettres	others	B1	B	B14	B	Z	Z	Z	Z	Z	 the White House, in offices of key scientists across the <font color=green>country</font>  and aboard the submarines that prowl for months underwater, with
country/NN/br-g23/17	0.106535999973757	-0.255579903492326	country	NN	belles_lettres	others	B4	B	B14	B	country%1:14:00::	B2	B	BB2	B	 Woodrow Wilson 's administration, a red scare developed in our <font color=green>country</font> . Many Americans reacted irrationally to the challenge of Russia and
country/NN/br-g28/2097	-0.394871600698691	-0.268160266461221	country	NN	belles_lettres	others	A1	A	A	A	country%1:15:00::	B1	B	B1	B	 as a young man prepared to find in the new <font color=green>country</font>  the setting of romantic adventure and idealized beauty. But Thorpe
country/NN/br-h02/351	-0.173617710913222	0.306592892680777	country	NN	miscellaneous	non-fiction	B3	B	B23	B	Z	Z	Z	Z	Z	 programing and budgeting completely beyond the capabilities of the recipient <font color=green>country</font>  would result in the frustration of the basic objective of
country/NN/br-h08/2028	-0.402530583966425	0.134274897380382	country	NN	miscellaneous	non-fiction	B4	B	B14	B	Z	Z	Z	Z	Z	 has been with us since the very beginning of our <font color=green>country</font> . And yet, accompanying our gratitude is the realization that we
country/NN/br-j26/1711	-0.384818133426086	0.29584342111035	country	NN	learned	learned	B1	B	B14	B	Z	Z	Z	Z	Z	 Uniform questions, definitions, and procedures were enforced throughout the whole <font color=green>country</font> . Data were obtained, separately, on three classes of persons:( a
country/NN/br-j56/1063	-0.0852758837192433	-0.278703705579967	country	NN	learned	learned	A	A	A	A	country_club%1:14:00::	A	A	A	A	 had come into vogue, but also to witness the Ekwanok <font color=green>Country</font>  Club tournaments. New Yorkers were kept informed of scores by
country/NN/br-k03/444	0.0101733719796843	-0.0253448125205804	country	NN	fiction_gral	fiction	A	A	A	A	country%5:00:01:rural:00	A	A	A	A	 or his own sentry. He was a wiry, inscrutable, silent <font color=green>country</font>  boy from the red clay of rural Alabama, and he
country/NN/br-l11/1246	-0.0921020274406904	-0.365135079808174	country	NN	fiction_mystery	fiction	A	A	A	A	country%1:15:01::	A	A	A	A	 a manner Esquire might suggest for the outdoor man 's <font color=green>country</font>  weekend. Dark gray sports jacket, lighter gray slacks, pink flannel
country/NN/br-n01/1082	-0.374001895740447	0.356043514338459	country	NN	fiction_adventure	fiction	A	A	A	A	Z	Z	Z	Z	Z	 He had seen a few nester wagons go through the <font color=green>country</font> , the families almost starving to death, but he had never
country/NN/br-n09/1051	0.425863398257282	0.188911579375019	country	NN	fiction_adventure	fiction	A	A	A	A	country%1:15:01::	A	A	A	A	 distant derrick of the wildcat- a test well in unexplored <font color=green>country</font> . And even with her limited knowledge of such things, she
country/NN/br-n11/2133	-0.31767274917202	-0.195917432455923	country	NN	fiction_adventure	fiction	A1	A	A	A	country%1:15:02::	A1	A	A	A	 to frighten three rustling homesteaders out of the Upper Laramie <font color=green>country</font>  in a single week.`` My reputation 's my stock in
country/NNS/br-a04/766	-0.00376340204029738	0.0490454308953282	country	NNS	press_reportage	press	B3	B	B23	B	Z	Z	Z	Z	Z	 ratified) as a method of coordinating aid to the underdeveloped <font color=green>countries</font> , and the need for strengthening conventional forces as well as
country/NNS/br-a07/1659	-0.354201885201265	0.0604194658653938	country	NNS	press_reportage	press	B3	B	B23	B	Z	Z	Z	Z	Z	 biggest annual outlay since the Communist program for the under-developed <font color=green>countries</font>  made its modest beginning in 1954. In 1960 more than
country/NNS/br-a07/1678	-0.0448933864993257	0.0408509384526694	country	NNS	press_reportage	press	B1	B	B14	B	Z	Z	Z	Z	Z	 1960 more than 6000 Communist technicians were present in those <font color=green>countries</font> . A committee of experts has recommended that a country 's
country/NNS/br-a10/304	-0.287123509963507	0.0391913639762018	country	NNS	press_reportage	press	B4	B	B14	B	Z	Z	Z	Z	Z	 Martin called for patience on the part of Americans.`` The <font color=green>countries</font>  are trying to build in a decade the kind of
country/NNS/br-a10/89	-0.0165287070568531	0.0337584771066526	country	NNS	press_reportage	press	B2	B	B23	B	Z	Z	Z	Z	Z	 is married and the father of three children. Helping foreign <font color=green>countries</font>  to build a sound political structure is more important than
country/NNS/br-a43/1609	-0.0385323814959079	-0.0972956175115091	country	NNS	press_reportage	press	B3	B	B23	B	Z	Z	Z	Z	Z	 these: An international conference of the big textile-importing and textile-exporting <font color=green>countries</font>  will be called shortly by President Kennedy. Chief aims of
country/NNS/br-a43/1648	-0.11328933384092	0.0398672937623126	country	NNS	press_reportage	press	B3	B	B23	B	Z	Z	Z	Z	Z	 industrialized countries to take more textile imports from the less-developed <font color=green>countries</font>  over the years. Point is that developing countries often build
country/NNS/br-a43/1657	-0.0997453879853362	0.0382360370244268	country	NNS	press_reportage	press	B3	B	B23	B	Z	Z	Z	Z	Z	 the less-developed countries over the years. Point is that developing <font color=green>countries</font>  often build up a textile industry first, need encouragement to
country/NNS/br-a43/1738	-0.358159533510016	0.155703892850153	country	NNS	press_reportage	press	B3	B	B23	B	Z	Z	Z	Z	Z	 textile exports- especially dumping of specific products- to high-wage textile-producing <font color=green>countries</font> . Japan, since 1957, has been`` voluntarily'' curbing exports of textiles
country/NNS/br-b01/1558	-0.213195582237872	-0.204645551183324	country	NNS	press_editorial	press	B2	B	B23	B	Z	Z	Z	Z	Z	 countless schemes to do away with democratic leaders in neighboring <font color=green>countries</font>  such as President Romulo Betancourt of Venezuela. It was a
country/NNS/br-b11/1001	-0.301488796297368	-0.0205308500112893	country	NNS	press_editorial	press	B3	B	B23	B	Z	Z	Z	Z	Z	 as part of the world menace allegedly looming over the <font color=green>countries</font>  of capitalism. Evidently the war drum beating and hysteria so
country/NNS/br-b16/263	-0.161196942933712	0.255236135403294	country	NNS	press_editorial	press	B3	B	B23	B	Z	Z	Z	Z	Z	 any other program to solve the problems of the underdeveloped <font color=green>countries</font>  would be an investment that would pay off in world
country/NNS/br-b19/664	-0.163626272396565	0.0380295011691209	country	NNS	press_editorial	press	B2	B	B23	B	Z	Z	Z	Z	Z	 formed so that intelligent men with good intentions from all <font color=green>countries</font>  could meet and solve problems without resorting to war. Russia
country/NNS/br-b25/1744	0.346852445536691	0.130911065065259	country	NNS	press_editorial	press	B1	B	B14	B	Z	Z	Z	Z	Z	 and North Vietnamese liberating the southern half of their respective <font color=green>countries</font> . Perhaps Khrushchev is in a more difficult position than any
country/NNS/br-c07/1967	-0.241114303415903	-0.378798399244643	country	NNS	press_reviews	press	B	B	B14	B	Z	Z	Z	Z	Z	 were accompanied by Anna Mi Lee, pianist. Selections from fifteen <font color=green>countries</font>  were sung as solos and duets in a broad range
country/NNS/br-f04/226	-0.0165287070568531	0.0337584771066526	country	NNS	popular_lore	others	B	B	B14	B	Z	Z	Z	Z	Z	 grades four through eight. From fourteen states and three foreign <font color=green>countries</font>  they come to spend the months from mid-September to June
country/NNS/br-f14/2151	-0.242849926582915	0.1444905045072	country	NNS	popular_lore	others	B1	B	B14	B	country%1:14:00::	B2	B	BB2	B	 Was n't this meaning of Eichmann 's experience in various <font color=green>countries</font>  worth highlighting? As the first collective confrontation of the Nazi
country/NNS/br-f15/290	-0.00309070663690709	0.0229897422844988	country	NNS	popular_lore	others	B3	B	B23	B	country%1:14:00::	B2	B	BB2	B	 including birth-control information and material in foreign aid to underdeveloped <font color=green>countries</font> . Where it is not actually erupting, it rumbles and smolders
country/NNS/br-f23/2029	-0.00941287508855261	-0.26213049060864	country	NNS	popular_lore	others	B2	B	B23	B	country%1:14:00::	B2	B	BB2	B	 a Soviet bridgehead ninety miles off our coast. In some <font color=green>countries</font>  the trend has gone further than others: Mexico, Panama, and
country/NNS/br-g12/2313	-0.151834229809091	0.00473727037473365	country	NNS	belles_lettres	others	B4	B	B14	B	country%1:14:00::	B2	B	BB2	B	 the technological and economic revolutions now going on in the <font color=green>countries</font>  of Asia and Africa, and also of course on how
country/NNS/br-h02/1779	-0.129582680280301	0.063471716327979	country	NNS	miscellaneous	non-fiction	B3	B	B23	B	Z	Z	Z	Z	Z	 importantly, several of the more advanced of the less developed <font color=green>countries</font>  have found through experience that they must plan their own
country/NNS/br-h02/2175	0.319989258108167	0.206453008252201	country	NNS	miscellaneous	non-fiction	B2	B	B23	B	Z	Z	Z	Z	Z	 incentive for them will be clear evidence that where other <font color=green>countries</font>  have done this kind of home work we have responded
country/NNS/br-h02/318	-0.199888387526626	0.198966624728769	country	NNS	miscellaneous	non-fiction	B3	B	B23	B	Z	Z	Z	Z	Z	 cannot, of course, be mechanical. It must be recognized that <font color=green>countries</font>  at different stages of development have very different capabilities of
country/NNS/br-h02/562	-0.0152882570533955	0.0526059257067919	country	NNS	miscellaneous	non-fiction	B3	B	B23	B	Z	Z	Z	Z	Z	 to move toward long-term support, in cooperation with other developed <font color=green>countries</font> , of the essential foreign exchange requirements of the country 's
country/NNS/br-h02/681	-0.193958603148595	0.261350618655036	country	NNS	miscellaneous	non-fiction	B3	B	B23	B	Z	Z	Z	Z	Z	 aid, therefore, should increasingly be designed to provide incentives for <font color=green>countries</font>  to take the steps that only they themselves can take
country/NNS/br-h02/7	-0.0941587415230313	0.0739751044135531	country	NNS	miscellaneous	non-fiction	B3	B	B23	B	Z	Z	Z	Z	Z	 In most of the less developed <font color=green>countries</font> , however, such programing is at best inadequate and at worst
country/NNS/br-h06/876	0.00160750117465548	0.0251665376866157	country	NNS	miscellaneous	non-fiction	B	B	B14	B	Z	Z	Z	Z	Z	 of our 50 United States and 11 came from foreign <font color=green>countries</font> . New York led in the number of inquiries, followed by
country/NNS/br-h08/1935	-0.322859510727727	-0.282939657415695	country	NNS	miscellaneous	non-fiction	B4	B	B14	B	Z	Z	Z	Z	Z	 years would be the symbol of hope to the oppressed <font color=green>countries</font>  of the world. They simply turned to God filled with
country/NNS/br-h13/1532	-0.147046793276055	0.0981530746473153	country	NNS	miscellaneous	non-fiction	B2	B	B23	B	country%1:14:00::	B2	B	BB2	B	 years the United States had been trying to get these <font color=green>countries</font>  to exclude Castro 's representative from secret military talks. But
country/NNS/br-h13/2315	-0.114198666515526	0.00702551640618505	country	NNS	miscellaneous	non-fiction	B3	B	B23	B	country%1:14:00::	B2	B	BB2	B	 coming from Russia and Czechoslovakia. Shipments of arms from Western <font color=green>countries</font>  could similarly be seized as contraband. In a total blockade
country/NNS/br-h21/1267	-0.0736217613137444	0.0748645328251695	country	NNS	miscellaneous	non-fiction	B1	B	B14	B	country%1:14:00::	B2	B	BB2	B	 a rider which limits competitive bidding by firms in other <font color=green>countries</font>  on certain military supply items. As I have repeatedly stated
country/NNS/br-j22/194	-0.213208145153522	0.0896587557277239	country	NNS	learned	learned	B2	B	B23	B	country%1:14:00::	B2	B	BB2	B	 help by communicating a genuine concern with the problems these <font color=green>countries</font>  face and a readiness to provide technical and other appropriate
country/NNS/br-j22/2116	-0.271834397921277	0.0910042216000059	country	NNS	learned	learned	B3	B	B23	B	country%1:14:00::	B2	B	BB2	B	 generate. It follows that any effective policy toward the underdeveloped <font color=green>countries</font>  must have a realistically long working horizon. It must be
country/NNS/br-j22/347	-0.0731083197066309	0.228142813335515	country	NNS	learned	learned	B2	B	B23	B	country%1:14:00::	B2	B	BB2	B	 world scene. When necessary, we should make it clear that <font color=green>countries</font>  which choose to derive marginal advantages from the cold war
country/NNS/br-j22/397	0.0221879009367459	0.177674696958259	country	NNS	learned	learned	B3	B	B23	B	country%1:14:00::	B2	B	BB2	B	 As a nation, we feel an obligation to assist other <font color=green>countries</font>  in their development; but this obligation pertains only to countries
country/NNS/br-j22/474	0.0409982213347573	0.4089478594743	country	NNS	learned	learned	B2	B	B23	B	country%1:14:00::	B2	B	BB2	B	 of centralized government exist, we find a second category of <font color=green>countries</font>  with a different set of problems and hence different priorities
country/NNS/br-j37/1682	-0.120672908698087	0.095979721815649	country	NNS	learned	learned	B2	B	B23	B	country%1:14:00::	B2	B	BB2	B	 solutions devised in the electoral experiences of the rapidly changing <font color=green>countries</font>  are often of comparative value and essential to evaluating election
country/NNS/br-j42/665	-0.0370280602407048	0.0127211457273423	country	NNS	learned	learned	B2	B	B23	B	country%1:14:00::	B2	B	BB2	B	 civilization must formally enter into the circle of law governed <font color=green>countries</font> . They must do something with the acquiescence of the latter
state/JJ/br-d12/2233	-0.0572508493547646	0.00603481973819878	state	JJ	religion	religion	Z	Z	Z	Z	Z	Z	Z	Z	Z	 the narrow sense of skillfulness in meeting a client 's <font color=green>stated</font>  needs as already noted? Our faculty and students pressed this
state/JJ/br-e21/1154	-0.00298047493482998	-0.00501385607702042	state	JJ	skill_and_hobbies	non-fiction	A3	A	AB	ABC	state%5:00:01:public:00	A2	A	AB	ABC	 parks place emphasis on features which are of national or <font color=green>state</font>  significance, counties should seek out these features which are distinctive
state/JJ/br-e31/1555	-0.0567342138980455	-0.0341377050629719	state	JJ	skill_and_hobbies	non-fiction	A2	A	AB	ABC	state%5:00:02:public:00	A2	A	AB	ABC	 to make their cooking easy and their sleeping comfortable. Harassed <font color=green>state</font>  park officials often have more campers than they know what
state/JJ/br-g17/2159	-0.0693093927499058	-0.0335615888952757	state	JJ	belles_lettres	others	A2	A	AB	ABC	state%5:00:02:public:00	A2	A	AB	ABC	 is involved. How did it happen, for example, that the <font color=green>state</font>  university, that great symbol of American democracy, failed to flourish
state/JJ/br-h11/1931	-0.0015130700234306	0.00827326202610078	state	JJ	miscellaneous	non-fiction	D	D	D	D	solid-state%5:00:02:solid:01	D2	D	D	D	 addition to the basic programs in wavelength standards, spectroscopy, solid <font color=green>state</font>  physics, interactions of the free electron and atomic constants which
state/JJ/br-h14/1763	0.0503048329593474	0.00950117311071702	state	JJ	miscellaneous	non-fiction	A3	A	AB	ABC	state%5:00:02:public:00	A2	A	AB	ABC	 fiscal capacity of the State, with a pivot of 40% <font color=green>State</font> ( or 60% Federal) participation in total program costs. The percentage
state/JJ/br-h14/1868	0.0715768513928079	0.0392177973881258	state	JJ	miscellaneous	non-fiction	A3	A	AB	ABC	state%5:00:02:public:00	A2	A	AB	ABC	 will be matched on the basis of a 40% pivot <font color=green>State</font>  share, with maximum and minimum State shares of 50% and
state/JJ/br-h14/1875	0.107891087571303	0.0405530202553884	state	JJ	miscellaneous	non-fiction	A3	A	AB	ABC	state%5:00:02:public:00	A2	A	AB	ABC	 of a 40% pivot State share, with maximum and minimum <font color=green>State</font>  shares of 50% and 30%, respectively. The pre 1960 rate
state/JJ/br-h14/360	0.0433844736562628	0.0639989655330072	state	JJ	miscellaneous	non-fiction	A3	A	AB	ABC	state%5:00:02:public:00	A2	A	AB	ABC	 Congress, the Federal Government assumed responsibility for 100% of necessary <font color=green>State</font>  expenditures in connection with administration and the counseling and placement
state/JJ/br-h14/747	0.0174357778929776	0.0111662478625124	state	JJ	miscellaneous	non-fiction	A3	A	AB	ABC	state%5:00:02:public:00	A2	A	AB	ABC	 State. The provisions are also designed to avoid disruption in <font color=green>State</font>  programs already in operation, which might otherwise result from the
state/JJ/br-h15/1500	0.0376573049838828	0.0155713798445641	state	JJ	miscellaneous	non-fiction	A3	A	AB	ABC	state%5:00:02:public:00	A2	A	AB	ABC	 gather its own information and will receive broad information from <font color=green>State</font>  and Federal sources. It will tell you as soon as
state/JJ/br-j38/1871	0.0436451625084837	-0.00752399326803688	state	JJ	learned	learned	A3	A	AB	ABC	state%5:00:02:public:00	A2	A	AB	ABC	 for training to meet national skilled manpower needs. If only <font color=green>state</font>  funds were used to pay for the vocational education, it
state/NN/br-a01/413	-0.0633363311708644	0.161545654170973	state	NN	press_reportage	press	A4	A	AB	ABC	state%1:15:01::	A	A	AB	ABC	 through the welfare departments of all the counties in the <font color=green>state</font>  with the exception of Fulton County, which receives none of
state/NN/br-a04/384	0.0965357543489434	-0.150064798177556	state	NN	press_reportage	press	C	C	C	ABC	Z	Z	Z	Z	Z	 hoped for. One diplomat described the tenor of Secretary of <font color=green>State</font>  Dean Rusk 's speeches as`` inconclusive''. But he hastened to
state/NN/br-a04/627	0.0965357543489434	-0.150064798177556	state	NN	press_reportage	press	C	C	C	ABC	Z	Z	Z	Z	Z	 at NATO 's disposal in European waters. The Secretary of <font color=green>State</font>  has also solemnly repeated a warning to the Soviet Union
state/NN/br-a04/949	0.0533147142246789	-0.34106626089093	state	NN	press_reportage	press	A5	A	AB	ABC	Z	Z	Z	Z	Z	 countries attending the Geneva conference to achieve this. The United <font color=green>States</font>  hopes that any future Lao Cabinet would not become Communist
state/NN/br-a05/930	0.17440640868027	0.377143723867726	state	NN	press_reportage	press	A5	A	AB	ABC	Z	Z	Z	Z	Z	 Sunday sales laws. The statutes, similar in both the Bay <font color=green>State</font>  and Rhode Island and dating back in some instances to
state/NN/br-a08/1073	0.0658844498806196	0.229535524994269	state	NN	press_reportage	press	A	A	AB	ABC	Z	Z	Z	Z	Z	 a session is the highly sensitive problem of cutting the <font color=green>state</font>  's congressional districts from six to five to eliminate one
state/NN/br-a10/111	0.0718778089571176	-0.150563834981856	state	NN	press_reportage	press	C	C	C	ABC	Z	Z	Z	Z	Z	 than aiding them economically, E. M. Martin, assistant secretary of <font color=green>state</font>  for economic affairs told members of the World Affairs Council
state/NN/br-a20/1653	0.100523861063219	-0.374419628692241	state	NN	press_reportage	press	A5	A	AB	ABC	Z	Z	Z	Z	Z	 mayor 's medal''. In opening, D. Arthur Connelly, assistant United <font color=green>States</font>  attorney, read the indictment, but made no comments. Attorneys for
state/NN/br-a23/505	-0.0633363311708644	0.161545654170973	state	NN	press_reportage	press	A3	A	AB	ABC	Z	Z	Z	Z	Z	 completed, he said, and added Field 's long service in <font color=green>state</font>  government and welfare employ gave him familiarity with the welfare
state/NN/br-a23/69	0.349825746809083	0.0637720497968159	state	NN	press_reportage	press	A1	A	AB	ABC	Z	Z	Z	Z	Z	 category, for which emergency allotment can be given by the <font color=green>state</font>  if necessary. William Smythe, director of field service, told the
state/NN/br-a24/1016	0.261394454792699	-0.332792880938784	state	NN	press_reportage	press	A3	A	AB	ABC	Z	Z	Z	Z	Z	 could not be reached for comment. In its ruling, the <font color=green>state</font>  Board of Education upheld Dr. Michael F. Walsh, state commissioner
state/NN/br-a33/1770	0.341521811956242	-0.195681544156621	state	NN	press_reportage	press	A5	A	AB	ABC	Z	Z	Z	Z	Z	 Accepted Scottish Rite for the Southern Jurisdiction of the United <font color=green>States</font> . The opening session of the 5- day session will begin
state/NN/br-a37/13	0.0965357543489434	-0.150064798177556	state	NN	press_reportage	press	C	C	C	ABC	Z	Z	Z	Z	Z	 a closed-door session on Capitol Hill last week, Secretary of <font color=green>State</font>  Christian Herter made his final report to the Senate Foreign
state/NN/br-a37/643	0.0554629504644939	-0.112400362773424	state	NN	press_reportage	press	C	C	C	ABC	Z	Z	Z	Z	Z	 neighboring South Viet Nam and Laos. The late Secretary of <font color=green>State</font>  John Foster Dulles considered the 1954 Geneva agreement a specimen
state/NN/br-a44/251	0.0641647157698455	0.139593966714699	state	NN	press_reportage	press	A3	A	AB	ABC	Z	Z	Z	Z	Z	 co-operative movement has begun to grow, under the wing of <font color=green>state</font>  governments, whereby, with the financial help of the state, libraries
state/NN/br-a44/442	0.0641647157698455	0.139593966714699	state	NN	press_reportage	press	A1	A	AB	ABC	Z	Z	Z	Z	Z	 systems financed by county governments with matching funds from the <font color=green>state</font> . It was a step in the right direction, but it
state/NN/br-a44/764	0.270980597940289	0.126384441694655	state	NN	press_reportage	press	A3	A	AB	ABC	Z	Z	Z	Z	Z	 resources of a given area for maximum efficiency. The basic <font color=green>state</font>  grant is thirty cents for each person served, and there
state/NN/br-b01/614	0.270980597940289	0.126384441694655	state	NN	press_editorial	press	A3	A	AB	ABC	Z	Z	Z	Z	Z	 Commission. Coupling its own budget of$ 83750 with a$ 30000 <font color=green>state</font>  grant authorized by Gov. Vandiver, the group expects to sign
state/NN/br-b02/2120	0.397725792147436	-0.183334197513364	state	NN	press_editorial	press	A1	A	AB	ABC	Z	Z	Z	Z	Z	 federal funds. This year 's Senate measure would provide each <font color=green>state</font>  and the District of Columbia with$ 1000000 to be used
state/NN/br-b11/177	0.0658844498806196	0.229535524994269	state	NN	press_editorial	press	A	A	AB	ABC	Z	Z	Z	Z	Z	 for a whole series of lesser candidate-picking conventions in the <font color=green>state</font>  's 38 new Congressional districts. At the head of the
state/NN/br-b12/732	0.0296784582722171	-0.447792993377181	state	NN	press_editorial	press	A5	A	AB	ABC	Z	Z	Z	Z	Z	 the signing of the treaty between Korea and the United <font color=green>States</font>  and experts in Seoul are trying to find the correspondence
state/NN/br-b12/751	0.0599617031037171	-0.155496291934526	state	NN	press_editorial	press	C	C	C	ABC	Z	Z	Z	Z	Z	 find the correspondence between Frederick Frelinghuysen, who was secretary of <font color=green>state</font>  in 1883 and 1884, and Gen. Lucius Foote, who was
state/NN/br-b18/919	0.341521811956242	-0.195681544156621	state	NN	press_editorial	press	A5	A	AB	ABC	Z	Z	Z	Z	Z	 matter is essentially within the domestic jurisdiction of the United <font color=green>States</font>  in a case before the World Court to which the
state/NN/br-b25/593	-0.0633363311708644	0.161545654170973	state	NN	press_editorial	press	C	C	C	ABC	Z	Z	Z	Z	Z	 other'' 50 per cent of the nation from that`` welfare <font color=green>state</font> '' which the Soviet Union so greatly prides itself on being
state/NN/br-b25/842	-0.0633363311708644	0.161545654170973	state	NN	press_editorial	press	C	C	C	ABC	Z	Z	Z	Z	Z	 against all the more popular features of the Khrushchev`` welfare <font color=green>state</font> ''. The trouble with all these doctrinal quarrels is that we
state/NN/br-c16/1216	-0.0633363311708644	0.161545654170973	state	NN	press_reviews	press	C	C	C	ABC	Z	Z	Z	Z	Z	 Government devoted its attention to the creation of a welfare <font color=green>state</font> . With Britain looking inward, overseas problems were neglected and the
state/NN/br-e22/2361	0.177666315125424	-0.289102509188324	state	NN	skill_and_hobbies	non-fiction	A5	A	AB	ABC	united_states%1:15:00::	A51	A	AB	ABC	 indeed in the musical history of the entire eastern United <font color=green>States</font> . On that date the Musicians Emergency Fund, organized to furnish
state/NN/br-f17/794	0.177666315125424	-0.289102509188324	state	NN	popular_lore	others	A5	A	AB	ABC	united_states%1:15:00::	A51	A	AB	ABC	 route through Illinois territory to Indiana and the eastern United <font color=green>States</font>  was the best route for goods from England to reach
state/NN/br-g01/1187	0.263482111254448	0.0516249141192414	state	NN	belles_lettres	others	A	A	AB	ABC	state%1:15:01::	A	A	AB	ABC	 traditional way of life persists much more in the older <font color=green>states</font>  than in the new ones. Probably a larger percentage of
state/NN/br-g02/1335	-0.0633363311708644	0.161545654170973	state	NN	belles_lettres	others	C	C	C	ABC	Z	Z	Z	Z	Z	 better or for worse, we all now live in welfare <font color=green>states</font> , the organizing principle of which is collective responsibility for individual
state/NN/br-g02/681	-0.0633363311708644	0.161545654170973	state	NN	belles_lettres	others	C	C	C	ABC	Z	Z	Z	Z	Z	 the many facets of the American version of the welfare <font color=green>state</font>  have become part of the conventional wisdom. A national consensus
state/NN/br-g10/688	0.0641647157698455	0.139593966714699	state	NN	belles_lettres	others	A3	A	AB	ABC	Z	Z	Z	Z	Z	 substantially the same division of power between the central and <font color=green>state</font>  governments, and among the executive, legislative and judicial branches. Many
state/NN/br-g19/545	0.17440640868027	0.377143723867726	state	NN	belles_lettres	others	A5	A	AB	ABC	united_states%1:15:00::	A51	A	AB	ABC	 of the giant corporations in Western Europe and the United <font color=green>States</font>  dates from the period 1880- 1900. Now, although the roots
state/NN/br-h04/1058	0.166223882774317	0.296380898820738	state	NN	miscellaneous	non-fiction	A2	A	AB	ABC	Z	Z	Z	Z	Z	 the past twenty years the ratio of state-owned automobiles per <font color=green>state</font>  employees has varied from 1 to 22 then to 1
state/NN/br-h04/1129	0.166223882774317	0.296380898820738	state	NN	miscellaneous	non-fiction	A2	A	AB	ABC	Z	Z	Z	Z	Z	 obscured, subsequent developments concerning the assignment, use, and management of <font color=green>state</font>  automobiles can be related more clearly. Prior to 1942, automobiles
state/NN/br-h04/1854	0.281048298845118	0.250763786205131	state	NN	miscellaneous	non-fiction	A2	A	AB	ABC	Z	Z	Z	Z	Z	 in excess of 10000 miles annually is more economical by <font color=green>state</font>  car than by payment of allowances for use of personally-owned
state/NN/br-h04/1904	0.148523664016198	0.191603097215831	state	NN	miscellaneous	non-fiction	A2	A	AB	ABC	Z	Z	Z	Z	Z	 travel per year. Table 2 shows operating cost data of <font color=green>state</font>  vehicles selected at random. One matter of concern to the
state/NN/br-h04/192	0.148523664016198	0.191603097215831	state	NN	miscellaneous	non-fiction	A2	A	AB	ABC	Z	Z	Z	Z	Z	 meaningful policies governing the purchase, assignment, use and management of <font color=green>state</font>  vehicles have been shaped by the state 's administrative officers
state/NN/br-h04/199	0.148523664016198	0.191603097215831	state	NN	miscellaneous	non-fiction	A1	A	AB	ABC	Z	Z	Z	Z	Z	 and management of state vehicles have been shaped by the <font color=green>state</font>  's administrative officers. Meaningful policies include:( a) kinds of cars
state/NN/br-h04/267	0.166223882774317	0.296380898820738	state	NN	miscellaneous	non-fiction	A2	A	AB	ABC	Z	Z	Z	Z	Z	 taking cars home, and( f) need for liability insurance on <font color=green>state</font>  automobiles. A review of these policies indicates: The state purchases
state/NN/br-h04/278	0.166223882774317	0.296380898820738	state	NN	miscellaneous	non-fiction	A1	A	AB	ABC	Z	Z	Z	Z	Z	 on state automobiles. A review of these policies indicates: The <font color=green>state</font>  purchases and assigns grades of cars according to need and
state/NN/br-h04/30	0.148523664016198	0.191603097215831	state	NN	miscellaneous	non-fiction	A1	A	AB	ABC	Z	Z	Z	Z	Z	 least one state vehicle was in existence in 1917. The <font color=green>state</font>  presently owns 389 passenger vehicles in comparison to approximately 200
state/NN/br-h04/375	0.234171212670034	-0.353796732904901	state	NN	miscellaneous	non-fiction	A1	A	AB	ABC	Z	Z	Z	Z	Z	 to have drivers garage state cars at their homes. The <font color=green>state</font>  has recently undertaken liability insurance for drivers of state cars
state/NN/br-h04/384	0.234171212670034	-0.353796732904901	state	NN	miscellaneous	non-fiction	A2	A	AB	ABC	Z	Z	Z	Z	Z	 The state has recently undertaken liability insurance for drivers of <font color=green>state</font>  cars. A survey of practices and/ or policies in other
state/NN/br-h04/403	0.166223882774317	0.296380898820738	state	NN	miscellaneous	non-fiction	A2	A	AB	ABC	Z	Z	Z	Z	Z	 or policies in other states concerning assignment and use of <font color=green>state</font>  automobiles reveals several points for comparison with Rhode Island 's
state/NN/br-h04/491	0.166261333571495	0.164092592492907	state	NN	miscellaneous	non-fiction	A2	A	AB	ABC	Z	Z	Z	Z	Z	 vehicles. Nineteen states report laws, policies or regulations for assigning <font color=green>state</font>  vehicles in lieu of paying mileage allowances. Of these states
state/NN/br-h04/563	0.148523664016198	0.191603097215831	state	NN	miscellaneous	non-fiction	A2	A	AB	ABC	Z	Z	Z	Z	Z	 reimbursements allowed employees for the use of personally-owned vehicles on <font color=green>state</font>  business at the rate of .07 per mile. Fixed monthly
state/NN/br-h04/745	0.15900878806446	0.151127062184736	state	NN	miscellaneous	non-fiction	A1	A	AB	ABC	Z	Z	Z	Z	Z	 payments over$ 50 per month are more expensive to the <font color=green>state</font>  than the assignment of state-owned vehicles. Travel allowances, including subsistence
state/NN/br-h04/780	0.281048298845118	0.250763786205131	state	NN	miscellaneous	non-fiction	A2	A	AB	ABC	Z	Z	Z	Z	Z	 favorably with other states' allowances. With few exceptions travelers on <font color=green>state</font>  business are allowed actual travel expenses and$ 15 per day
state/NN/br-h04/861	0.148523664016198	0.191603097215831	state	NN	miscellaneous	non-fiction	A2	A	AB	ABC	Z	Z	Z	Z	Z	 The Registry of Motor Vehicles indicates that at least one <font color=green>state</font>  automobile was registered as far back as 1917. It should
state/NN/br-h04/882	0.166223882774317	0.296380898820738	state	NN	miscellaneous	non-fiction	A1	A	AB	ABC	Z	Z	Z	Z	Z	 should be enough to say that the practice of the <font color=green>state</font>  buying automobiles is at least forty years old. The best
state/NN/br-h05/219	0.067316648474576	0.117779312225736	state	NN	miscellaneous	non-fiction	A3	A	AB	ABC	Z	Z	Z	Z	Z	 adoption accompanied the introduction of a sales tax at the <font color=green>state</font>  level. Notwithstanding state aid, the local governments are continuing to
state/NN/br-h05/223	0.067316648474576	0.117779312225736	state	NN	miscellaneous	non-fiction	A3	A	AB	ABC	Z	Z	Z	Z	Z	 introduction of a sales tax at the state level. Notwithstanding <font color=green>state</font>  aid, the local governments are continuing to seek additional revenue
state/NN/br-h06/1634	-0.0469572420892673	0.424229423617386	state	NN	miscellaneous	non-fiction	A3	A	AB	ABC	Z	Z	Z	Z	Z	 priority will be given to the preparation of a meaningful <font color=green>state</font>  guide plan to serve as a background for all other
state/NN/br-h06/1683	-0.0469572420892673	0.424229423617386	state	NN	miscellaneous	non-fiction	A3	A	AB	ABC	Z	Z	Z	Z	Z	 in Rhode Island) means, or should mean, state planning'', the <font color=green>state</font>  guide plan will take into account the metropolitan nature of
state/NN/br-h06/1901	-0.0469572420892673	0.424229423617386	state	NN	miscellaneous	non-fiction	A3	A	AB	ABC	Z	Z	Z	Z	Z	 the projects in the budget will be based on the <font color=green>state</font>  plan. In preparing the state guide plan, particular attention will
state/NN/br-h06/1907	-0.0469572420892673	0.424229423617386	state	NN	miscellaneous	non-fiction	A3	A	AB	ABC	Z	Z	Z	Z	Z	 will be based on the state plan. In preparing the <font color=green>state</font>  guide plan, particular attention will be given means of strengthening
state/NN/br-h07/1010	0.067316648474576	0.117779312225736	state	NN	miscellaneous	non-fiction	A4	A	AB	ABC	Z	Z	Z	Z	Z	 sums of money to the several local governments in this <font color=green>state</font>  as indicated below: It has been said that when local
state/NN/br-h09/172	0.397725792147436	-0.183334197513364	state	NN	miscellaneous	non-fiction	A5	A	AB	ABC	united_states%1:15:00::	A51	A	AB	ABC	 other mineralized or chemically charged water, and the term' United <font color=green>States</font> ' extends to and includes the District of Columbia, the Commonwealth
state/NN/br-h09/1791	0.266887795721741	-0.173736190356761	state	NN	miscellaneous	non-fiction	A4	A	AB	ABC	state%1:14:01::	B	B	AB	ABC	 United States; and the term`` commerce'' means commerce between any <font color=green>State</font>  and any place outside thereof, or between points within the
state/NN/br-h09/1804	0.106674893362175	-0.0918779693573825	state	NN	miscellaneous	non-fiction	A4	A	AB	ABC	state%1:14:01::	B	B	AB	ABC	 any place outside thereof, or between points within the same <font color=green>State</font>  but through any place outside thereof. The Secretary of the
state/NN/br-h09/1886	0.0965357543489434	-0.150064798177556	state	NN	miscellaneous	non-fiction	A5	A	AB	ABC	united_states_of_america%1:15:00::	A51	A	AB	ABC	 by the Senate and House of Representatives of the United <font color=green>States</font>  of America in Congress assembled, That the Secretary of the
state/NN/br-h09/197	0.41748236335764	-0.111759262152838	state	NN	miscellaneous	non-fiction	A5	A	AB	ABC	united_states%1:14:00::	A52	A	AB	ABC	 Puerto Rico, and the territories and possessions of the United <font color=green>States</font> . In order to accomplish the purposes of this Act, the
state/NN/br-h09/704	0.110205118048999	0.233979282737777	state	NN	miscellaneous	non-fiction	A3	A	AB	ABC	state_department%1:14:01::	C2	C	C	ABC	 projects; and cooperate with other Federal departments and agencies, with <font color=green>State</font>  and local departments, agencies, and instrumentalities, and with interested persons
state/NN/br-h09/832	-0.0633363311708644	0.161545654170973	state	NN	miscellaneous	non-fiction	C	C	C	ABC	department_of_state%1:14:00::	C1	C	C	ABC	 the Department of Health Education and Welfare, the Department of <font color=green>State</font> , and other concerned agencies shall also be carried out in
state/NN/br-h12/1291	0.341521811956242	-0.195681544156621	state	NN	miscellaneous	non-fiction	A5	A	AB	ABC	united_states%1:15:00::	A51	A	AB	ABC	 appointed by a court of competent jurisdiction in the United <font color=green>States</font>  and has not been discharged prior to the date of
state/NN/br-h12/2215	0.0965357543489434	-0.150064798177556	state	NN	miscellaneous	non-fiction	C	C	C	ABC	secretary_of_state%1:18:01::	C1	C	C	ABC	 of the Yugoslav Claims Agreement of 1948. The Secretary of <font color=green>State</font>  shall certify to the Secretary of the Treasury the total
state/NN/br-h12/691	0.0965357543489434	-0.150064798177556	state	NN	miscellaneous	non-fiction	C	C	C	ABC	secretary_of_state%1:18:01::	C1	C	C	ABC	 fact and not subject to review by the Secretary of <font color=green>State</font>  or any other official, department, agency, or establishment of the
state/NN/br-h12/844	0.0965357543489434	-0.150064798177556	state	NN	miscellaneous	non-fiction	C	C	C	ABC	secretary_of_state%1:18:01::	C1	C	C	ABC	 this Title. The Commission shall certify to the Secretary of <font color=green>State</font> , upon his request, copies of the formal submissions of claims
state/NN/br-h14/1059	0.182963063540377	0.0260724032598864	state	NN	miscellaneous	non-fiction	A	A	AB	ABC	state%1:15:01::	A	A	AB	ABC	 for each State in item 1 above.) Determine the particular <font color=green>State</font>  's`` allotment percentage''. By law this is 75% for the
state/NN/br-h14/1123	0.182963063540377	0.0260724032598864	state	NN	miscellaneous	non-fiction	A	A	AB	ABC	state%1:15:01::	A	A	AB	ABC	 the result obtained in item 4 above; except that no <font color=green>State</font>  shall have an allotment percentage less than 33- 1 3
state/NN/br-h14/1175	0.24682096886367	0.0519034480032406	state	NN	miscellaneous	non-fiction	A	A	AB	ABC	state%1:15:01::	A	A	AB	ABC	 be raised or lowered to the appropriate extreme. Square each <font color=green>State</font>  's allotment percentage. Determine each State 's population.( See Source
state/NN/br-h14/1182	0.24682096886367	0.0519034480032406	state	NN	miscellaneous	non-fiction	A	A	AB	ABC	state%1:15:01::	A	A	AB	ABC	 appropriate extreme. Square each State 's allotment percentage. Determine each <font color=green>State</font>  's population.( See Source of Data, below for population data
state/NN/br-h14/1209	0.24682096886367	0.0519034480032406	state	NN	miscellaneous	non-fiction	A	A	AB	ABC	state%1:15:01::	A	A	AB	ABC	 be used in this step.) Multiply the population of each <font color=green>State</font>  by the square of its allotment percentage.( Multiply result obtained
state/NN/br-h14/1251	0.230658770592949	0.0064477234876141	state	NN	miscellaneous	non-fiction	A	A	AB	ABC	state%1:15:01::	A	A	AB	ABC	 the products obtained in item 8 above, for all the <font color=green>States</font> .( For each State, make all computations set forth in items
state/NN/br-h14/1256	0.279147146005211	0.0157435330147318	state	NN	miscellaneous	non-fiction	A	A	AB	ABC	state%1:15:01::	A	A	AB	ABC	 in item 8 above, for all the States.( For each <font color=green>State</font> , make all computations set forth in items 1 to 8
state/NN/br-h14/1278	0.230658770592949	0.0064477234876141	state	NN	miscellaneous	non-fiction	A	A	AB	ABC	state%1:15:01::	A	A	AB	ABC	 8 above, and then add the results obtained for each <font color=green>State</font>  in item 8.) Determine the ratio that the amount being
state/NN/br-h14/1389	0.349825746809083	0.0637720497968159	state	NN	miscellaneous	non-fiction	A	A	AB	ABC	state%1:15:01::	A	A	AB	ABC	 so lower its unadjusted allotment to its maximum allotment.( Each <font color=green>State</font>  's unadjusted allotment for any fiscal year, which exceeds its
state/NN/br-h14/1444	0.219764344770857	0.0199493046284598	state	NN	miscellaneous	non-fiction	A	A	AB	ABC	state%1:15:01::	A	A	AB	ABC	 by the amount of the excess.) Determine if the particular <font color=green>State</font>  's unadjusted allotment( result obtained in item 11 above) is
state/NN/br-h14/1521	0.263482111254448	0.0516249141192414	state	NN	miscellaneous	non-fiction	A	A	AB	ABC	state%1:15:01::	A	A	AB	ABC	 percentage of 5.4865771 which brings total 1954 allotments to all <font color=green>States</font>  up to$ 23000000. The funds recouped by reductions in item
state/NN/br-h14/1552	0.349825746809083	0.0637720497968159	state	NN	miscellaneous	non-fiction	A	A	AB	ABC	state%1:15:01::	A	A	AB	ABC	 increase the unadjusted allotments to the specified minimum in those <font color=green>States</font>  where the unadjusted allotment is less than the minimum allotment
state/NN/br-h14/1815	0.263482111254448	0.0516249141192414	state	NN	miscellaneous	non-fiction	A	A	AB	ABC	state%1:15:01::	A	A	AB	ABC	 of this explanation, this percentage is referred to as the <font color=green>States</font> `` unadjusted Federal share''. Beginning in 1960, the matching requirements for
state/NN/br-h14/2182	0.323532898270087	0.0111293789111278	state	NN	miscellaneous	non-fiction	A5	A	AB	ABC	united_states%1:15:00::	A51	A	AB	ABC	 40% to the average per capita income of the United <font color=green>States</font> .( Divide 40 by the amount used in item 2 above
state/NN/br-h14/2236	0.419076460420771	0.0259444052632965	state	NN	miscellaneous	non-fiction	A	A	AB	ABC	state%1:15:01::	A	A	AB	ABC	 which bears the same ratio to 40% as the particular <font color=green>State</font>  's average per capita income bears to the average per
state/NN/br-h14/2269	0.230658770592949	0.0064477234876141	state	NN	miscellaneous	non-fiction	A	A	AB	ABC	state%1:15:01::	A	A	AB	ABC	 in item 3 above by the amount used for each <font color=green>State</font>  in item 1 above.) Determine the particular State 's`` Federal
state/NN/br-h14/2279	0.230658770592949	0.0064477234876141	state	NN	miscellaneous	non-fiction	A	A	AB	ABC	state%1:15:01::	A	A	AB	ABC	 for each State in item 1 above.) Determine the particular <font color=green>State</font>  's`` Federal Share''. By law this is 70% for the
state/NN/br-h14/324	0.270980597940289	0.126384441694655	state	NN	miscellaneous	non-fiction	A1	A	AB	ABC	state%1:15:01::	A	A	AB	ABC	 existed until 1943, the Federal Government made grants to the <font color=green>States</font>  on the basis of population, matching State expenditures on a
state/NN/br-h14/549	0.270980597940289	0.126384441694655	state	NN	miscellaneous	non-fiction	A1	A	AB	ABC	state%1:15:01::	A	A	AB	ABC	 part of the grant program. In order to assist the <font color=green>States</font>  in maintaining basic vocational rehabilitation services, Section 2 of the
state/NN/br-h14/736	0.419076460420771	0.0259444052632965	state	NN	miscellaneous	non-fiction	A	A	AB	ABC	state%1:15:01::	A	A	AB	ABC	 high per capita income or a sparsely or thickly populated <font color=green>State</font> . The provisions are also designed to avoid disruption in State
state/NN/br-h14/789	0.397725792147436	-0.183334197513364	state	NN	miscellaneous	non-fiction	Z	Z	Z	Z	state%1:15:01::	A	A	AB	ABC	 allotments is specifically set forth in the Act. The term`` <font color=green>State</font> '' means the several States, the District of Columbia, the Virgin
state/NN/br-h14/794	0.298467394627721	-0.128417826358831	state	NN	miscellaneous	non-fiction	A	A	AB	ABC	state%1:15:01::	A	A	AB	ABC	 forth in the Act. The term`` State'' means the several <font color=green>States</font> , the District of Columbia, the Virgin Islands, Guam and Puerto
state/NN/br-h14/814	0.36189386864813	-0.111268708249184	state	NN	miscellaneous	non-fiction	A5	A	AB	ABC	united_states%1:15:00::	A51	A	AB	ABC	 the Virgin Islands, Guam and Puerto Rico; the term`` United <font color=green>States</font> '' includes the several States and the District of Columbia, and
state/NN/br-h14/819	0.329377763052674	-0.145424032170561	state	NN	miscellaneous	non-fiction	A	A	AB	ABC	state%1:15:01::	A	A	AB	ABC	 and Puerto Rico; the term`` United States'' includes the several <font color=green>States</font>  and the District of Columbia, and excludes the Virgin Islands
state/NN/br-h14/857	0.345005355538084	-0.107596163659719	state	NN	miscellaneous	non-fiction	A	A	AB	ABC	state%1:15:01::	A	A	AB	ABC	 Hawaii. The following steps are employed in calculations: For each <font color=green>State</font> ( except Puerto Rico, Guam, the Virgin Islands, and, prior to
state/NN/br-h24/1030	0.311332826117781	-0.121818790361053	state	NN	miscellaneous	non-fiction	A5	A	AB	ABC	united_states%1:15:00::	A51	A	AB	ABC	 States who, on April 15, are not in the United <font color=green>States</font>  or Puerto Rico, are allowed an extension of time until
state/NN/br-h24/1166	0.311332826117781	-0.121818790361053	state	NN	miscellaneous	non-fiction	A5	A	AB	ABC	united_states%1:15:00::	A51	A	AB	ABC	 that you were in Alaska or were outside the United <font color=green>States</font>  or Puerto Rico on April 15 or other due date
state/NN/br-h24/493	0.285021018860627	-0.270865293923203	state	NN	miscellaneous	non-fiction	A5	A	AB	ABC	united_states%1:15:00::	A51	A	AB	ABC	 the same as if they were citizens of the United <font color=green>States</font> . Their United States tax returns are due April 16, 1962
state/NN/br-h24/512	0.285021018860627	-0.270865293923203	state	NN	miscellaneous	non-fiction	A5	A	AB	ABC	united_states%1:15:00::	A51	A	AB	ABC	 returns are due April 16, 1962. However, if their United <font color=green>States</font>  income is not subject to the withholding of tax on
state/NN/br-j22/976	0.0641647157698455	0.139593966714699	state	NN	learned	learned	A3	A	AB	ABC	state%1:15:01::	A	A	AB	ABC	 the governments to develop their own technical assistance to communities, <font color=green>state</font>  and provincial governments, rural communities, and other smaller groups, making
state/NN/br-j38/249	0.0658844498806196	0.229535524994269	state	NN	learned	learned	A1	A	AB	ABC	state%1:14:01::	B	B	AB	ABC	 control remain primarily with the local school districts. Even the <font color=green>states</font>  remain primarily in an assisting role, providing leadership and teacher
state/NN/br-j38/353	0.0528671096272613	0.0958528023827888	state	NN	learned	learned	A3	A	AB	ABC	state_government%1:14:00::	C2	C	C	ABC	 districts all together have spent more than either Federal or <font color=green>state</font>  governments. Today, Federal funds account for only one-fifth of the
state/NN/br-j38/388	0.0658844498806196	0.229535524994269	state	NN	learned	learned	A1	A	AB	ABC	state%1:14:01::	B	B	AB	ABC	 matching fund principle has been in initially encouraging the poorest <font color=green>states</font>  and school districts to spend enough to obtain their full
state/NN/br-j58/515	0.177666315125424	-0.289102509188324	state	NN	learned	learned	A4	A	AB	ABC	state%1:15:01::	A	A	AB	ABC	 and butchered her citizens''. In the eastern section of the <font color=green>state</font>  the newspapers' reaction to Brown 's trial and sentence were
state/NN/br-j58/840	0.177666315125424	-0.289102509188324	state	NN	learned	learned	A4	A	AB	ABC	state%1:15:01::	A	A	AB	ABC	 Congressional offices from the eastern and western sections of the <font color=green>state</font> . During the month of November hardly a day passed when
state/NN/br-j58/87	0.0641647157698455	0.139593966714699	state	NN	learned	learned	A3	A	AB	ABC	state_government%1:14:00::	C2	C	C	ABC	 the liberation of the slaves but also the overthrow of <font color=green>state</font>  and federal governments. The Providence Daily Journal answered the Daily
state/NN/br-k05/60	0.0965357543489434	-0.150064798177556	state	NN	fiction_gral	fiction	C	C	C	ABC	secretary_of_state%1:18:00::	C1	C	C	ABC	 he was delivering a prescription from Dr. Verdi. Secretary of <font color=green>State</font>  Seward was a sick man. The idea had come from
state/NN/br-k10/1990	0.0533147142246789	-0.34106626089093	state	NN	fiction_gral	fiction	B	B	AB	ABC	state%1:14:01::	B	B	AB	ABC	 or unleavened bread are inconsequential. Geneva must remain a sovereign <font color=green>state</font> . We will not yield to the demands of Bern''! The
state/NNP/br-a01/1035	-0.236000796007237	-0.0731818191694912	state	NNP	press_reportage	press	A3	A	AB	ABC	person%1:03:00::	C1	C	C	ABC	 night in Blue Ridge brought enthusiastic responses from the audience. <font color=green>State</font>  Party Chairman James W. Dorsey added that enthusiasm was picking
state/NNP/br-a01/352	0.062587771300091	-0.0291633110137034	state	NNP	press_reportage	press	A3	A	AB	ABC	group%1:03:00::	B	B	AB	ABC	 be effected''. The grand jury took a swipe at the <font color=green>State</font>  Welfare Department 's handling of federal funds granted for child
state/NNP/br-a02/1952	-0.184102451769578	-0.215018043081305	state	NNP	press_reportage	press	A2	A	AB	ABC	group%1:03:00::	B	B	AB	ABC	 associate professor of education at Fort Hays , Kan. , <font color=green>State</font>  College. He has served as a border patrolman and was
state/NNP/br-a02/914	0.096219882767794	-0.192368144580993	state	NNP	press_reportage	press	A2	A	AB	ABC	location%1:03:00::	A	A	AB	ABC	 will be sought later on but in the meantime the <font color=green>State</font>  Hospital board can accept gifts and donations of a site
state/NNP/br-a06/128	-0.0119609001981369	-0.151206202944236	state	NNP	press_reportage	press	A3	A	AB	ABC	Z	Z	Z	Z	Z	 500 women in Trenton Monday at a forum of the <font color=green>State</font>  Federation of Women 's Clubs. Hughes said Monday,`` It is
state/NNP/br-a06/2141	-0.0435707306617643	-0.394716749248075	state	NNP	press_reportage	press	A3	A	AB	ABC	Z	Z	Z	Z	Z	 tangle with the Republican nominee''. Fifteen members of the Republican <font color=green>State</font>  Committee who are retiring- voluntarily- this year were honored yesterday
state/NNP/br-a06/422	-7.51776821020925e-05	0.0583544742381063	state	NNP	press_reportage	press	A2	A	AB	ABC	Z	Z	Z	Z	Z	 launched into what the issues should be in the campaign. <font color=green>State</font>  aid to schools, the continuance of railroad passenger service, the
state/NNP/br-a12/821	-0.0579890194235534	-0.118066148278261	state	NNP	press_reportage	press	A5	A	AB	ABC	group%1:03:00::	B	B	AB	ABC	 bench. Wingback Jack Collins injured a knee in the Washington <font color=green>State</font>  game but insists he 'll be ready for Oklahoma. Last
state/NNP/br-a15/1617	-0.0296457679973989	-0.23243865784567	state	NNP	press_reportage	press	A2	A	AB	ABC	group%1:03:00::	B	B	AB	ABC	 baseball history, as the Blue and White beat Southeast Missouri <font color=green>State</font>  College, 5- 1, at Crystal City. The victory was the
state/NNP/br-a17/1758	-0.120173057841018	-0.161798847443344	state	NNP	press_reportage	press	A2	A	AB	ABC	Z	Z	Z	Z	Z	 Saturday to Elvis Leonard Mason, an honor graduate of Lamar <font color=green>State</font>  College of Technology, in the chapel of the First Presbyterian
state/NNP/br-a18/1949	-0.0466771918413737	-0.196758363786771	state	NNP	press_reportage	press	Z	Z	Z	Z	Z	Z	Z	Z	Z	 will be hosts this Tuesday evening at dinner at the <font color=green>State</font>  st. home of the Walkers honoring Mrs. McConnell 's debutante
state/NNP/br-a19/775	-0.061890868157622	-0.177598630984707	state	NNP	press_reportage	press	A3	A	AB	ABC	Z	Z	Z	Z	Z	 board member said later, that Dr. Thomas G. Pullen, Jr., <font color=green>State</font>  superintendent of schools, told Dr. Jenkins and a number of
state/NNP/br-a21/242	-0.244380341171528	-0.138887203841525	state	NNP	press_reportage	press	A2	A	AB	ABC	Z	Z	Z	Z	Z	 being questioned about several fires in the Westphalia area by <font color=green>State</font>  Police. He also admitted killing Mrs. Hengesbach. However, the confession
state/NNP/br-a22/2193	-0.233326677435178	-0.442649863223351	state	NNP	press_reportage	press	A3	A	AB	ABC	Z	Z	Z	Z	Z	 two of them in a fiery crash near Snellville, the <font color=green>State</font>  Patrol said Sunday. The latest death reported was that of
state/NNP/br-a22/538	-0.00620035126808704	-0.125624470054715	state	NNP	press_reportage	press	A	A	AB	ABC	Z	Z	Z	Z	Z	 other hand, Emory University derives its corporate existence from the <font color=green>State</font>  of Georgia.`` When and if it can do so without
state/NNP/br-a23/1258	-0.236607723890585	-0.315804331777516	state	NNP	press_reportage	press	A2	A	AB	ABC	Z	Z	Z	Z	Z	 and entertainment for functions throughout the Northwest. These included Oregon <font color=green>State</font>  Fair, for which he had been booked on and off
state/NNP/br-a23/1535	-0.0678629248368618	-0.352054052377531	state	NNP	press_reportage	press	A2	A	AB	ABC	Z	Z	Z	Z	Z	 the Year'' in national competition completed this week at Ohio <font color=green>State</font>  University, Columbus, Ohio. Tim Larson, a junior at Wilson High
state/NNP/br-a28/1967	-0.0715365958464219	-0.11182024052941	state	NNP	press_reportage	press	A3	A	AB	ABC	Z	Z	Z	Z	Z	 could be ruled taxable to them in the year made. <font color=green>State</font>  Briefs: Voters in four counties containing and bordering Denver authorized
state/NNP/br-a40/1740	-0.172398401372806	-0.249282946459129	state	NNP	press_reportage	press	A2	A	AB	ABC	Z	Z	Z	Z	Z	 and star halfback. Charlayne studied journalism at Detroit 's Wayne <font color=green>State</font>  University. Last fall, after they took their hopes for entering
state/NNP/br-a40/1784	-0.204135936650816	-0.0197911335183412	state	NNP	press_reportage	press	A5	A	AB	ABC	Z	Z	Z	Z	Z	 fall, after state investigators questioned her white roommate at Wayne <font color=green>State</font> . But Holmes was rejected again`` on the basis of his
state/NNP/br-a43/155	0.0431285322156145	0.10768597413331	state	NNP	press_reportage	press	A3	A	AB	ABC	Z	Z	Z	Z	Z	 the prices of these tax-exempt bonds. Other tax-exempt bonds of <font color=green>State</font>  and local governments hit a price peak on February 21
state/NNP/br-a44/1069	-0.187355123415876	-0.287490027245501	state	NNP	press_reportage	press	A2	A	AB	ABC	Z	Z	Z	Z	Z	 requests every day. It is connected by teletype with the <font color=green>State</font>  Library in Albany, which will supply any book to a
state/NNP/br-a44/278	-0.256847538519663	0.171604793325704	state	NNP	press_reportage	press	A5	A	AB	ABC	Z	Z	Z	Z	Z	 book resources on a county-wide or regional basis. New York <font color=green>State</font>  has what is probably the most advanced of these co-operative
state/NNP/br-a44/346	-0.0110112619375851	0.113477629550524	state	NNP	press_reportage	press	A5	A	AB	ABC	Z	Z	Z	Z	Z	 At one extreme are the systems of upper New York <font color=green>State</font> , where libraries in two or more counties combine to serve
state/NNP/br-b04/1446	-0.274883898636535	0.225036408255225	state	NNP	press_editorial	press	A2	A	AB	ABC	Z	Z	Z	Z	Z	 to get gulled. According to The Chicago Tribune News Service, <font color=green>State</font>  Atty. Gen. Stanley Mosk of California has devised a series
state/NNP/br-b12/283	-0.171770831614924	0.40217320151497	state	NNP	press_editorial	press	A3	A	AB	ABC	Z	Z	Z	Z	Z	 when accompanied by a prisoners' committee with powers of veto. <font color=green>State</font>  and federal approval of right to walk out at any
state/NNP/br-b14/1827	-0.0159163450685797	-0.0522400868500107	state	NNP	press_editorial	press	A3	A	AB	ABC	Z	Z	Z	Z	Z	 opportunity, when the bravado comments are cast aside. The Georgia <font color=green>State</font>  Chamber of Commerce tried to guard against the danger of
state/NNP/br-b14/1845	-0.0419158412424445	-0.0133036532574792	state	NNP	press_editorial	press	A3	A	AB	ABC	Z	Z	Z	Z	Z	 against the danger of eliminating potential candidates. It wanted the <font color=green>State</font>  Democratic Executive Committee to pick the`` serious candidates''. But State
state/NNP/br-b25/264	-0.397141322798319	-0.174635925750703	state	NNP	press_editorial	press	A	A	AB	ABC	Z	Z	Z	Z	Z	 the dictatorship of the proletariat by an`` All People 's <font color=green>State</font> '', and also of having laid down the lines for a
state/NNP/br-c02/2186	-0.0386356722825512	-0.160142276386061	state	NNP	press_reviews	press	A5	A	AB	ABC	group%1:03:00::	B	B	AB	ABC	 Earlier this month Edward R. Murrow, director of the United <font color=green>States</font>  Information Agency, came to Hollywood and had dinner with more
state/NNP/br-d10/139	-0.0661459272648664	-0.0605482553232926	state	NNP	religion	religion	B	B	AB	ABC	Z	Z	Z	Z	Z	 attending the partition of India and the establishment of the <font color=green>State</font>  of Israel are simply recent grim evidences of the hostility
state/NNP/br-d10/1491	-0.123914132510149	-0.0263479232483876	state	NNP	religion	religion	B	B	AB	ABC	Z	Z	Z	Z	Z	 between Hindus and Muslims; neither has the establishment of the <font color=green>State</font>  of Israel fostered harmony between Muslims and Jews. I turn
state/NNP/br-d13/2056	-0.0101112815855262	-0.180174925183323	state	NNP	religion	religion	A	A	AB	ABC	Z	Z	Z	Z	Z	 universe is music. The Island of Nantucket, part of the <font color=green>State</font>  of Massachusetts, lies about thirty-one miles southeast of its mother
state/NNP/br-d13/2068	-0.0360379895851757	-0.132059002848129	state	NNP	religion	religion	A	A	AB	ABC	Z	Z	Z	Z	Z	 of Massachusetts, lies about thirty-one miles southeast of its mother <font color=green>State</font> . Some of the Island is sand and is not suitable
state/NNP/br-e12/1751	-0.0370866092047146	-0.298091829719931	state	NNP	skill_and_hobbies	non-fiction	A2	A	AB	ABC	Z	Z	Z	Z	Z	 itself, ideal vacationland, having within its borders 10000 lakes! Itasca <font color=green>State</font>  Park, where the Mississippi River begins, is one of the
state/NNP/br-f04/1665	-0.0959490238037377	-0.153972370566704	state	NNP	popular_lore	others	A5	A	AB	ABC	Z	Z	Z	Z	Z	 Following a talk by Mr. Clark at the New York <font color=green>State</font>  Natural Food Associates Convention, a man from the audience offered
state/NNP/br-f05/568	0.0029952194237646	-0.309282729426913	state	NNP	popular_lore	others	A3	A	AB	ABC	Z	Z	Z	Z	Z	 the flood. Though the makeshift airports were ready, the York <font color=green>State</font>  Guard flyers proved unable to keep any kind of mail
state/NNP/br-g02/719	-0.186575764980629	-0.0624621006127772	state	NNP	belles_lettres	others	B	B	AB	ABC	Z	Z	Z	Z	Z	 Ratified in the Republican Party victory in 1952, the Positive <font color=green>State</font>  is now evidenced by political campaigns being waged not on
state/NNP/br-g06/699	0.0371199204141373	-0.236968228985916	state	NNP	belles_lettres	others	B	B	AB	ABC	Z	Z	Z	Z	Z	 his tenure he also fulfilled guest engagements at the Berlin <font color=green>State</font>  Opera. Two years later he became director of the Frankfurt
state/NNP/br-h04/1565	0.0777333119254463	0.371346178203316	state	NNP	miscellaneous	non-fiction	A2	A	AB	ABC	Z	Z	Z	Z	Z	 assignment, and replacement of all vehicles.( Note: So far as <font color=green>State</font>  Police cars are concerned, only their replacement is under this
state/NNP/br-h05/1032	-0.0825276937294872	0.394661452737337	state	NNP	miscellaneous	non-fiction	A1	A	AB	ABC	Z	Z	Z	Z	Z	 facing up to this problem would be to have the <font color=green>State</font>  take over full responsibility for assessing all taxable property. An
state/NNP/br-h05/1109	0.0310266250110229	-0.260654069883224	state	NNP	miscellaneous	non-fiction	A3	A	AB	ABC	Z	Z	Z	Z	Z	 The Institute of Public Administration, in its report to the <font color=green>State</font>  Fiscal Study Commission in 1959, recommended`` consolidating and centralizing all
state/NNP/br-h06/1208	-0.0165526254828737	-0.138417034334069	state	NNP	miscellaneous	non-fiction	A2	A	AB	ABC	Z	Z	Z	Z	Z	 of Commerce. Richard Preston, executive director of the New Hampshire <font color=green>State</font>  Planning and Development Commission, and Edwin C. Kepler of General
state/NNP/br-h06/1496	0.0875909604059552	0.0174918797752119	state	NNP	miscellaneous	non-fiction	A	A	AB	ABC	Z	Z	Z	Z	Z	 Planning Division is to plan for the future of the <font color=green>State</font>  of Rhode Island. The activities of the Planning Division are
state/NNP/br-h08/1102	-0.0593658775327751	-0.200835692935113	state	NNP	miscellaneous	non-fiction	A3	A	AB	ABC	Z	Z	Z	Z	Z	 from our own community by attending our Pageants and the <font color=green>State</font>  Pageant June 17; And now, therefore, do I, John A.
state/NNP/br-h08/1124	0.0474871614569433	-0.0307364059648239	state	NNP	miscellaneous	non-fiction	A	A	AB	ABC	Z	Z	Z	Z	Z	 therefore, do I, John A. Notte, Jr., Governor of the <font color=green>State</font>  of Rhode Island and Providence Plantations, proclaim the week of
state/NNP/br-h08/1428	-0.00694455713019875	-0.0572833364847603	state	NNP	miscellaneous	non-fiction	A	A	AB	ABC	Z	Z	Z	Z	Z	 hereunto set my hand and caused the seal of the <font color=green>State</font>  to be affixed this 5 th day of July, in
state/NNP/br-h08/1694	0.0423974017822065	-0.039820526557409	state	NNP	miscellaneous	non-fiction	A2	A	AB	ABC	Z	Z	Z	Z	Z	 proclaim the week of Monday, November 13, 1961, as the <font color=green>State</font>  Ballet of Rhode Island Week, requesting all Rhode Islanders to
state/NNP/br-h08/1722	-0.0538573880955488	-0.00255334567730146	state	NNP	miscellaneous	non-fiction	A	A	AB	ABC	Z	Z	Z	Z	Z	 event which should contribute to the cultural life of the <font color=green>State</font> . In testimony whereof, I have hereunto set my hand and
state/NNP/br-h08/1740	-0.0263359504048977	-0.0481952994969207	state	NNP	miscellaneous	non-fiction	A	A	AB	ABC	Z	Z	Z	Z	Z	 hereunto set my hand and caused the seal of the <font color=green>State</font>  to be affixed this 23 d day of October, in
state/NNP/br-h08/2129	0.0474871614569433	-0.0307364059648239	state	NNP	miscellaneous	non-fiction	A	A	AB	ABC	Z	Z	Z	Z	Z	 therefore, do I, John A. Notte, Jr., Governor of the <font color=green>State</font>  of Rhode Island and Providence Plantations, proclaim Thursday, November 23
state/NNP/br-h08/293	-0.0263359504048977	-0.0481952994969207	state	NNP	miscellaneous	non-fiction	A	A	AB	ABC	Z	Z	Z	Z	Z	 hereunto set my hand and caused the seal of the <font color=green>State</font>  to be affixed this 21 st day of April, in
state/NNP/br-j10/2120	-0.0565564336701101	-0.1333444724901	state	NNP	learned	learned	A	A	AB	ABC	location%1:03:00::	A	A	AB	ABC	 for nomias. This may just be pride in my adopted <font color=green>State</font>  of Washington, but certainly I love to visit their mound
state/NNP/br-k03/1304	-0.287998867881438	-0.355206133052157	state	NNP	fiction_gral	fiction	A2	A	AB	ABC	group%1:03:00::	B	B	AB	ABC	 a pharmacist. And so he had, so he had. At <font color=green>State</font>  College, he had no time to walk among the violets
state/NNP/br-l01/1520	0.040221044443293	-0.0704429461359951	state	NNP	fiction_mystery	fiction	A2	A	AB	ABC	Z	Z	Z	Z	Z	 the state of Illinois knew that I was entering Hanover <font color=green>State</font>  Hospital under an assumed name, or why. It was unlikely
state/NNPS/br-f02/8	-0.133518539646931	-0.1819261130224	state	NNPS	popular_lore	others	A5	A	AB	ABC	Z	Z	Z	Z	Z	 She was just another freighter from the <font color=green>States</font> , and she seemed as commonplace as her name. She was
state/NNPS/br-g10/2221	-0.0294020954176613	-0.0737325449169944	state	NNPS	belles_lettres	others	A	A	AB	ABC	Z	Z	Z	Z	Z	 from the ballot to the bullet. Yet though the Southern <font color=green>States</font>  lost the worst errors in their case, they did not
state/NNPS/br-g10/325	-0.0474406805668568	-0.0091231734955078	state	NNPS	belles_lettres	others	A	A	AB	ABC	Z	Z	Z	Z	Z	 in last analysis, what its name implied- a Union of <font color=green>States</font> . To their leaders the Constitution was a compact made by
state/NNPS/br-l03/126	-0.131500749996735	-0.272029968959319	state	NNPS	fiction_mystery	fiction	A5	A	AB	ABC	Z	Z	Z	Z	Z	 on duty, too''.`` A night policeman just like in the <font color=green>States</font> . You know''?`` Canada does n't have much of this here
state/NNPS/br-l03/1478	-0.154039031144034	-0.0550742280398528	state	NNPS	fiction_mystery	fiction	A5	A	AB	ABC	Z	Z	Z	Z	Z	 a poor dumb Canadian or a smart aleck from the <font color=green>States</font> ''? Vince lifted his hand as if to strike, but his
state/NNPS/br-p05/410	-0.0296714546135813	-0.0057764038108662	state	NNPS	fiction_romance	fiction	A5	A	AB	ABC	Z	Z	Z	Z	Z	 marriage counselor- sometimes the Navy sent people back to the <font color=green>States</font>  to preserve a marriage- but mental health as a rule
state/NNS/br-a03/1809	0.283889479736937	0.231452290988268	state	NNS	press_reportage	press	A1	A	AB	ABC	Z	Z	Z	Z	Z	 another 10 million dollar`` initial'' appropriation for`` stimulatory grants'' to <font color=green>states</font>  to improve nursing homes. He further proposed grants of an
state/NNS/br-a03/1877	0.212331940081055	0.142254309500805	state	NNS	press_reportage	press	A1	A	AB	ABC	Z	Z	Z	Z	Z	 President said he will ask Congress to increase grants to <font color=green>states</font>  for vocational rehabilitation. He did not say by how much
state/NNS/br-a08/597	0.00310457271990943	-0.0987908269930481	state	NNS	press_reportage	press	A	A	AB	ABC	Z	Z	Z	Z	Z	 will include the representations of Massachusetts and Texas, the respective <font color=green>states</font>  of the President and of Vice-President L. B. Johnson. Then
state/NNS/br-a08/649	-0.0402552928691463	-0.0478023940873071	state	NNS	press_reportage	press	A	A	AB	ABC	Z	Z	Z	Z	Z	 four will be headed by the Navy, followed by 11 <font color=green>states</font> ; division five, by the Air Force followed by 11 states
state/NNS/br-a08/683	0.131946538765237	-0.057664180068632	state	NNS	press_reportage	press	A	A	AB	ABC	Z	Z	Z	Z	Z	 Guard, followed by the reserve forces of all services, five <font color=green>states</font> , Puerto Rico, the Virgin Islands, Guam, American Samoa, the trust
state/NNS/br-a19/91	0.0895790720124729	0.0480083844924978	state	NNS	press_reportage	press	A	A	AB	ABC	Z	Z	Z	Z	Z	 The reduction in expenses will affect employees in the thirteen <font color=green>states</font>  in which the B.+ O. operates. It will be accomplished
state/NNS/br-a28/352	0.0100415103429085	-0.0576348274058358	state	NNS	press_reportage	press	A	A	AB	ABC	Z	Z	Z	Z	Z	 1960. Among individual dealers questioned in nearly a score of <font color=green>states</font> , two out of three report their sales since August 1
state/NNS/br-a41/1111	-0.26239845619332	-0.08452761673168	state	NNS	press_reportage	press	B	B	AB	ABC	Z	Z	Z	Z	Z	 Joseph Kasavubu) who favored splitting the country into small independent <font color=green>states</font> , Balkanizing it. Second, there were those( Moise Tshombe) who favored
state/NNS/br-a41/1146	-0.223229600918314	0.4462402755063	state	NNS	press_reportage	press	B	B	AB	ABC	Z	Z	Z	Z	Z	 government of limited authority, with much power residing in the <font color=green>states</font> . Third, there were those( notably Patrice Lumumba) who favored a
state/NNS/br-b04/681	0.0221955825531204	-0.0506736252960019	state	NNS	press_editorial	press	A	A	AB	ABC	Z	Z	Z	Z	Z	 or lack of it, toward civil rights in the 50 <font color=green>states</font>  is reported in an impressive 689- page compilation issued last
state/NNS/br-b12/1365	-0.186094350875551	-0.128768550225349	state	NNS	press_editorial	press	Z	Z	Z	Z	Z	Z	Z	Z	Z	 or replace the King James Version, but, as its cover <font color=green>states</font> , it is offered`` simply as the Bible to all those
state/NNS/br-b18/504	-0.086098827548379	-0.0605598709534744	state	NNS	press_editorial	press	B	B	AB	ABC	Z	Z	Z	Z	Z	 Smoldering Congo'' you make the following comment:`` Far too many <font color=green>states</font>  are following the Russian example in refusing to pay their
state/NNS/br-b18/688	0.0992539611575184	0.0258102823972025	state	NNS	press_editorial	press	B	B	AB	ABC	Z	Z	Z	Z	Z	 the regular budget. But they refuse, as do the Arab <font color=green>states</font> , to support the United Nations' expenses of maintaining the United
state/NNS/br-b26/1852	-0.114304607172196	0.0156457506914073	state	NNS	press_editorial	press	B	B	AB	ABC	Z	Z	Z	Z	Z	 the freedom of the individuals concerned and also for the <font color=green>states</font>  which have been threatened by Communist domination'. At least in
state/NNS/br-c12/229	-0.0133404421636745	-0.0480333519265356	state	NNS	press_reviews	press	A4	A	AB	ABC	Z	Z	Z	Z	Z	 to reaching this audience in about half of the 50 <font color=green>states</font> . These and other figures and comments have been reported in
state/NNS/br-c15/2446	-0.21401753710363	-0.150783940778075	state	NNS	press_reviews	press	A	A	AB	ABC	Z	Z	Z	Z	Z	 Tennessee River system that loops in and out of seven <font color=green>states</font> . When dam construction began in 1933, fewer than 600 boats
state/NNS/br-d12/1639	0.0510438360258836	0.0471042184713284	state	NNS	religion	religion	A	A	AB	ABC	Z	Z	Z	Z	Z	 anti-discriminatory statutes in housing have now been adopted by thirteen <font color=green>states</font>  and, while specific provisions have varied, the tendency is clearly
state/NNS/br-d12/1889	0.0235323044194429	0.0126352373700016	state	NNS	religion	religion	A1	A	AB	ABC	Z	Z	Z	Z	Z	 associations, have repudiated the principle in such clauses. In the <font color=green>states</font>  that have passed laws preventing discrimination in the sale or
state/NNS/br-d14/1763	-0.127091601051847	-0.00776885701218747	state	NNS	religion	religion	A4	A	AB	ABC	Z	Z	Z	Z	Z	 among them held slaves: they were mostly in the Northern <font color=green>states</font>  where slavery had disappeared or was on the way out
state/NNS/br-e06/1549	-0.205643745195551	0.028207742285674	state	NNS	skill_and_hobbies	non-fiction	A	A	AB	ABC	Z	Z	Z	Z	Z	 in many ways. Fees are not the same and some <font color=green>states</font>  do not require certain craft, such as sailboats with no
state/NNS/br-e06/1593	0.010073527515759	0.0731206331942851	state	NNS	skill_and_hobbies	non-fiction	A1	A	AB	ABC	Z	Z	Z	Z	Z	 have restrictions regarding the age of motor boat operators. Generally, <font color=green>states</font>  reserve for communities the right to have local ordinances regulating
state/NNS/br-e12/113	0.341923049359164	-0.0245698378483737	state	NNS	skill_and_hobbies	non-fiction	A	A	AB	ABC	Z	Z	Z	Z	Z	 extremes found in one nation, we have the two new <font color=green>states</font>  of Hawaii and Alaska. To hope to cover just one
state/NNS/br-g02/66	-0.0964422190084445	0.0951155448849191	state	NNS	belles_lettres	others	B	B	AB	ABC	Z	Z	Z	Z	Z	 territorial borders. Outside those limits it asserted, as against other <font color=green>states</font> , a position of sovereign equality, and, as against the`` inferior
state/NNS/br-g08/986	-0.131067979544597	-0.101873706904404	state	NNS	belles_lettres	others	A4	A	AB	ABC	Z	Z	Z	Z	Z	 's evidence, such as the fact that only three Southern <font color=green>states</font> ( South Carolina, Alabama and Mississippi) still openly defy integration, would
state/NNS/br-g10/1304	-0.0652687511923232	0.067884873836831	state	NNS	belles_lettres	others	B	B	AB	ABC	Z	Z	Z	Z	Z	 on the concept that it was composed primarily of sovereign <font color=green>states</font> . If the Union conceded this to them, the same right
state/NNS/br-g10/1401	0.233088275550268	0.238256627181502	state	NNS	belles_lettres	others	B	B	AB	ABC	Z	Z	Z	Z	Z	 that should continue to live, or an association of sovereign <font color=green>states</font>  that must fall prey either to`` anarchy or despotism''. Much
state/NNS/br-g10/1482	-0.152455784112822	-0.11462916629479	state	NNS	belles_lettres	others	A	A	AB	ABC	Z	Z	Z	Z	Z	 no such change in the rights the Constitution gave the <font color=green>states</font> . After the war began, he long refused to permit emancipation
state/NNS/br-g10/1587	-0.122669906838033	-0.074429865199916	state	NNS	belles_lettres	others	B	B	AB	ABC	Z	Z	Z	Z	Z	 the free''. What Lincoln could not concede was that the <font color=green>states</font>  rather than the people were sovereign in the Union. He
state/NNS/br-g10/1634	-0.087263920692619	0.0231748551575845	state	NNS	belles_lettres	others	A	A	AB	ABC	Z	Z	Z	Z	Z	 fact that the Americans who upheld the sovereignty of their <font color=green>states</font>  did this in order to keep many of their people
state/NNS/br-g10/2060	-0.0512773893505476	0.057486906200119	state	NNS	belles_lettres	others	B	B	AB	ABC	Z	Z	Z	Z	Z	 in the end to all associations composed primarily of sovereign <font color=green>states</font> , and to the liberties of their people. But the fact
state/NNS/br-g10/2267	-0.060225849883084	0.0194414200416565	state	NNS	belles_lettres	others	A	A	AB	ABC	Z	Z	Z	Z	Z	 encroachment by the Union on the powers reserved to their <font color=green>states</font>  have continued ever since to safeguard all Americans against freedom
state/NNS/br-g10/418	0.0664185493466784	0.0153255192711471	state	NNS	belles_lettres	others	B	B	AB	ABC	Z	Z	Z	Z	Z	 that it was a compact among sovereign citizens rather than <font color=green>states</font> , and that therefore the states had no right to secede
state/NNS/br-h04/397	0.0305770468060683	0.0692375089980268	state	NNS	miscellaneous	non-fiction	A4	A	AB	ABC	Z	Z	Z	Z	Z	 cars. A survey of practices and/ or policies in other <font color=green>states</font>  concerning assignment and use of state automobiles reveals several points
state/NNS/br-h04/463	0.0182575551446064	0.107313769492101	state	NNS	miscellaneous	non-fiction	A1	A	AB	ABC	Z	Z	Z	Z	Z	 the agency, the individual, or to a central pool. Twenty-six <font color=green>states</font>  operate a central motor pool for acquisition, allocation and/ or
state/NNS/br-h04/502	0.161672897145291	0.161566721013068	state	NNS	miscellaneous	non-fiction	A	A	AB	ABC	Z	Z	Z	Z	Z	 state vehicles in lieu of paying mileage allowances. Of these <font color=green>states</font>  the average`` change-over'' point( at which a car is substituted
state/NNS/br-h04/625	0.0826171773673347	0.0499110677717003	state	NNS	miscellaneous	non-fiction	A1	A	AB	ABC	Z	Z	Z	Z	Z	 mile for use of personally-owned cars compares favorably with other <font color=green>states</font> ' rates. The average of states' rates is .076 per mile
state/NNS/br-h04/632	0.0555136747904131	0.0227383507079995	state	NNS	miscellaneous	non-fiction	A	A	AB	ABC	Z	Z	Z	Z	Z	 cars compares favorably with other states' rates. The average of <font color=green>states</font> ' rates is .076 per mile. Rhode Island 's rate of
state/NNS/br-h04/771	0.123251728760047	0.101055809503669	state	NNS	miscellaneous	non-fiction	A1	A	AB	ABC	Z	Z	Z	Z	Z	 revised by administrative officials recently and compare favorably with other <font color=green>states</font> ' allowances. With few exceptions travelers on state business are allowed
state/NNS/br-h05/409	0.0343713332362838	0.035958095130903	state	NNS	miscellaneous	non-fiction	A1	A	AB	ABC	Z	Z	Z	Z	Z	 common to all states. Although the laws of the various <font color=green>states</font> , in general, specify the situs of property, i. e., residence
state/NNS/br-h06/1819	0.0277493739954582	-0.0174882265100721	state	NNS	miscellaneous	non-fiction	A	A	AB	ABC	Z	Z	Z	Z	Z	 and on a regional basis between the six New England <font color=green>states</font> . On the basis that all citizens of the state are
state/NNS/br-h07/173	0.087336010221209	0.0526846421677272	state	NNS	miscellaneous	non-fiction	A	A	AB	ABC	Z	Z	Z	Z	Z	 taxes of approximately$ 450000. A review of practices in other <font color=green>states</font>  regarding fiscal uniformity is pertinent to this report. Included in
state/NNS/br-h07/303	0.0913377618900437	-0.00147931573643735	state	NNS	miscellaneous	non-fiction	A	A	AB	ABC	Z	Z	Z	Z	Z	 Oklahoma, Oregon, Vermont, West Virginia, Wyoming, and Hawaii). In eleven <font color=green>states</font> , the fiscal year of the cities ends on December 31
state/NNS/br-h07/355	0.159936831495908	0.0783167406669713	state	NNS	miscellaneous	non-fiction	A1	A	AB	ABC	Z	Z	Z	Z	Z	 Jersey, Ohio, South Dakota, Utah, Washington, and Wisconsin). In eight <font color=green>states</font>  whose fiscal years close on June 30, a majority of
state/NNS/br-h07/475	0.0824259406431385	0.0311764051664952	state	NNS	miscellaneous	non-fiction	A1	A	AB	ABC	Z	Z	Z	Z	Z	 close their fiscal years on December 31. The remaining twelve <font color=green>states</font>  have varying fiscal years for the state, city and local
