_id	model.x	model.y	word	country	year	_text
bejaarden/DS_19990313_01/57035	-0.195686098437413	-0.044866656911592	bejaarden	BE	1999	cadeautjes waarvoor de regering bijkomend 1,8 miljard frank uittrekt : sociale correcties in de pensioenen , tegemoetkomingen aan mindervaliden en <bejaarden> , verhoging van kinderbijslagen en werkloosheidsuitkeringen . De gemeenschappen krijgen dit jaar 4 miljard frank extra van
bejaarden/DS_19990807_01/1887	0.231699943027868	-0.00541646944981913	bejaarden	BE	1999	uitgezet . De hele wijk reageerde toen hartverwarmend solidair . Intellectuelen en arbeiders , yuppies en <bejaarden> met een klein pensioentje , Nederlanders , Turken , Marokkanen , Surinamers , Pakistanen , Indi�rs : een uur
bejaarden/DS_19991104_01/77763	-0.0795003037440016	0.111984944297955	bejaarden	BE	1999	En aan de rustoorden nog minder dan niets . In het jaar 2000 telt Vlaanderen 1,31 miljoen <bejaarden> . Palliatieve zorg moet ge�ntegreerd worden in de thuiszorg , in ziekenhuizen en in de rust- en
bejaarden/DS_19991106_01/76964	0.117698965393278	-0.0160636116537877	bejaarden	BE	1999	we niet allemaal door God zo geschapen en op de wereld gezet ?  Met familieleden van de <bejaarden> uit de instelling heeft hij het al een paar keer over zijn Viagra-ervaring gehad .  Ik
bejaarden/DS_19991215_01/32012	-0.0766835087571412	-0.0301136703149372	bejaarden	BE	1999	In deze 83.000 zijn niet de 65-plussers inbegrepen die een beroep kunnen doen op het gewaarborgd inkomen voor <bejaarden> . Dat is een soort minimumpensioen voor 65-plussers die geen inkomen hebben of een inkomen dat lager
bejaarden/DS_20000325_01/92442	0.103185686526134	-0.082741815149808	bejaarden	BE	2000	niet alleen met schone woorden . Ik denk aan veiligheid , meer verdraagzaamheid , zorg voor zwakken , <bejaarden> en kinderen . Zaken waar ik al heel mijn leven voor sta . De CVP
bejaarden/DS_20000725_01/43542	0.208253836489169	0.0468457696677296	bejaarden	BE	2000	dragen van de veiligheidsgordel . Het gedrag tegenover prioritaire voertuigen , voetgangers , groepen kinderen , scholieren , <bejaarden> , gehandicapten , fietsers en andere tweewielers . De verkeersagressie . Het goederen- en personenvervoer
bejaarden/DS_20010618_01/24125	0.0115289862515702	0.012805537150394	bejaarden	BE	2001	( gemiddelde leeftijd 77 jaar ) was de partner de mantelzorger , voor 52 procent waren dat kinderen van de <bejaarden> . Professionele hulpverlening krijgen ze van de huisarts en daarnaast van de thuisverpleging ( 77 procent )
bejaarden/DS_20010707_01/68143	0.084215882148675	0.0848525662869499	bejaarden	BE	2001	Alvast een spot over het afschaffen van het kijk en luistergeld . Het is namelijk niet uitgesloten dat <bejaarden> en mensen met een zwak geheugen , na januari 2002 toch nog dat kijk- en luistergeld gaan betalen .
bejaarden/DS_20010712_01/35161	-0.0352244952449782	0.0524468451930444	bejaarden	BE	2001	procedures slagen we er elke dag opnieuw in honderdduizenden kinderen te onderwijzen , tienduizenden pati�nten te verzorgen , terwijl miljoenen <bejaarden> elke maand keurig op tijd hun pensioen ontvangen . Dankzij een sterk uitgebouwde bureaucratie verzorgt het moderne
bejaarden/DS_20010714_01/73675	0.0509748544846984	0.0325529859714813	bejaarden	BE	2001	stijgende werkdruk spelen een grote rol . Het risico op zelfdoding is groter bij jonge mannen dan bij <bejaarden> . IN 1999 hebben 1.120 Vlamingen zich het leven benomen . Dat is ruim drie
bejaarden/DS_20011106_01/19926	-0.137583085745651	0.0410826067851722	bejaarden	BE	2001	kwaliteit van de artiesten .  Wel begint het ministerie met toelagen voor culturele activiteiten voor doelgroepen als <bejaarden> en kansarmen . Een bedrag van 13,5 miljoen frank gaat voortaan naar een aparte vzw Cubido .
bejaarden/DS_20020319_01/15489	0.0808149470154282	0.0283393494948276	bejaarden	BE	2002	mensen gevraagd passagier te komen spelen . Op verschillende dagen zullen telkens tachtig personen , van jongeren tot <bejaarden> , het proces van vertrek tot aankomst op de luchthaven meemaken .  Ze mogen maar twee
bejaarden/DS_20020410_01/16324	0.191490076503837	-0.0906304846657038	bejaarden	BE	2002	een zoon zijn bejaarde moeder ? Elk land moet een nationaal meldpunt hebben waar <bejaarden> klachten over mishandeling kunnen bekendmaken . Dat verklaarde secretaris-generaal Kofi Anan tijdens een VN-conferentie in Madrid over
bejaarden/DS_20020413_01/95159	0.0986254965260022	-0.220489891897467	bejaarden	BE	2002	zelfs seksueel misbruik . De VN pleiten voor de oprichting in elk land van een nationaal meldpunt waar <bejaarden> met klachten over mishandeling terechtkunnen .
bejaarden/DS_20020625_01/34858	0.166218627705041	0.0426592907339371	bejaarden	BE	2002	kan - - ook bij schriftelijke enqu�tes - - gevolgen hebben : bewoners van flatgebouwen , studenten op kamers , <bejaarden> in tehuizen en andere groepen komen niet aan bod . Deze vaststellingen staan in schril contrast met
bejaarden/DS_20020918_01/23575	0.12607710596685	0.0113957828987404	bejaarden	BE	2002	zijn meer geld voor de omkadering in rusthuizen , meer voor gebouwen en meer geld van de zorgverzekering voor de <bejaarden> in rusthuizen . Kindermisbruik door vader en vrienden Het Brusselse gerecht heeft drie personen opgepakt
bejaarden/DS_20021009_01/49437	-0.077642552120914	0.115194011451309	bejaarden	BE	2002	De regering stipt ook aan dat de vroegere beslissingen ter versoepeling van de tegemoetkoming voor hulp van derden aan <bejaarden> ingaan op 1 januari 2003 . Ze herinnert er verder aan dat ook al vroeger is beslist
bejaarden/DS_20021120_01/20626	-0.070121972027908	0.104382637524601	bejaarden	BE	2002	Gehandicapte bejaarden krijgen tot 170 euro per maand meer Vanaf 1 januari krijgen 36.500 <bejaarden> met een handicap een hogere  tegemoetkoming voor hulp aan bejaarden  . Er is in de
bejaarden/DS_20021120_01/20637	-0.101207697769096	-0.00443434080615875	bejaarden	BE	2002	Vanaf 1 januari krijgen 36.500 bejaarden met een handicap een hogere  tegemoetkoming voor hulp aan <bejaarden>  . Er is in de federale begroting 34,7 miljoen euro voor vrijgemaakt . De
bejaarden/DS_20030129_01/2479	0.134031905478474	-0.0451967469121289	bejaarden	BE	2003	zelfmoordpoging in het ziekenhuis belandt . Naast het hoge aantal zelfmoorden stipte koning Albert ook het geweld tegen <bejaarden> aan . Daar heeft lange tijd een taboe rond gehangen en ook nu , zei de koning
bejaarden/DS_20030129_01/2714	0.188985660052705	-0.0739869502496945	bejaarden	BE	2003	periode een nationaal actieplan tegen geweld op vrouwen voorgesteld . De strijd tegen het geweld op vrouwen of <bejaarden> is een zaak van het gerecht , zei de koning nog . Maar preventie is een zaak
bejaarden/DS_20030129_01/37967	0.155149888575906	-0.119175213625386	bejaarden	BE	2003	zelfmoorden per jaar een recordhouder in de Europese Unie . De koning vraagt ook aandacht voor geweld op <bejaarden> en partnergeweld . ( BINNENLAND/4 ) DERTIEN AUTEURS DAGVAARDEN BIBLIOTHEEK Dertien Vlaamse schrijvers , onder
bejaarden/DS_20030308_01/122709	0.119543017668867	0.0115862074728569	bejaarden	BE	2003	bedraagt meer dan driehonderdduizend soldaten -- er zijn in Belgi� maar een paar steden met meer inwoners , kinderen en <bejaarden> inbegrepen . Die machine , eens in gang gezet , valt niet meer te stoppen .
bejaarden/DS_20030505_01/63132	-0.162823998257444	0.0788917730745684	bejaarden	BE	2003	gezondheidszorg , thuiszorg en eerstelijnszorg . 250 miljoen euro voor de wegwerking van de wachtlijsten voor gehandicapten en <bejaarden> . 175 miljoen om de uitkeringen bij ziekte in invaliditeit op te trekken . In
bejaarden/DS_20030918_01/36263	0.0709482670832481	0.0693080444162864	bejaarden	BE	2003	straat nog niet bewezen . Het bestverkochte spel van 2001 en 2002 , waarin geweld tegen vrouwen , <bejaarden> en politie gebruikt kan worden , roept veel weerstand op bij ouders en politici . Singaporaanse gasten
bejaarden/DS_20031008_01/68505	0.0810998315880049	-0.165887768584286	bejaarden	BE	2003	Een leven ook waarin kleine emoties en behoefte aan aandacht en liefde heel groot zijn . De <bejaarden> worstelen met fysieke problemen en kleine veranderingen hebben grote gevolgen .  Fischer vindt dat deze thematiek
bejaarden/DS_20031126_01/91094	-0.195444770051808	0.17547066542988	bejaarden	BE	2003	het Huis van Afgevaardigden . Er komt vierhonderd miljard dollar vrij over tien jaar opdat veertig miljoen Amerikaanse <bejaarden> en gehandicapten vanaf 2006 voor het eerst  betere toegang tot geneesmiddelen  hebben . ( dpa
bejaarden/DS_20040504_01/36808	0.106049509649462	0.0345439608086329	bejaarden	BE	2004	 Alleen in de weekends , avonden en nachten bleef het aantal huisbezoeken constant . Vooral <bejaarden> , chronisch zieken en mensen met meerdere aandoeningen vragen de dokter nog om aan huis te komen . 
bejaarden/DS_20040729_01/32164	0.0501613293491045	-0.120562385742082	bejaarden	BE	2004	. Ervaringen daar leren dat het initiatief de mantelzorger en de familieleden ontlast . Voordat de <bejaarden> langskomen in het dagverzorgingscentrum , voert het personeel een gesprek met de familie .  Daarin stellen
bejaarden/DS_20041104_01/7233	0.212607932646531	-0.0917658980281693	bejaarden	BE	2004	Hij leefde tussen de herders / macht was iets voor koningen , inzicht iets voor <bejaarden> , / liefde van een vrouw , daar heeft een herder houvast aan .  De Grieken
bejaarden/DS_20041115_01/19441	0.165786917700803	0.325163190274723	bejaarden	BE	2004	toneelstuk worden hulpmiddelen voorgesteld die het leven makkelijker en veiliger maken . ( pdc ) Valpreventie <bejaarden> : 22 november om 14 uur in het Seniorama ( OCMW-campus ) . GENT
bejaarden/DS_20050126_01/7593	0.0799484333979698	0.248019002002557	bejaarden	BE	2005	een zware straf omdat het parket geen oorzakelijk verband kon vaststellen tussen het bedorven rosbief en de dood van de <bejaarden> . In de nacht van 2 op 3 november 1998 werden 45 bejaarden van het OCMW-rusthuis De
bejaarden/DS_20050126_01/7645	0.191143116973996	0.0767063195446031	bejaarden	BE	2005	het vlees bleek besmet met salmonella . In de weken na de voedselvergiftiging overleden in het rusthuis acht <bejaarden> . Het staat vast dat de bewoners vlees kregen voorgeschoteld van een zieke koe die illegaal werd
bejaarden/DS_20050315_01/34196	-0.0149251383767567	0.17694872942893	bejaarden	BE	2005	bouwvergunning afgeleverd . Sint-Jan Berghmans voldoet niet meer aan de normen voor rustoorden . De 30 <bejaarden> die er verblijven zouden tegen 1 januari ondergebracht worden in een ander tehuis van dezelfde organisatie .
bejaarden/DS_20050415_01/22075	0.121746643492	0.109422692246955	bejaarden	BE	2005	Meer dan twee kilo chips eet de Belg gemiddeld per jaar , zuigelingen en <bejaarden> inbegrepen . En we maken daar graag een gezellig moment van : het liefst eten we onze
bejaarden/DS_20050425_01/60061	0.209361303213644	0.012283381642207	bejaarden	BE	2005	doorlopend groepjes mensen aan te schuiven voor een rondleiding . Hip jong volk , veertigers , kinderen en <bejaarden> : alle leeftijden waren vertegenwoordigd in de Permeke . Hoogtepunten in de tent waren uiteraard de stadsdichters
bejaarden/DS_20050623_01/28231	0.237115878573125	0.139236928949644	bejaarden	BE	2005	 Baywatch . Iedereen zweet peentjes . Studenten wapenen zich met liters water tegen uitdroging , <bejaarden> zoeken zuchtend de schaduw op en kantoorbedienden zetten de airco nog maar wat hoger . Maar sommigen
bejaarden/nrc19990107/36068	0.140779693632112	0.0849901466103588	bejaarden	NL	1999	prijzen , import , export , varkens , koeien , mannen , vrouwen , schulden , spaargeld , schoolkinderen , <bejaarden> , boter , kaas en eieren - het CBS , rijksdienst sinds 1899 , telt alles wat los en
bejaarden/nrc19990407/37024	0.0897717222780084	-0.017777477098266	bejaarden	NL	1999	van de weg worden gebracht . Voor de hulpverlening aan de uit Kosovo verdreven vrouwen en kinderen , <bejaarden> en een naar verhouding gering aantal mannen in het dal langs de weg gelden regels die niemand precies kent
bejaarden/nrc19990710/36274	0.0443429346880465	-0.175183450341595	bejaarden	NL	1999	kan haar de hele rit begeleiden . De mobiele telefoon voor de veiligheid . Gehandicapten en <bejaarden> maken er om die reden ook gebruik van . De gemeente Amstelveen gaf gratis gsms aan 180
bejaarden/nrc19990719/20709	0.184909083669962	-0.0300948517547989	bejaarden	NL	1999	Volgens deze mededeling waren de aangevallen doelen civiel en de slachtoffers alle burgers , en voornamelijk vrouwen , kinderen en <bejaarden> . Van onafhankelijke zijde was nog geen bevestiging te krijgen van het dodencijfer , dat een van
bejaarden/nrc19991124/16435	-0.0276280708173435	-0.113298786449139	bejaarden	NL	1999	gespecialiseerde (poli)klinieken zijn - waarbij het niet uitmaakt of het priv�-klinieken dan wel reguliere instellingen zijn ) of centra die <bejaarden> thuis aangepaste hulp naar wens leveren . De huisarts zal er steeds voor zorgen dat er zo
bejaarden/nrc20000122/19744	0.0608609821868044	-0.0125906947297658	bejaarden	NL	2000	het CVV een jaar geleden bij wijze van experiment aanbesteed . Gewone bussen werden ge�ntegreerd met voorzieningen voor <bejaarden> , gehandicapten en scholieren en opnieuw was het Arriva die met de eer ging strijken . Maar
bejaarden/nrc20000208/53185	0.0257999028655487	0.0927905994110307	bejaarden	NL	2000	procent naar de rechterlijke macht , dertig procent naar de politie en twintig procent komt ten goede aan wezen en <bejaarden> . Zon 4.000 gevangenen maakten van een soortgelijke actie gebruik . Het was even schrikken
bejaarden/nrc20000210/11181	-0.0921261431728409	-0.12372020671163	bejaarden	NL	2000	genomen zoals kortingen op salarissen , sluiting van een reeks overzeese kantoren en beperking van het gratis openbaar vervoer voor <bejaarden> . Een beslissing over de financiering van het infrastructuurfonds FES wordt uitgesteld tot eind maart .
bejaarden/nrc20000219/72624	0.0805144977187206	0.314855546030256	bejaarden	NL	2000	berijdt Flip de Kam weer vol overgave zijn stokpaardje : de in zijn ogen ` onterechte fiscale bevoordeling van de <bejaarden>  . Evenals in zijn column van 5 augustus 1997 ( ` Belastingverhoging voor bejaarden  )
bejaarden/nrc20000219/72641	0.0521864647320622	0.303932163307366	bejaarden	NL	2000	bevoordeling van de bejaarden  . Evenals in zijn column van 5 augustus 1997 ( ` Belastingverhoging voor <bejaarden>  ) haakt hij gretig in op het feit dat ouderen in de eerste schijf van de inkomstenbelasting niet
bejaarden/nrc20000403/43166	0.0871967046015201	-0.0872425248401009	bejaarden	NL	2000	maar dit zorgt voor steeds meer problemen . Hoe vergaat het deze groep ? Een aantal <bejaarden> praat over hun twijfels , verdriet voor een verloren traditie en angst voor de oude dag in een vreemd
bejaarden/nrc20000504/49599	0.0126754404441284	-0.0114410376510962	bejaarden	NL	2000	Tot de bevolkingsgroepen die achterlopen in bezit en gebruik van moderne informatie- en communicatietechnologie behoren alleenstaande vrouwen , <bejaarden> , lager opgeleiden , mensen met een laag inkomen en werklozen . Inkomen blijkt het belangrijkste onderscheidende
bejaarden/nrc20000623/50678	0.262102467087451	-0.0520688099801283	bejaarden	NL	2000	Toen begon de menselijke vloedgolf . Negenhonderdduizend boze vaders , wanhopige moeders , huilende kinderen , flauwvallende <bejaarden> . De NAVO had zijn beelden en zijn goede zaak . Wat als Milo�evic gewoon
bejaarden/nrc20000815/22022	0.178615542937582	0.0235306151539648	bejaarden	NL	2000	de Bosnische oorlog met je kameraden en een aantal pantserwagens op een groep van vijftig , zestig doodsbange moslims - <bejaarden> , vrouwen , kinderen - terwijl honderd meter verderop de moordenaars in aantocht zijn : zes Kroaten die ,
bejaarden/nrc20000914/13882	-0.18851442408336	0.0211478050585607	bejaarden	NL	2000	het land aan de rand van de afgrond heeft gebracht , voor zeventig miljard dollar bezuinigingen op de gezondheidszorg voor <bejaarden> doordrukte en ongehoord in onderwijs heeft gesneden . U bent trots op wat u heeft gedaan ?
bejaarden/nrc20001101/23441	0.30678836434373	0.0237987905080613	bejaarden	NL	2000	uit het leven van acht mensen van verschillende leeftijden : een moeder en een dochter , twee tieners , twee <bejaarden> en twee kinderen . Al die paren maken iets mee dat veel mensen hebben meegemaakt of zullen
bejaarden/nrc20001116/79486	-0.00856137752869761	-0.0534166388304238	bejaarden	NL	2000	dat zijn sociale zekerheidsplan berustte op het tweemaal uitdelen van hetzelfde bedrag aan verschillende bevolkingsgroepen ( namelijk aan jongeren en <bejaarden> ) ; en het niet open en eerlijk zijn mening over abortus toelichten . In zijn beschrijving
bejaarden/nrc20001201/6255	0.156248941877041	-0.224124689217177	bejaarden	NL	2000	, maar toch . Jammer dat de waarschuwende geluiden over ( het afwijzen van ) euthanasie bij demente <bejaarden> van de zijde van verpleeghuisartsen de politiek niet afdoende hebben bereikt . Verbaasd las ik het nieuws
bejaarden/nrc20001214/1786	-0.0874770514611475	-0.149902650137121	bejaarden	NL	2000	en Gore niet sterk van mening hadden verschild : verbetering van het onderwijs , de sociale zekerheid , geneesmiddelen voor <bejaarden> en een sterke krijgsmacht . De aanstaande president riep op tot  respect voor elkaar , respect
bejaarden/nrc20001220/32496	0.0693478904444242	-0.0644656713551044	bejaarden	NL	2000	kinderopvang te besparen . Hoe meer webcams , des te minder personeel nodig is . Dat <bejaarden> en kinderen behoefte hebben aan fysieke verzorging en mensen die tijd en aandacht voor ze hebben , wordt gemakshalve
bejaarden/nrc20010202/99855	0.140872506407097	0.129908175245922	bejaarden	NL	2001	gedood en raakten tientallen mensen gewond . Bij een aanslag met antitankgranaat op een bus vonden twee Servische <bejaarden> de dood . Een jaar later is de situatie niet veranderd , zegt burgemeester Faruk Sapiu .
bejaarden/nrc20010509/15595	0.186731668348891	-0.0176756034586234	bejaarden	NL	2001	en Kosovo - neemt snel toe . Gisteren namen 2.600 mensen - vooral Albanese vrouwen , kinderen en <bejaarden> - de wijk naar het naburige Kosovo . Daar zitten nu rond zevenduizend vluchtelingen uit Macedoni� .
bejaarden/nrc20010607/21956	-0.130633771722332	-0.000713452718559422	bejaarden	NL	2001	Gezien de komende vergrijzing is straks veel collectief geld nodig voor AOW-uitkeringen en de verpleging van grote groepen <bejaarden> . Door nu schuld af te lossen is de uitgespaarde rente straks beschikbaar voor het basispensioen en
bejaarden/nrc20010608/19552	-0.0806213910741764	-0.0682785856707048	bejaarden	NL	2001	Nu al wordt bij ieder opkomend thema ( modernisering van de krijgsmacht , een recht op vergoeding van medicijnen voor <bejaarden> , verbetering van het onderwijs ) gezegd : daar is na deze belastingverlaging geen geld meer voor .
bejaarden/nrc20010706/72675	0.154161631653584	0.0815835817325043	bejaarden	NL	2001	hebben velen doorgebouwd . De Algerijnse psychopaten die midden jaren negentig in naam van de islam zuigelingen en <bejaarden> uitroeiden en meisjes ontvoerden die ze na gebruik vermoord achterlieten . De Afghaanse Talibaan die ter bevordering
bejaarden/nrc20010815/4671	0.140336685762715	0.0266227922405335	bejaarden	NL	2001	tientallen gewapende Palestijnen ; Het doodt en verwondt duizenden ongewapende Palestijnen , onder wie vrouwen , kinderen en <bejaarden> ; Het verwoest posten van de Palestijnse politie of de nationale veiligheidsdienst en beschiet gebouwen van de
bejaarden/nrc20010906/43819	0.0789784082833972	0.025294835475193	bejaarden	NL	2001	 De centrale commissie beoordeelt zelf de moeilijkste gevallen , zoals bepaalde soorten onderzoek met kinderen of demente <bejaarden> . Dat wil zeggen : sinds anderhalf jaar , want toen is de wet van kracht geworden
bejaarden/nrc20011018/85865	0.223403474113414	0.152791075229084	bejaarden	NL	2001	moeten soms wat uit hun duim zuigen .  Wanneer je op vakantie in Toscane door een groep <bejaarden> wordt uitgedaagd tot een wedstrijd touwtrekken of een potje voetbal , moet je op je hoede zijn .
bejaarden/nrc20011229/19618	-0.086125123535043	-0.0879069578941204	bejaarden	NL	2001	bij het sociaal-cultureel werk lag dan bij de landbouw . Hij was het er niet mee eens dat <bejaarden> , als ze eenmaal met pensioen waren gegaan , tot nietsdoen veroordeeld waren . Zelf werd hij
bejaarden/nrc20011229/66922	0.166101326952635	0.0165694218147017	bejaarden	NL	2001	een minder drukke locatie . Goed openbaar vervoer tussen stad en platteland geeft ook mensen zonder rijbewijs ( <bejaarden> , kinderen ) de kans om in een dorp te blijven wonen . Door financi�le steun aan
bejaarden/nrc20020211/34111	0.0775946543436854	0.0722227277701999	bejaarden	NL	2002	moordde de GIA er verschrikkelijk op los , met als dieptepunt de zomer van 1997 , toen honderden burgers , <bejaarden> , zwangere vrouwen , zuigelingen , werden afgemaakt - de keel afgesneden , doodgeschoten , opgeblazen of verbrand .
bejaarden/nrc20020218/22850	0.230186790595546	-0.109063918539457	bejaarden	NL	2002	vroeger . De VPRO heeft zijn publiek wel een beetje gevolgd en gaf veel aandacht aan seks tussen <bejaarden> en aan erectieproblemen voor oudere mannen . Een onderwerp waar je zelden iets over ziet , terwijl
bejaarden/nrc20020323/57878	0.120232349651051	-0.103206113382029	bejaarden	NL	2002	haken in op een trend die zich al langer ontwikkelt onder jongeren in beide landen : het verleden is van <bejaarden> , de toekomst van ons . Pas de huidige president , Kim Dae-jung , heeft enkele jaren
bejaarden/nrc20020406/15465	0.107859990141659	-0.249556100049804	bejaarden	NL	2002	voor een minimumsalaris Nederlandse pati�nten te verluieren .  Beide teksten getuigen noch van respect voor de desbetreffende <bejaarden> noch van kennis over en waardering voor het werk van ziekenverzorgenden . Ik heb met veel voldoening
bejaarden/nrc20020918/23930	0.0952750790747336	0.0643809116521947	bejaarden	NL	2002	iets te hebben verteld over de verdenking dat ze in vier jaar tijd dertien van haar pati�nten - kinderen en <bejaarden> - in vier verschillende ziekenhuizen zou hebben doodgespoten . Ze ontkende alleen alles , maar verdere vragen
bejaarden/nrc20021003/32761	0.20370255637081	0.0606321815751029	bejaarden	NL	2002	verstek tot twintig jaar veroordeeld . Ze nam deel aan de moord op 43 Kroaten - vrouwen en <bejaarden> - tijdens de oorlog van 1991 . De slachtoffers werden doodgeslagen of met tanks overreden .
bejaarden/nrc20021008/20868	-0.0357200550579528	-0.229896583026087	bejaarden	NL	2002	. Steeds opnieuw is hij met plannetjes in het nieuws ( postbus 51-spotjes voor herstel van normen , <bejaarden> als cr�chepersoneel ) , die overigens zelden het terrein van Economische Zaken raken : wat zijn beleid daar wordt
bejaarden/nrc20021008/57491	-0.0357200550579528	-0.229896583026087	bejaarden	NL	2002	. Steeds opnieuw is hij met plannetjes in het nieuws ( postbus 51-spotjes voor herstel van normen , <bejaarden> als cr�chepersoneel ) , die overigens zelden het terrein van Economische Zaken raken : wat zijn beleid daar wordt
bejaarden/nrc20030514/26743	-0.182138794704548	0.0105977794559538	bejaarden	NL	2003	de kosten voor de gezondheidszorg . In Nederland wordt nu al 80 procent van de zorgkosten besteed aan <bejaarden> . In de toekomst zullen pensioenen en zorg een groeiend deel van het nationaal inkomen voor hun
bejaarden/nrc20031007/40435	0.00552083507727452	0.048464593651886	bejaarden	NL	2003	Itali� een specifiek probleem door het grote aantal kleine winkels . Ook sprak hij over het grote aantal <bejaarden> in zijn land . De minister zei dat de overgang naar de euro  vooral in Itali�
bejaarden/nrc20031105/34050	0.111360661497521	0.121164551346512	bejaarden	NL	2003	binnenwateren in verregaande staat van verwaarlozing verkeren . In een tehuis in het noorden des lands moeten demente <bejaarden> er rekening mee houden dat ze gerantsoeneerd worden , van drie naar twee maaltijden per dag , wegens bezuinigingen
bejaarden/nrc20031107/56794	0.0764913158842955	0.14149239519668	bejaarden	NL	2003	veroorzaakte oversterfte . In augustus bezweken in drie weken tijd bijna 15.000 mensen m��r dan normaal , meest <bejaarden> . Van de elf feestdagen per jaar moeten de Fransen er volgens het plan ��n inleveren ,
bejaarden/nrc20031110/1850	0.199205851995305	0.199571676408841	bejaarden	NL	2003	lees ik in NRC Handelsblad over een pyjamadag . Door de tekorten in verpleeg- en verzorgingstehuizen moeten hulpbehoevende <bejaarden> een dag in pyjama in bed blijven .  In een tweede mailtje voegde hij eraan toe
bejaarden/nrc20031112/53150	-0.0961168212209845	0.0850887384035892	bejaarden	NL	2003	of worden uitgebreid . Ook nu weer heeft Arcares , de werkgeversorganisatie voor de verpleegzorg , vastgesteld dat <bejaarden> door bezuinigingen tien minuten minder zorg per dag krijgen , terwijl er juist een kwartier meer tijd per pati�nt
gepensioneerden/DS_19990401_01/27327	-0.0123822238663107	-0.212641887344902	gepensioneerden	BE	1999	medisch dossier bij te houden . Artsen en ziekenfondsen wilden de pati�nten - - behalve de WIGWs ( <gepensioneerden> , wezen , weduwen en invaliden ) - - 500 frank laten betalen voor de aanleg van dit dossier
gepensioneerden/DS_19990621_01/32250	-0.0928616954559962	0.0647254244593348	gepensioneerden	BE	1999	In de particuliere sector bedraagt hij in beginsel 16,36 procent . Op tien jaar tijd is het aantal <gepensioneerden> dat ten laste valt van de pensioenkas van de gemeenten , de RSZPPO , met de helft toegenomen .
gepensioneerden/DS_19991013_01/62207	-0.162114780894129	0.14527413068718	gepensioneerden	BE	1999	die van zelfstandigen , gaan vanaf 1 juli 2000 met 1.000 frank per maand omhoog . Liefst 450.000 <gepensioneerden> komen hiervoor in aanmerking . Kostprijs : 3,5 miljard in 2000 , het dubbele in 2001 .
gepensioneerden/DS_20000511_01/82211	-0.163294080080049	0.0990486746285136	gepensioneerden	BE	2000	plaatst die vergrijzing v��r al het andere in het beleid . TUSSEN 2000 en 2030 komen er 900.000 <gepensioneerden> bij . Een stijging met 40 procent , die zich vooral voordoet vanaf 2010 .
gepensioneerden/DS_20000804_01/39116	0.0473774972087419	-0.106528250382321	gepensioneerden	BE	2000	voor zon woning kiezen geen boerenpummels zijn , maar mensen uit de  middenklasse  : dokters , advocaten , <gepensioneerden> en studenten . Volgens een studie uit 1996 van verzekeringsmaatschappij Foremost Insurance uit Michigan is de huidige
gepensioneerden/DS_20000916_01/38833	-0.020105406972976	0.0365758259389702	gepensioneerden	BE	2000	het WIGW-statuut valt : weduwen , invaliden , gehandicapten en wezen , maar ook personen die een bestaansminimum trekken , <gepensioneerden> met een gewaarborgd inkomen en mensen ouder dan 50 jaar , die al meer dan ��n jaar werkloos zijn
gepensioneerden/DS_20001220_01/24098	-0.0934083943898237	0.0178087638330437	gepensioneerden	BE	2000	gemiddeld inkomen heeft van 638.209 frank , maar 678.266 frank uitgeeft ! Zelfstandigen , bedienden , arbeiders en <gepensioneerden> weten hun beschikbaar budget in evenwicht te houden . Hun bestedingen gaan in de eerste plaats naar
gepensioneerden/DS_20010126_01/69171	0.046239980074793303	0.0584722166663975	gepensioneerden	BE	2001	over pensioenen legt grote steden lam . Franse pendelaars ondervonden donderdag grote hinder van protesten van werknemers en <gepensioneerden> . Tienduizenden demonstranten in Parijs en tientallen andere Franse steden eisten behoud van het recht op pensioen
gepensioneerden/DS_20010206_01/21156	-0.124367052379529	0.0433466520097801	gepensioneerden	BE	2001	, de aanwerving van 350 mensen zoals bepaald in de cao van 1997 , een vast inkomen voor de 10.000 <gepensioneerden> in de sector met een pensioenleeftijd op 57 jaar , en zekerheid over het personeelsstatuut . Die
gepensioneerden/DS_20010323_01/60990	-0.0886295264369341	0.24148642001793	gepensioneerden	BE	2001	anders kan hun gratis pasje worden ingetrokken . Daarnaast mogen WGWs ( weduwen , weduwnaars , invaliden , <gepensioneerden> en wezen ) voor 300 frank per maand gebruikmaken van trams en bussen in Brussel . Dat
gepensioneerden/DS_20010521_01/5807	-0.120657919505917	-0.11822624607787	gepensioneerden	BE	2001	De welvaartsmars op Brussel werd georganiseerd door een 40-tal sociale organisaties : vakbonden , ziekenfondsen , verenigingen van gehandicapten , <gepensioneerden> enzovoort . Hun belangrijkste eisen : Een verhoging , uiterlijk op 1 januari 2002 ,
gepensioneerden/DS_20020816_01/6557	-0.074203855044575	-0.118653726638805	gepensioneerden	BE	2002	bevestigt dat er sprake is van een groeiend misbruik van het statuut . Ze heeft het daarbij over <gepensioneerden> , invaliden ( ! ) en reguliere werknemers , uitkeringstrekkers en loopbaanonderbrekers . De socialistische politica geeft
gepensioneerden/DS_20030430_01/82425	-0.0847763733200841	-0.0820231757360826	gepensioneerden	BE	2003	Gepensioneerden mogen wat bijverdienen of vrijwilligerswerk doen . De overheidsschuld moet versneld omlaag . Zorgbehoevende <gepensioneerden> krijgen de garantie dat bijkomende uitgaven voor ziekte of zorg begrensd blijven . Pensioenen en uitkeringen voor
gepensioneerden/DS_20030916_01/21678	-0.0816743387341144	0.0289450989853615	gepensioneerden	BE	2003	zelf een pakket sociale maatregelen aan , goed voor zon 1,7 miljard euro . Doelgroepen zijn boeren , <gepensioneerden> , werklozen en families met een laag inkomen . Zo zouden autos goedkoper worden en zouden de
gepensioneerden/DS_20031128_01/31310	-0.170192555584357	-0.0636069654741514	gepensioneerden	BE	2003	verhogen  , luidt het op het kabinet van Chabert . Het tarief voor weduwen , invaliden , <gepensioneerden> en wezen , die recht hebben op een verhoogde tegemoetkoming in de terugbetaling van gezondheidskosten , zou volgens het
gepensioneerden/DS_20040123_01/50352	-0.170003869627663	0.0786161461147361	gepensioneerden	BE	2004	Net als <gepensioneerden> hebben zij voortaan recht op een belastingvermindering voor vervangingsinkomens . Die vermindering is voortaan ook bij hen
gepensioneerden/DS_20040206_01/123495	0.0448623308758379	-0.0283627618373892	gepensioneerden	BE	2004	partij lijkt daarbij aan te trekken bij traditioneel moeilijke groepen : studenten en stedelingen . Haar positie bij <gepensioneerden> en gezinnen blijft sterk . Reactie van voorzitter Yves L eterme :  Deze peiling neem ik
gepensioneerden/DS_20040206_01/57129	0.0448623308758379	-0.0283627618373892	gepensioneerden	BE	2004	partij lijkt daarbij aan te trekken bij traditioneel moeilijke groepen : studenten en stedelingen . Haar positie bij <gepensioneerden> en gezinnen blijft sterk . Reactie van voorzitter Yves Leterme :  Deze peiling neem ik met
gepensioneerden/DS_20040510_01/52603	0.0172138863374619	-0.0333629278789686	gepensioneerden	BE	2004	en ogenschijnlijk onbedreigde vrede . Miljoenen Europese burgers werknemers , ondernemers , studenten , consumenten , toeristen en <gepensioneerden> plukken dagelijks de vruchten van de eenheidsmarkt . De enthousiaste nieuwe lidstaten , en de aspiranten die
gepensioneerden/DS_20040705_01/45332	-0.120770072810405	0.171423702255123	gepensioneerden	BE	2004	Die grote demografische stijging wordt pas vanaf 2010 verwacht . Tussen 1999 en 2003 kwamen er nauwelijks <gepensioneerden> bij . Over een langere periode bekeken is dat wel het geval ( zie grafiek ) :
gepensioneerden/DS_20041104_01/71221	-0.0541661431368149	0.207749673054526	gepensioneerden	BE	2004	aanvraag te onderzoeken en betaalt het bedrag dan na een vijftiental dagen uit . Wezen , invaliden , <gepensioneerden> , weduwen en weduwnaars kunnen de premie meteen ontvangen . Hun aanvraag hoeft niet te worden onderzocht
gepensioneerden/DS_20050129_01/93299	0.0424895112950606	0.26751972314073	gepensioneerden	BE	2005	Kort daarna werd brand geroken . Gratis vervoer voor negen uur voor <gepensioneerden> Vanaf 1 mei mogen 65-plussers ook voor 9 uur gratis reizen met de MIVB .
gepensioneerden/DS_20050416_01/17469	-0.167216700242826	0.14343186537712	gepensioneerden	BE	2005	pensioenuitgaven dit jaar sterk stijgen , bijna met een half miljard euro in vergelijking met 2004 , hoewel het aantal <gepensioneerden> verhoogt . Afgelopen jaren zijn nogal wat welvaartsaanpassingen en pensioenverhogingen toegekend aan de kleinste pensioentjes .
gepensioneerden/DS_20050418_01/63819	-0.0704941157063847	0.107486713131882	gepensioneerden	BE	2005	is het voorbije jaar overgeschakeld naar een storting via de bank . In januari 2004 ontvingen nog 311.793 <gepensioneerden> hun pensioen uit handen van de postbode . Vorige maand stond de teller op 205.700 .
gepensioneerden/DS_20050915_01/50123	0.12637927157126	0.0724168215193772	gepensioneerden	BE	2005	De sociaal-democraten hangen Duitsland nog altijd vol met affiches waarop typevoorbeelden van Duitsers , van families via alleenstaande moeders tot <gepensioneerden> , wordt voorgerekend hoeveel honderden tot duizenden euros  Kirchhof  hen zou kosten . Ze verzonnen
gepensioneerden/DS_20051119_01/66363	0.00600529308131045	0.0179483554050404	gepensioneerden	BE	2005	. Neem bijvoorbeeld de nieuwe belasting op kapitalisatiebeveks . Honderdduizenden Belgen , vaak gewone spaarders en <gepensioneerden> , zijn eigenaar van zon financieel product met beperkt risico . Volgens socialisten en liberalen ging het
gepensioneerden/nrc19991030/37718	0.00889177523677584	-0.281840624852621	gepensioneerden	NL	1999	Met PGGM wordt overigens nog gepraat over de inhoud van die brief . Gisterochtend zaten de <gepensioneerden> voor het eerst aan tafel bij de raad van advies en de belangenvereniging liet direct een bommetje achter .
gepensioneerden/nrc19991030/38536	-0.239295090071066	-0.27229213834331	gepensioneerden	NL	1999	in het overlegorgaan Stichting van de Arbeid hebben vorig jaar een convenant gesloten met de ouderenorganisaties om de invloed van <gepensioneerden> te vergroten . Dat kan door oprichting van deelnemersraden of de benoeming van gepensioneerden in besturen van
gepensioneerden/nrc19991104/40189	-0.150128372289381	-0.0442957438351591	gepensioneerden	NL	1999	. Het fonds ( 92 miljard gulden vermogen , beheerd voor de sectoren zorg en welzijn ) zou <gepensioneerden> en andere uitkeringsgerechtigden tekortdoen doordat de verhoging van pensioenen in weerwil van toezeggingen al jaren achterblijft bij de loonstijgingen
gepensioneerden/nrc19991122/29026	0.253031232316092	-0.21531985855277	gepensioneerden	NL	1999	op te roepen . Achter de schermen zouden zij de gaten moeten opvullen . Of die <gepensioneerden> daar wel zin in hebben , is zeer de vraag . Het geeft ook te denken dat
gepensioneerden/nrc19991209/93143	-0.18163269509007	0.138681673668414	gepensioneerden	NL	1999	Gepensioneerden hadden vorig jaar gemiddeld een besteedbaar inkomen van 39.800 gulden . In 1997 ging de koopkracht van <gepensioneerden> er slechts met 0,8 procent op vooruit . In de twee jaar daarvoor was de koopkrachtstijging nog
gepensioneerden/nrc19991217/76425	-0.219850598329299	0.141655255940591	gepensioneerden	NL	1999	voorspeld van 2,6 tot 3 procent , tegen 2,3 procent dit jaar . Pensioenfonds ABP geeft al zijn <gepensioneerden> een belastingvrije uitkering van 100 euro ( 220 gulden ) netto . Deze uitkering is bedoeld om
gepensioneerden/nrc20000110/24819	-0.309422006843623	0.0391135835342022	gepensioneerden	NL	2000	gaan er op vooruit . Dit gebeurt door een verhoging van de ouderenaftrek ( een belastingvrije korting voor <gepensioneerden> ) en de arbeidskorting ( een korting op de belasting voor werkenden ) . Een beperkte lijfrenteaftrek
gepensioneerden/nrc20000401/51991	-0.219948376386206	0.101823526120991	gepensioneerden	NL	2000	8,1 procent en over overig pensioen 6,1 procent premie voor de ziekenfondsverzekering in het jaar 2000 . Vervroegd <gepensioneerden> betalen 8,1 procent premie over hun VUT-uitkering of pensioen . Vervroegd gepensioneerden zijn in principe ziekenfonds verzekerd
gepensioneerden/nrc20000401/52005	-0.156623217540332	0.0492846337687771	gepensioneerden	NL	2000	jaar 2000 . Vervroegd gepensioneerden betalen 8,1 procent premie over hun VUT-uitkering of pensioen . Vervroegd <gepensioneerden> zijn in principe ziekenfonds verzekerd als zij op de dag dat het vervroegd pensioen ingaat reeds in het ziekenfonds
gepensioneerden/nrc20000527/18602	-0.193378958349094	0.0701867291916275	gepensioneerden	NL	2000	elders aan de slag zijn en de gepensioneerden . Het fonds komt met eenmalige uitkeringen aan werkers en <gepensioneerden> die samen 80 miljoen gulden kosten en met een structurele verbetering ( per 2002 ) van de pensioenregeling die
gepensioneerden/nrc20000706/33800	-0.169983965314538	0.0249596358388947	gepensioneerden	NL	2000	Het aandeel Atag verloor 4 procent op 6,60 euro . De pensioenfondsen boeken recordrendementen , maar <gepensioneerden> krijgen veelal karige verhogingen van hun pensioen . De klachten worden luider . Zij zijn
gepensioneerden/nrc20000706/34121	-0.180835310983551	-0.0454328421938444	gepensioneerden	NL	2000	is het . Einde discussie ? In de besluitvorming over de verhoging van pensioenen mogen de <gepensioneerden> zelfs doorgaans niet aan tafel zitten . In de besturen van de pensioenfondsen , samen goed voor
gepensioneerden/nrc20000805/62849	-0.0981170386099525	0.0316077525612919	gepensioneerden	NL	2000	Naast de 58 miljoen aan Hagemeyer is deze zomer ook 20 miljoen uitgekeerd aan de 4.000 werknemers en <gepensioneerden> in de vorm van eenmalige uitkeringen . Daarnaast krijgen de deelnemers nog eens 5 miljoen in de
gepensioneerden/nrc20000812/10932	-0.173261070129898	-0.0878339935502128	gepensioneerden	NL	2000	De Wind :  Volgend jaar worden de afspraken tussen werkgevers , werknemers en ouderenorganisaties over meer zeggenschap van <gepensioneerden> ge�valueerd . Ik kan me niet aan de indruk ontrekken dat werkgevers denken dat de gepensioneerden weer
gepensioneerden/nrc20000929/31578	-0.122854371238373	-0.0390393563329443	gepensioneerden	NL	2000	Rodamco North America is pensioenfonds ABP ( 320 miljard beheerd vermogen ) , die de pensioenregeling uitvoert voor werknemers en <gepensioneerden> bij overheid en onderwijs . Een van de grotere aandeelhouders van Urban Shopping is PGGM ( ruim
gepensioneerden/nrc20001214/9848	-0.198602891220896	0.0792667791679178	gepensioneerden	NL	2000	drie kwartalen verdiende Nedlloyd een bedrijfsresultaat van 40 miljoen gulden . Met de verbetering van de positie van <gepensioneerden> en ex-werknemers is bij Nedlloyd 281 miljoen gulden gemoeid . Verder financiert het fonds een vroegpensioenregeling (
gepensioneerden/nrc20010123/41976	-0.241405796955408	-0.0975326204700871	gepensioneerden	NL	2001	evaluatie in juli voor zijn van het drie jaar convenant tussen werkgevers , werknemers en ouderenorganisaties over meer medezeggenschap voor <gepensioneerden> ?  Verlenging of vernieuwing van het convenant hangt af van twee zaken . Wat
gepensioneerden/nrc20010217/18139	-0.157412997340657	-0.0977847465491641	gepensioneerden	NL	2001	zeggenschap te intensiveren . Zij organiseren woensdag een congres om de noodzaak van  werkelijke zeggenschap  van <gepensioneerden> in de besturen van de pensioenfondsen te onderstrepen . Eerder deze week werd bekend dat gepensioneerden en
gepensioneerden/nrc20010217/20646	-0.0836621373774778	0.0538956925803042	gepensioneerden	NL	2001	. De lage rendementen kunnen de discussie over de overschotten afkappen , het debat over de invloed van <gepensioneerden> in het bestuur zal zeker dit jaar weer oplaaien . Hij wijst een wettelijke regeling van de
gepensioneerden/nrc20010217/20787	-0.238043642703105	-0.145030220101884	gepensioneerden	NL	2001	uit onvrede met het bereikte resultaat twee weken geleden een voorontwerp van een wettelijke regeling gepubliceerd voor volledige zeggenschap van <gepensioneerden> in de besturen plus een instemmingrecht van de deelnemersraad voor belangrijke besluiten .  Bij het OPF
gepensioneerden/nrc20010222/76798	-0.260683654400899	-0.032769137607351	gepensioneerden	NL	2001	participatie in het bestuur  , zegt A. van Kleef , directeur van het pensioenfonds van HBG , waar twee <gepensioneerden> in het bestuur zitten . Het fonds heeft geen deelnemersraad .  In het bestuur
gepensioneerden/nrc20010510/20926	-0.251370140156935	0.0368625390188492	gepensioneerden	NL	2001	gepensioneerden ? De mechanismes zijn onverbiddelijk . Inflatie en loonsverhogingen maken pensioenen duurder , zeker nu <gepensioneerden> gewend zijn dat hun uitkeringen meestijgen met de lonen . Komt bij dat de werkers bij overheid
gepensioneerden/nrc20010606/41213	-0.206833748651524	0.128838268543181	gepensioneerden	NL	2001	mensen met een AOW-uitkering steeg licht tot 2,33 miljoen en was daarmee de grootste groep uitkeringsgerechtigden . De <gepensioneerden> kregen in totaal 42 miljard gulden uitgekeerd . De CVB Bank , onderdeel van SNS Reaal ,
gepensioneerden/nrc20010706/43531	-0.174557555922219	0.00174807460541986	gepensioneerden	NL	2001	vreest dat loonstijgingen de verhouding tussen de pensioenverplichtingen en het gespaarde vermogen zullen aantasten en dat de compensatie voor de <gepensioneerden> voor gestegen lonen en prijzen in gevaar komt . Volgens de NBP wordt zij ondersteund door de
gepensioneerden/nrc20010711/31149	-0.298728354002626	-0.0146338898794555	gepensioneerden	NL	2001	heeft de administrateur van het pensioenfonds desgevraagd bevestigd . De deelnemersraad van het pensioenfonds , een medezeggenschapsforum met <gepensioneerden> en actieve werknemers , wil dat alle ex-werknemers een inflatietoeslag krijgen . De raad eist morgen bij
gepensioneerden/nrc20010718/33460	-0.188381756103789	-0.059153810537018	gepensioneerden	NL	2001	120.000 gepensioneerden bij zijn aangesloten . Den Hoedt reageert op de uitkomst van de afspraken over medezeggenschap van <gepensioneerden> die de ouderenorganisatie CSO in 1998 met de werkgevers en werknemers in de Stichting van de Arbeid heeft gemaakt
gepensioneerden/nrc20010718/33561	-0.140811990151702	-0.00730205385406349	gepensioneerden	NL	2001	de Stichting van de Arbeid is gepubliceerd , blijkt dat bij de pensioenfondsen van individuele ondernemingen 84 procent van de <gepensioneerden> een vorm van invloed heeft . Bij pensioenfondsen die voor complete bedrijfstakken werken is dat 88 procent
gepensioneerden/nrc20010927/67554	-0.0900577903162473	0.0040250580471883	gepensioneerden	NL	2001	van 883 pensioenfondsen van ondernemingen of via zijn werkgever bij een verzekeraar . De onvermijdelijke vergrijzing maakt de <gepensioneerden> , inmiddels meer dan 2 miljoen mensen , een geduchte kiezersgroep . Jansweijer deelt de zorg die
gepensioneerden/nrc20020205/33596	-0.178672113271715	0.0317405906164739	gepensioneerden	NL	2002	van de diverse partijen evenwichtig behartigen . Over enkele weken staat Meulblok als voorzitter van het overlegforum van <gepensioneerden> en werknemers ( deelnemersraad ) van het Esso pensioenfonds bij de Ondernemingskamer van het Amsterdamse Gerechtshof .
gepensioneerden/nrc20020205/33762	-0.227409215467455	-0.00858390445790482	gepensioneerden	NL	2002	, die speciaal is belast met strijd tussen deelnemersraden en pensioenfondsen . Rode draad bij de acties : <gepensioneerden> eisen adequate indexatie en zij veroordelen uitkeringen van pensioenvermogen aan de werkgever of duurzame premiekortingen voor de onderneming .
gepensioneerden/nrc20020208/48317	-0.146668410294284	0.0369292851679252	gepensioneerden	NL	2002	Met het meldpunt reageert de Bond op de groeiende stroom aankondigingen van ondernemingen en een enkele bedrijfstak dat <gepensioneerden> dit jaar vanwege de verzwakte financi�le positie van hun fonds geen of beperkte indexatie geven . PvdA-kamerlid
gepensioneerden/nrc20020302/2426	-0.15204516553085	-0.0133184029041096	gepensioneerden	NL	2002	Nu zijn er bij het wel en wee van pensioenfondsen twee categorie�n belanghebbenden : de premiebetalers en de <gepensioneerden> . Eerstgenoemden hebben er belang bij dat de premie zo laag mogelijk is , terwijl het belang
gepensioneerden/nrc20020327/43702	-0.223475045636972	-0.0289945635088753	gepensioneerden	NL	2002	bevoegdheden van de deelnemersraden uitbreiden , inclusief adviesrecht over de inflatietoeslag op ingegane pensioenen . Verdere participatie van <gepensioneerden> in besturen van pensioenfondsen wil hij niet stimuleren . Hij vertrouwt op de zelfwerkzaamheid van de 
gepensioneerden/nrc20020410/54325	-0.283092495283712	0.144765631385027	gepensioneerden	NL	2002	De pensioenkosten stegen ook explosief . De loonstijging , die als inflatietoeslag ( indexatie ) ook de <gepensioneerden> wordt vergoed , was vorig jaar bijna 6 procent . Oplopende pensioenverplichtingen en negatieve beleggingsinkomsten ondermijnen de
gepensioneerden/nrc20020411/40906	-0.161513940473771	-0.0531725446851826	gepensioneerden	NL	2002	meer geld PGGM kwijt is aan de pensioenverplichtingen voor de werknemers in zorg en welzijn en aan uitkeringen aan de <gepensioneerden> . PGGM vergoedt gepensioneerden een inflatie-toeslag die gekoppeld is aan de loontrend in de bedrijfstak , vorig
gepensioneerden/nrc20020427/3503	-0.125883423272525	-0.0768894399913376	gepensioneerden	NL	2002	is goed om iedereen wakker te schudden . Niettemin is het bestuur , waarin werkgevers , werknemers en <gepensioneerden> vertegenwoordigd zijn , de plaats waar de uiteindelijke afweging wordt gemaakt . Pensioenen is een typisch langetermijnonderwerp
gepensioneerden/nrc20020502/7110	-0.258158833097216	0.0881108632622827	gepensioneerden	NL	2002	met zich meebrengt . Maar stellen dat het Nederlandse pensioenstelsel nu een simpel doorgeefluik is van premies aan <gepensioneerden> omdat de fondsen jaarlijks 12 miljard euro aan premies innen en 13 miljard euro uitkeren aan gepensioneerden , zodat
gepensioneerden/nrc20020528/31408	-0.058425586942034	0.0157534646956767	gepensioneerden	NL	2002	afgelopen jaren in de samenleving is ontstaan . De armoedekloof wil de nieuwe regering overbruggen door gezinnen en <gepensioneerden> deze zomer extra uitkeringen te geven . Werknemers in het onderwijs , de gezondheidszorg en andere overheidsinstellingen
gepensioneerden/nrc20020927/50591	-0.153429553842891	-0.0851241288686499	gepensioneerden	NL	2002	de besturen van pensioenfondsen , die nu gedomineerd worden door werknemers en werkgevers . Ook de Belangenvereniging van <gepensioneerden> van PGGM steunt zijn voorstellen . De twee verenigingen hebben 25.000 leden . Door de
gepensioneerden/nrc20021009/48270	-0.222082823988176	-0.0451847868794711	gepensioneerden	NL	2002	financi�le positie te stutten : verdere premieverhogingen voor werknemers en overheid/onderwijs en beperking van de inflatietoeslag ( indexatie ) die <gepensioneerden> krijgen . De pensioenpremie die ABP werknemers en werkgevers berekent , is dit jaar en volgend jaar
gepensioneerden/nrc20021012/93873	0.0699117644958159	0.169828447477795	gepensioneerden	NL	2002	400 euro terugkrijgen .  Bert Lokhorst , beleidsmedewerker bij ouderenbond Anbo , heeft de afgelopen weken honderden <gepensioneerden> aan de telefoon gehad . Zij hebben post gekregen van de Belastingdienst en weten niet wat ze
gepensioneerden/nrc20030409/27519	-0.266419700458125	0.025674442357918	gepensioneerden	NL	2003	ABP uit het financi�le drijfzand komt . Het fonds stelde gisteren expliciet de prijscompensatie ( indexatie ) voor <gepensioneerden> en actieve werknemers ter discussie als het minimaal noodzakelijke beleggingsrendement van 7 procent niet wordt gehaald .
gepensioneerden/nrc20030527/26046	-0.299609054617954	0.0793488595256662	gepensioneerden	NL	2003	pensioenregeling .  De stijging van de pensioenuitkeringen en de lonen lopen uit een . De <gepensioneerden> gaan er 1,5 procent op vooruit ( indexatie ) , terwijl de werkenden er in totaal 2,5 procent bij
gepensioneerden/nrc20030630/14726	-0.111929931764432	0.0122503025541369	gepensioneerden	NL	2003	.  Bij het ABP zijn 1,1 miljoen ambtenaren en leraren aangesloten , naast ruim een half miljoen <gepensioneerden> . Net als andere pensioenfondsen heeft het ABP zijn vermogen drastisch zien afnemen door de verliezen op
gepensioneerden/nrc20030801/57680	-0.130975689559028	0.0475795776183654	gepensioneerden	NL	2003	is er een probleem dat moet worden opgelost .  Vertegenwoordigers van de bank en van werknemers en <gepensioneerden> besturen het fonds . In 2001 kreeg ABN Amro een bedrag van 60 miljoen euro terug van
gepensioneerden/nrc20030823/24874	-0.217848037509043	-0.0042606149538787904	gepensioneerden	NL	2003	. Het fonds beroept zich op de kleine lettertjes en int geld bij de werkgever , of kort <gepensioneerden> , of versobert pensioenen of verhoogt de premie . Of alles tegelijk . Elk pensioenfonds
gepensioneerden/nrc20030920/27669	-0.229311641562057	0.0253435193680783	gepensioneerden	NL	2003	en werknemers , die samen de pensioenwereld besturen , vier maatregelen : premies verhogen , minder in aandelen beleggen , <gepensioneerden> korten op hun prijscompensatie of de pensioenen versoberen . Wie aarzelt krijgt te maken met toezichthouder Pensioen-
gepensioneerden/nrc20031105/25766	-0.34872572288975	0.121002572686855	gepensioneerden	NL	2003	de loon- en winstruimte te maximaliseren . Uit de superrendementen op de beurs betaalden zij de prijscompensatie voor <gepensioneerden> ( indexatie ) en stijging van de pensioenverplichtingen . Die tijden zijn voorbij . De
gepensioneerden/nrc20031126/28594	-0.161516711407997	0.0492116029468232	gepensioneerden	NL	2003	de verhoging steeds duurder . Dit jaar is de volledige koppeling tussen pensioen en prijsstijgingen voor zon 900.000 <gepensioneerden> en 700.000 werknemers al losgelaten , volgend jaar stijgen beide aantallen tot meer dan een miljoen als ook het
gepensioneerden/nrc20031220/42329	-0.229434571740007	0.0497466152145575	gepensioneerden	NL	2003	.  Hij wil dat pensioenfondsen volstrekte helderheid geven onder welke voorwaarden zij prijscompensatie ( indexatie ) voor <gepensioneerden> geven . Het afgelopen jaar hebben pensioenfondsen op grote schaal hun premies verhoogd en de indexatie beperkt
ouderen/DS_19990916_01/25305	-0.0536179646443595	-0.0723878698153664	ouderen	BE	1999	eindeloopbaanregelingen , bijvoorbeeld met ouderen die het peterschap opnemen van jongeren in opleiding ; door herscholing en positieve discriminatie van <ouderen> bij aanwervingen ; door de te hoge sociale uitkeringen voor ouderen te durven herbekijken . En -
ouderen/DS_19991004_01/12201	0.0172917294498185	-0.0791954376084595	ouderen	BE	1999	3 september ) . Het paritair comit� voor bedienden zou na studie hebben uitgevist dat de kansen van <ouderen> en migranten slecht zijn op de arbeidsmarkt ; alleen leeftijd en discriminatie tegen niet-Belgen zou hierbij een rol spelen
ouderen/DS_19991109_01/48909	0.110450250045135	-0.0612183455835175	ouderen	BE	1999	wolk bestaat uit veel grotere deeltjes dan de gewonemist in Ca�ro . En dat is een probleem voor <ouderen> , kinderen en mensen met astma . Artsen hebben hun handen vol met pati�nten die kampen met
ouderen/DS_20000118_01/17092	0.209384168809871	-0.00655277840451844	ouderen	BE	2000	precies een cybercaf� bezoekt , vindt Joost Boerjan bijzonder moeilijk .  Mannen of vrouwen , jongeren of <ouderen> , beginners of ervaren surfers , ... er valt eigenlijk geen lijn in te trekken . Ook
ouderen/DS_20000706_01/4905	-0.0278802105342398	0.00759738946198658	ouderen	BE	2000	Maar de vooroordelen blijven bestaan : 14 % van de bouwbedrijven ziet geen heil in de aanwerving van <ouderen> ; voor migranten is dat 26 % en voor vrouwen 32 % . Nacebo vindt dat de
ouderen/DS_20000802_01/35529	0.00510199582964449	-0.0513475335219056	ouderen	BE	2000	, dat veeleer zal leiden tot een ontwrichting van de arbeidsmarkt dan tot bijkomende kansen op werk voor jongeren of <ouderen> , en dat de ondernemingen met een hoop bijkomende en nutteloze bureaucratie opzadelt . Bovendien hangen zware
ouderen/DS_20000918_01/13402	0.014834805284339	0.0695255682341462	ouderen	BE	2000	Gesloten op 8 oktober ( verkiezingsdag ) . 250 frank , met kortingen voor jongeren , <ouderen> , studenten , enz. Informatie dag en nacht : 02-627.42.38 . Verplichte reservering voor groepen : 02-627.42.52
ouderen/DS_20001202_01/42111	0.171119476017905	-0.0119726078947913	ouderen	BE	2000	en rechter voor het Europees Hof van de Mensenrechten in Straatsburg .  Of het nu jongeren of <ouderen> zijn , Belgen of vreemdelingen , mannen of vrouwen .  SEPARATOR Domenico Olivieri vanavond te
ouderen/DS_20001215_01/53461	0.0431756734492274	-0.00573435779723621	ouderen	BE	2000	, blijft de Vlaamse arbeidsmarkt geconfronteerd met grote problemen zoals het tekort aan geschoolde arbeiders en een hoge werkloosheidsgraad bij <ouderen> , jongeren , vrouwen en migranten  , stelt de commissaris . Voor Landuyt komt het Europees
ouderen/DS_20010111_01/13058	0.109678612942229	0.00130296288813422	ouderen	BE	2001	Europese wegen en 145.000 in de 29 Oeso-landen . Onder de slachtoffers zijn veel jongeren , kinderen en <ouderen> , op de fiets en te voet . Het aantal verkeersdoden moet dalen , luidt het aan
ouderen/DS_20010117_01/41780	-0.0311101152150051	-0.0169470985378093	ouderen	BE	2001	werkenden van vandaag . Het gaat dus om een herverdeling van inkomen tussen generaties , van jongeren naar <ouderen> . Omdat de groep gepensioneerden toeneemt , en het pensioenbedrag gelijk blijft of licht stijgt , en
ouderen/DS_20010118_01/48700	0.157935329766415	0.0149969798986737	ouderen	BE	2001	heeft dat woensdag gezegd . De Sudanese staatstelevisie toonde dinsdagavond duizenden burgers , vooral vrouwen , kinderen en <ouderen> , in het dorp Kadugli in de Nubabergen . Er zouden ongeveer 30.000 mensen naar Kadugli en
ouderen/DS_20011013_01/92631	0.186192271371541	-0.0123350102180354	ouderen	BE	2001	niet meer dan een versleten tentzeil boven het hoofd . Er zijn heel veel vrouwen , kinderen en <ouderen> bij . Op andere plaatsen is de toestand nog slechter -- hier hebben de meesten tenminste nog
ouderen/DS_20011112_01/43760	0.14692249179544	-0.0346641748492763	ouderen	BE	2001	Congolees  is dom , want binnen die categorie�n is er telkens een enorm verschil tussen jongens en meisjes , <ouderen> en jongeren , of soorten misdrijven . Dat klinkt vanzelfsprekend , maar die nuanceringen worden zelden gemaakt
ouderen/DS_20011129_01/24386	0.175536558934087	-0.0243856375341397	ouderen	BE	2001	Er zijn grote verschillen in crimineel gedrag tussen autochtonen en allochtonen , tussen diverse groepen allochtonen onderling en daarbinnen tussen <ouderen> en jongeren , jongens en meisjes . De grootste probleemgroep vormen de Oost-Europese jongeren , wier aandeel
ouderen/DS_20020114_01/28270	0.190344007982679	-0.181091664059487	ouderen	BE	2002	Artikel zonder titel GEZONDHEID Geur doet <ouderen> beter eten . Toevoeging van extra geuren aan voedsel zorgt ervoor dat ouderen beter eten .
ouderen/DS_20020821_01/10885	0.187370357864085	-0.0462911130150443	ouderen	BE	2002	meer dan 6 uur op zondag . Nog een vaststelling : mannen lijken iets socialer dan vrouwen en <ouderen> doen minder dingen samen dan jongeren . Een man spendeert per week gemiddeld 41 uur aan een
ouderen/DS_20021022_01/31026	-0.0124541149912973	-0.0745163945380341	ouderen	BE	2002	voor een verhaal over open , multicultureel burgerschap dat appelleert zowel aan autochtonen als aan allochtonen , aan jongeren en <ouderen> , aan werkgevers en werknemers , aan onderwijs en politiek . Het heeft geen zin bij elk
ouderen/DS_20030318_01/21629	-0.146070674360772	-0.113492268221558	ouderen	BE	2003	maar minder dan ��n op de vier zegt ook last te hebben van milieuhinder . Stemplicht vinden de <ouderen> maar niks : slechts 28 procent is daar voorstander van . Een eengemaakt Europa met ��n regering
ouderen/DS_20030318_01/61201	-0.146070674360772	-0.113492268221558	ouderen	BE	2003	maar minder dan ��n op de vier zegt ook last te hebben van milieuhinder . Stemplicht vinden de <ouderen> maar niks : slechts 28 procent is daar voorstander van . Een eengemaakt Europa met ��n regering
ouderen/DS_20030407_01/74806	0.0186852950923699	-0.0668502473930124	ouderen	BE	2003	van een specifieke jobdatabank . Zij beloven jaarlijks 6.000 vacatures vrij te houden voor kansengroepen ( allochtonen , <ouderen> , personen met een handicap ) . INTELLECTUELE BEROEPEN
ouderen/DS_20030520_01/39158	-0.0050903932911176	-0.120030864266571	ouderen	BE	2003	kwam ze in de Kamer terecht . Daar spitste ze zich toe op de problematiek rond jongeren en <ouderen> , energie en leefmilieu , verzekeringen , consumentenzaken , veiligheid en tewerkstelling . Creyf werkte eerder ook
ouderen/DS_20030604_01/678	-0.0164339484464586	-0.0779720067113126	ouderen	BE	2003	Die lastenverlaging wordt toegekend aan vijf doelgroepen : laaggeschoolden ( onder wie jongeren ) , deeltijdse banen , kenniswerkers , <ouderen> en werkers in de zorgsector . De overheid zal het collectief ontslaan van vijftigplussers ook bemoeilijken .
ouderen/DS_20030607_01/82107	-0.136983594471631	-0.0248492491872805	ouderen	BE	2003	ontgroening  van de bevolking op de sociale uitgaven . De vergrijzing , de toename van het aantal <ouderen> , doet de uitgaven voor pensioenen en gezondheidszorg stijgen . De afname van het aantal jongeren doet
ouderen/DS_20030827_01/612	0.0039197327078454	-0.0771159641864981	ouderen	BE	2003	 , aldus de nota . Ook op vlak van ouderenzorg , gezinsbeleid(het stimuleren van de opvang van <ouderen> in het gezin ) en ondersteuning van personen met een handicapkomt het federale regeerakkoord op het terrein van Vlaanderen
ouderen/DS_20030918_01/85107	-0.0481250802572021	-0.0257304229649437	ouderen	BE	2003	het geheel van de arbeid niet noemenswaardig kunnen dalen , worden lasten verminderd voor doelgroepen . Jongeren , <ouderen> , werknemers met lage lonen , werknemers van startende ondernemingen , langdurige werklozen , werknemers van kleine ondernemingen en
ouderen/DS_20031108_01/111517	0.0161368861608396	-0.0472125903444459	ouderen	BE	2003	Vlaams parlement . Op de agenda staan gelijke kansen in werkgelegenheid , diversiteit in het onderwijs , allochtone <ouderen> , de opvang van mensen zonder papieren en allochtone jongeren . De allochtone federaties moeten lokale verenigingen
ouderen/DS_20031231_01/33222	-0.056298458144227	-0.0846334818058173	ouderen	BE	2003	Daarnaast worden alle bestaande banenplanen in vijf gelijkaardige formules van lastenverlaging voor doelgroepen ondergebracht : voor jongeren , <ouderen> , langdurig werkzoekenden , bij arbeidsduurvermindering en voor eerste aanwervingen door beginnende ondernemers . Die doelgroepformules zijn
ouderen/DS_20040105_01/33497	0.19029398607071	-0.034276841408813	ouderen	BE	2004	het pitavlees door het Voedselagentschap . De listeria-bacterie houdt vooral gevaren in voor kinderen , zwangere vrouwen , <ouderen> en mensen met een verzwakt immuunstelsel . ( fvg ) Oudste Vlaming overleden
ouderen/DS_20040108_01/79848	0.186175123079894	0.100423866561166	ouderen	BE	2004	elkaar gekregen heeft ! Beysen in t midden . Die man verdient dienstencheques , zoals hij <ouderen> van dagen afleiding biedt in de winter van hun leven vol tekort en ontgoocheling . Maar goed
ouderen/DS_20040210_01/124317	0.140464856107893	-0.0662337417957532	ouderen	BE	2004	op tot dringende hulp aan de miljoenen hongerende Noord-Koreanen . Door het gebrek aan internationale hulp zijn vooral <ouderen> , vrouwen en kinderen in een uitzichtloze toestand terechtgekomen , aldus het VN-agentschap .  Meer dan
ouderen/DS_20040210_01/66818	0.140464856107893	-0.0662337417957532	ouderen	BE	2004	op tot dringende hulp aan de miljoenen hongerende Noord-Koreanen . Door het gebrek aan internationale hulp zijn vooral <ouderen> , vrouwen en kinderen in een uitzichtloze toestand terechtgekomen , aldus het VN-agentschap .  Meer dan
ouderen/DS_20040316_01/21499	-0.122170311628681	0.0663250424703809	ouderen	BE	2004	Alleen in Wijnegem , Boom en Niel gemeenten die nu al een groot aantal 65-plussers tellen zal het aandeel <ouderen> in de totale populatie dalen tegen 2010 . Professor Luc Goossens van de Universiteit Antwerpen waarschuwt dat
ouderen/DS_20040407_01/47892	0.135090013648015	-0.134215022115024	ouderen	BE	2004	uit de arbeidsmarkt stappen ? Vandenbroucke :  Werk is niet het enige antwoord voor de problemen van <ouderen> . Maar het is godgeklaagd dat mensen het gevoel hebben dat ze op hun vijftigste niets meer
ouderen/DS_20040612_01/129920	0.0274074880495638	-0.0227691297684716	ouderen	BE	2004	worden . 8 ) Zorg schept werk . De wachtlijsten in de zorg ( gehandicapten , <ouderen> ) moeten weg .  Diensten aan personen en gezinnen  moeten de sector met de grootste
ouderen/DS_20040730_01/29414	0.0358140499185614	-0.193557010771938	ouderen	BE	2004	. Ze sloeg daarmee twee vliegen in ��n klap : ze vestigde de aandacht op de mobiliteit van <ouderen> en ze bestreed met de actie de vereenzaming in verzorgingstehuizen . De actie was ook het startschot
ouderen/DS_20040924_01/55406	-0.0316012952603419	-0.206440095123359	ouderen	BE	2004	allerlei beroepsziekten en arbeidsongevallen . Allochtone ouderen zullen dus steeds meer nood hebben aan dezelfde diensten als autochtone <ouderen> : thuiszorg , dienstencentra , rusthuizen , medische zorgen . Zijn de bestaande ouderenvoorzieningen voldoende aangepast om
ouderen/DS_20040929_01/67751	-0.00417536272573249	-0.0624032447823067	ouderen	BE	2004	miljoen energiearmen in 2001 ) , dat een aanpak vergt op maat van specifieke doelgroepen ( eigenaars , huurders , <ouderen> , grote en kleine gezinnen , ) . Het plan vertrekt van de definitie van energiearmoede .
ouderen/DS_20041020_01/63762	-0.0328118237004497	-0.0263970119242747	ouderen	BE	2004	voorstel om minder rekening te gaan houden met de factor leeftijd bij het bepalen van de lonen voor jongeren en <ouderen> . Dat maakt het voor werkgevers aantrekkelijker om oudere werknemers in dienst te houden .
ouderen/DS_20050226_01/32603	0.0297921809525614	-0.167337005969316	ouderen	BE	2005	helft van de kiezers kan zich inbeelden erop te stemmen . Het kartel bereikt zijn traditionele basis ( <ouderen> , West-Vlamingen , huisvrouwen ) en heeft perspectieven bij arbeiders en in Limburg . Vergeleken met de
ouderen/DS_20050512_01/54713	0.141338115576055	-0.0842305670445739	ouderen	BE	2005	Om op die vragen te antwoorden is het Steunpunt Gelijkekansenbeleid een onderzoek begonnen naar de barri�res en kansen die <ouderen> , vrouwen , allochtonen en holebis tijdens hun leven ervaren . Het eerste deel van het onderzoek
ouderen/DS_20050514_01/127285	0.110030418935111	-0.0786736189188474	ouderen	BE	2005	van de Vlaamse Gemeenschap een afspiegeling wordt van de Vlaamse samenleving , en dat dus ook vrouwen , kortgeschoolden , <ouderen> , allochtonen en mensen met een handicap , kansen krijgen . -0,5 procent van de ambtenaren heeft
ouderen/DS_20050601_01/44519	-0.00329325338038352	-0.0301464824077084	ouderen	BE	2005	meer dan 25 procent van de uitzendwerkers een diploma hoger onderwijs . Niet alleen jongeren , maar ook <ouderen> krijgen een nieuwe kans op de arbeidsmarkt . Vorig jaar was 8 procent van de uitzendarbeiders (
ouderen/DS_20050607_01/21199	0.130141355487155	-0.078149451160315	ouderen	BE	2005	een subsidie krijgen om te laten onderzoeken of ze toegankelijk genoeg zijn voor mensen met een verminderde mobiliteit , zoals <ouderen> , rolstoelgebruikers of moeders met een kinderwagen . Het onderzoek , dat moet worden uitgevoerd door de
ouderen/DS_20050708_01/42831	0.0819687757675212	-0.0306146928517152	ouderen	BE	2005	, dan heeft de bader vijftien procent meer kans een aandoening op te lopen . Bij kinderen , <ouderen> en mensen met een zwakke gezondheid ligt dit percentage aanzienlijk hoger . De aandoeningen kunnen vari�ren van
ouderen/DS_20051007_01/47624	0.051865556602804	-0.0793895221141365	ouderen	BE	2005	als men zich op andere manieren gaat inzetten voor de gemeenschap : de opvang van kleinkinderen of de verzorging van <ouderen> , bijvoorbeeld .
ouderen/DS_20051011_01/653	-0.00714361012128919	-0.00707414953701	ouderen	BE	2005	uitkomst van het nachtelijke begrotingsoverleg . De regering legt de nadruk op drie soorten werknemers : jongeren , <ouderen> en ploegenarbeid . Bedrijven die jongeren ( tot 30 jaar ) aan een baan helpen , kunnen
ouderen/DS_20051012_01/714	-0.145897368809011	0.101061230425649	ouderen	BE	2005	in 2008 , in de volgende regeerperiode dus , 200 miljoen euro . De lastenverlagingen voor jongeren en <ouderen> , en voor de ploegenarbeid komt in 2008 op kruissnelheid en kost dan 960 miljoen euro .
ouderen/DS_20051027_01/33474	0.114978565937425	0.00881489012696408	ouderen	BE	2005	auto kopen . En hoe meer geld we ervoor over hebben . jongeren willen muziek , <ouderen> gps Auto BRUSSEL . BIJNA de helft van de vijftigplussers geeft meer dan
ouderen/DS_20051203_01/58780	0.0501303005055011	-0.0896204451814214	ouderen	BE	2005	beslissingen te nemen . Intussen wordt onder meer een lijst gemaakt van alle bestaande initiatieven voor werk voor <ouderen> , jongeren , allochtonen en gehandicapten . De federale minister van Werk , Peter Vanvelthoven ( SP.A
ouderen/nrc19990417/14194	-0.0504064372477661	-0.0345495080499631	ouderen	NL	1999	en die - mede dankzij hun hoge opleidingsniveau - hun bijdrage kunnen leveren aan de kosten die de groeiende groep <ouderen> met zich mee brengt . Het zijn leraren die deze nieuwe generaties opleiden . Het
ouderen/nrc19990702/4659	-0.0815854514967686	0.0423346023285718	ouderen	NL	1999	strenge landen waar het gaat om de keuringen . Door de vergrijzing is het aantal medische keuringen bij <ouderen> de afgelopen jaren sterk gestegen . Van de 88.237 bestuurders van zeventig en ouder die vorig jaar
ouderen/nrc20000211/96480	-0.0397730596959248	-0.128967778929896	ouderen	NL	2000	. Een bejaarden-bigband op maandag , discussies over de toekomst van de cr�che , de onmenselijke behandeling van <ouderen> in onze maatschappij . Het moeten maatschappijkritische producties worden , die bij uitstek in een gebouw als
ouderen/nrc20000215/40751	0.0262868096481034	-0.224325087143742	ouderen	NL	2000	BBC World , 20.30-21.00u. Heilig vuur . Discussie over de noodzaak van een verzorgingshuis voor homoseksuele <ouderen> tussen Wolf Huis , initiatiefnemer van een wooncomplex voor homoseksuelen , en tegenstander John van Zundert van het centrum
ouderen/nrc20000216/47776	0.0226531795034943	-0.0731719766371198	ouderen	NL	2000	is leeftijd , zegt Rocchi .  Beloning in Itali� is gebaseerd op anci�nniteit . De <ouderen> hebben altijd voorrang , ook al heeft een jongere meer of andere kwaliteiten . Daarom is er
ouderen/nrc20000303/72931	0.239436430970395	0.0112615460900651	ouderen	NL	2000	Symbool van het Kroatische offensief werd het dorpje Ahmici .  Moslims , vrouwen , kinderen en <ouderen> vluchtten uit hun huizen om te worden neergeschoten door soldaten die in een hinderlaag lagen . Moslims
ouderen/nrc20000311/62707	0.0224087992660732	-0.0820673206518013	ouderen	NL	2000	Maar de klanten van Het Oosten zijn niet langer alleen arbeiders , maar ook allochtonen , asielzoekers , <ouderen> en kunstenaars . En de verantwoordelijkheid van de woningcorporatie houdt niet meer op bij de voordeur .
ouderen/nrc20000330/57332	-0.132722539325407	-0.0624315274726416	ouderen	NL	2000	zich richten op 40-plussers om hen weer aan een baan te helpen . Het ministerie wil het aantal <ouderen> dat deelneemt aan het arbeidsproces vergroten . Omdat de kans voor een passende baan vanaf 40-jarige leeftijd
ouderen/nrc20000603/21543	-0.0155473315782706	0.0598579043602612	ouderen	NL	2000	gulden en voor werkenden een extra maximale heffingskorting van 1.770 gulden . Voor mensen met kinderen en alleenstaande <ouderen> zijn in bepaalde gevallen aanvullende heffingskortingen mogelijk . De heffingskortingen vormen een korting op de verschuldigde belasting
ouderen/nrc20000620/8712	0.181109498571753	-0.132309371766263	ouderen	NL	2000	zo te zien heeft hij nog niets van zijn handigheid verloren .  De naam Carrell trekt de <ouderen> naar het scherm en het moderne medium internet de jongeren  , zei hij op een persconferentie bij de
ouderen/nrc20000822/44452	-0.0795872139953767	-0.0369657663758411	ouderen	NL	2000	De kiezers zijn in overgrote meerderheid v��r wettelijk vastgelegde pati�ntenrechten , vergoeding van receptgeneesmiddelen door het Medicare ziekenfonds voor <ouderen> , krachtige milieubescherming en actie tegen het roken onder jongeren . ( Wegens de vroegere werkkring van
ouderen/nrc20000904/43544	-0.0591028070306007	0.0686105417869816	ouderen	NL	2000	Volgens de Britse krant The Times weerlegt de uitkomst van het onderzoek het vooroordeel dat tegenstanders van de euro vooral <ouderen> en politiek rechts geori�nteerde personen zouden zijn . De telecombedrijven die in Duitsland een UMTS-vergunning hebben verworven
ouderen/nrc20001009/58147	-0.00313241939251278	-0.204618155460496	ouderen	NL	2000	doen . Door de vergrijzing stijgt de behoefte aan zorg en verpleging onder daklozen . Veel <ouderen> onder hen horen thuis in een verpleeghuis , maar daar kunnen ze vaak niet terecht , aldus een woordvoerder
ouderen/nrc20010129/65438	0.0670914507478354	-0.30992007514689	ouderen	NL	2001	22.00-22.50u. Dokument : Oud zeer . Tweede deel van een drieluik over angststoornissen en depressie bij <ouderen> behandelt vanavond de ingrijpende gevolgen na het wegvallen van een partner . Alcohol speelt vaak een destructieve
ouderen/nrc20010130/35759	0.291042711652599	-0.0397631559810976	ouderen	NL	2001	de Unie van bierbrouwers en frisdrankproducenten :  Bier is een zegen voor ons land . Het houdt <ouderen> van de wodka en de jeugd van de drugs .  Bier is in Russische ogen een
ouderen/nrc20010203/91302	-0.172277348132745	-0.00562980372948816	ouderen	NL	2001	afhankelijk van de hoogte van het inkomen en vermogen extra aanvullende vrijstellingen . De gedachte hierachter is dat <ouderen> met een laag inkomen voor een deel uit de opbrengst van hun vermogen moeten leven . Deze
ouderen/nrc20010405/3824	-0.108572890450072	0.0950209059331999	ouderen	NL	2001	. Het is alleen maar slechter geworden . Er zijn veertien miljoen mensen zonder baan , <ouderen> leven van een pensioen van 150 dollar in de maand , mensen wonen in kapotte huizen die ze niet
ouderen/nrc20010522/42052	-0.107562626694131	0.183347706337902	ouderen	NL	2001	kunnen uittreden  , aldus Immerzeel . In de jaren negentig is de financi�le positie van de meeste <ouderen> verbeterd , tussen 1996 en 1998 met gemiddeld duizend gulden per jaar . Toch heeft 11 procent
ouderen/nrc20010609/75913	0.133229855872942	-0.0497740366905754	ouderen	NL	2001	en bewerkte vleeswaren zoals pat�s . Gezonde volwassenen hebben er zelden veel last van , maar kinderen , <ouderen> en mensen met een verzwakte weerstand kunnen er hersenvliesontsteking aan overhouden en zwangeren een miskraam . Dan
ouderen/nrc20010725/18807	-0.00907870557752226	0.171457854638882	ouderen	NL	2001	het bewegen . De GG&GD in Amsterdam zal eind augustus resultaten bekendmaken van onderzoek naar de gezondheid van <ouderen> van Turkse en Marokkaanse afkomst . De Nationale Ombudsman heeft de politie Haaglanden op de vingers getikt
ouderen/nrc20010822/32337	-0.0676401197486878	-0.103623889889314	ouderen	NL	2001	voor op een school in Kansas City . Hij verzekerde dat er geld genoeg overblijft voor gezondheidszorg voor <ouderen> , scholen en defensie . Mits de Democraten het maar niet uitgeven aan hun hobbys .
ouderen/nrc20010918/18661	-0.0983259313431646	-0.112312359567928	ouderen	NL	2001	de verkiezingen in mei 2002 met een standpunt komt over de toekomst van de WAO . Om meer <ouderen> aan het werk te houden , krijgen werkgevers de mogelijkheid om aan deze groep belastingvrije bonussen toe te kennen
ouderen/nrc20011208/70038	-0.214789654650391	0.0137459060201081	ouderen	NL	2001	tot 70 procent van het laatst verdiende salaris ; de gedachte is dat door de lagere belastingen en premies voor <ouderen> , het netto besteedbaar inkomen na het pensioen ongeveer gelijk blijft . Maar bijvoorbeeld echtscheiding , verandering
ouderen/nrc20011220/20277	0.0255609378329375	-0.14263092007687	ouderen	NL	2001	enthousiaste aanhangers van de euro behoorden , rezen bij het ministerie zorgen over bepaalde groepen in de samenleving , vooral <ouderen> en gepensioneerden . De solidariteit van de rest van de wereld met de Verenigde Staten is ongebroken
ouderen/nrc20020111/8973	0.196114074082677	-0.107676126690087	ouderen	NL	2002	 Het ging mij bij het schrijven van het boek in hoofdzaak om het verleden , om bij de <ouderen> herinneringen op te halen en bij de jongeren belangstelling te wekken voor hetgeen vroegere generaties gedaan hebben voor het
ouderen/nrc20020123/34525	0.0417035154705962	-0.0468745572757552	ouderen	NL	2002	voorkomen dat de concurrentiepositie verder verslechtert moeten meer mensen aan het werk , stelt de OESO . Vooral <ouderen> , vrouwen en uitkeringsgerechtigden zouden zich op de arbeidsmarkt moeten begeven . Ook moeten werknemers langer dan
ouderen/nrc20020204/14529	0.116911520658276	-0.237442330712881	ouderen	NL	2002	huishoudtechnologie Terpstra die vooral op de techniek let . Ned.3 , 20.05-20.35u. RVU Themamaand : Aan <ouderen> geen gebrek . Aandacht voor de relatie tussen jong en oud en taboes en vooroordelen over de
ouderen/nrc20020219/41422	-0.231445671162792	0.129948073605637	ouderen	NL	2002	het moederconcern en zijn indexatie voor 2002 officieel nog moet vaststellen , hield vorig jaar al rekening met prijsstijgingen voor <ouderen> en gaf toen 0,2 procentpunt extra toeslag wegens inflatie .  Het plan van het CBS lijkt
ouderen/nrc20020225/9502	0.17490712440373	-0.0756698890596072	ouderen	NL	2002	schrijver Gerben Hellinga , die als lijstduwer voor Amsterdam Anders optreedt . Ned.3 , 22.27-22.55u. Aan <ouderen> geen gebrek : Babys tekort . Deense documentaire over vrouwen die er vaker voor kiezen geen kinderen
ouderen/nrc20020426/31525	-0.0446351942785645	0.193622050707521	ouderen	NL	2002	oogarts . Dat neemt dan weer een aantal weken of zelfs maanden in beslag . Veel <ouderen> rijden in de periode van het wachten zonder geldig rijbewijs . De de hele procedure kan aardig
ouderen/nrc20020501/9775	0.00723147114416178	-0.115492287944152	ouderen	NL	2002	Voor een goed functionerende arbeidsmarkt is ook een activerend arbeidsmarktbeleid noodzakelijk , gericht op maximale inschakeling van uitkeringsgerechtigden , <ouderen> , allochtonen en vrouwen . Voor een welvarende toekomst van Nederland is deze toename van de arbeidsparticipatie
ouderen/nrc20020506/6588	-0.0166679986107289	-0.0314955530639336	ouderen	NL	2002	combineren . Kostwinnersfaciliteiten dienen te worden vervangen door faciliteiten voor ouders van jonge kinderen . Evenals <ouderen> met een goed pensioen gaan tweeverdieners zonder kinderen meer betalen aan de kosten van de vergrijzing .
ouderen/nrc20020518/39977	0.176051386125602	0.121595746944784	ouderen	NL	2002	22.43-23.30u. Vergeten . Herhaling uit 1994 van een in 1990 begonnen onderzoek in Amsterdam onder 4.000 <ouderen> naar eventuele sporen van dementie en de ziekte van Alzheimer . Ireen van Ditshuyzen volgde vier jaar
ouderen/nrc20020624/25279	0.182616351706159	-0.0365206097159884	ouderen	NL	2002	is van verpleegkundige Lucy de B. , die door het openbaar ministerie wordt verdacht van moord op dertien pati�nten - <ouderen> en babys - in ziekenhuizen in Den Haag . De rechter had , toen hij ziek werd
ouderen/nrc20020704/16005	-0.00788972457216906	-0.120684109344195	ouderen	NL	2002	het kabinet de essentie te zijn van het sociaal-economisch beleid . Dat biedt bescherming �n perspectief : voor <ouderen> die nog door willen werken , voor mensen die arbeid en zorg willen combineren , voor mensen die vastzitten
ouderen/nrc20020831/140127	0.079564960539804	-0.107198596696413	ouderen	NL	2002	zijn notitie over normen en waarden het herstel van respect voor de politie , de onderwijzer , de huisarts , <ouderen> . Typisch een kwestie waar de fuck you-roepende mondige burger het ` keihard  mee eens zal
ouderen/nrc20020920/38737	-0.0710353009083655	-0.0197828946361194	ouderen	NL	2002	aanbod van vrouwen op de arbeidsmarkt en dat dient op termijn de economische groei . Bovendien zouden juist <ouderen> normen en waarden goed kunnen overdragen aan kinderen . Phoa laat via zijn woordvoerder weten dat hij
ouderen/nrc20030502/46461	-0.211966476213413	-0.162796024225461	ouderen	NL	2003	waren al aangekondigd in het regeerakkoord van het kabinet Balkenende I. Met deze maatregelen wil het kabinet de arbeidsdeelname van <ouderen> bevorderen . Deze voorstellen zijn nu ingediend om een invoering per 2004 mogelijk te maken .
ouderen/nrc20030523/68103	0.218460881463279	-0.12725724327713	ouderen	NL	2003	open voor alle lezers . Iedereen was welkom met fotos , teksten en plannen , zonder betutteling van <ouderen> .  Mensen , dit is een unieke krant . Er gaat iets gebeuren .
ouderen/nrc20030701/41056	-0.167878015387268	-0.232100102454979	ouderen	NL	2003	van prepensioen ( nu bij 62 jaar ) vergt zorgvuldige overgangsregelingen , mogelijkheden tot deeltijdpensioen , minder belastende functies voor <ouderen> en differentiatie . Maar de arbeidsparticipatie van ouderen moet hoe dan ook blijvend omhoog met het oog
ouderen/nrc20030806/17179	-0.0622354938193997	-0.212953477424777	ouderen	NL	2003	volgens beide hoogleraren . Ook middenloonpensioen , demotie , deeltijdwerk , deeltijdpensioen en scholing moeten gemeengoed worden onder <ouderen> . Loopbanen moeten flexibeler worden ingericht , zodat mensen hun werk langer volhouden . De
ouderen/nrc20030806/20081	-0.0319926946358337	0.0768193070471401	ouderen	NL	2003	` leuke dingen  te gaan doen , is ingegeven door de VUT-regeling die eind jaren zeventig werd ingesteld om <ouderen> plaats te laten maken voor werkloze jongeren . De regeling leidde tot een cultuuromslag : eerder stoppen
ouderen/nrc20030811/35413	-0.0762898484090967	-0.100500093369027	ouderen	NL	2003	De uitgever heeft geen publicatierecht De uitgever heeft geen publicatierecht Pleidooien voor een hogere arbeidsdeelname van <ouderen> hebben in een tijd van snel oplopende werkloosheid iets paradoxaals . Niet voor niets stamt een regeling
ouderen/nrc20030920/16372	0.0418091307816994	-0.232716964133794	ouderen	NL	2003	hitte-doden bij te wonen . Vlak daarvoor had de gebronsde president het gebrek aan solidariteit met de bezweken <ouderen> gehekeld . De belofte van aandacht voor juist de gewone man lijken regering en staatshoofd te zijn
ouderen/nrc20031113/13941	-0.158766452000373	-0.182735735407615	ouderen	NL	2003	De Geus de kwestie opnieuw bespreken in het kabinet . Het kabinetsplan komt voort uit de doelstelling om <ouderen> langer aan het werk te houden . Van de 55-plussers werkt nog circa eenderde .
ouderen/nrc20031114/45862	-0.137865993801516	-0.113234256633166	ouderen	NL	2003	De coalitiepartijen hebben samen met ChristenUnie een tegenvoorstel dat juist voorziet in positieve prikkels : bedrijven met veel <ouderen> in dienst zouden minder WW-premie moeten betalen , iets dat gecompenseerd moet worden met een hogere premie voor bedrijven
ouderen/nrc20031125/19894	-0.0891796995805634	-0.0319987639731501	ouderen	NL	2003	Nu stimuleert de steun van het pensioenfonds aan sociale plannen en premiekortingen voor werkgever en werknemers de eigen organisatie van <ouderen> . Het leermoment van de middag is het college mores en sores van pensioenen van penningmeester Henny
ouderen/nrc20031126/28571	-0.127350986367493	0.0376355979863294	ouderen	NL	2003	is geen recht , maar is wel de ambitie van de meeste grote pensioenregelingen . Naarmate het aantal <ouderen> stijgt wordt de verhoging steeds duurder . Dit jaar is de volledige koppeling tussen pensioen en prijsstijgingen
ouderen/nrc20031220/106229	0.0135499929410616	-0.0523218241841812	ouderen	NL	2003	Een middag vol tegenspraken in het Amsterdamse Vakbondsmuseum , waar met mensen uit de praktijk mogelijkheden werden doorgenomen om <ouderen> in het zuidelijke deel van de provincie Noord-Holland aan de slag te krijgen . Enig jargon van
ouderen/nrc20031229/37760	-0.0933447121916973	0.0805023469086415	ouderen	NL	2003	omhelzen . Wat een merkwaardige gedachte over de kosten van oudere werknemers in het artikel : ` Onder <ouderen>  ( Opinie &Debat , 20 december ) . Helaas , de mythe van die dure oudere
senioren/DS_19990331_01/56174	-0.097824160823436	-0.0289558483477438	senioren	BE	1999	. Op het einde van de cursus krijgen de deelnemers een getuigschrift . E�n verzekeraar geeft <senioren> met een attest alvast vermindering . De senioren zelf zien het vooral als een houvast .
senioren/DS_19990920_01/31515	-0.104315220113449	0.0715432277774994	senioren	BE	1999	met 1.000 frank BREDENE -- De federale regering zal vanaf juli 2000 het pensioen van 450.000 <senioren> met gemiddeld duizend frank per maand verhogen . De maatregel geldt zowel voor de 188.496 werknemers ,
senioren/DS_19991105_01/73447	-0.0408119385181438	0.112574396052536	senioren	BE	1999	intussen alle stilgevallen . In het decreet op de thuiszorg van maart 1999 wordt de tijdelijke opvang van <senioren> immers toegewezen aan rusthuizen . Projecten rond gastgezinnen kregen geen steun meer . Meest bekend
senioren/DS_20000107_01/34431	0.121776763889434	-0.0247552079238234	senioren	BE	2000	en ambtenaren , door ondernemers en werknemers , door leerkrachten en wetenschappers , door mannen , vrouwen , jongeren en <senioren> , door ons allemaal zonder uitzondering . Ons land moet opnieuw bekend worden als een land dat
senioren/DS_20000419_01/33719	-0.042159479763462	0.153938831202974	senioren	BE	2000	voor ouderen  ( IGO ) voor . Na een debat in het parlement en overleg met de <senioren> , hoopt hij dat het nieuwe systeem vanaf 1 januari 2001 kan van start gaan . De
senioren/DS_20000513_01/25110	0.358740091576649	0.413765298941116	senioren	BE	2000	PALMARES Medailles EK junioren 1990 : brons 100 m schoolslag , brons 200 m rugslag WK <senioren> 1994 Rome : brons 100 m schoolslag EK senioren 1995 Wenen : goud 100 m schoolslag ,
senioren/DS_20000513_01/25121	0.292476076732733	0.407749957811387	senioren	BE	2000	schoolslag , brons 200 m rugslag WK senioren 1994 Rome : brons 100 m schoolslag EK <senioren> 1995 Wenen : goud 100 m schoolslag , brons 200 m schoolslag Olympische Spelen 1996 Atlanta :
senioren/DS_20000825_01/50220	0.0513598546132535	-0.00832558626375485	senioren	BE	2000	initiatieven genomen om milieuvriendelijker vervoer te promoten . Gratis trein voor ambtenaren , gratis bus voor kinderen , <senioren> of studenten . Ook diverse steden en gemeenten stimuleren gebruik van openbaar vervoer , fiets of wandelschoenen
senioren/DS_20010505_01/47969	0.0581181613995374	0.013961947792746	senioren	BE	2001	de dienstencheques . Voor arbeidsintensieve diensten - - schoonmaak aan huis , oppas voor kinderen , zieken , <senioren> of gehandicapten - - komt de overheid tussen via cheques van 250 frank per uur geleverd werk .
senioren/DS_20010505_01/58898	-0.0487743047574747	0.0413126118750285	senioren	BE	2001	van 9 tot 18 uur . Toegangskaarten kosten 41 DM ( 846 frank ) , voor kinderen en <senioren> gelden reducties . Groepen kunnen eveneens kortingen krijgen . Informatie : 089-86.91.00 , fax :
senioren/DS_20010519_01/29219	-0.030155764136492	0.0798743185625945	senioren	BE	2001	open van 9 tot 18 uur tot 31 oktober . Toegangskaarten kosten 36 DM , voor kinderen en <senioren> gelden reducties . (School)groepen kunnen kortingen krijgen . Zij kunnen bellen naar : 089-86.91.00 ,
senioren/DS_20011204_01/37964	-0.0957964814842617	0.167261658212251	senioren	BE	2001	van honderd frank voor een heen- en terugreis , hun effect . Van januari tot september legden de <senioren> met zon voordeeltarief 1,5 miljoen heen- en terugreizen af . De NMBS geeft zelf toe dat er
senioren/DS_20020309_01/40442	0.163827821303919	-0.038497680292018	senioren	BE	2002	Bart Massart de handelwijze van de curator .  Het is onaanvaardbaar dat hij zonder samenspraak met de <senioren> , hun familie en andere rusthuizen deze mensen op straat zet . Die slechte financi�le toestand komt
senioren/DS_20020410_01/51150	0.0517292701525071	0.139910299413116	senioren	BE	2002	Kinderen en jongeren zijn in 25 procent van de gevallen het slachtoffer . Een andere risicogroep zijn de <senioren> , die in 34 procent van de ongevallen met voetgangers betrokken zijn . Weduwe Van der Biest
senioren/DS_20020615_01/6097	0.00354198212549475	0.0646951388763748	senioren	BE	2002	31 augustus van 10 tot 20 uur . Toegang : 5 euro , halve prijs voor kinderen of <senioren> . Info : 050-63.04.30 . Verloren verleden in Ieper . Van Ieper bleef
senioren/DS_20021002_01/39448	0.149443917102471	0.192180871086776	senioren	BE	2002	vergrijzing , zegt Mieke Vogels . Pensioenen en zorgkosten die de pan uitswingen , wachtlijsten in rusthuizen , <senioren> die tijdens de spits hun gratis zitje op de bus claimen .  Het beeld is eenzijdig
senioren/DS_20021108_01/63584	0.0131636234018171	0.0436743423753744	senioren	BE	2002	is begrepen in de normale toegangsprijs : volwassenen 8,5 euro ; kinderen van 3 tot 11 jaar 6 euro ; <senioren> en personen met een handicap 7,5 euro . Groepen vanaf 15 personen of scholen krijgen reductie .
senioren/DS_20021121_01/14593	-0.145121360226538	0.17399619940694	senioren	BE	2002	een stijging met 3 procent in vergelijking met dezelfde periode een jaar eerder . In 2001 waren de <senioren> goed voor 28 miljoen gratis zitjes , ruim tien procent van het totaal aantal passagiers dat jaar .
senioren/DS_20030129_01/63350	0.0470325164902842	-0.0399330043546981	senioren	BE	2003	in opvolging van Hilde Cops-Visser . Gennez wordt bevoegd voor sociale zaken , gelijke kansen , feestelijkheden , <senioren> , andersvaliden , gezin , kerkhoven , kerkfabrieken , markten en foren . Gennez is voorzitster van
senioren/DS_20030313_01/25512	0.0594169281528692	-0.108001689746962	senioren	BE	2003	Hier bieden buurtwoningen ongetwijfeld soelaas . Dat zijn huizen die aangepast zijn aan de dagopvang van <senioren> met beheersbare handicaps . Het voordeel van deze formule is dat de bejaarde in zijn leefomgeving blijft
senioren/DS_20030319_01/7905	0.0864721901533128	-0.0446184006806126	senioren	BE	2003	ervaring .  Lanshuyzen praatte met acht groepen : lager opgeleiden , allochtonen , gezinnen met kinderen , <senioren> , leerlingen van de basisschool en het secundair onderwijs , studenten en toeristen . Er doken verrassende
senioren/DS_20030722_01/29963	-0.08675492946729	0.0984372939130561	senioren	BE	2003	dat verband is het toenemende aantal zorgdiensten aan huis . De wereldwijde markt van restauratie en diensten aan <senioren> wordt vandaag al op zon 22,5 miljard euro per jaar geschat . Een sector die nog enkel
senioren/DS_20031025_01/43583	0.0128783051750497	-0.0809165003504505	senioren	BE	2003	 Er komen vier nieuwsbrieven voor specifieke doelgroepen : het onderwijzend personeel , ondernemers en vrije beroepen , <senioren> en bewoners van sociale woningen . Allemaal doelgroepen waarmee we ons publiek kunnen uitbreiden .
senioren/DS_20031127_01/48091	-5.31848221174688e-4	-0.006482080827221	senioren	BE	2003	erbij , want studies tonen aan dat er bij die groep senioren zeventien procent minder ziekte optreedt dan bij andere <senioren> . Uit zulke initiatieven moeten we inspiratie halen . Vereenzaming manifesteert zich het sterkst bij
senioren/DS_20031128_01/54472	-0.0843634684859557	0.132281133077968	senioren	BE	2003	langs het Internet , tegen ongeveer 5 procent einde vorig jaar en ��n procent in 2001 . De <senioren> zijn dus de snelst groeiende groep op het Internet , en daarom kunnen de banken er maar beter belangstelling
senioren/DS_20040108_01/38671	0.236220894666907	-0.0461784679260813	senioren	BE	2004	en zijn kleine afmeting is het bad bijzonder geschikt voor lessen aan kleuters , leerlingen van basisschool , en voor <senioren> . De scholen en de verenigingen die komen zwemmen , zijn van de sluiting op de hoogte
senioren/DS_20040317_01/32246	0.13820628171375	0.285495274568496	senioren	BE	2004	. De stedelijke jeugddienst en het seniorencentrum Top Hat houden op donderdag 8 april een workshop graffiti voor <senioren> . De workshop graffiti moet een brug slaan tussen de generaties . Want behalve twintig
senioren/DS_20040508_01/118866	0.0389161931217948	-0.1199635216525	senioren	BE	2004	Enqu�tes bij Antwerpse 50-plussers . Organiseert volgende week een olympische actie voor <senioren> Optimist en harde werker met veel aandacht voor lokale dossiers
senioren/DS_20040612_01/33557	0.0929190593271504	0.349235272722448	senioren	BE	2004	Rimpelrock in Kruidtuin In navolging van Hasselt , organiseert ook Mechelen deze zomer Rimpelrock of concerten voor <senioren> . Op donderdagen 8 juli en 12 augustus treden respectievelijk Bobby Setter en de Elvis-imitator John Reels
senioren/DS_20040616_01/19798	0.0929190593271504	0.349235272722448	senioren	BE	2004	Rimpelrock in Kruidtuin In navolging van Hasselt , organiseert ook Mechelen deze zomer Rimpelrock of concerten voor <senioren> . Op donderdagen 8 juli en 12 augustus treden respectievelijk Bobby Setter en de Elvis-imitator John Reels
senioren/DS_20040911_01/90179	-0.0303319203995739	-0.144357096572975	senioren	BE	2004	aangenomen door taximaatschappijen die niet deelnemen aan de actie .  <senioren> geven cheque aan hun kleinkinderen door  systeem taxicheques onbemiddelde senioren ( bcz
senioren/DS_20041030_01/126648	0.212495279019776	-0.019882741507247	senioren	BE	2004	door de reeks op maandag te programmeren .  Tieners en twintigers kun je met een programma over <senioren> niet boeien . Op zaterdag is het niet zon probleem om de generaties te overbruggen , de
senioren/DS_20041218_01/93828	0.250708336289993	0.101963371040731	senioren	BE	2004	; 11.30 junioren ; 12.00 10 kilometer Gaston Roelants ; 14.15 korte cross mannen ; 14.30 senioren vrouwen ; 15.00 <senioren> mannen . OP TV : Canvas/Sporza zendt zondag om 14.30 uur de cross voor de vrouwen rechtstreeks
senioren/DS_20050405_01/33568	0.0452504560942353	0.0991310164438341	senioren	BE	2005	059-70.59.59 , elke dag open van 10 tot 18 uur . Toegang 10,50 euro , 9 euro voor <senioren> , gehandicapten en studenten en 8,50 euro voor kinderen jonger dan 12 jaar . Voor groepen en
senioren/DS_20050513_01/26165	0.0350865495060643	0.174581706720352	senioren	BE	2005	maakt , is Borgloon . Het Limburgse provinciebestuur organiseert al sinds 1998 de opfrissingscursus verkeer en wegcode voor <senioren>  . De cursus wordt jaarlijks in een twintigtal Limburgse gemeenten ingericht . Maar ook
senioren/DS_20050517_01/20532	0.0658854210038484	0.0937095061285689	senioren	BE	2005	02-736.41.65 Elke dag open van 10 tot 18 uur Volwassenen betalen 6 euro , studenten en <senioren> 4,70 euro , kinderen 3 euro www.autoworld.be emdp gga SEPARATOR
senioren/DS_20050518_01/28050	0.0658854210038484	0.0937095061285689	senioren	BE	2005	02-736.41.65 Elke dag open van 10 tot 18 uur Volwassenen betalen 6 euro , studenten en <senioren> 4,70 euro , kinderen 3 euro www.autoworld.be eab gga SEPARATOR B-H-V :
senioren/DS_20050618_01/7257	0.0564818506481257	0.0209232074402291	senioren	BE	2005	gezinnen ( gratis eigen kamer of halfpension voor de kinderen ) , eenoudergezinnen ( kind gratis in halfpension ) , <senioren> ( korting voor de partner ) en singles ( kamer zonder supplement ) zijn er promoties .
senioren/DS_20050810_01/29435	0.117051382795631	0.0249402676141752	senioren	BE	2005	kunst Volk : Gespreid over 7 dagen 60.000 mensen van alle leeftijden , ook kinderen en <senioren> , hoofdzakelijk uit Oostende en omstreken . De toegang is gratis .
senioren/DS_20050824_01/7352	-0.08675492946729	0.0984372939130561	senioren	BE	2005	verband is alvast het toenemende aantal zorgdiensten aan huis . De wereldwijde markt van restauratie en diensten aan <senioren> wordt vandaag al op zon 22,5 miljard euro per jaar geschat . Een sector die nog enkel
senioren/DS_20050920_01/4297	0.0572386418612358	-0.0173517603599437	senioren	BE	2005	jaar al meermaals overschreden . Het stof veroorzaakt longaandoeningen en hart- en vaatziekten . Kinderen en <senioren> zijn de grootste slachtoffers .  Groei ! De partij Spirit is vorig jaar 471
senioren/DS_20051020_01/22585	0.127936011739272	-0.188485553261014	senioren	BE	2005	De Koning Boudewijnstichting ( KBS ) ziet een digitale kloof ontstaan tussen de generaties . De zelfredzaamheid van <senioren> komt in het gedrang en daar wil de stichting iets aan doen . Ze hield gisteren een
senioren/DS_20051103_01/13435	0.0641216076409496	-0.240723384625233	senioren	BE	2005	voor Heistse senioren HEIST-OP-DEN-BERG Eerste verkeersgetuigschriften voor senioren Heist-op-den-Berg . De bijscholing verkeer voor <senioren> omvat uitleg over ritsen en verkeersdrukte . De senioren volgen de lessen naar aanleiding van Mobi+ ,
senioren/DS_20051103_01/13446	0.0733377454927487	-0.167992315589858	senioren	BE	2005	Heist-op-den-Berg . De bijscholing verkeer voor senioren omvat uitleg over ritsen en verkeersdrukte . De <senioren> volgen de lessen naar aanleiding van Mobi+ , een project van de Vlaamse Stichting Verkeerskunde ( VSV ) ,
senioren/DS_20051104_01/83015	0.0931125731622789	0.150370861400362	senioren	BE	2005	beurs voor actieve vijftigplussers . Meer dan 2.000 vijftigplussers vulden de enqu�te in . De meeste <senioren> hebben tot 70 jaar gemiddeld ��n keer per week seks . Negen op de tien ondervraagde personen
senioren/DS_20051110_01/88139	0.0842898706824637	-0.0532734546304099	senioren	BE	2005	beter te maken . In de nota heeft de VRT-top drie specifieke doelgroepen ( kinderen , jongeren en <senioren> ) en vijf thematische domeinen ( nieuws en informatie , sport , cultuur , kennis en wetenschap en de
senioren/nrc20000525/35172	-0.0655890575231198	-0.164108425845604	senioren	NL	2000	aanpak . Johan Strik , vice-voorzitter van de raad van bestuur van de corporatie :  Vroeger moesten <senioren> van loket naar loket . Wij streven ernaar dat mensen ons straks bellen , hun woon- �n
senioren/nrc20000819/9606	0.0502168561177097	0.132665933817095	senioren	NL	2000	in zogeheten woonzorgcomplexen bouwen . Ook willen de corporaties de komende twee jaar 120.000 woningen geschikt maken voor <senioren> . Deze huizen zijn bestemd voor mensen die nog geen of slechts in lichte mate hulp nodig
senioren/nrc20000824/20177	0.242501223764143	0.0636549764541362	senioren	NL	2000	al , in Albuquerque , wonnen Bep Vriend-Carla Arnolds het WK paren bij de vrouwen . Het WK <senioren> was bij die gelegenheid een prooi voor een Oostenrijks-Israelisch-Nederlandse combinatie met onder anderen Bob en Cees Kaiser .
senioren/nrc20020823/53966	-0.0911233946050398	0.304079047357251	senioren	NL	2002	. De 21-jarige rijdster uit de opleidingsploeg langebaan nam dat besluit al na haar eerste seizoen bij de <senioren> . Als junior veroverde Ankon� tweemaal ( 2000 en 2001 ) de wereldtitel . 
senioren/nrc20020826/46684	0.113542225025461	0.169051410227697	senioren	NL	2002	op de nieuwe accommodatie in het enige Groninger fierljepdorp . De organisatie besloot de wedstrijden voor dames , <senioren> ( vanaf 20 jaar ) , junioren ( van 15 tot 20 ) en jongens ( 12- 15 jaar
senioren/nrc20031229/44454	0.264381161462218	0.0722924903147841	senioren	NL	2003	In bijgaand overzicht zijn , tenzij anders vermeld , van alle sporten de wedstrijden en toernooien voor <senioren> ( mannen en vrouwen ) opgenomen . Alle genoemde plaatsen en data zijn onder voorbe-
