id	model.x	model.y	lemma	pos	genre	broadGenre	marisense	mbroad	mari3	mari2	sensekey	wnsense	wnbroad	wn3	wn2	text	newPos	newBroadGenre	cues	cuesWithWeight	meanWeight	weightedCuesRatio	weightedCW	wf
church/NN/br-a01/2073	-0.0168675397804887	0.432455527884466	church	NN	press_reportage	press	E	E	DE	CDE	church%1:04:00::	E	E	DE	CDE	 said.`` Being at the polls was just like being at <font color=green>church</font> . I did n't smell a drop of liquor, and we	NN	informative	1	0	2.63	0	1	church
church/NN/br-a07/1303	0.0487953490324956	-0.385779689019011	church	NN	press_reportage	press	A	A	AB	AB	Z	Z	Z	Z	Z	 Africa, the Middle East and Latin America. Interviews with several <font color=green>church</font>  leaders have disclosed that this development has raised the question	NN	informative	3	0	2.93	0	1	church
church/NN/br-a07/1325	0.290684344788578	-0.169182634265848	church	NN	press_reportage	press	A	A	AB	AB	Z	Z	Z	Z	Z	 the Peace Corps will be able to prevent confusion for <font color=green>church</font>  and state over methods, means and goals. There are a	NN	informative	4	1	2.58	0.25	1	church
church/NN/br-a07/1487	0.250596800127635	0.373401258349116	church	NN	press_reportage	press	A	A	AB	AB	Z	Z	Z	Z	Z	 projects and still preserve the constitutional requirement on separation of <font color=green>church</font>  and state? R. Sargent Shriver Jr., director of the corps	NN	informative	4	0	2.63	0	1	church
church/NN/br-a10/1769	-0.0814409524661977	0.364110879138682	church	NN	press_reportage	press	A	A	AB	AB	Z	Z	Z	Z	Z	 more than 100 million have no vital touch with the <font color=green>church</font>  or religious life'', he told delegates Friday. Talking of the	NN	informative	3	0	2.8	0	1	church
church/NN/br-a10/1940	0.290684344788578	-0.169182634265848	church	NN	press_reportage	press	A	A	AB	AB	Z	Z	Z	Z	Z	 this would necessitate some changes in methods, he said.`` The <font color=green>church</font>  's ability to change her methods is going to determine	NN	informative	1	0	2.58	0	2	church
church/NN/br-a16/453	-0.199335271253708	0.0862041462518452	church	NN	press_reportage	press	D	D	DE	CDE	Z	Z	Z	Z	Z	 a small one at noon tomorrow in St. Bernadine 's <font color=green>church</font> , Forest Park. A small reception will follow in the Oak	NN	informative	4	2	2.9	0.5	2	church
church/NN/br-a17/1636	-0.15204382057885	0.196248040906747	church	NN	press_reportage	press	D	D	DE	CDE	Z	Z	Z	Z	Z	 Gay, who were married Saturday at the Munger Place Methodist <font color=green>Church</font> . Parents of the bride are Mr. and Mrs. Ferris M.	NNP	informative	4	2	2.65	0.5	2	Church
church/NN/br-a17/1770	-0.200451616949297	0.37324405888666	church	NN	press_reportage	press	D	D	DE	CDE	Z	Z	Z	Z	Z	 College of Technology, in the chapel of the First Presbyterian <font color=green>Church</font>  of Houston. The bride, daughter of Rhodes Semmes Baker Jr.	NNP	informative	2	0	2.76	0	1	Church
church/NN/br-a17/2228	-0.0387169392982892	0.00589371308026494	church	NN	press_reportage	press	D	D	DE	CDE	Z	Z	Z	Z	Z	 Burgher Jr. seated guests. A reception was held at the <font color=green>church</font> . The First Christian Church of Pampa was the setting for	NN	informative	5	2	3.26	0.4	5	church
church/NN/br-a17/2233	-0.0305302370749588	-0.0153310625901142	church	NN	press_reportage	press	D	D	DE	CDE	Z	Z	Z	Z	Z	 A reception was held at the church. The First Christian <font color=green>Church</font>  of Pampa was the setting for the wedding last Sunday	NNP	informative	4	0	3.47	0	3	Church
church/NN/br-a21/677	0.0255560906012913	-0.155910848677055	church	NN	press_reportage	press	D	D	DE	CDE	Z	Z	Z	Z	Z	 for 10 a. m. tomorrow in St. Anne 's Catholic <font color=green>Church</font> , 31978 Mound, in Warren. The mother and daughter, who will	NNP	informative	4	0	3.54	0	2	Church
church/NN/br-a22/1206	-0.280217295809751	0.323451116733338	church	NN	press_reportage	press	B	B	AB	AB	Z	Z	Z	Z	Z	 World War 1,. He was a member of the Baptist <font color=green>church</font> . Survivors include two brothers, C. E. Killingsworth, Atlanta, and John	NN	informative	2	0	2.96	0	1	church
church/NN/br-a22/1283	-0.254900901245013	0.161173038719178	church	NN	press_reportage	press	C	C	C	CDE	Z	Z	Z	Z	Z	 painter. He was a member of the Oakland City Methodist <font color=green>Church</font>  and a native of Atlanta. Funeral services will be at	NNP	informative	2	0	3.08	0	2	Church
church/NN/br-a22/307	-0.0587585979203949	-0.0407402007568477	church	NN	press_reportage	press	B	B	AB	AB	Z	Z	Z	Z	Z	 challenged by the state. Emory is affiliated with the Methodist <font color=green>Church</font> . Some church leaders, both clerical and lay, have criticized the	NNP	informative	4	0	3.46	0	1	Church
church/NN/br-a22/310	-0.041391149534591	-0.0433694303946227	church	NN	press_reportage	press	A	A	AB	AB	Z	Z	Z	Z	Z	 the state. Emory is affiliated with the Methodist Church. Some <font color=green>church</font>  leaders, both clerical and lay, have criticized the university for	NN	informative	5	0	3.1	0	2	church
church/NN/br-a31/1395	-0.225716348208045	0.216165153057252	church	NN	press_reportage	press	D	D	DE	CDE	Z	Z	Z	Z	Z	 from 4 to 8 p. m. Sunday at First Presbyterian <font color=green>Church</font> . At that time the second half of the Christian Youth	NNP	informative	5	0	2.97	0	1	Church
church/NN/br-a31/1842	0.0934039016666433	-0.317188631970729	church	NN	press_reportage	press	D	D	DE	CDE	Z	Z	Z	Z	Z	 planned for 10: 50 a. m. Sunday at First Christian <font color=green>Church</font> . It will be the second time the assistant manager of	NNP	informative	3	0	3.95	0	1	Church
church/NN/br-a31/2087	-0.225716348208045	0.216165153057252	church	NN	press_reportage	press	D	D	DE	CDE	Z	Z	Z	Z	Z	 Family'' at 7: 30 p. m. Sunday at Christ Lutheran <font color=green>Church</font> . Mr. and Mrs. George Treadwell will be honored at a	NNP	informative	3	0	2.97	0	1	Church
church/NN/br-a31/2112	-0.0684559393145041	0.00936264703757063	church	NN	press_reportage	press	D	D	DE	CDE	Z	Z	Z	Z	Z	 and program at 6 p. m. Sunday at Trinity Methodist <font color=green>Church</font> . He is the sexton of the church. A family worship	NNP	informative	3	0	3.22	0	2	Church
church/NN/br-a31/2120	-0.0237698881315662	-0.0524089939830566	church	NN	press_reportage	press	D	D	DE	CDE	Z	Z	Z	Z	Z	 at Trinity Methodist Church. He is the sexton of the <font color=green>church</font> . A family worship service will follow the program at 7	NN	informative	4	0	3.52	0	2	church
church/NN/br-a31/2212	-0.335819176685274	-0.219371391202185	church	NN	press_reportage	press	C	C	C	CDE	Z	Z	Z	Z	Z	 participate. To start the week of special programs at the <font color=green>church</font> , the Rev. John D. Henderson will preach on`` A Successful	NN	informative	4	1	2.87	0.25	1	church
church/NN/br-a31/2280	-0.147517115761274	0.123513289952287	church	NN	press_reportage	press	C	C	C	CDE	Z	Z	Z	Z	Z	 held at 6: 15 p. m. Monday and the annual <font color=green>church</font>  picnic at 4 p. m. next Saturday. The week will	NN	informative	3	2	2.83	0.67	4	church
church/NN/br-b08/1866	-0.056808026590311	-0.0564858906116063	church	NN	press_editorial	press	D	D	DE	CDE	Z	Z	Z	Z	Z	 wrote after almost a decade of service to this majestic <font color=green>church</font> .`` Such a church needs vigor and vitality in its rector	NN	informative	2	0	3.48	0	2	church
church/NN/br-b08/1871	-0.056808026590311	-0.0564858906116063	church	NN	press_editorial	press	C	C	C	CDE	Z	Z	Z	Z	Z	 a decade of service to this majestic church.`` Such a <font color=green>church</font>  needs vigor and vitality in its rector and one man	NN	informative	4	1	3.48	0.25	2	church
church/NN/br-b12/2009	-0.164961525519556	-0.29512521518018	church	NN	press_editorial	press	A	A	AB	AB	Z	Z	Z	Z	Z	 new version retains, however, the old phrase`` angel of the <font color=green>church</font> '' which Biblical scholars have previously interpreted as meaning bishop. This	NN	informative	4	2	2.6	0.5	2	church
church/NN/br-b12/2115	-0.20946680710998	-0.19169573120796	church	NN	press_editorial	press	A	A	AB	AB	Z	Z	Z	Z	Z	 and Greek and other ancient writings, some by the early <font color=green>church</font>  fathers, in themselves called for a restudy of the Bible	NN	informative	5	0	2.88	0	2	church
church/NN/br-b12/2217	-0.0275358826581326	-0.0409504590604996	church	NN	press_editorial	press	B	B	AB	AB	Z	Z	Z	Z	Z	 of a joint committee made up of representatives of the <font color=green>Church</font>  of England, Church of Scotland, Methodist Church, Congregational Union, Baptist	NNP	informative	6	1	3.2	0.17	2	Church
church/NN/br-b12/2226	-0.002322843516803	-0.0370196521820028	church	NN	press_editorial	press	B	B	AB	AB	Z	Z	Z	Z	Z	 representatives of the Church of England, Church of Scotland, Methodist <font color=green>Church</font> , Congregational Union, Baptist Union, Presbyterian Church of England, Churches in	NNP	informative	7	2	3.36	0.29	4	Church
church/NN/br-b12/2235	0.0242552530997882	-0.0294688406298738	church	NN	press_editorial	press	B	B	AB	AB	Z	Z	Z	Z	Z	 Church of Scotland, Methodist Church, Congregational Union, Baptist Union, Presbyterian <font color=green>Church</font>  of England, Churches in Wales, Churches in Ireland, Society of	NNP	informative	9	3	3	0.33	5	Church
church/NN/br-b15/1190	-0.34608364509505	0.124498693964439	church	NN	press_editorial	press	C	C	C	CDE	Z	Z	Z	Z	Z	 El; Rev. DeWitt Clemens, pastor of the Mathewson Street Methodist <font color=green>Church</font> ; Mr. Felix Miranda, of the Imperial Knife Co.; and to	NNP	informative	2	1	3.32	0.5	1	Church
church/NN/br-d01/1628	0.0184763350439587	0.42833765206936	church	NN	religion	non-fiction	B	B	AB	AB	church%1:14:00::	B	B	AB	AB	 age to whip men into a surrender to a particular <font color=green>church</font>  or church-state''. Apparently he does not intend that those who	NN	informative	3	1	2.84	0.33	2	church
church/NN/br-d02/1641	-0.0700121126968777	-0.411112162788301	church	NN	religion	non-fiction	B	B	AB	AB	church%1:14:00::	B	B	AB	AB	 concerned to stand squarely within the tradition of the apostolic <font color=green>church</font> , they have exhibited no willingness whatever to sacrifice their modernity	NN	informative	2	0	3.66	0	1	church
church/NN/br-d02/706	-0.130669877315301	-0.261859794977626	church	NN	religion	non-fiction	A	A	AB	AB	church%1:14:00::	B	B	AB	AB	 there tends to be an almost complete indifference to the <font color=green>church</font>  and its traditional message of sin and grace. To be	NN	informative	4	1	2.93	0.25	2	church
church/NN/br-d02/786	-0.326753446425087	0.0791519909325395	church	NN	religion	non-fiction	A	A	AB	AB	church%1:14:00::	B	B	AB	AB	 longer afford the luxury of such smug indignation? Can the <font color=green>church</font>  risk assuming that the`` folly'' of men is as dear	NN	informative	3	0	2.97	0	2	church
church/NN/br-d02/877	-0.247826183018009	-0.254589945061796	church	NN	religion	non-fiction	A	A	AB	AB	church%1:14:00::	B	B	AB	AB	 precarious? There is an ancient and venerable tradition in the <font color=green>church</font> ( which derives, however, from the heritage of the Greeks rather	NN	informative	4	1	2.72	0.25	1	church
church/NN/br-d02/923	0.27675005577627	-0.42592017620087	church	NN	religion	non-fiction	A	A	AB	AB	church%1:14:00::	B	B	AB	AB	 for accomplishing his work in the world. by analogy, the <font color=green>church</font>  also has been regarded as entirely independent of the`` world	NN	informative	3	0	3.14	0	1	church
church/NN/br-d02/949	-0.131523701340078	0.486939363514907	church	NN	religion	non-fiction	A	A	AB	AB	church%1:14:00::	B	B	AB	AB	 of requiring nothing from it in order to be the <font color=green>church</font> . But, as Scripture everywhere reminds us, God does have need	NN	informative	2	0	2.99	0	1	church
church/NN/br-d02/969	-0.283523632540469	-0.22705471425793	church	NN	religion	non-fiction	A	A	AB	AB	church%1:14:00::	B	B	AB	AB	 us, God does have need of his creatures, and the <font color=green>church</font> , a fortiori, can ill afford to do without the talents	NN	informative	4	1	2.75	0.25	1	church
church/NN/br-d03/1080	0.141249849233983	-0.259360510259931	church	NN	religion	non-fiction	E	E	DE	CDE	church%1:04:00::	E	E	DE	CDE	 phenomenon of redundancy is that fewer Protestants are going to <font color=green>church</font> . It should be admitted, too, that there is a good	NN	informative	2	1	2.52	0.5	1	church
church/NN/br-d03/1342	-0.00641663123829946	-0.0640891715243547	church	NN	religion	non-fiction	E	E	DE	CDE	church%1:06:00::	D	D	DE	CDE	 my experience to find as many men as women in <font color=green>church</font> , and to hear almost everyone in church congregations reciting the	NN	informative	5	1	3.4	0.2	2	church
church/NN/br-d03/1350	-0.0148756186524951	-0.0514531662906792	church	NN	religion	non-fiction	E	E	DE	CDE	church%1:06:00::	D	D	DE	CDE	 as women in church, and to hear almost everyone in <font color=green>church</font>  congregations reciting the Latin prayers and responses at Mass. They	NN	informative	5	3	3.12	0.6	5	church
church/NN/br-d03/1871	0.00319197363545376	-0.0976294985990892	church	NN	religion	non-fiction	B	B	AB	AB	catholic_church%1:14:00::	B1	B	AB	AB	 the Sunday Observer implies a kindly recognition that the Catholic <font color=green>Church</font>  is now at least of equal stature in England with	NNP	informative	2	2	3.31	1	5	Church
church/NN/br-d03/1909	-0.0562104419744941	-0.100512019265099	church	NN	religion	non-fiction	B	B	AB	AB	church_of_england%1:14:00::	B2	B	AB	AB	 non-Catholic) wrote articles in the Observer depicting clergymen of the <font color=green>Church</font>  of England, the Church of Rome and the Nonconformist Church	NNP	informative	6	2	3.06	0.33	3	Church
church/NN/br-d03/2097	-0.0298317646322286	-0.173785489097653	church	NN	religion	non-fiction	A	A	AB	AB	church%1:14:00::	B	B	AB	AB	 Canterbury. The good feeling which exists between these two important <font color=green>church</font>  figures is now well known in England. The Holy Sacrifice	NN	informative	4	0	2.94	0	1	church
church/NN/br-d03/2336	0.01540513139128	-0.0690996713234995	church	NN	religion	non-fiction	D	D	DE	CDE	catholic_church%1:14:00::	B1	B	AB	AB	 a votive Mass offered for Christian unity at a Catholic <font color=green>church</font>  in Slough during the Church Unity Octave.	NN	informative	2	0	3.37	0	4	church
church/NN/br-d03/2341	0.01540513139128	-0.0690996713234995	church	NN	religion	non-fiction	A	A	AB	AB	church%1:14:00::	B	B	AB	AB	 Christian unity at a Catholic church in Slough during the <font color=green>Church</font>  Unity Octave.	NNP	informative	2	1	3.37	0.5	4	Church
church/NN/br-d03/721	-0.184671857589726	0.00856343117532017	church	NN	religion	non-fiction	B	B	AB	AB	church%1:06:00::	D	D	DE	CDE	 crowds going in and out of the Birmingham Oratory( Catholic) <font color=green>Church</font>  on Sunday mornings. She found this a marvel because, as	NNP	informative	1	0	3.11	0	2	Church
church/NN/br-d03/862	0.0384468397234502	0.00772591143034558	church	NN	religion	non-fiction	B	B	AB	AB	church_of_england%1:14:00::	B2	B	AB	AB	 to a newspaper report of the 1961 statistics of the <font color=green>Church</font>  of England, the`` total of confirmed members is 9748000, but	NNP	informative	3	2	2.81	0.67	2	Church
church/NN/br-d03/883	-0.183286942062002	-0.249093929744833	church	NN	religion	non-fiction	C	C	C	CDE	church_roll%1:10:00::	C	C	C	CDE	 is 9748000, but only 2887671 are registered on the parochial <font color=green>church</font>  rolls'', and`` over 27 million people in England are baptized	NN	informative	4	2	2.7	0.5	2	church
church/NN/br-d03/899	-0.0370770960599151	-0.157974184257375	church	NN	religion	non-fiction	B	B	AB	AB	church_of_england%1:14:00::	B2	B	AB	AB	 over 27 million people in England are baptized into the <font color=green>Church</font>  of England, but roughly only a tenth of them continue	NNP	informative	3	2	2.81	0.67	3	Church
church/NN/br-d03/945	0.0694212075910611	-0.0477688037759907	church	NN	religion	non-fiction	B	B	AB	AB	church_of_england%1:14:00::	B2	B	AB	AB	 than an Archbishops' Commission`` reported last month that in the <font color=green>Church</font>  of England alone there are 790 churches which are redundant	NNP	informative	1	0	2.72	0	2	Church
church/NN/br-d04/56	0.286352700209485	-0.3246327236916	church	NN	religion	non-fiction	A	A	AB	AB	church_father%1:18:00::	A	A	AB	AB	 Jesus Christ the unique and the universal concur. Perhaps no <font color=green>church</font>  father saw this concurrence of the unique and the universal	NN	informative	4	2	2.72	0.5	2	church
church/NN/br-d05/1163	-0.261543700816403	-0.106852882246727	church	NN	religion	non-fiction	B	B	AB	AB	Z	Z	Z	Z	Z	 Parker as the ultra-liberal minister within the pale of a <font color=green>church</font>  which had proclaimed itself the repository of liberality poses a	NN	informative	2	0	2.98	0	2	church
church/NN/br-d06/2174	-0.138345683898036	0.268099110686044	church	NN	religion	non-fiction	C	C	C	CDE	Z	Z	Z	Z	Z	 spiritually. No amount of religious ceremonies or even joining a <font color=green>church</font>  will relieve the gnawing of your`` inner'' space. Why? Because	NN	informative	3	1	3.08	0.33	2	church
church/NN/br-d07/1408	0.0200972508589259	0.113413642278795	church	NN	religion	non-fiction	D	D	DE	CDE	Z	Z	Z	Z	Z	 then jumped; she was fatally injured. The entrance to a <font color=green>church</font>  has been walled up, so that the congregation, most of	NN	informative	2	0	2.77	0	2	church
church/NN/br-d09/1044	-0.0587585979203949	-0.0407402007568477	church	NN	religion	non-fiction	C	C	C	CDE	Z	Z	Z	Z	Z	 such topics as:`` What Christ Means to Me'',`` What the <font color=green>Church</font>  Means to Me'',`` Why Join the Church'',`` The Duties of	NNP	informative	3	0	3.46	0	1	Church
church/NN/br-d09/1054	0.0087006481768245	0.0128555894616773	church	NN	religion	non-fiction	C	C	C	CDE	Z	Z	Z	Z	Z	 Me'',`` What the Church Means to Me'',`` Why Join the <font color=green>Church</font> '',`` The Duties of Church Members'', etc.. Assign a series of	NNP	informative	3	2	3.1	0.67	4	Church
church/NN/br-d09/1061	0.0087006481768245	0.0128555894616773	church	NN	religion	non-fiction	C	C	C	CDE	Z	Z	Z	Z	Z	 Means to Me'',`` Why Join the Church'',`` The Duties of <font color=green>Church</font>  Members'', etc.. Assign a series of catechism questions to be	NNP	informative	4	2	2.98	0.5	3	Church
church/NN/br-d09/1619	0.061101492973568	0.149060079846586	church	NN	religion	non-fiction	C	C	C	CDE	Z	Z	Z	Z	Z	 the group of new members to be put in the <font color=green>church</font>  paper or placed on the bulletin board. Have a fellowship	NN	informative	5	2	2.73	0.4	2	church
church/NN/br-d09/1641	0.0188117839661232	0.138570977193156	church	NN	religion	non-fiction	C	C	C	CDE	Z	Z	Z	Z	Z	 fellowship luncheon or dinner with new members as guests. The <font color=green>church</font>  is`` the family of God''. The members of the`` family	NN	informative	3	2	2.71	0.67	3	church
church/NN/br-d09/1829	0.0743383181382265	0.0756725147862214	church	NN	religion	non-fiction	C	C	C	CDE	Z	Z	Z	Z	Z	 during the same period there were 1080062 additions. Another major <font color=green>church</font>  body had 4499608 members and twenty years later its membership	NN	informative	5	2	2.64	0.4	2	church
church/NN/br-d09/2026	0.0839336808222383	0.100498503987493	church	NN	religion	non-fiction	C	C	C	CDE	Z	Z	Z	Z	Z	 planned and carefully developed. The entire membership of the local <font color=green>church</font>  must be alerted to their part in this dynamic process	NN	informative	3	1	3.11	0.33	2	church
church/NN/br-d09/2040	0.126116121995463	-0.437175091714893	church	NN	religion	non-fiction	C	C	C	CDE	Z	Z	Z	Z	Z	 alerted to their part in this dynamic process. If the <font color=green>church</font>  has followed the plan of cultivation of prospects and carried	NN	informative	3	0	3.63	0	1	church
church/NN/br-d09/2174	0.129981941742956	0.142780294643261	church	NN	religion	non-fiction	C	C	C	CDE	Z	Z	Z	Z	Z	 members. The new members justifiably expect some things from their <font color=green>church</font>  family:	NN	informative	3	2	2.68	0.67	2	church
church/NN/br-d09/724	-0.0373788588650951	-0.0189743695199021	church	NN	religion	non-fiction	C	C	C	CDE	Z	Z	Z	Z	Z	 as well as the program and activities of the local <font color=green>church</font> . The lay leadership of the church may be invited to	NN	informative	5	0	3.26	0	2	church
church/NN/br-d09/731	-0.0251803588518059	-0.0072155666509011	church	NN	religion	non-fiction	C	C	C	CDE	Z	Z	Z	Z	Z	 activities of the local church. The lay leadership of the <font color=green>church</font>  may be invited to speak on the various phases of	NN	informative	2	0	3.34	0	3	church
church/NN/br-d09/742	-0.0146186758339727	-0.00489230234839334	church	NN	religion	non-fiction	C	C	C	CDE	Z	Z	Z	Z	Z	 may be invited to speak on the various phases of <font color=green>church</font>  life, service opportunities, the church school, missions, men 's work	NN	informative	6	1	3.3	0.17	4	church
church/NN/br-d09/749	-0.0222836430416714	-0.0120832567181922	church	NN	religion	non-fiction	C	C	C	CDE	Z	Z	Z	Z	Z	 on the various phases of church life, service opportunities, the <font color=green>church</font>  school, missions, men 's work, women 's work, youth program	NN	informative	9	1	3.39	0.11	3	church
church/NN/br-d09/837	0.129981941742956	0.142780294643261	church	NN	religion	non-fiction	C	C	C	CDE	Z	Z	Z	Z	Z	 facilities and refreshments. The social time gives an opportunity for <font color=green>church</font>  leaders to become acquainted with the new members. In conducting	NN	informative	5	1	2.68	0.2	1	church
church/NN/br-d09/935	0.00622687986045852	-0.380941509342483	church	NN	religion	non-fiction	A	A	AB	AB	Z	Z	Z	Z	Z	 dramatization- for example, in discussing the Lord 's Supper or <font color=green>church</font>  symbolism. Use audio-visual aids. Some excellent filmstrips with recordings and	NN	informative	3	0	2.89	0	1	church
church/NN/br-d10/1913	0.0590277511509083	-0.173557093869653	church	NN	religion	non-fiction	A	A	AB	AB	Z	Z	Z	Z	Z	 impressive Roman Catholic defense of the practical autonomy of both <font color=green>church</font>  and state. The failure at that time of the Puerto	NN	informative	2	0	3.87	0	2	church
church/NN/br-d10/2166	0.0412031464561731	-0.156309513501527	church	NN	religion	non-fiction	B	B	AB	AB	Z	Z	Z	Z	Z	 the Christian claim is of considerable significance. The Roman Catholic <font color=green>Church</font>  has excommunicated one of its priests, Father Feeney, for insisting	NNP	informative	6	3	3.62	0.5	3	Church
church/NN/br-d10/2187	-0.0787992241495518	-0.337552867134455	church	NN	religion	non-fiction	A	A	AB	AB	Z	Z	Z	Z	Z	 for insisting that there is no salvation outside the visible <font color=green>church</font> . In mentioning this under`` salvation reconsidered'' I do not mean	NN	informative	1	2	3.55	2	2	church
church/NN/br-d12/233	0.0589620500416555	-0.261253206634467	church	NN	religion	non-fiction	A	A	AB	AB	Z	Z	Z	Z	Z	 social change? What social, ethical and theological insights can the <font color=green>church</font>  and university help him bring to bear upon his situation	NN	informative	5	2	2.89	0.4	2	church
church/NN/br-d14/209	0.0785726554828389	-0.0732819368288696	church	NN	religion	non-fiction	A	A	AB	AB	Z	Z	Z	Z	Z	 of churches. Presumably those who did not have a formal <font color=green>church</font>  connexion had also felt the influence of Christianity to a	NN	informative	3	1	2.78	0.33	2	church
church/NN/br-d14/234	0.056490113050176	-0.0056101353228279	church	NN	religion	non-fiction	C	C	C	CDE	Z	Z	Z	Z	Z	 extent. Many of them had once been members of a <font color=green>church</font>  or at least had been given instruction in Christianity but	NN	informative	3	2	2.87	0.67	2	church
church/NN/br-d14/410	0.135035146708915	0.0617892053130756	church	NN	religion	non-fiction	A	A	AB	AB	Z	Z	Z	Z	Z	 be absurd. For instance, we cannot know whether even for <font color=green>church</font>  members the degree of conformity to Christian standards of morality	NN	informative	5	2	2.85	0.4	2	church
church/NN/br-d14/428	0.0250389014059444	0.0799661055493915	church	NN	religion	non-fiction	C	C	C	CDE	Z	Z	Z	Z	Z	 standards of morality increased or declined as the proportion of <font color=green>church</font>  members in the population rose. The temptation is to say	NN	informative	2	1	2.8	0.5	3	church
church/NN/br-d14/446	0.0981585587906006	0.0848660911201343	church	NN	religion	non-fiction	C	C	C	CDE	Z	Z	Z	Z	Z	 The temptation is to say that, as the percentage of <font color=green>church</font>  members mounted, the degree of discipline exercised by the churches	NN	informative	3	2	2.64	0.67	2	church
church/NN/br-d14/557	0.116885284525327	0.110864987322449	church	NN	religion	non-fiction	A	A	AB	AB	Z	Z	Z	Z	Z	 If guilty, the offender might be excluded from membership. As <font color=green>church</font>  membership burgeoned, such measures faded into desuetude. But whether this	NN	informative	2	2	2.59	1	2	church
church/NN/br-d14/726	0.0590277511509083	-0.173557093869653	church	NN	religion	non-fiction	B	B	AB	AB	Z	Z	Z	Z	Z	 stock. By the end of the century the Roman Catholic <font color=green>Church</font>  was beginning to make itself felt, mainly through such institutions	NNP	informative	3	2	3.87	0.67	2	Church
church/NN/br-d16/1602	-0.303764514843203	-0.319883315876277	church	NN	religion	non-fiction	C	C	C	CDE	Z	Z	Z	Z	Z	 1: 12, 13. You may be very religious, a good <font color=green>church</font>  member, an upright, honest and sincere person; you may be	NN	informative	4	0	2.85	0	1	church
church/NN/br-d16/1644	-0.147903076406779	0.380124590933355	church	NN	religion	non-fiction	A	A	AB	AB	Z	Z	Z	Z	Z	 and zealously keep all the sacraments and ceremonies of the <font color=green>church</font> ; you may have the final and extreme unction but if	NN	informative	5	1	3.47	0.2	1	church
church/NN/br-d16/1947	-0.0787992241495518	-0.337552867134455	church	NN	religion	non-fiction	A	A	AB	AB	Z	Z	Z	Z	Z	 Him. You can ignore His Book, the Bible, and His <font color=green>church</font> . You can laugh at His blood-bought salvation, curse His followers	NN	informative	6	1	3.55	0.17	1	church
church/NN/br-d16/220	0.0212796615498181	-0.174295952316388	church	NN	religion	non-fiction	B	B	AB	AB	Z	Z	Z	Z	Z	 a short reading of the Holy Scriptures''. Since the Catholic <font color=green>Church</font>  expresses such desire that the Sacred Scriptures be read, the	NNP	informative	4	2	3.97	0.5	3	Church
church/NN/br-d17/1073	-0.44253651087904	-0.177300061397182	church	NN	religion	non-fiction	C	C	C	CDE	Z	Z	Z	Z	Z	 different, and something important: Ruth Peale, her wide experience in <font color=green>church</font>  work; Sidney Fields, years of experience as a New York	NN	informative	2	0	2.7	0	1	church
church/NN/br-e13/272	0.128328186694357	-0.29384277374918	church	NN	skill_and_hobbies	non-fiction	B	B	AB	AB	Z	Z	Z	Z	Z	 shifted religions- although the Patriarch, or Pope, of the Orthodox <font color=green>Church</font>  continued to live there, and still does- and became the	NNP	informative	3	1	2.77	0.33	1	Church
church/NN/br-f15/713	0.0590277511509083	-0.173557093869653	church	NN	popular_lore	fiction	B	B	AB	AB	roman_catholic_church%1:14:00::	B1	B	AB	AB	 permit birth control only for medical reasons. The Roman Catholic <font color=green>Church</font> , however, sanctions a much more liberal policy on family planning	NNP	informative	5	2	3.87	0.4	2	Church
church/NN/br-f15/754	0.0636987697191687	-0.115745647196207	church	NN	popular_lore	fiction	B	B	AB	AB	roman_catholic_church%1:14:00::	B1	B	AB	AB	 disagree over the methods to be used. The Roman Catholic <font color=green>Church</font>  sanctions only abstention or the rhythm method, also known as	NNP	informative	1	0	3.21	0	4	Church
church/NN/br-f15/776	0.206663712643353	0.373153990374028	church	NN	popular_lore	fiction	A	A	AB	AB	roman_catholic_church%1:14:00::	B1	B	AB	AB	 as the use of the infertile or safe period. The <font color=green>Church</font>  considers this to be the method provided by nature and	NNP	informative	3	1	2.77	0.33	1	Church
church/NN/br-f44/1076	0.0863755984376712	0.0150016653028371	church	NN	popular_lore	fiction	C	C	C	CDE	church%1:14:00::	B	B	AB	AB	 and economic level of the congregation; the mission of the <font color=green>church</font>  is actually a process of informal co-optation; the lay ministry	NN	informative	5	2	2.88	0.4	3	church
church/NN/br-f44/1285	0.15829818427094	-0.0992470383421448	church	NN	popular_lore	fiction	C	C	C	CDE	church%1:14:00::	B	B	AB	AB	 co-optation is the principal form of mission in the contemporary <font color=green>church</font> ; economic integration and co-optation are the two methods by which	NN	informative	3	1	2.89	0.33	2	church
church/NN/br-f44/1618	0.304127037498834	-0.079960086543301	church	NN	popular_lore	fiction	C	C	C	CDE	church%1:14:00::	B	B	AB	AB	 in the metropolis. It now becomes evident that the denominational <font color=green>church</font>  is intimately involved with the economy of middle-class culture, for	NN	informative	5	1	2.62	0.2	1	church
church/NN/br-f44/2150	0.289345255144316	0.00141351425064012	church	NN	popular_lore	fiction	C	C	C	CDE	church%1:14:00::	B	B	AB	AB	 will occupy our attention under the rubric of the organization <font color=green>church</font> . An understanding of the new role of residential association in	NN	informative	3	1	2.51	0.33	1	church
church/NN/br-f44/368	0.0263404169213724	0.157813456038789	church	NN	popular_lore	fiction	C	C	C	CDE	church%1:14:00::	B	B	AB	AB	 they can lose higher- and lower status members from the <font color=green>church</font>  without collapsing, but they need adequate recruits for the core	NN	informative	3	1	2.82	0.33	2	church
church/NN/br-f44/647	0.00020907301106287	-0.0509760479749591	church	NN	popular_lore	fiction	A	A	AB	AB	church%1:14:00::	B	B	AB	AB	 denominations. There is much talk in theological circles about the`` <font color=green>Church</font>  as Mission'' and the`` Church 's Mission''; theologians have been	NNP	informative	4	3	3.17	0.75	4	Church
church/NN/br-f44/654	-0.026223088705324	-0.0305092049944645	church	NN	popular_lore	fiction	A	A	AB	AB	church%1:14:00::	B	B	AB	AB	 in theological circles about the`` Church as Mission'' and the`` <font color=green>Church</font>  's Mission''; theologians have been stressing the fact that the	NNP	informative	4	2	3.29	0.5	3	Church
church/NN/br-f44/667	-0.465253210998095	0.070617153776152	church	NN	popular_lore	fiction	A	A	AB	AB	church%1:14:00::	B	B	AB	AB	 's Mission''; theologians have been stressing the fact that the <font color=green>Church</font>  does not exist for its own sake but as a	NNP	informative	4	1	2.53	0.25	1	Church
church/NN/br-f44/924	0.118090317845068	0.068447695516275	church	NN	popular_lore	fiction	C	C	C	CDE	church%1:14:00::	B	B	AB	AB	 with friendly members the`` contacts with an organization of the <font color=green>church</font> ''( 11.2 per cent of the cases), then a substantial two	NN	informative	3	2	2.6	0.67	2	church
church/NN/br-g12/1271	-0.280013429807418	-0.153912346982039	church	NN	belles_lettres	fiction	D	D	DE	CDE	church%1:06:00::	D	D	DE	CDE	 and gestured toward the Madeleine. The classical lines of the <font color=green>church</font>  which Napoleon thought of as a Temple of Glory, dominated	NN	informative	5	1	2.99	0.2	2	church
church/NN/br-g12/544	-0.36341752443595	0.197952745463136	church	NN	belles_lettres	fiction	D	D	DE	CDE	church%1:06:00::	D	D	DE	CDE	 the Madeleine and across to a sidewalk cafe opposite that <font color=green>church</font> . The conversation that ensued may have been engrossing but it	NN	informative	4	2	2.6	0.5	2	church
church/NN/br-h17/1199	-0.0700121126968777	-0.411112162788301	church	NN	miscellaneous	non-fiction	C	C	C	CDE	church%1:14:00::	B	B	AB	AB	 because of his willingness to kill in defense of his <font color=green>church</font>  and home. Upon administrative approval of the reclassification, he was	NN	informative	2	0	3.66	0	1	church
church/NN/br-h17/1434	0.219038631456843	-0.386413713873044	church	NN	miscellaneous	non-fiction	C	C	C	CDE	church%1:14:00::	B	B	AB	AB	 preaching and from 20 to 25 hours per month to <font color=green>church</font>  activities. His claim was therefore`` so highly exaggerated'', the Department	NN	informative	1	0	2.73	0	1	church
church/NN/br-j23/1105	0.129981941742956	0.142780294643261	church	NN	learned	non-fiction	C	C	C	CDE	church_member%1:18:00::	C	C	C	CDE	 which is reflective of our common religion. Even the non <font color=green>church</font>  members- the freewheelers, marginal religionists and so on- have the	NN	informative	2	1	2.68	0.5	1	church
church/NN/br-j57/2237	-0.0233107879078017	-0.28546033416014	church	NN	learned	non-fiction	A	A	AB	AB	church_father%1:18:00::	A	A	AB	AB	 which reached Christianity by the way of Stoicism through the <font color=green>Church</font>  Fathers of Late Antiquity.	NNP	informative	3	1	3.06	0.33	1	Church
church/NN/br-j57/958	-0.139086754433215	0.425782764570717	church	NN	learned	non-fiction	A	A	AB	AB	church_father%1:18:00::	A	A	AB	AB	 all possessions. This conception was taken up by the early <font color=green>Church</font>  Fathers and by canon lawyers and theologians in the Middle	NNP	informative	5	1	2.6	0.2	1	Church
church/NN/br-k04/1076	-0.0168675397804887	0.432455527884466	church	NN	fiction_gral	fiction	D	D	DE	CDE	church%1:06:00::	D	D	DE	CDE	 There were two liquor saloons not very far from the <font color=green>church</font> , one white, that is conducted for white people with a	NN	imaginative	4	0	2.63	0	1	church
church/NN/br-k04/1117	-0.322993504178208	0.304989420650195	church	NN	fiction_gral	fiction	D	D	DE	CDE	church%1:06:00::	D	D	DE	CDE	 of gambling in both. On the other side of the <font color=green>church</font>  was a quiet, well-kept house with shutters and recently painted	NN	imaginative	4	0	3.66	0	1	church
church/NN/br-k04/1145	-0.400454670276968	-0.290531949874062	church	NN	fiction_gral	fiction	C	C	C	CDE	church%1:14:00::	B	B	AB	AB	 it. It was called Kent House. The deacon of the <font color=green>church</font> , Carlson, was its janitor. One of the leading members of	NN	imaginative	3	0	2.73	0	1	church
church/NN/br-k04/1485	0.00202084048478955	-0.0116867070709958	church	NN	fiction_gral	fiction	C	C	C	CDE	church%1:06:00::	D	D	DE	CDE	 that clear as this was, they must have a better <font color=green>church</font> , a more business-like conduct of the church organization, and an	NN	imaginative	2	1	3	0.5	3	church
church/NN/br-k04/1493	0.00202084048478955	-0.0116867070709958	church	NN	fiction_gral	fiction	C	C	C	CDE	church%1:14:00::	B	B	AB	AB	 have a better church, a more business-like conduct of the <font color=green>church</font>  organization, and an effort to get this religious center out	NN	imaginative	4	1	3	0.25	3	church
church/NN/br-k04/1514	0.171902497339528	-0.063281340150542	church	NN	fiction_gral	fiction	C	C	C	CDE	church%1:14:00::	B	B	AB	AB	 out of its rut of wild worship into a modern <font color=green>church</font>  organization. He emphasized to the Presiding Elder the plan of	NN	imaginative	5	2	3.04	0.4	2	church
church/NN/br-k04/1685	0.047884439664699	-0.495053235219982	church	NN	fiction_gral	fiction	D	D	DE	CDE	church%1:06:00::	D	D	DE	CDE	 made to his Deacon Board, he met unanimous opposition. The <font color=green>church</font>  certainly would not be removed. The very proposition was sacrilege	NN	imaginative	3	0	2.96	0	1	church
church/NN/br-k04/1807	-0.322993504178208	0.304989420650195	church	NN	fiction_gral	fiction	D	D	DE	CDE	church%1:06:00::	D	D	DE	CDE	 of money that has been invested by whites around that <font color=green>church</font> ? Tenements, stores, saloons, some gambling, I hope not too much	NN	imaginative	5	0	3.66	0	1	church
church/NN/br-k04/1874	0.0735375482723703	0.40557901691074	church	NN	fiction_gral	fiction	D	D	DE	CDE	church%1:06:00::	D	D	DE	CDE	 were you I would just plan to repair the old <font color=green>church</font>  so it would last for five or ten years. By	NN	imaginative	3	1	2.7	0.33	1	church
church/NN/br-k04/2301	0.137597402364316	-0.0442472634746416	church	NN	fiction_gral	fiction	B	B	AB	AB	methodist_church%1:14:00::	B2	B	AB	AB	 mean practically the end of his career in the Methodist <font color=green>church</font> , if not in all churches.	NN	imaginative	3	1	2.51	0.33	1	church
church/NN/br-k04/397	-0.224508595102715	0.32212403223005	church	NN	fiction_gral	fiction	C	C	C	CDE	church%1:06:00::	D	D	DE	CDE	 support of the Amen corner. The characteristic thing about this <font color=green>church</font>  was its Amen corner and the weekly religious orgy. A	NN	imaginative	4	1	2.61	0.25	1	church
church/NN/br-k04/828	0.129981941742956	0.142780294643261	church	NN	fiction_gral	fiction	C	C	C	CDE	church%1:14:00::	B	B	AB	AB	 the home of one of the old members of the <font color=green>church</font> , a woman named Catt who, as Wilson afterward found, was	NN	imaginative	2	1	2.68	0.5	1	church
church/NN/br-k04/877	-0.162458930355541	-0.373417716525142	church	NN	fiction_gral	fiction	C	C	C	CDE	church%1:14:00::	B	B	AB	AB	 never married, conducting a spotless home and devoted to her <font color=green>church</font> , but a perpetual dissenter and born critic. She soared over	NN	imaginative	2	0	2.65	0	1	church
church/NN/br-k04/923	-0.34608364509505	0.124498693964439	church	NN	fiction_gral	fiction	D	D	DE	CDE	church%1:06:00::	D	D	DE	CDE	 which she was chief repository. Then Wilson looked over the <font color=green>church</font>  and studied its condition. The salary of the pastor had	NN	imaginative	3	1	3.32	0.33	1	church
church/NN/br-k04/975	-0.302613215148518	0.382038493860727	church	NN	fiction_gral	fiction	D	D	DE	CDE	church%1:06:00::	D	D	DE	CDE	 he mentioned this to the Deacons they said nothing. The <font color=green>church</font>  itself must be repaired. It was dirty and neglected. It	NN	imaginative	3	1	2.95	0.33	1	church
church/NN/br-k06/528	-0.434461614939464	0.222707483614813	church	NN	fiction_gral	fiction	D	D	DE	CDE	church%1:06:00::	D	D	DE	CDE	 his head out. There was the slate roof of the <font color=green>church</font> ; ivy climbed the red brick walls like a green scaled	NN	imaginative	5	1	2.88	0.2	1	church
church/NN/br-k06/571	-0.332505023492108	0.00677639148986892	church	NN	fiction_gral	fiction	D	D	DE	CDE	church%1:06:00::	D	D	DE	CDE	 cupboards.`` There 's a tower and a steeple on the <font color=green>church</font>  a million feet high. And the loudest clock in the	NN	imaginative	3	2	3.54	0.67	2	church
church/NN/br-k06/659	-0.4294505641849	-0.251330630562105	church	NN	fiction_gral	fiction	D	D	DE	CDE	church%1:06:00::	D	D	DE	CDE	 Street to Orange Square. The steeple leaned backward, while the <font color=green>church</font>  advanced like a headless creature in a long, shapeless coat	NN	imaginative	5	0	2.9	0	1	church
church/NN/br-k06/852	-0.323076284951761	-0.050957535690718	church	NN	fiction_gral	fiction	D	D	DE	CDE	church%1:06:00::	D	D	DE	CDE	 Church with its high steeple and clock. There was no <font color=green>church</font>  like Drew Church, no preacher like Papa, who was intimate	NN	imaginative	3	1	3.07	0.33	2	church
church/NN/br-k10/1423	-0.217639221749936	-0.400238266354618	church	NN	fiction_gral	fiction	A	A	AB	AB	church%1:14:00::	B	B	AB	AB	 economics, and social issues that are no concern of the <font color=green>Church</font> ''? And John 's reply was always the same:`` Anything that	NNP	imaginative	5	0	3.33	0	1	Church
church/NN/br-k10/1445	-0.329110505470971	-0.173846919279664	church	NN	fiction_gral	fiction	A	A	AB	AB	church%1:14:00::	B	B	AB	AB	 same:`` Anything that affects souls is the concern of the <font color=green>Church</font> ! We will have righteousness''! Tears burned behind his eyes as	NNP	imaginative	3	1	2.92	0.33	2	Church
church/NN/br-k10/1802	-0.197007218673271	-0.155412336373625	church	NN	fiction_gral	fiction	B	B	AB	AB	church_of_rome%1:14:00::	B1	B	AB	AB	 Geneva, saying that he had been a bishop of the <font color=green>Church</font>  of Rome and had been persecuted in Paris for his	NNP	imaginative	2	1	2.83	0.5	1	Church
church/NN/br-k10/205	-0.240081587826071	-0.39269955815687	church	NN	fiction_gral	fiction	A	A	AB	AB	church%1:14:00::	B	B	AB	AB	 that the couple would have to be punished if the <font color=green>Church</font>  was to be respected.`` I have told you before, and	NNP	imaginative	2	1	2.65	0.5	1	Church
church/NN/br-k10/257	-0.118340529524962	-0.327807747653745	church	NN	fiction_gral	fiction	A	A	AB	AB	church%1:14:00::	B	B	AB	AB	 is the answer the ungodly will always make when the <font color=green>Church</font>  points its fingers at their sins. I say to you	NNP	imaginative	3	1	2.74	0.33	1	Church
church/NN/br-k10/271	-0.149048777657371	-0.218125798039721	church	NN	fiction_gral	fiction	A	A	AB	AB	church%1:14:00::	B	B	AB	AB	 fingers at their sins. I say to you that the <font color=green>Church</font>  will ever decry evil''! John 's reply was like a	NNP	imaginative	3	2	2.97	0.67	3	Church
church/NN/br-k10/588	-0.162798428995363	-0.137505512971933	church	NN	fiction_gral	fiction	A	A	AB	AB	church%1:14:00::	B	B	AB	AB	 to let them give him the last rites of the <font color=green>Church</font> , but he had died still proclaiming salvation by faith. Burial	NNP	imaginative	3	1	3.14	0.33	3	Church
church/NN/br-k10/967	-0.439843315075716	0.0288698564108901	church	NN	fiction_gral	fiction	D	D	DE	CDE	church%1:06:00::	D	D	DE	CDE	 all the time. Quickening his steps, John entered the vast <font color=green>church</font>  and climbed the tower steps to the bells. Underneath the	NN	imaginative	6	1	4.1	0.17	1	church
church/NN/br-k13/533	-0.462251730575191	-0.00211362910801219	church	NN	fiction_gral	fiction	D	D	DE	CDE	church%1:06:00::	D	D	DE	CDE	 Harold indicated the photograph on the wall and asked what <font color=green>church</font>  the stone sculpture was in. Eugene told him and he	NN	imaginative	3	1	3.05	0.33	1	church
church/NN/br-k14/826	-0.298077105459972	-0.36689737011561	church	NN	fiction_gral	fiction	D	D	DE	CDE	church%1:06:00::	D	D	DE	CDE	 Jewish section was in Trastevere, near the Tiber at the <font color=green>church</font>  of San Francesco a Ripa. The colony had been small	NN	imaginative	4	0	2.61	0	1	church
church/NN/br-k15/188	-0.247139393545011	0.0988096753009489	church	NN	fiction_gral	fiction	D	D	DE	CDE	church%1:06:00::	D	D	DE	CDE	 They held the funeral the next morning from the crossroads <font color=green>church</font>  and buried the little box in the quiet family plot	NN	imaginative	6	3	3	0.5	3	church
church/NN/br-k16/1431	-0.49053345302905	0.138508579765333	church	NN	fiction_gral	fiction	D	D	DE	CDE	church%1:06:00::	D	D	DE	CDE	 thickets. Along Wappinger Creek in Dutchess County, past the white <font color=green>church</font>  at Fishkill, past Verplanck 's Point on the east bank	NN	imaginative	6	1	3.09	0.17	1	church
church/NN/br-k16/2285	-0.492657987036306	-0.0605086884713642	church	NN	fiction_gral	fiction	E	E	DE	CDE	church_service%1:04:00::	E	E	DE	CDE	 him out of some dim corner of memory from a <font color=green>church</font>  service when he was a boy- yes, in a white	NN	imaginative	1	0	2.85	0	1	church
church/NN/br-k19/213	0.125368605197137	0.42328975208205	church	NN	fiction_gral	fiction	A	A	AB	AB	church%1:14:00::	B	B	AB	AB	 of this desire was due to his devotion to the <font color=green>church</font>  and how much was his own ego, demanding to be	NN	imaginative	1	0	3	0	1	church
church/NN/br-l08/1824	-0.23069112820677	0.00746305075613988	church	NN	fiction_mystery	fiction	E	E	DE	CDE	church%1:04:00::	E	E	DE	CDE	 did n't feel good on Sunday, could n't go to <font color=green>church</font> - there 'd be a little argument, but she could be	NN	imaginative	3	1	3.07	0.33	1	church
church/NN/br-p01/1161	-0.410141990036749	-0.0388693139797008	church	NN	fiction_romance	fiction	D	D	DE	CDE	church%1:06:00::	D	D	DE	CDE	 hill, rising with the hill to the top where the <font color=green>church</font>  was and beyond that to the cemetery. Only paved alleyways	NN	imaginative	7	1	4.09	0.14	1	church
church/NN/br-p01/21	-0.357286541404433	0.0348169192198122	church	NN	fiction_romance	fiction	D	D	DE	CDE	church_tower%1:06:00::	D	D	DE	CDE	 them he could have been the broken bell in the <font color=green>church</font>  tower which rang before and after Mass, and at noon	NN	imaginative	4	2	3.48	0.5	2	church
church/NN/br-p01/222	-0.116012254306433	0.031707092796193	church	NN	fiction_romance	fiction	E	E	DE	CDE	church%1:04:00::	E	E	DE	CDE	 from its elders. Youth obeyed when commanded. It went to <font color=green>church</font>  on Sunday and one Saturday a month went to confession	NN	imaginative	5	3	2.9	0.6	4	church
church/NN/br-p01/829	-0.354867433921493	0.232228642398423	church	NN	fiction_romance	fiction	D	D	DE	CDE	church%1:06:00::	D	D	DE	CDE	 to Drexel Street and his back in opposition to the <font color=green>church</font>  behind him. For all he saw or cared to see	NN	imaginative	5	0	2.88	0	1	church
church/NN/br-p04/2406	-0.410141990036749	-0.0388693139797008	church	NN	fiction_romance	fiction	D	D	DE	CDE	Z	Z	Z	Z	Z	 sky. She felt mindless, walking, and almost easy until the <font color=green>church</font>  spire told her she was near the cemetery, and she	NN	imaginative	3	1	4.09	0.33	1	church
church/NN/br-p04/983	-0.410141990036749	-0.0388693139797008	church	NN	fiction_romance	fiction	D	D	DE	CDE	Z	Z	Z	Z	Z	 beyond the door. To a Blackwell, there was only one <font color=green>church</font> . The cemetery slumbered just behind it, and the way lay	NN	imaginative	2	1	4.09	0.5	1	church
church/NN/br-p12/1014	-0.3965740381612	0.300390345473824	church	NN	fiction_romance	fiction	D	D	DE	CDE	church%1:06:00::	D	D	DE	CDE	 Then they took a taxi to Trastevere.`` There 's a <font color=green>church</font>  you should see'', she said. And when they stood by	NN	imaginative	3	1	3.16	0.33	1	church
church/NN/br-p12/1102	-0.428570442649267	0.104655295420029	church	NN	fiction_romance	fiction	D	D	DE	CDE	church_bell%1:06:00::	D	D	DE	CDE	 in the morning when he woke up at ten the <font color=green>church</font>  bells were ringing. He had never heard so many bells	NN	imaginative	2	1	2.86	0.5	1	church
church/NN/br-p12/1260	-0.0587585979203949	-0.0407402007568477	church	NN	fiction_romance	fiction	E	E	DE	CDE	church%1:04:00::	E	E	DE	CDE	 snuggled against him, he wondered if she ever went to <font color=green>church</font> . Why did he want her to go to church? he	NN	imaginative	2	0	3.46	0	1	church
church/NN/br-p12/1270	-0.0587585979203949	-0.0407402007568477	church	NN	fiction_romance	fiction	E	E	DE	CDE	church%1:04:00::	E	E	DE	CDE	 to church. Why did he want her to go to <font color=green>church</font> ? he wondered. Probably because it was a place where she	NN	imaginative	2	0	3.46	0	1	church
church/NN/br-p12/1433	0.0635267163622999	-0.186186172128736	church	NN	fiction_romance	fiction	C	C	C	CDE	church%1:04:00::	E	E	DE	CDE	 woman though, she would take only what she needed from <font color=green>church</font> . It was too bad he was n't a Catholic himself	NN	imaginative	3	1	4.38	0.33	1	church
church/NN/br-p12/1559	-0.446206995686092	-0.0906579548629036	church	NN	fiction_romance	fiction	E	E	DE	CDE	church%1:04:00::	E	E	DE	CDE	 girl like Carla if she got up and went to <font color=green>church</font> . A half hour later he got her up to go	NN	imaginative	1	0	2.68	0	1	church
church/NN/br-r05/1163	-0.221048417620309	0.171360531923221	church	NN	humor	fiction	C	C	C	CDE	church%1:06:00::	D	D	DE	CDE	 While Henry Morgan was escorting Miss Vera Green from the <font color=green>church</font>  social last Saturday night, a savage dog attacked them and	NN	imaginative	3	1	2.76	0.33	2	church
church/NNP/br-a17/2134	-0.17239603014274	0.333248410810163	church	NNP	press_reportage	press	D	D	DE	CDE	Z	Z	Z	Z	Z	 at the ceremony in Slaughter Chapel of the First Baptist <font color=green>Church</font> . Dan Beam presented music and the bride was given in	NNP	informative	2	0	3.88	0	2	Church
church/NNP/br-a18/760	-0.170256779853321	0.162907964596915	church	NNP	press_reportage	press	C	C	C	CDE	Z	Z	Z	Z	Z	 the party. The women 's committee of St. David 's <font color=green>Church</font>  will hold its annual pre-Fair pink parade, a dessert bridge	NNP	informative	5	2	3.19	0.4	4	Church
church/NNP/br-a31/2143	-0.077373530511539	0.157929453602547	church	NNP	press_reportage	press	C	C	C	CDE	Z	Z	Z	Z	Z	 7: 45 p. m.. The outstanding family of Central Nazarene <font color=green>Church</font>  will be picked by ballot from among eight families during	NNP	informative	3	1	3.3	0.33	4	Church
church/NNP/br-a35/810	0.196670945615386	0.301319039248461	church	NNP	press_reportage	press	A	A	AB	AB	Z	Z	Z	Z	Z	 deserves closer scrutiny. For while the past needs of the <font color=green>Church</font>  in this country may have been adequately met by collegiate	NNP	informative	2	0	3.59	0	3	Church
church/NNP/br-b08/1804	-0.1545359665315	0.104918108421038	church	NNP	press_editorial	press	C	C	C	CDE	Z	Z	Z	Z	Z	 his letter of resignation as rector of St. Luke 's <font color=green>Church</font>  in Atlanta. It was the cry of not just one	NNP	informative	3	1	3.28	0.33	3	Church
church/NNP/br-b12/2221	0.00593947511830869	-0.0241389677448002	church	NNP	press_editorial	press	B	B	AB	AB	Z	Z	Z	Z	Z	 committee made up of representatives of the Church of England, <font color=green>Church</font>  of Scotland, Methodist Church, Congregational Union, Baptist Union, Presbyterian Church	NNP	informative	9	5	3.57	0.56	5	Church
church/NNP/br-b22/1005	0.209753341045064	0.17157488456715	church	NNP	press_editorial	press	A	A	AB	AB	Z	Z	Z	Z	Z	 concern itself directly only with the internal affairs of the <font color=green>Church</font> . As it has turned out, however, the excessive enthusiasm in	NNP	informative	2	2	2.85	1	3	Church
church/NNP/br-b22/1077	0.0699039520310385	-0.23343836290505	church	NNP	press_editorial	press	A	A	AB	AB	Z	Z	Z	Z	Z	 that Pope John sees the renewal and purification of the <font color=green>Church</font>  as an absolutely necessary step toward Christian unity. Far from	NNP	informative	5	1	3.72	0.2	3	Church
church/NNP/br-b22/1102	0.242583158010925	0.177341643462979	church	NNP	press_editorial	press	A	A	AB	AB	Z	Z	Z	Z	Z	 to the ecumenical task, the Pontiff believes that a revivified <font color=green>Church</font>  is required in order that the whole world may see	NNP	informative	5	0	3.04	0	3	Church
church/NNP/br-b22/1154	0.166178965950446	-0.259883585127786	church	NNP	press_editorial	press	A	A	AB	AB	Z	Z	Z	Z	Z	 be to remove as far as possible whatever in the <font color=green>Church</font>  today stands in the way of unity. Secondly, a whole	NNP	informative	1	1	4.11	1	1	Church
church/NNP/br-b22/1193	-0.0124145716259806	0.0702542025553389	church	NNP	press_editorial	press	A	A	AB	AB	Z	Z	Z	Z	Z	 unity is still very much alive and growing within the <font color=green>Church</font> . The establishment, by the Holy Father, of a permanent Secretariat	NNP	informative	3	0	3.28	0	4	Church
church/NNP/br-b22/1245	0.0886854891628937	0.155350416437369	church	NNP	press_editorial	press	B	B	AB	AB	Z	Z	Z	Z	Z	 Churches assembly in New Delhi as`` official'' observers reverses the <font color=green>Church</font>  's earlier stand. The public appeal by the new Vatican	NNP	informative	3	1	3.18	0.33	6	Church
church/NNP/br-b22/1318	0.0967010007402255	-0.0469409620672666	church	NNP	press_editorial	press	B	B	AB	AB	Z	Z	Z	Z	Z	 as directly as anyone the new spirit that pervades the <font color=green>Church</font>  's stance toward the Protestant and Orthodox Churches. Noting all	NNP	informative	3	1	3.63	0.33	4	Church
church/NNP/br-d03/1914	-0.0283416317858001	-0.0617507157990819	church	NNP	religion	non-fiction	B	B	AB	AB	group%1:03:00::	C	C	C	CDE	 the Observer depicting clergymen of the Church of England, the <font color=green>Church</font>  of Rome and the Nonconformist Church. The Catholic priest, though	NNP	informative	5	2	4.13	0.4	6	Church
church/NNP/br-d03/1920	-0.0222725412073187	-0.0901948566219301	church	NNP	religion	non-fiction	B	B	AB	AB	group%1:03:00::	C	C	C	CDE	 Church of England, the Church of Rome and the Nonconformist <font color=green>Church</font> . The Catholic priest, though somewhat superficially drawn, easily came out	NNP	informative	5	3	4.17	0.6	5	Church
church/NNP/br-d03/2022	-0.0292600865529325	-0.127369155316845	church	NNP	religion	non-fiction	B	B	AB	AB	group%1:03:00::	C	C	C	CDE	 comments were equally made by an Anglican parson, a Free <font color=green>Church</font>  minister and a Catholic priest. Catholic priests have frequently appeared	NNP	informative	3	2	4.45	0.67	6	Church
church/NNP/br-d03/91	0.0665976871549125	-0.1267119933156	church	NNP	religion	non-fiction	A	A	AB	AB	group%1:03:00::	C	C	C	CDE	 the religious sphere so popularly discussed as Christian unity. The <font color=green>Church</font>  Unity Octave, January 18- 25, was enthusiastically devoted to prayer	NNP	informative	5	2	3.51	0.4	4	Church
church/NNP/br-d05/1515	-0.0952760008303235	-0.0978061813365751	church	NNP	religion	non-fiction	C	C	C	CDE	Z	Z	Z	Z	Z	 the world-at-large, disguised as the minister of a`` twenty-eighth Congregational <font color=green>Church</font> '' which bore no resemblance to the Congregational polities descended from	NNP	informative	2	3	4.42	1.5	6	Church
church/NNP/br-d05/207	0.165866718887842	0.434376209146287	church	NNP	religion	non-fiction	C	C	C	CDE	Z	Z	Z	Z	Z	 existed for their returning the Public Lecture to the First <font color=green>Church</font> , and so to suppress it, rather than let Parker use	NNP	informative	2	1	3.97	0.5	1	Church
church/NNP/br-d09/1115	0.0970302931004219	-0.0261822131702411	church	NNP	religion	non-fiction	A	A	AB	AB	Z	Z	Z	Z	Z	 Reception Service. There is a growing conviction among pastors and <font color=green>Church</font>  leaders that all those who come into the fellowship of	NNP	informative	3	1	4.08	0.33	2	Church
church/NNP/br-d09/1127	0.137803439261572	0.109275419927119	church	NNP	religion	non-fiction	C	C	C	CDE	Z	Z	Z	Z	Z	 that all those who come into the fellowship of the <font color=green>Church</font>  need preparatory training, including those coming by transfer of membership	NNP	informative	3	1	4.13	0.33	2	Church
church/NNP/br-d09/1156	0.0869291256480317	0.298988542597876	church	NNP	religion	non-fiction	A	A	AB	AB	Z	Z	Z	Z	Z	 There is danger in trying to make admission to the <font color=green>Church</font>  so easy and painless that people will scarcely know that	NNP	informative	1	1	3.42	1	3	Church
church/NNP/br-d09/129	-0.0170316796321461	0.0353856227198547	church	NNP	religion	non-fiction	A	A	AB	AB	Z	Z	Z	Z	Z	 one-third of those visited make commitments to Christ and the <font color=green>Church</font> . The pastor and the Membership Preparation and Assimilation Committee must	NNP	informative	2	1	4.01	0.5	5	Church
church/NNP/br-d09/1297	0.0235697296891228	-0.0114095876578421	church	NNP	religion	non-fiction	B	B	AB	AB	Z	Z	Z	Z	Z	 faith and to be received into the fellowship of the <font color=green>Church</font> . This should be a high moment in their lives, a	NNP	informative	2	1	4.19	0.5	3	Church
church/NNP/br-d09/1404	0.38393735171713	-0.0712773135139688	church	NNP	religion	non-fiction	A	A	AB	AB	Z	Z	Z	Z	Z	 to determine the attitude of the new members toward the <font color=green>Church</font> . It can mean the difference between participation and inaction, spiritual	NNP	informative	5	1	3.95	0.2	1	Church
church/NNP/br-d09/1436	0.458403209696159	0.0477457423278279	church	NNP	religion	non-fiction	A	A	AB	AB	Z	Z	Z	Z	Z	 natural and logical time to receive new members into the <font color=green>Church</font> . The atmosphere for this momentous experience can be created most	NNP	informative	3	0	3.61	0	1	Church
church/NNP/br-d09/1708	0.433462086007592	0.201598517573746	church	NNP	religion	non-fiction	A	A	AB	AB	Z	Z	Z	Z	Z	 be a participant. Yet the most difficult problem in the <font color=green>Church</font>  's program of evangelism is right at this point- helping	NNP	informative	1	0	2.55	0	1	Church
church/NNP/br-d09/172	0.11262255489558	-0.0281155335563633	church	NNP	religion	non-fiction	A	A	AB	AB	Z	Z	Z	Z	Z	 determine their interest and participation in the life of the <font color=green>Church</font> . Neglect means spiritual paralysis or death. Churches that have a	NNP	informative	3	2	3.37	0.67	3	Church
church/NNP/br-d09/1774	0.0507481135902939	0.321517229955213	church	NNP	religion	non-fiction	C	C	C	CDE	Z	Z	Z	Z	Z	 that nearly 40 per cent of those who joined the <font color=green>Church</font>  were lost to the Church within seven years. One denomination	NNP	informative	3	1	3.37	0.33	1	Church
church/NNP/br-d09/1779	0.0480565206382249	0.106601526821154	church	NNP	religion	non-fiction	C	C	C	CDE	Z	Z	Z	Z	Z	 of those who joined the Church were lost to the <font color=green>Church</font>  within seven years. One denomination had a membership of 1419833	NNP	informative	4	2	3.98	0.5	2	Church
church/NNP/br-d09/2131	0.0759779798586104	-0.00818948418373836	church	NNP	religion	non-fiction	A	A	AB	AB	Z	Z	Z	Z	Z	 the meaning of Christian discipleship. When they unite with the <font color=green>Church</font>  they must find in this fellowship the satisfaction of their	NNP	informative	3	1	4.07	0.33	4	Church
church/NNP/br-d09/2155	0.215154810638225	-0.280628202493833	church	NNP	religion	non-fiction	A	A	AB	AB	Z	Z	Z	Z	Z	 needs or they will never mature into effective Christians. The <font color=green>Church</font>  expects certain things of those who become members. The new	NNP	informative	5	2	3.92	0.4	2	Church
church/NNP/br-d09/231	0.189974706598437	0.0576099226905053	church	NNP	religion	non-fiction	A	A	AB	AB	Z	Z	Z	Z	Z	 It is important that persons desiring to unite with the <font color=green>Church</font>  be prepared for this experience so that it may be	NNP	informative	3	2	3.87	0.67	3	Church
church/NNP/br-d09/262	0.0430152504814285	0.048559360463534	church	NNP	religion	non-fiction	A	A	AB	AB	Z	Z	Z	Z	Z	 to ask a person to take the sacred vows of <font color=green>Church</font>  membership before he has been carefully instructed concerning their implications	NNP	informative	5	4	4.35	0.8	5	Church
church/NNP/br-d09/276	0.0435807437443996	0.0744650199817277	church	NNP	religion	non-fiction	B	B	AB	AB	Z	Z	Z	Z	Z	 he has been carefully instructed concerning their implications. Preparation for <font color=green>Church</font>  membership begins immediately after the commitment is received. The pastor	NNP	informative	4	1	4.05	0.25	6	Church
church/NNP/br-d09/39	0.194377818401725	-0.206237303464657	church	NNP	religion	non-fiction	A	A	AB	AB	Z	Z	Z	Z	Z	 to achieve Christian stature, it is an indictment of the <font color=green>Church</font> . These fatalities are dramatic evidence of`` halfway evangelism'', a failure	NNP	informative	4	2	3.78	0.5	3	Church
church/NNP/br-d09/515	-0.0195256797306648	0.0467679574572204	church	NNP	religion	non-fiction	A	A	AB	AB	Z	Z	Z	Z	Z	 require more. None should ask less. Those who join the <font color=green>Church</font>  need to be instructed in the faith and the meaning	NNP	informative	3	3	3.71	1	4	Church
church/NNP/br-d09/544	0.0493497790353268	0.0527349675871625	church	NNP	religion	non-fiction	A	A	AB	AB	Z	Z	Z	Z	Z	 sacred vows. They will have a greater appreciation for the <font color=green>Church</font>  and a deeper devotion to it if membership requires something	NNP	informative	2	1	3.78	0.5	4	Church
church/NNP/br-d09/6	0.0464350803847782	0.178871700190554	church	NNP	religion	non-fiction	A	A	AB	AB	Z	Z	Z	Z	Z	 Few persons who join the <font color=green>Church</font>  are insincere. They earnestly desire to do the will of	NNP	informative	2	1	3.42	0.5	3	Church
church/NNP/br-d09/624	0.0498801296577216	0.0103371198044801	church	NNP	religion	non-fiction	C	C	C	CDE	Z	Z	Z	Z	Z	 cover four major areas: The Christian Faith History of the <font color=green>Church</font>  Duties of Church Membership The Local Church and Its Program	NNP	informative	4	2	3.88	0.5	4	Church
church/NNP/br-d09/627	0.031504617491595	0.0244164460188138	church	NNP	religion	non-fiction	C	C	C	CDE	Z	Z	Z	Z	Z	 areas: The Christian Faith History of the Church Duties of <font color=green>Church</font>  Membership The Local Church and Its Program Following each instruction	NNP	informative	4	2	3.79	0.5	6	Church
church/NNP/br-d09/631	0.0319970046691951	0.0481164000836818	church	NNP	religion	non-fiction	C	C	C	CDE	Z	Z	Z	Z	Z	 History of the Church Duties of Church Membership The Local <font color=green>Church</font>  and Its Program Following each instruction period a piece of	NNP	informative	4	2	3.82	0.5	5	Church
church/NNP/br-d14/1311	-0.0348640700174185	-0.0493776981951067	church	NNP	religion	non-fiction	B	B	AB	AB	Z	Z	Z	Z	Z	 men and women of New England ancestry also issued the <font color=green>Church</font>  of Jesus Christ of Latter Day Saints, the Seventh Day	NNP	informative	7	2	2.96	0.29	5	Church
church/NNP/br-e13/1916	-0.0775392478005086	0.240115271070906	church	NNP	skill_and_hobbies	non-fiction	D	D	DE	CDE	Z	Z	Z	Z	Z	 a road toward another gate in the distance, past the <font color=green>Church</font>  of St. Irene, completed by Constantine in 330 A. D.	NNP	informative	3	3	2.96	1	3	Church
church/NNP/br-g02/1539	0.0537639835518369	-0.200792681733109	church	NNP	belles_lettres	fiction	A	A	AB	AB	Z	Z	Z	Z	Z	 and influence of such other claimants for loyalty as the <font color=green>Church</font> . The breakup of the Holy Roman Empire and the downfall	NNP	informative	4	2	3.49	0.5	2	Church
church/NNP/br-j25/691	0.256295077175019	-0.11720210220857	church	NNP	learned	non-fiction	B	B	AB	AB	Z	Z	Z	Z	Z	 indicators of expected adherence to group norms. However, because of <font color=green>Church</font>  laws, lately more stringently enforced, which forbid the marriage of	NNP	informative	5	3	3.76	0.6	3	Church
church/NNP/br-j57/304	-0.0717133760628227	-0.125545512634991	church	NNP	learned	non-fiction	B	B	AB	AB	group%1:03:00::	C	C	C	CDE	 Indeed, it is even surprising in the Canon of Christ <font color=green>Church</font>  and Regius Professor of Ecclesiastical History, who fathered this most	NNP	informative	3	1	3.32	0.33	4	Church
church/NNP/br-k04/233	-0.193961066267662	0.163516887076334	church	NNP	fiction_gral	fiction	D	D	DE	CDE	group%1:03:00::	C	C	C	CDE	 of this crowded region was the Allen African Methodist Episcopal <font color=green>Church</font> . It was an old and dirty wooden structure, sadly in	NNP	imaginative	4	2	3.54	0.5	4	Church
church/NNP/br-k06/1930	0.130978035954239	-0.0347983409245911	church	NNP	fiction_gral	fiction	D	D	DE	CDE	group%1:03:00::	C	C	C	CDE	 strike the steeples of the other churches; not of Drew <font color=green>Church</font> . A flash illumined the trees as a crooked bolt twigged	NNP	imaginative	2	0	3.7	0	2	Church
church/NNP/br-k06/698	-0.141344434911623	-0.352600546885688	church	NNP	fiction_gral	fiction	D	D	DE	CDE	group%1:03:00::	C	C	C	CDE	 the foothills, was the city of God. The Dutch Reformed <font color=green>Church</font> , with two steeples and its own school was on Main	NNP	imaginative	4	0	2.59	0	1	Church
church/NNP/br-k06/714	-0.0632308825681459	-0.124741525353232	church	NNP	fiction_gral	fiction	D	D	DE	CDE	group%1:03:00::	C	C	C	CDE	 and its own school was on Main Street; the Episcopal <font color=green>Church</font>  was one block down Sussex Street; the Catholic Saint Mary's	NNP	imaginative	4	1	4.16	0.25	2	Church
church/NNP/br-k06/726	-0.089924499307938	-0.0854917216737381	church	NNP	fiction_gral	fiction	D	D	DE	CDE	group%1:03:00::	C	C	C	CDE	 was one block down Sussex Street; the Catholic Saint Mary's <font color=green>Church</font> , with an even taller steeple and a cross on top	NNP	imaginative	5	1	4.1	0.2	3	Church
church/NNP/br-k06/841	-0.153336078146515	-0.0940776171960042	church	NNP	fiction_gral	fiction	D	D	DE	CDE	group%1:03:00::	C	C	C	CDE	 became familiar with God, who resided chiefly in Drew Centennial <font color=green>Church</font>  with its high steeple and clock. There was no church	NNP	imaginative	3	1	3.43	0.33	4	Church
church/NNP/br-k06/855	-0.107519011654675	-0.0167429039328484	church	NNP	fiction_gral	fiction	D	D	DE	CDE	group%1:03:00::	C	C	C	CDE	 high steeple and clock. There was no church like Drew <font color=green>Church</font> , no preacher like Papa, who was intimate with Him, and	NNP	imaginative	2	1	3.76	0.5	5	Church
church/NNP/br-k10/1229	-0.0508227668435237	0.179877726858458	church	NNP	fiction_gral	fiction	B	B	AB	AB	group%1:03:00::	C	C	C	CDE	 smashing images and tearing down symbols sacred to the Old <font color=green>Church</font> . John found it difficult, but he held him in check	NNP	imaginative	4	3	3.61	0.75	6	Church
church/NNS/br-a09/1417	0.0648912787053164	0.199144995016132	church	NNS	press_reportage	press	D	D	DE	CDE	Z	Z	Z	Z	Z	 will feature row houses, garden apartments, four small parks, schools, <font color=green>churches</font> , a shopping center and several small clusters of stores. The	NNS	informative	7	3	3.09	0.43	4	churches
church/NNS/br-a10/1674	-0.0407613247377295	0.20028418127917	church	NNS	press_reportage	press	D	D	DE	CDE	Z	Z	Z	Z	Z	 need for their forthcoming program,`` Breakthrough'' scheduled to fill the <font color=green>churches</font>  for the next two years. In his opening address Wednesday	NNS	informative	5	1	2.76	0.2	2	churches
church/NNS/br-a10/1831	0.395883325275182	0.272210786298351	church	NNS	press_reportage	press	C	C	C	CDE	Z	Z	Z	Z	Z	 with this challenge''.`` In 35 years we have opened 7000 <font color=green>churches</font> '', the Rev. Mr. Brandt said, adding that the denomination had	NNS	informative	3	0	4.56	0	1	churches
church/NNS/br-a10/1863	0.340972075564488	0.226305193121141	church	NNS	press_reportage	press	C	C	C	CDE	Z	Z	Z	Z	Z	 for every 10000 persons.`` In this light we need 1000 <font color=green>churches</font>  in Illinois, where we have 200; 800 in Southern New	NNS	informative	3	1	2.8	0.33	1	churches
church/NNS/br-a10/1918	0.280887657096086	0.0913167249086759	church	NNS	press_reportage	press	C	C	C	CDE	Z	Z	Z	Z	Z	 Brandt suggested the vision of 8000 new Assemblies of God <font color=green>churches</font>  in the next 10 years. To accomplish this would necessitate	NNS	informative	3	1	3.31	0.33	3	churches
church/NNS/br-a10/1980	0.129310910278187	-0.00889394054618633	church	NNS	press_reportage	press	C	C	C	CDE	Z	Z	Z	Z	Z	 includes: Encouraging by every means, all existing Assemblies of God <font color=green>churches</font>  to start new churches. Engaging mature, experienced men to pioneer	NNS	informative	6	0	3.84	0	6	churches
church/NNS/br-a10/1984	0.136291482766413	-0.0181383596600635	church	NNS	press_reportage	press	C	C	C	CDE	Z	Z	Z	Z	Z	 means, all existing Assemblies of God churches to start new <font color=green>churches</font> . Engaging mature, experienced men to pioneer or open new churches	NNS	informative	6	1	4.07	0.17	5	churches
church/NNS/br-a10/1996	0.197766767275475	0.024695964927562	church	NNS	press_reportage	press	C	C	C	CDE	Z	Z	Z	Z	Z	 churches. Engaging mature, experienced men to pioneer or open new <font color=green>churches</font>  in strategic population centers. Surrounding pioneer pastors with vocational volunteers	NNS	informative	7	1	4.01	0.14	6	churches
church/NNS/br-a10/2022	0.249235690071734	0.138747413767876	church	NNS	press_reportage	press	C	C	C	CDE	Z	Z	Z	Z	Z	 will be urged to move into the area of new <font color=green>churches</font>  in the interest of lending their support to the new	NNS	informative	2	0	3.3	0	2	churches
church/NNS/br-a10/2051	-0.0531513514925572	0.293217018898268	church	NNS	press_reportage	press	C	C	C	CDE	Z	Z	Z	Z	Z	 to spend from 6- 12 months as apprentices in well-established <font color=green>churches</font> . U. S. Dist. Judge Charles L. Powell denied all motions	NNS	informative	2	0	3.11	0	2	churches
church/NNS/br-a31/1594	0.302653700382098	0.152719339946686	church	NNS	press_reportage	press	C	C	C	CDE	Z	Z	Z	Z	Z	 than 300 top teenagers and 65 adult advisers from Presbyterian <font color=green>churches</font>  of the area sat enthralled at the four-hour program. This	NNS	informative	4	1	3.57	0.25	2	churches
church/NNS/br-a31/1753	0.403582912272015	0.157795325728006	church	NNS	press_reportage	press	C	C	C	CDE	Z	Z	Z	Z	Z	 Auditorium may be set up soon. And to encourage other <font color=green>churches</font>  to try their own programs, Kern said this Sunday 's	NNS	informative	3	1	2.68	0.33	1	churches
church/NNS/br-a31/1806	-0.056133902581556	0.233140100010186	church	NNS	press_reportage	press	D	D	DE	CDE	Z	Z	Z	Z	Z	 special services marking National Christian Family Week in Miami area <font color=green>churches</font>  next week. Of particular meaning to the Charles MacWhorter family	NNS	informative	4	0	2.93	0	2	churches
church/NNS/br-b04/1480	0.0997649565221318	0.209574596679981	church	NNS	press_editorial	press	C	C	C	CDE	Z	Z	Z	Z	Z	 his money and his name: Does it assail schools and <font color=green>churches</font>  with blanket accusations? Does it attack other traditional American institutions	NNS	informative	4	1	3.12	0.25	3	churches
church/NNS/br-b12/2239	0.0291334438181516	-0.0229822257682976	church	NNS	press_editorial	press	B	B	AB	AB	Z	Z	Z	Z	Z	 Methodist Church, Congregational Union, Baptist Union, Presbyterian Church of England, <font color=green>Churches</font>  in Wales, Churches in Ireland, Society of Friends, British and	NNPS	informative	7	0	2.87	0	5	Churches
church/NNS/br-b12/2243	0.0291334438181516	-0.0229822257682976	church	NNS	press_editorial	press	B	B	AB	AB	Z	Z	Z	Z	Z	 Union, Baptist Union, Presbyterian Church of England, Churches in Wales, <font color=green>Churches</font>  in Ireland, Society of Friends, British and Foreign Bible Society	NNPS	informative	2	0	2.96	0	4	Churches
church/NNS/br-b22/1233	0.185644282310888	0.113305310760334	church	NNS	press_editorial	press	B	B	AB	AB	Z	Z	Z	Z	Z	 of five Catholic theologians to attend the World Council of <font color=green>Churches</font>  assembly in New Delhi as`` official'' observers reverses the Church	NNPS	informative	5	2	3.09	0.4	4	Churches
church/NNS/br-b22/1326	0.130414745008543	-0.184415526235362	church	NNS	press_editorial	press	B	B	AB	AB	Z	Z	Z	Z	Z	 pervades the Church 's stance toward the Protestant and Orthodox <font color=green>Churches</font> . Noting all the difficulties that stand in the way of	NNPS	informative	2	1	3.91	0.5	3	Churches
church/NNS/br-c08/1853	0.105960491617514	-0.0726795214199999	church	NNS	press_reviews	press	C	C	C	CDE	Z	Z	Z	Z	Z	 the early jazz forms and the music of the Negro <font color=green>churches</font> . To help him on this religious aspect of primitive jazz	NNS	informative	4	1	2.92	0.25	4	churches
church/NNS/br-d02/548	0.448326586315732	-0.16547420665514	church	NNS	religion	non-fiction	B	B	AB	AB	church%1:14:00::	B	B	AB	AB	 observed to characterize the preaching and teaching of the American <font color=green>churches</font> . In the absence of a truly adequate conceptuality in which	NNS	informative	3	0	3.47	0	1	churches
church/NNS/br-d03/1011	0.234876117626142	0.299481212320944	church	NNS	religion	non-fiction	D	D	DE	CDE	church%1:06:00::	D	D	DE	CDE	 often, the sale of 764 chapels''. Most of these former <font color=green>churches</font>  are now used as warehouses, but`` neither Anglicans nor Nonconformists	NNS	informative	3	0	2.6	0	1	churches
church/NNS/br-d03/1027	0.0620022452512921	-0.151173345840647	church	NNS	religion	non-fiction	D	D	DE	CDE	church%1:06:00::	D	D	DE	CDE	 as warehouses, but`` neither Anglicans nor Nonconformists object to selling <font color=green>churches</font>  to Roman Catholics'', and have done so. While it must	NNS	informative	2	0	3.52	0	3	churches
church/NNS/br-d03/1051	0.132650580350888	-0.0547267682554345	church	NNS	religion	non-fiction	D	D	DE	CDE	church%1:06:00::	D	D	DE	CDE	 be said that these same Protestants have built some new <font color=green>churches</font>  during this period, and that religious population shifts have emptied	NNS	informative	4	2	3.15	0.5	4	churches
church/NNS/br-d03/1063	0.153202031924349	-0.0298366501717042	church	NNS	religion	non-fiction	C	C	C	CDE	church%1:06:00::	D	D	DE	CDE	 during this period, and that religious population shifts have emptied <font color=green>churches</font> , a principal reason for this phenomenon of redundancy is that	NNS	informative	5	4	3.12	0.8	5	churches
church/NNS/br-d03/110	-0.0389704632419182	0.0647068550728892	church	NNS	religion	non-fiction	C	C	C	CDE	church%1:14:00::	B	B	AB	AB	 was enthusiastically devoted to prayer and discussion by the various <font color=green>churches</font> . Many people seem hopeful, yet it is difficult to predict	NNS	informative	5	2	3.24	0.4	3	churches
church/NNS/br-d03/1472	-0.0230526450751333	-0.195643570725246	church	NNS	religion	non-fiction	E	E	DE	CDE	church%1:06:00::	D	D	DE	CDE	 thy Son''. A hymn often to be heard in Catholic <font color=green>churches</font>  is`` Faith of our Fathers'', which glories in England 's	NNS	informative	3	1	3.02	0.33	1	churches
church/NNS/br-d03/1884	0.0386810392598218	-0.0407237156412966	church	NNS	religion	non-fiction	B	B	AB	AB	church%1:14:00::	B	B	AB	AB	 at least of equal stature in England with the Protestant <font color=green>churches</font> . On successive Sundays during October, 1960, Paul Ferris( a non-Catholic	NNS	informative	2	2	3.33	1	5	churches
church/NNS/br-d03/313	0.050243765783176	-0.0904531329861189	church	NNS	religion	non-fiction	B	B	AB	AB	anglican_church%1:14:00::	B2	B	AB	AB	 saying and writing and implying about the Roman and Anglican <font color=green>Churches</font>  and about the present religious state of England. Since the	NNPS	informative	5	3	3.48	0.6	3	Churches
church/NNS/br-d03/35	0.018010207404577	-0.0736852102614274	church	NNS	religion	non-fiction	B	B	AB	AB	anglican_church%1:14:00::	B2	B	AB	AB	 efforts of only unauthorized individuals of the Roman and Anglican <font color=green>Churches</font> , and urging a communion of prayer unacceptable to Rome, this	NNPS	informative	5	3	3.61	0.6	4	Churches
church/NNS/br-d03/779	0.0823865672376919	-0.117764462102746	church	NNS	religion	non-fiction	D	D	DE	CDE	church%1:06:00::	D	D	DE	CDE	 less than ten. From many sides come remarks that Protestant <font color=green>churches</font>  are badly attended and the large medieval cathedrals look all	NNS	informative	4	1	3.42	0.25	4	churches
church/NNS/br-d03/849	0.0837811547479349	0.06717780685521	church	NNS	religion	non-fiction	C	C	C	CDE	church%1:06:00::	D	D	DE	CDE	 admit the great falling off in effective membership in their <font color=green>churches</font> . According to a newspaper report of the 1961 statistics of	NNS	informative	2	2	3.5	1	2	churches
church/NNS/br-d03/929	-0.269920404206206	0.0485810642369636	church	NNS	religion	non-fiction	C	C	C	CDE	church%1:06:00::	D	D	DE	CDE	 the Manchester Guardian of last November, entitled`` Fate of Redundant <font color=green>Churches</font> '', states than an Archbishops' Commission`` reported last month that in	NNPS	informative	2	0	3.35	0	2	Churches
church/NNS/br-d03/952	-0.0256689450681455	-0.0474320970883627	church	NNS	religion	non-fiction	C	C	C	CDE	church%1:06:00::	D	D	DE	CDE	 that in the Church of England alone there are 790 <font color=green>churches</font>  which are redundant now, or will be in 20 years	NNS	informative	3	2	2.83	0.67	2	churches
church/NNS/br-d05/1536	0.284564393908813	-0.190290682938104	church	NNS	religion	non-fiction	C	C	C	CDE	Z	Z	Z	Z	Z	 descended from the founders( among which were still the Unitarian <font color=green>churches</font> ), made explicit from the beginning that the conflict between him	NNS	informative	1	0	3.26	0	2	churches
church/NNS/br-d05/1935	0.322799889473257	0.305945562250549	church	NNS	religion	non-fiction	C	C	C	CDE	Z	Z	Z	Z	Z	 his colleagues know that he intended them:`` Even the Unitarian <font color=green>churches</font>  have caught the malaria, and are worse than those who	NNS	informative	2	0	2.72	0	1	churches
church/NNS/br-d09/1216	0.217764435389812	-0.0145686107002608	church	NNS	religion	non-fiction	C	C	C	CDE	Z	Z	Z	Z	Z	 membership training, since this is a recent development in many <font color=green>churches</font> . Those coming from other denominations will welcome the opportunity to	NNS	informative	3	1	3.63	0.33	2	churches
church/NNS/br-d09/181	0.063955384742528	0.105945844032531	church	NNS	religion	non-fiction	C	C	C	CDE	Z	Z	Z	Z	Z	 life of the Church. Neglect means spiritual paralysis or death. <font color=green>Churches</font>  that have a carefully planned program of membership preparation and	NNPS	informative	4	2	3.33	0.5	3	Churches
church/NNS/br-d09/1910	0.128610439039097	0.0777688638355018	church	NNS	religion	non-fiction	C	C	C	CDE	Z	Z	Z	Z	Z	 This problem is illustrated by the fact that many local <font color=green>churches</font>  drop from the active membership rolls each year as many	NNS	informative	4	1	3.19	0.25	2	churches
church/NNS/br-d09/1946	0.131996392025193	0.0661135645391079	church	NNS	religion	non-fiction	C	C	C	CDE	Z	Z	Z	Z	Z	 some areas where population is expanding, show that numbers of <font color=green>churches</font>  have had little net increase, though many new members were	NNS	informative	5	3	2.91	0.6	4	churches
church/NNS/br-d09/502	0.08380816227618	0.118195701598876	church	NNS	religion	non-fiction	C	C	C	CDE	Z	Z	Z	Z	Z	 sessions of preparation for membership is necessary for adults. Some <font color=green>churches</font>  require more. None should ask less. Those who join the	NNS	informative	5	3	3.45	0.6	3	churches
church/NNS/br-d09/559	0.0151262905046118	0.0455016774327372	church	NNS	religion	non-fiction	C	C	C	CDE	Z	Z	Z	Z	Z	 devotion to it if membership requires something of them. Many <font color=green>churches</font>  find the Sunday school hour to be the most practical	NNS	informative	4	2	2.98	0.5	4	churches
church/NNS/br-d09/891	0.159010968791539	0.220297704177843	church	NNS	religion	non-fiction	C	C	C	CDE	Z	Z	Z	Z	Z	 have been found effective. Extend the number of classes. Some <font color=green>churches</font>  have six or more training sessions of two hours each	NNS	informative	3	2	2.9	0.67	2	churches
church/NNS/br-d10/1095	0.198791974772147	-0.0153275334575504	church	NNS	religion	non-fiction	C	C	C	CDE	Z	Z	Z	Z	Z	 Asians tend to consider not only missions but the local <font color=green>churches</font>  they have produced as centers and agents of Western culture	NNS	informative	4	3	3.42	0.75	4	churches
church/NNS/br-d10/2114	0.227352517668353	0.0358334357437609	church	NNS	religion	non-fiction	B	B	AB	AB	Z	Z	Z	Z	Z	 Newbiggin reflects the dominant position within the World Council of <font color=green>Churches</font>  when he says,`` We must claim absoluteness and finality for	NNPS	informative	2	1	3.26	0.5	2	Churches
church/NNS/br-d10/305	0.449636731633151	-0.0138823103630146	church	NNS	religion	non-fiction	C	C	C	CDE	Z	Z	Z	Z	Z	 may have a certain justification, we ought to dispense with <font color=green>churches</font> . The suggestion is naive. Man is at once a gregarious	NNS	informative	1	0	2.94	0	1	churches
church/NNS/br-d14/1926	0.10850630101131	-0.104488842588885	church	NNS	religion	non-fiction	B	B	AB	AB	Z	Z	Z	Z	Z	 John Greenleaf Whittier( 1807- 1892) he eventually attacked the orthodox <font color=green>churches</font>  for what he deemed their cowardly compromising on the slavery	NNS	informative	2	1	3.56	0.5	5	churches
church/NNS/br-d14/199	0.0334331188849705	0.00947363007552582	church	NNS	religion	non-fiction	C	C	C	CDE	Z	Z	Z	Z	Z	 proportion, although in 1914 still a minority, were members of <font color=green>churches</font> . Presumably those who did not have a formal church connexion	NNS	informative	2	1	2.92	0.5	5	churches
church/NNS/br-d14/457	0.101043670203557	0.036467643526646	church	NNS	religion	non-fiction	C	C	C	CDE	Z	Z	Z	Z	Z	 church members mounted, the degree of discipline exercised by the <font color=green>churches</font>  lessened and the trend was towards conformity to the general	NNS	informative	3	2	2.87	0.67	5	churches
church/NNS/br-d14/507	0.0892358250132238	0.0284595002006973	church	NNS	religion	non-fiction	C	C	C	CDE	Z	Z	Z	Z	Z	 the ethical codes to which the majority subscribed. Thus Baptist <font color=green>churches</font>  on the frontier took cognizance of charges against their members	NNS	informative	3	2	3.36	0.67	6	churches
church/NNS/br-d17/569	0.214893439834277	0.202015794422302	church	NNS	religion	non-fiction	C	C	C	CDE	Z	Z	Z	Z	Z	 one of my editorial workers wanted to find out how <font color=green>churches</font>  and philanthropic organizations met the needs of New York 's	NNS	informative	2	0	3.04	0	2	churches
church/NNS/br-e12/1082	-0.00101489453331836	0.339419994297674	church	NNS	skill_and_hobbies	non-fiction	D	D	DE	CDE	Z	Z	Z	Z	Z	 famous Alamo and photograph 18 th Century Spanish buildings and <font color=green>churches</font> . The Great Smoky Mountains is another area of the South	NNS	informative	3	1	3.49	0.33	3	churches
church/NNS/br-e13/808	0.362652654481476	-0.123422751889441	church	NNS	skill_and_hobbies	non-fiction	D	D	DE	CDE	Z	Z	Z	Z	Z	 fell in. Nevertheless, it remained one of the most splendid <font color=green>churches</font>  of the Eastern Empire, where the Byzantine Emperors were crowned	NNS	informative	2	1	3.57	0.5	2	churches
church/NNS/br-f15/1245	0.100475847581518	-0.0580159531734487	church	NNS	popular_lore	fiction	B	B	AB	AB	church%1:14:00::	B	B	AB	AB	 Consider what happened during World War 1,, when the Protestant <font color=green>churches</font>  united to push the Prohibition law through Congress. Many of	NNS	informative	2	2	3.5	1	5	churches
church/NNS/br-f15/1425	0.164098907441161	-0.177190949646618	church	NNS	popular_lore	fiction	B	B	AB	AB	christian_church%1:14:00::	B	B	AB	AB	 turn of the century, contraception was condemned by all Christian <font color=green>churches</font>  as immoral, unnatural and contrary to divine law. This was	NNS	informative	5	0	4.07	0	3	churches
church/NNS/br-f15/1455	0.0491813553762099	-0.0995709814996257	church	NNS	popular_lore	fiction	B	B	AB	AB	orthodox_church%1:14:00::	B1	B	AB	AB	 laws of Christian countries. Today, the Roman Catholic and Orthodox <font color=green>Churches</font>  stand virtually alone in holding that conviction. The various Lambeth	NNPS	informative	5	5	3.72	1	6	Churches
church/NNS/br-f15/1720	0.112065514814582	0.0825512022767762	church	NNS	popular_lore	fiction	B	B	AB	AB	group%1:03:00::	C	C	C	CDE	 28 members of a committee of the Federal Council of <font color=green>Churches</font>  ratified artificial methods of birth control.`` As to the necessity	NNPS	informative	4	1	3.11	0.25	3	Churches
church/NNS/br-f15/1887	0.11627163897431	-0.0630346067852852	church	NNS	popular_lore	fiction	B	B	AB	AB	group%1:03:00::	C	C	C	CDE	 1961, by the general board of the National Council of <font color=green>Churches</font> , the largest Protestant organization in the US. The board approved	NNPS	informative	3	2	3.64	0.67	2	Churches
church/NNS/br-f15/1944	0.27246218152308	-0.252575066321213	church	NNS	popular_lore	fiction	B	B	AB	AB	church%1:14:00::	B	B	AB	AB	 of contraceptives. The general board declared:`` Most of the Protestant <font color=green>churches</font>  hold contraception and periodic continence to be morally right when	NNS	informative	4	1	3.77	0.25	1	churches
church/NNS/br-f15/1998	0.163446425233811	-0.171831711113372	church	NNS	popular_lore	fiction	B	B	AB	AB	christian_church%1:14:00::	B	B	AB	AB	 of conception''. An action once universally condemned by all Christian <font color=green>churches</font>  and forbidden by the civil law is now not only	NNS	informative	2	2	4.06	1	3	churches
church/NNS/br-f15/821	0.0606085779672606	-0.0586208322622335	church	NNS	popular_lore	fiction	B	B	AB	AB	orthodox_catholic_church%1:14:00::	B1	B	AB	AB	 the exception of the Roman Catholic and the Orthodox Catholic <font color=green>Churches</font> , most churches make no moral distinction between rhythm and mechanical	NNPS	informative	6	6	3.93	1	9	Churches
church/NNS/br-f15/824	0.0627235147526691	-0.0592565201073479	church	NNS	popular_lore	fiction	B	B	AB	AB	church%1:14:00::	B	B	AB	AB	 of the Roman Catholic and the Orthodox Catholic Churches, most <font color=green>churches</font>  make no moral distinction between rhythm and mechanical or chemical	NNS	informative	5	6	3.93	1.2	10	churches
church/NNS/br-f44/1106	0.198507425973113	0.0117732586567415	church	NNS	popular_lore	fiction	C	C	C	CDE	church%1:14:00::	B	B	AB	AB	 who will strengthen the social class nucleus of the congregation. <font color=green>Churches</font>  can be strengthened through this process of co-optation so long	NNPS	informative	5	2	3.44	0.4	3	Churches
church/NNS/br-f44/1189	0.110281216437285	0.050158943532304	church	NNS	popular_lore	fiction	C	C	C	CDE	church%1:14:00::	B	B	AB	AB	 and publicity in reaching new members. The proclamation of the <font color=green>churches</font>  is almost totally confined to pastoral contacts by the clergy	NNS	informative	7	3	3.22	0.43	5	churches
church/NNS/br-f44/124	0.360801304074609	0.0113123933101907	church	NNS	popular_lore	fiction	C	C	C	CDE	church%1:14:00::	B	B	AB	AB	 inner city blight account for the decline of central city <font color=green>churches</font> . Central cities reveal two adverse features for the major denominations	NNS	informative	4	1	3.24	0.25	2	churches
church/NNS/br-f44/1262	0.267759997716046	0.0121277909509717	church	NNS	popular_lore	fiction	C	C	C	CDE	church%1:14:00::	B	B	AB	AB	 will account for a major share of recruitment by the <font color=green>churches</font> , making it quite evident that the extension of economic integration	NNS	informative	2	0	2.73	0	3	churches
church/NNS/br-f44/1427	0.15759750258603	-0.00606242696286305	church	NNS	popular_lore	fiction	C	C	C	CDE	church%1:14:00::	B	B	AB	AB	 for more than a single generation. The fact that metropolitan <font color=green>churches</font>  of the major denominations have moved approximately every generation for	NNS	informative	4	2	3.51	0.5	5	churches
church/NNS/br-f44/1475	0.10567007092363	-0.0583995482138363	church	NNS	popular_lore	fiction	D	D	DE	CDE	church%1:06:00::	D	D	DE	CDE	 in religious life, when one recalls the number of city <font color=green>churches</font>  which deteriorated beyond repair before being abandoned, raises fundamental questions	NNS	informative	4	2	2.97	0.5	4	churches
church/NNS/br-f44/1683	0.138873053813069	0.0162086420594235	church	NNS	popular_lore	fiction	C	C	C	CDE	church%1:14:00::	B	B	AB	AB	 hopelessly unstable environment. More than creatures of metropolitan forces, the <font color=green>churches</font>  have taken the lead in counteracting the interdependence of metropolitan	NNS	informative	2	2	3.5	1	5	churches
church/NNS/br-f44/1802	0.180422566556161	-0.022090686448573	church	NNS	popular_lore	fiction	D	D	DE	CDE	church%1:14:00::	B	B	AB	AB	 fight their way into the lower middle-class suburbs, and the <font color=green>churches</font>  will experience the same decay and rebuilding cycle which has	NNS	informative	3	2	3.44	0.67	6	churches
church/NNS/br-f44/1918	0.114418778442416	-0.0136387500596966	church	NNS	popular_lore	fiction	C	C	C	CDE	church%1:14:00::	B	B	AB	AB	 of middle-class culture could lead to various projections for the <font color=green>churches</font> . It could be argued that any fellowship which centers in	NNS	informative	3	3	3.23	1	4	churches
church/NNS/br-f44/2015	0.39327073397753	0.0358619862732053	church	NNS	popular_lore	fiction	C	C	C	CDE	church%1:14:00::	B	B	AB	AB	 next chapter to the style of association in the denominational <font color=green>churches</font> ; this style is characteristically an expression of the communal style	NNS	informative	3	0	2.55	0	2	churches
church/NNS/br-f44/2181	0.30196936813215	0.0437059129902014	church	NNS	popular_lore	fiction	C	C	C	CDE	church%1:14:00::	B	B	AB	AB	 have fashioned the iron cage of conformity which imprisons the <font color=green>churches</font>  in their suburban captivity. The perplexing question still remains as	NNS	informative	2	1	2.84	0.5	2	churches
church/NNS/br-f44/2201	0.228330282555864	0.065535110676627	church	NNS	popular_lore	fiction	C	C	C	CDE	church%1:14:00::	B	B	AB	AB	 remains as to why the middle classes turn to the <font color=green>churches</font>  as a vehicle of social identity when their clubs and	NNS	informative	5	2	3.03	0.4	3	churches
church/NNS/br-f44/343	0.147030326920509	0.0238198483458115	church	NNS	popular_lore	fiction	C	C	C	CDE	church%1:14:00::	B	B	AB	AB	 moreover, residential mobility is so high in metropolitan areas that <font color=green>churches</font>  have to recruit constantly in their core stratum in order	NNS	informative	5	3	3.34	0.6	5	churches
church/NNS/br-f44/868	0.0631853453709625	0.0592650530488301	church	NNS	popular_lore	fiction	C	C	C	CDE	church%1:14:00::	B	B	AB	AB	 and congregational outreach have not been carefully studied in the <font color=green>churches</font> ; one study in Pittsburgh, however, has illuminated the situation. In	NNS	informative	2	1	3.49	0.5	4	churches
church/NNS/br-f44/890	0.124703100375147	0.0552935024010412	church	NNS	popular_lore	fiction	C	C	C	CDE	church%1:14:00::	B	B	AB	AB	 the situation. In a sample of new members of Pittsburgh <font color=green>churches</font> , almost 60 per cent were recruited by initial`` contacts with	NNS	informative	3	2	3.55	0.67	3	churches
church/NNS/br-k01/769	-0.0211143842037944	0.307431508305669	church	NNS	fiction_gral	fiction	D	D	DE	CDE	church%1:06:00::	D	D	DE	CDE	 It was a Negro section of peeling row houses, store-front <font color=green>churches</font>  and ragged children. Rachel had to bend toward Scotty and	NNS	imaginative	2	0	2.66	0	3	churches
church/NNS/br-k04/2307	-0.0587585979203949	-0.0407402007568477	church	NNS	fiction_gral	fiction	B	B	AB	AB	church%1:06:00::	D	D	DE	CDE	 his career in the Methodist church, if not in all <font color=green>churches</font> .	NNS	imaginative	2	0	2.54	0	1	churches
church/NNS/br-k06/1925	-0.418869622231077	-0.130772149326124	church	NNS	fiction_gral	fiction	D	D	DE	CDE	church%1:06:00::	D	D	DE	CDE	 them open. Lightning might strike the steeples of the other <font color=green>churches</font> ; not of Drew Church. A flash illumined the trees as	NNS	imaginative	2	0	3.78	0	2	churches
