id	model.x	model.y	lemma	wf	pos	genre	broad_genre	marisense	mbroad	mari3	mari2	sensekey	wnsense	wnbroad	wn3	wn2	text	cues	cues_with_weight	mean_weight_x100	wcratio_x100	weighted_cw	new_pos	new_broad_genre
church/NN/br-f15/713	-0.0655890318619502	-0.0946043082487891	church	Church	NN	popular_lore	fiction	B	B	AB	AB	roman_catholic_church%1:14:00::	B1	B	AB	AB	 permit birth control only for medical reasons. The Roman Catholic <font color=green>Church</font> , however, sanctions a much more liberal policy on family planning	5	4	124	80	11	NNP	essays
church/NN/br-f15/754	-0.0573438899225259	-0.133174191747454	church	Church	NN	popular_lore	fiction	B	B	AB	AB	roman_catholic_church%1:14:00::	B1	B	AB	AB	 disagree over the methods to be used. The Roman Catholic <font color=green>Church</font>  sanctions only abstention or the rhythm method, also known as	1	0	213	0	7	NNP	essays
church/NN/br-f15/776	-0.017726998661841	-0.0375064805862584	church	Church	NN	popular_lore	fiction	A	A	AB	AB	roman_catholic_church%1:14:00::	B1	B	AB	AB	 as the use of the infertile or safe period. The <font color=green>Church</font>  considers this to be the method provided by nature and	3	3	111	100	8	NNP	essays
church/NN/br-f15/862	0.025662222645905	-0.0101213986573986	church	Church	NN	popular_lore	fiction	A	A	AB	AB	roman_catholic_church%1:14:00::	B1	B	AB	AB	 there seems little chance of agreement. The grounds for the <font color=green>Church</font>  's position are Scriptural( Old Testament), the teachings of the	3	1	78	33	8	NNP	essays
church/NN/br-f15/882	-0.00610907299456515	-0.0432673199718534	church	Church	NN	popular_lore	fiction	A	A	AB	AB	roman_catholic_church%1:14:00::	B1	B	AB	AB	 the teachings of the fathers and doctors of the early <font color=green>Church</font> , the unbroken tradition of nineteen centuries, the decisions of the	4	3	166	75	5	NNP	essays
church/NN/br-f44/1076	-0.0382553422217118	-0.0601088337096155	church	church	NN	popular_lore	fiction	C	C	C	CDE	church%1:14:00::	B	B	AB	AB	 and economic level of the congregation; the mission of the <font color=green>church</font>  is actually a process of informal co-optation; the lay ministry	5	2	157	40	8	NN	essays
church/NN/br-f44/1122	-0.0118570629592728	-0.0182409883996872	church	church	NN	popular_lore	fiction	D	D	DE	CDE	church%1:14:00::	B	B	AB	AB	 process of co-optation so long as the environs of the <font color=green>church</font>  provide a sufficient pool of people who can fit the	1	0	122	0	6	NN	essays
church/NN/br-f44/1285	-0.037550454441464	-0.0486266857920018	church	church	NN	popular_lore	fiction	C	C	C	CDE	church%1:14:00::	B	B	AB	AB	 co-optation is the principal form of mission in the contemporary <font color=green>church</font> ; economic integration and co-optation are the two methods by which	3	2	149	67	8	NN	essays
church/NN/br-f44/1618	-0.0365454167780203	-0.081707186706191	church	church	NN	popular_lore	fiction	C	C	C	CDE	church%1:14:00::	B	B	AB	AB	 in the metropolis. It now becomes evident that the denominational <font color=green>church</font>  is intimately involved with the economy of middle-class culture, for	5	3	175	60	6	NN	essays
church/NN/br-f44/2150	-0.0217522856661975	-0.0108558341607704	church	church	NN	popular_lore	fiction	C	C	C	CDE	church%1:14:00::	B	B	AB	AB	 will occupy our attention under the rubric of the organization <font color=green>church</font> . An understanding of the new role of residential association in	3	3	146	100	8	NN	essays
church/NN/br-f44/368	-0.0023177294430415	-0.0176057797177481	church	church	NN	popular_lore	fiction	C	C	C	CDE	church%1:14:00::	B	B	AB	AB	 they can lose higher- and lower status members from the <font color=green>church</font>  without collapsing, but they need adequate recruits for the core	3	2	153	67	8	NN	essays
church/NN/br-f44/647	0.021746934036726	-0.060686357081282	church	Church	NN	popular_lore	fiction	A	A	AB	AB	church%1:14:00::	B	B	AB	AB	 denominations. There is much talk in theological circles about the`` <font color=green>Church</font>  as Mission'' and the`` Church 's Mission''; theologians have been	4	4	245	100	7	NNP	essays
church/NN/br-f44/654	0.0210134256492422	-0.0464165756985876	church	Church	NN	popular_lore	fiction	A	A	AB	AB	church%1:14:00::	B	B	AB	AB	 in theological circles about the`` Church as Mission'' and the`` <font color=green>Church</font>  's Mission''; theologians have been stressing the fact that the	4	2	230	50	5	NNP	essays
church/NN/br-f44/667	0.00951495999531994	-0.0338847675522331	church	Church	NN	popular_lore	fiction	A	A	AB	AB	church%1:14:00::	B	B	AB	AB	 's Mission''; theologians have been stressing the fact that the <font color=green>Church</font>  does not exist for its own sake but as a	4	2	121	50	5	NNP	essays
church/NN/br-f44/924	-0.0335812411044221	-0.0351416021517345	church	church	NN	popular_lore	fiction	C	C	C	CDE	church%1:14:00::	B	B	AB	AB	 with friendly members the`` contacts with an organization of the <font color=green>church</font> ''( 11.2 per cent of the cases), then a substantial two	3	3	181	100	6	NN	essays
church/NN/br-f44/986	0.00695359688360441	-0.0115690316964205	church	church	NN	popular_lore	fiction	C	C	C	CDE	church%1:14:00::	B	B	AB	AB	 people; the new people respond in kind by joining the <font color=green>church</font> . Missionary outreach by friendly contact looks somewhat different when one	4	2	132	50	12	NN	essays
church/NN/br-g05/1358	0.107914385080633	0.0454463820912434	church	church	NN	belles_lettres	fiction	D	D	DE	CDE	Z	Z	Z	Z	Z	 which contain nine greater alcoves as frescoed and capacious as <font color=green>church</font>  apses. Here, in the old days- when they had come	3	0	96	0	2	NN	fiction
church/NN/br-g12/1271	0.117692264496608	-0.298978372435073	church	church	NN	belles_lettres	fiction	D	D	DE	CDE	church%1:06:00::	D	D	DE	CDE	 and gestured toward the Madeleine. The classical lines of the <font color=green>church</font>  which Napoleon thought of as a Temple of Glory, dominated	5	2	271	40	3	NN	fiction
church/NN/br-g12/1807	0.272136178283923	0.117540618068972	church	church	NN	belles_lettres	fiction	D	D	DE	CDE	church%1:06:00::	D	D	DE	CDE	 not attractive, but it is deeper. When you pass a <font color=green>church</font>  on an Irish bus, all the hands flurry in the	2	2	111	100	4	NN	fiction
church/NN/br-g12/544	0.163546097067035	0.0631094346925541	church	church	NN	belles_lettres	fiction	D	D	DE	CDE	church%1:06:00::	D	D	DE	CDE	 the Madeleine and across to a sidewalk cafe opposite that <font color=green>church</font> . The conversation that ensued may have been engrossing but it	4	3	188	75	6	NN	fiction
church/NN/br-k04/1076	0.022312574357412	-0.00319670704973679	church	church	NN	fiction_gral	fiction	D	D	DE	CDE	church%1:06:00::	D	D	DE	CDE	 There were two liquor saloons not very far from the <font color=green>church</font> , one white, that is conducted for white people with a	4	3	129	75	11	NN	fiction
church/NN/br-k04/1117	0.232511787558131	-0.0868042822699055	church	church	NN	fiction_gral	fiction	D	D	DE	CDE	church%1:06:00::	D	D	DE	CDE	 of gambling in both. On the other side of the <font color=green>church</font>  was a quiet, well-kept house with shutters and recently painted	4	0	170	0	4	NN	fiction
church/NN/br-k04/1145	0.14520009736491	-0.120978929919754	church	church	NN	fiction_gral	fiction	C	C	C	CDE	church%1:14:00::	B	B	AB	AB	 it. It was called Kent House. The deacon of the <font color=green>church</font> , Carlson, was its janitor. One of the leading members of	3	0	102	0	5	NN	fiction
church/NN/br-k04/1353	0.0425574829845115	-0.0133421533345469	church	church	NN	fiction_gral	fiction	D	D	DE	CDE	church%1:06:00::	D	D	DE	CDE	 tract of land, and it occurred to him that the <font color=green>church</font>  and the better Negro homes might gradually be moved to	3	3	96	100	7	NN	fiction
church/NN/br-k04/1419	0.014422084497567	0.00265818593097527	church	church	NN	fiction_gral	fiction	C	C	C	CDE	church%1:06:00::	D	D	DE	CDE	 stress, and that was that the contribution to the general <font color=green>church</font>  expenses, the dollar money, had been seriously falling behind in	3	3	125	100	10	NN	fiction
church/NN/br-k04/1433	0.0252984964152844	0.00162928150380515	church	church	NN	fiction_gral	fiction	C	C	C	CDE	church%1:06:00::	D	D	DE	CDE	 the dollar money, had been seriously falling behind in this <font color=green>church</font> , and that must be looked after immediately. In fact, he	1	1	85	100	12	NN	fiction
church/NN/br-k04/1485	0.00935435256784499	-0.0308312963409259	church	church	NN	fiction_gral	fiction	C	C	C	CDE	church%1:06:00::	D	D	DE	CDE	 that clear as this was, they must have a better <font color=green>church</font> , a more business-like conduct of the church organization, and an	2	1	191	50	6	NN	fiction
church/NN/br-k04/1493	-0.00190244902465473	-0.0217126927221674	church	church	NN	fiction_gral	fiction	C	C	C	CDE	church%1:14:00::	B	B	AB	AB	 have a better church, a more business-like conduct of the <font color=green>church</font>  organization, and an effort to get this religious center out	4	3	173	75	8	NN	fiction
church/NN/br-k04/1514	-0.0308148135836731	-0.050820932168211	church	church	NN	fiction_gral	fiction	C	C	C	CDE	church%1:14:00::	B	B	AB	AB	 out of its rut of wild worship into a modern <font color=green>church</font>  organization. He emphasized to the Presiding Elder the plan of	5	3	200	60	6	NN	fiction
church/NN/br-k04/1530	0.0307529060629118	0.0173816681585478	church	church	NN	fiction_gral	fiction	D	D	DE	CDE	church%1:06:00::	D	D	DE	CDE	 the Presiding Elder the plan of giving up the old <font color=green>church</font>  and moving across the river. The Presiding Elder was sure	5	3	86	60	5	NN	fiction
church/NN/br-k04/1578	0.0210691534060993	0.00720418069576416	church	church	NN	fiction_gral	fiction	D	D	DE	CDE	church%1:06:00::	D	D	DE	CDE	 impossible. The bank which held the mortgage on the old <font color=green>church</font>  declared that the interest was considerably in arrears, and the	2	1	118	50	6	NN	fiction
church/NN/br-k04/1634	0.0596828188210705	0.0352631144740648	church	church	NN	fiction_gral	fiction	D	D	DE	CDE	church%1:06:00::	D	D	DE	CDE	 to colored folk. When it was proposed to rebuild the <font color=green>church</font> , Wilson found that the terms for a new mortgage were	2	0	141	0	6	NN	fiction
church/NN/br-k04/1685	-0.00530281846934296	-0.113369411724574	church	church	NN	fiction_gral	fiction	D	D	DE	CDE	church%1:06:00::	D	D	DE	CDE	 made to his Deacon Board, he met unanimous opposition. The <font color=green>church</font>  certainly would not be removed. The very proposition was sacrilege	3	1	120	33	7	NN	fiction
church/NN/br-k04/1807	0.0666561289745643	0.0332036428745024	church	church	NN	fiction_gral	fiction	D	D	DE	CDE	church%1:06:00::	D	D	DE	CDE	 of money that has been invested by whites around that <font color=green>church</font> ? Tenements, stores, saloons, some gambling, I hope not too much	5	2	157	40	6	NN	fiction
church/NN/br-k04/1874	0.107000486435912	0.0635916496991438	church	church	NN	fiction_gral	fiction	D	D	DE	CDE	church%1:06:00::	D	D	DE	CDE	 were you I would just plan to repair the old <font color=green>church</font>  so it would last for five or ten years. By	3	3	104	100	7	NN	fiction
church/NN/br-k04/2301	-0.000420240228086853	-0.0347723213704697	church	church	NN	fiction_gral	fiction	B	B	AB	AB	methodist_church%1:14:00::	B2	B	AB	AB	 mean practically the end of his career in the Methodist <font color=green>church</font> , if not in all churches.	3	1	133	33	6	NN	fiction
church/NN/br-k04/356	0.0458394198983716	0.019965501625495	church	church	NN	fiction_gral	fiction	C	C	C	CDE	church%1:06:00::	D	D	DE	CDE	 with the whites, especially the rich who partly supported the <font color=green>church</font> . The Deacon Board, headed by a black man named Carlson	7	4	156	57	7	NN	fiction
church/NN/br-k04/397	0.0129843820045464	-0.0763753531335939	church	church	NN	fiction_gral	fiction	C	C	C	CDE	church%1:06:00::	D	D	DE	CDE	 support of the Amen corner. The characteristic thing about this <font color=green>church</font>  was its Amen corner and the weekly religious orgy. A	4	4	181	100	6	NN	fiction
church/NN/br-k04/828	0.0169384672325228	0.00320047068216472	church	church	NN	fiction_gral	fiction	C	C	C	CDE	church%1:14:00::	B	B	AB	AB	 the home of one of the old members of the <font color=green>church</font> , a woman named Catt who, as Wilson afterward found, was	2	2	146	100	7	NN	fiction
church/NN/br-k04/877	0.0524059783682527	0.0702781726158262	church	church	NN	fiction_gral	fiction	C	C	C	CDE	church%1:14:00::	B	B	AB	AB	 never married, conducting a spotless home and devoted to her <font color=green>church</font> , but a perpetual dissenter and born critic. She soared over	2	1	214	50	5	NN	fiction
church/NN/br-k04/923	0.0720798122012128	-0.0219696802780395	church	church	NN	fiction_gral	fiction	D	D	DE	CDE	church%1:06:00::	D	D	DE	CDE	 which she was chief repository. Then Wilson looked over the <font color=green>church</font>  and studied its condition. The salary of the pastor had	3	3	139	100	8	NN	fiction
church/NN/br-k04/975	0.164513979145593	-0.0327876299768191	church	church	NN	fiction_gral	fiction	D	D	DE	CDE	church%1:06:00::	D	D	DE	CDE	 he mentioned this to the Deacons they said nothing. The <font color=green>church</font>  itself must be repaired. It was dirty and neglected. It	3	2	112	67	7	NN	fiction
church/NN/br-k06/1056	0.0705875835587614	0.010678643141604	church	church	NN	fiction_gral	fiction	D	D	DE	CDE	church%1:06:00::	D	D	DE	CDE	 northward to Brooklyn, below Point Peter, he could see the <font color=green>church</font>  spire wherever he looked back. Sometimes they went south and	5	2	115	40	6	NN	fiction
church/NN/br-k06/1389	0.125424855333313	-0.00403034389352184	church	church	NN	fiction_gral	fiction	D	D	DE	CDE	church%1:06:00::	D	D	DE	CDE	 with its peaked lance. Stevie was constantly slipping into the <font color=green>church</font> . He pulled with all his strength at the heavy, brass	3	2	109	67	6	NN	fiction
church/NN/br-k06/1473	0.172174411244353	-0.00761671513904406	church	church	NN	fiction_gral	fiction	D	D	DE	CDE	church%1:06:00::	D	D	DE	CDE	 hands tucked under his coattails, and staring into the dark <font color=green>church</font> . The figure was wreathed in an extraordinary luminescence. The boy	3	2	104	67	5	NN	fiction
church/NN/br-k06/528	0.186487308285597	0.023930642315238	church	church	NN	fiction_gral	fiction	D	D	DE	CDE	church%1:06:00::	D	D	DE	CDE	 his head out. There was the slate roof of the <font color=green>church</font> ; ivy climbed the red brick walls like a green scaled	5	3	152	60	7	NN	fiction
church/NN/br-k06/571	0.289743398976168	-0.0457484408808811	church	church	NN	fiction_gral	fiction	D	D	DE	CDE	church%1:06:00::	D	D	DE	CDE	 cupboards.`` There 's a tower and a steeple on the <font color=green>church</font>  a million feet high. And the loudest clock in the	3	2	160	67	5	NN	fiction
church/NN/br-k06/659	0.211455744196738	-0.143986831971542	church	church	NN	fiction_gral	fiction	D	D	DE	CDE	church%1:06:00::	D	D	DE	CDE	 Street to Orange Square. The steeple leaned backward, while the <font color=green>church</font>  advanced like a headless creature in a long, shapeless coat	5	0	225	0	3	NN	fiction
church/NN/br-k06/852	0.233109434075918	-0.0333030200983534	church	church	NN	fiction_gral	fiction	D	D	DE	CDE	church%1:06:00::	D	D	DE	CDE	 Church with its high steeple and clock. There was no <font color=green>church</font>  like Drew Church, no preacher like Papa, who was intimate	3	2	181	67	5	NN	fiction
church/NN/br-k10/1423	-0.0133749986137556	-0.00684231149185061	church	Church	NN	fiction_gral	fiction	A	A	AB	AB	church%1:14:00::	B	B	AB	AB	 economics, and social issues that are no concern of the <font color=green>Church</font> ''? And John 's reply was always the same:`` Anything that	5	1	117	20	8	NNP	fiction
church/NN/br-k10/1445	0.11034513370641	0.0781541361871328	church	Church	NN	fiction_gral	fiction	A	A	AB	AB	church%1:14:00::	B	B	AB	AB	 same:`` Anything that affects souls is the concern of the <font color=green>Church</font> ! We will have righteousness''! Tears burned behind his eyes as	3	2	150	67	7	NNP	fiction
church/NN/br-k10/1802	0.100842736221321	-0.039379031336705	church	Church	NN	fiction_gral	fiction	B	B	AB	AB	church_of_rome%1:14:00::	B1	B	AB	AB	 Geneva, saying that he had been a bishop of the <font color=green>Church</font>  of Rome and had been persecuted in Paris for his	2	1	91	50	7	NNP	fiction
church/NN/br-k10/205	0.135927374558114	0.0937292205696248	church	Church	NN	fiction_gral	fiction	A	A	AB	AB	church%1:14:00::	B	B	AB	AB	 that the couple would have to be punished if the <font color=green>Church</font>  was to be respected.`` I have told you before, and	2	1	95	50	6	NNP	fiction
church/NN/br-k10/257	0.0630881112962177	-0.0507950601632959	church	Church	NN	fiction_gral	fiction	A	A	AB	AB	church%1:14:00::	B	B	AB	AB	 is the answer the ungodly will always make when the <font color=green>Church</font>  points its fingers at their sins. I say to you	3	2	107	67	7	NNP	fiction
church/NN/br-k10/271	0.0972183402703873	-0.0920293471020601	church	Church	NN	fiction_gral	fiction	A	A	AB	AB	church%1:14:00::	B	B	AB	AB	 fingers at their sins. I say to you that the <font color=green>Church</font>  will ever decry evil''! John 's reply was like a	3	2	157	67	7	NNP	fiction
church/NN/br-k10/561	0.0396888603973711	0.0227672551220443	church	Church	NN	fiction_gral	fiction	A	A	AB	AB	church%1:14:00::	B	B	AB	AB	 weeks before, in early November, without being reconciled to the <font color=green>Church</font> . The canons, in a body, had tried to force him	3	1	100	33	4	NNP	fiction
church/NN/br-k10/588	0.0877836069016279	-0.0825351946492003	church	Church	NN	fiction_gral	fiction	A	A	AB	AB	church%1:14:00::	B	B	AB	AB	 to let them give him the last rites of the <font color=green>Church</font> , but he had died still proclaiming salvation by faith. Burial	3	2	155	67	8	NNP	fiction
church/NN/br-k10/967	0.0930118597630421	0.00711659932976769	church	church	NN	fiction_gral	fiction	D	D	DE	CDE	church%1:06:00::	D	D	DE	CDE	 all the time. Quickening his steps, John entered the vast <font color=green>church</font>  and climbed the tower steps to the bells. Underneath the	6	6	167	100	8	NN	fiction
church/NN/br-k13/533	0.135482716210008	0.0233145508078444	church	church	NN	fiction_gral	fiction	D	D	DE	CDE	church%1:06:00::	D	D	DE	CDE	 Harold indicated the photograph on the wall and asked what <font color=green>church</font>  the stone sculpture was in. Eugene told him and he	3	3	129	100	11	NN	fiction
church/NN/br-k14/1114	0.0476121270056213	-0.0169798941332748	church	Church	NN	fiction_gral	fiction	A	A	AB	AB	church%1:14:00::	B	B	AB	AB	 not want my people to get in trouble with the <font color=green>Church</font> ''.`` I am working for the Cardinal of San Dionigi. I'm	3	2	73	67	4	NNP	fiction
church/NN/br-k14/826	0.146172551346316	-0.157735381567781	church	church	NN	fiction_gral	fiction	D	D	DE	CDE	church%1:06:00::	D	D	DE	CDE	 Jewish section was in Trastevere, near the Tiber at the <font color=green>church</font>  of San Francesco a Ripa. The colony had been small	4	1	93	25	6	NN	fiction
church/NN/br-k15/188	0.0671069919922005	0.000770996427282502	church	church	NN	fiction_gral	fiction	D	D	DE	CDE	church%1:06:00::	D	D	DE	CDE	 They held the funeral the next morning from the crossroads <font color=green>church</font>  and buried the little box in the quiet family plot	6	6	194	100	10	NN	fiction
church/NN/br-k16/1431	0.147391036256913	0.0231788415133374	church	church	NN	fiction_gral	fiction	D	D	DE	CDE	church%1:06:00::	D	D	DE	CDE	 thickets. Along Wappinger Creek in Dutchess County, past the white <font color=green>church</font>  at Fishkill, past Verplanck 's Point on the east bank	6	5	174	83	5	NN	fiction
church/NN/br-k16/2285	0.0726412720036285	0.00170608832103642	church	church	NN	fiction_gral	fiction	E	E	DE	CDE	church_service%1:04:00::	E	E	DE	CDE	 him out of some dim corner of memory from a <font color=green>church</font>  service when he was a boy- yes, in a white	1	1	151	100	6	NN	fiction
church/NN/br-k16/2298	0.130361656314353	0.00884235864071782	church	church	NN	fiction_gral	fiction	D	D	DE	CDE	church%1:06:00::	D	D	DE	CDE	 service when he was a boy- yes, in a white <font color=green>church</font>  with a thin spur steeple in the patriarchal Hudson Valley	5	3	99	60	5	NN	fiction
church/NN/br-k19/168	0.0359974932260428	0.00790361026181093	church	church	NN	fiction_gral	fiction	A	A	AB	AB	church%1:14:00::	B	B	AB	AB	 for a more exalted office in the hierarchy of the <font color=green>church</font> - his ambitions for the bishopry had died very early in	5	1	63	20	6	NN	fiction
church/NN/br-k19/213	0.0395327343472087	-0.106146245674081	church	church	NN	fiction_gral	fiction	A	A	AB	AB	church%1:14:00::	B	B	AB	AB	 of this desire was due to his devotion to the <font color=green>church</font>  and how much was his own ego, demanding to be	1	1	121	100	8	NN	fiction
church/NN/br-k25/81	0.00613923026041374	0.041914596786892	church	church	NN	fiction_gral	fiction	D	D	DE	CDE	church%1:06:00::	D	D	DE	CDE	 whether a private residence in his Pennsylvania county or a <font color=green>church</font>  in Brazil, without it being obvious that he had done	3	2	109	67	7	NN	fiction
church/NN/br-l08/1824	0.0842304470271586	-0.00620403816301909	church	church	NN	fiction_mystery	fiction	E	E	DE	CDE	church%1:04:00::	E	E	DE	CDE	 did n't feel good on Sunday, could n't go to <font color=green>church</font> - there 'd be a little argument, but she could be	3	2	105	67	7	NN	fiction
church/NN/br-l08/2109	0.00900585709423948	-0.00823089791855844	church	church	NN	fiction_mystery	fiction	C	C	C	CDE	church%1:06:00::	D	D	DE	CDE	 with foreign sounding names, the ones went to the same <font color=green>church</font>  and- Different place, different job, different people, she 'd be	2	2	96	100	11	NN	fiction
church/NN/br-m01/1682	0.0136155753918255	0.0361648561855995	church	Church	NN	fiction_science	fiction	A	A	AB	AB	church%1:14:00::	B	B	AB	AB	 indicted for price-cutting. Fosterite bishops, after secret conclave, announced the <font color=green>Church</font>  's second Major Miracle: Supreme Bishop Digby had been translated	5	1	117	20	5	NNP	fiction
church/NN/br-m01/2360	0.019226461048362	0.00906877993250464	church	church	NN	fiction_science	fiction	E	E	DE	CDE	church%1:04:00::	E	E	DE	CDE	 continued most of the week following that ill-starred trip to <font color=green>church</font> , during which period Mike stayed in his room and usually	1	1	126	100	7	NN	fiction
church/NN/br-p01/1161	0.156971102118605	0.0157846459919547	church	church	NN	fiction_romance	fiction	D	D	DE	CDE	church%1:06:00::	D	D	DE	CDE	 hill, rising with the hill to the top where the <font color=green>church</font>  was and beyond that to the cemetery. Only paved alleyways	7	6	157	86	9	NN	fiction
church/NN/br-p01/21	0.21252807794951	-0.0317359964108207	church	church	NN	fiction_romance	fiction	D	D	DE	CDE	church_tower%1:06:00::	D	D	DE	CDE	 them he could have been the broken bell in the <font color=green>church</font>  tower which rang before and after Mass, and at noon	4	3	200	75	6	NN	fiction
church/NN/br-p01/222	0.074670190456414	-0.00666449553571689	church	church	NN	fiction_romance	fiction	E	E	DE	CDE	church%1:04:00::	E	E	DE	CDE	 from its elders. Youth obeyed when commanded. It went to <font color=green>church</font>  on Sunday and one Saturday a month went to confession	5	5	211	100	9	NN	fiction
church/NN/br-p01/829	0.137151573253578	-0.0401866339644561	church	church	NN	fiction_romance	fiction	D	D	DE	CDE	church%1:06:00::	D	D	DE	CDE	 to Drexel Street and his back in opposition to the <font color=green>church</font>  behind him. For all he saw or cared to see	5	3	136	60	6	NN	fiction
church/NN/br-p03/76	0.0449919949727839	0.0772734286684755	church	church	NN	fiction_romance	fiction	E	E	DE	CDE	Z	Z	Z	Z	Z	 to live in California. He 'd mentioned it, himself, at <font color=green>church</font>  and everybody seemed to have the idea that Tolley had	2	1	122	50	4	NN	fiction
church/NN/br-p03/933	0.100698574466383	0.0224953141008564	church	church	NN	fiction_romance	fiction	E	E	DE	CDE	Z	Z	Z	Z	Z	 scream. And do n't tell me you did n't at <font color=green>church</font>  Sunday. I heard you''! He really had n't meant to	2	0	52	0	5	NN	fiction
church/NN/br-p04/2406	0.100097973941647	0.00236583630718982	church	church	NN	fiction_romance	fiction	D	D	DE	CDE	Z	Z	Z	Z	Z	 sky. She felt mindless, walking, and almost easy until the <font color=green>church</font>  spire told her she was near the cemetery, and she	3	2	121	67	7	NN	fiction
church/NN/br-p04/2429	0.255439413322639	0.0863475647207157	church	church	NN	fiction_romance	fiction	D	D	DE	CDE	Z	Z	Z	Z	Z	 caught herself wondering what she would say to Doaty. Both <font color=green>church</font>  and graveyard were smaller than she remembered them( how many	2	0	65	0	4	NN	fiction
church/NN/br-p04/983	0.371901419559088	-0.0156404632818977	church	church	NN	fiction_romance	fiction	D	D	DE	CDE	Z	Z	Z	Z	Z	 beyond the door. To a Blackwell, there was only one <font color=green>church</font> . The cemetery slumbered just behind it, and the way lay	2	2	125	100	4	NN	fiction
church/NN/br-p06/425	0.0118523172111267	0.0220557346141801	church	church	NN	fiction_romance	fiction	C	C	C	CDE	Z	Z	Z	Z	Z	 yellow moons.`` How do you do''? she said, semi-professionally.`` Our <font color=green>church</font>  is sponsoring a group of very courageous women up in	2	2	106	100	5	NN	fiction
church/NN/br-p09/150	0.111520285375295	-0.112578562909997	church	church	NN	fiction_romance	fiction	D	D	DE	CDE	church%1:06:00::	D	D	DE	CDE	 all right. Wednesday nights after youth fellowship. Out of the <font color=green>church</font>  and into his big car, it tooling over the road	4	1	173	25	5	NN	fiction
church/NN/br-p12/1014	0.473875506260209	0.178507404709591	church	church	NN	fiction_romance	fiction	D	D	DE	CDE	church%1:06:00::	D	D	DE	CDE	 Then they took a taxi to Trastevere.`` There 's a <font color=green>church</font>  you should see'', she said. And when they stood by	3	1	166	33	2	NN	fiction
church/NN/br-p12/1063	0.119044224555774	0.0481054293961974	church	church	NN	fiction_romance	fiction	D	D	DE	CDE	church%1:06:00::	D	D	DE	CDE	 with Alberto. He let her tell him all about the <font color=green>church</font> . Then they had dinner. All evening she was eloquent and	1	0	89	0	5	NN	fiction
church/NN/br-p12/1102	0.157180217588678	0.0246479247287528	church	church	NN	fiction_romance	fiction	D	D	DE	CDE	church_bell%1:06:00::	D	D	DE	CDE	 in the morning when he woke up at ten the <font color=green>church</font>  bells were ringing. He had never heard so many bells	2	1	120	50	7	NN	fiction
church/NN/br-p12/1141	0.152746541128999	0.0217271312870598	church	church	NN	fiction_romance	fiction	D	D	DE	CDE	church%1:06:00::	D	D	DE	CDE	 when he had looked up at the obelisk and the <font color=green>church</font>  at the top of the Spanish Steps. It was a	3	1	72	33	5	NN	fiction
church/NN/br-p12/1260	0.0577397787235555	-0.0213828620372301	church	church	NN	fiction_romance	fiction	E	E	DE	CDE	church%1:04:00::	E	E	DE	CDE	 snuggled against him, he wondered if she ever went to <font color=green>church</font> . Why did he want her to go to church? he	2	1	116	50	7	NN	fiction
church/NN/br-p12/1270	0.0562933224758875	-0.0193205441542808	church	church	NN	fiction_romance	fiction	E	E	DE	CDE	church%1:04:00::	E	E	DE	CDE	 to church. Why did he want her to go to <font color=green>church</font> ? he wondered. Probably because it was a place where she	2	2	96	100	8	NN	fiction
church/NN/br-p12/1309	0.0604508645322604	-0.042959569201925	church	church	NN	fiction_romance	fiction	E	E	DE	CDE	church%1:04:00::	E	E	DE	CDE	 It was too bad he had no feeling himself for <font color=green>church</font> . Not his poor mother 's fault. She would have been	2	2	112	100	5	NN	fiction
church/NN/br-p12/1433	-0.00216084558710153	-0.111390321208397	church	church	NN	fiction_romance	fiction	C	C	C	CDE	church%1:04:00::	E	E	DE	CDE	 woman though, she would take only what she needed from <font color=green>church</font> . It was too bad he was n't a Catholic himself	3	2	120	67	7	NN	fiction
church/NN/br-p12/1559	0.0880176602370327	0.0121665268672251	church	church	NN	fiction_romance	fiction	E	E	DE	CDE	church%1:04:00::	E	E	DE	CDE	 girl like Carla if she got up and went to <font color=green>church</font> . A half hour later he got her up to go	1	0	78	0	8	NN	fiction
church/NN/br-r05/1163	0.0272528420945262	-0.0220632536434863	church	church	NN	humor	fiction	C	C	C	CDE	church%1:06:00::	D	D	DE	CDE	 While Henry Morgan was escorting Miss Vera Green from the <font color=green>church</font>  social last Saturday night, a savage dog attacked them and	3	2	159	67	7	NN	fiction
church/NNP/br-g02/1539	-0.0604210285810549	-0.0846674787828478	church	Church	NNP	belles_lettres	fiction	A	A	AB	AB	Z	Z	Z	Z	Z	 and influence of such other claimants for loyalty as the <font color=green>Church</font> . The breakup of the Holy Roman Empire and the downfall	4	2	205	50	5	NNP	fiction
church/NNP/br-k04/233	0.0575517147264069	-0.00454767852015669	church	Church	NNP	fiction_gral	fiction	D	D	DE	CDE	group%1:03:00::	C	C	C	CDE	 of this crowded region was the Allen African Methodist Episcopal <font color=green>Church</font> . It was an old and dirty wooden structure, sadly in	4	4	193	100	11	NNP	fiction
church/NNP/br-k06/1930	0.0727224762890925	-0.12967973656752	church	Church	NNP	fiction_gral	fiction	D	D	DE	CDE	group%1:03:00::	C	C	C	CDE	 strike the steeples of the other churches; not of Drew <font color=green>Church</font> . A flash illumined the trees as a crooked bolt twigged	2	1	252	50	4	NNP	fiction
church/NNP/br-k06/698	0.0108023326486385	-0.00488517734283143	church	Church	NNP	fiction_gral	fiction	D	D	DE	CDE	group%1:03:00::	C	C	C	CDE	 the foothills, was the city of God. The Dutch Reformed <font color=green>Church</font> , with two steeples and its own school was on Main	4	2	108	50	6	NNP	fiction
church/NNP/br-k06/714	0.0717398837297262	-0.0153825084417774	church	Church	NNP	fiction_gral	fiction	D	D	DE	CDE	group%1:03:00::	C	C	C	CDE	 and its own school was on Main Street; the Episcopal <font color=green>Church</font>  was one block down Sussex Street; the Catholic Saint Mary's	4	2	183	50	7	NNP	fiction
church/NNP/br-k06/726	0.123351435444518	-0.0387397946600856	church	Church	NNP	fiction_gral	fiction	D	D	DE	CDE	group%1:03:00::	C	C	C	CDE	 was one block down Sussex Street; the Catholic Saint Mary's <font color=green>Church</font> , with an even taller steeple and a cross on top	5	1	291	20	5	NNP	fiction
church/NNP/br-k06/841	0.0804463645107305	-0.0589366910217722	church	Church	NNP	fiction_gral	fiction	D	D	DE	CDE	group%1:03:00::	C	C	C	CDE	 became familiar with God, who resided chiefly in Drew Centennial <font color=green>Church</font>  with its high steeple and clock. There was no church	3	2	259	67	6	NNP	fiction
church/NNP/br-k06/855	0.136051933598818	-0.0641081920638009	church	Church	NNP	fiction_gral	fiction	D	D	DE	CDE	group%1:03:00::	C	C	C	CDE	 high steeple and clock. There was no church like Drew <font color=green>Church</font> , no preacher like Papa, who was intimate with Him, and	2	1	277	50	7	NNP	fiction
church/NNP/br-k10/1229	0.0598147442724099	-0.0371899956569132	church	Church	NNP	fiction_gral	fiction	B	B	AB	AB	group%1:03:00::	C	C	C	CDE	 smashing images and tearing down symbols sacred to the Old <font color=green>Church</font> . John found it difficult, but he held him in check	4	3	289	75	9	NNP	fiction
church/NNS/br-f15/1245	-0.0306158464196832	-0.0288735226773175	church	churches	NNS	popular_lore	fiction	B	B	AB	AB	church%1:14:00::	B	B	AB	AB	 Consider what happened during World War 1,, when the Protestant <font color=green>churches</font>  united to push the Prohibition law through Congress. Many of	2	2	280	100	8	NNS	essays
church/NNS/br-f15/1425	-0.0836588253950391	-0.103341664683311	church	churches	NNS	popular_lore	fiction	B	B	AB	AB	christian_church%1:14:00::	B	B	AB	AB	 turn of the century, contraception was condemned by all Christian <font color=green>churches</font>  as immoral, unnatural and contrary to divine law. This was	5	1	319	20	5	NNS	essays
church/NNS/br-f15/1455	-0.00741261755063251	-0.0310504132878424	church	Churches	NNS	popular_lore	fiction	B	B	AB	AB	orthodox_church%1:14:00::	B1	B	AB	AB	 laws of Christian countries. Today, the Roman Catholic and Orthodox <font color=green>Churches</font>  stand virtually alone in holding that conviction. The various Lambeth	5	5	260	100	12	NNPS	essays
church/NNS/br-f15/1720	-0.027316215584978	-0.00761773983587604	church	Churches	NNS	popular_lore	fiction	B	B	AB	AB	group%1:03:00::	C	C	C	CDE	 28 members of a committee of the Federal Council of <font color=green>Churches</font>  ratified artificial methods of birth control.`` As to the necessity	4	2	242	50	7	NNPS	essays
church/NNS/br-f15/1887	-0.030216016593583	-0.0101641607670459	church	Churches	NNS	popular_lore	fiction	B	B	AB	AB	group%1:03:00::	C	C	C	CDE	 1961, by the general board of the National Council of <font color=green>Churches</font> , the largest Protestant organization in the US. The board approved	3	3	237	100	6	NNPS	essays
church/NNS/br-f15/1944	-0.00343123885539347	-0.00701430680511604	church	churches	NNS	popular_lore	fiction	B	B	AB	AB	church%1:14:00::	B	B	AB	AB	 of contraceptives. The general board declared:`` Most of the Protestant <font color=green>churches</font>  hold contraception and periodic continence to be morally right when	4	3	185	75	7	NNS	essays
church/NNS/br-f15/1998	-0.0250978328307353	-0.0296989248345833	church	churches	NNS	popular_lore	fiction	B	B	AB	AB	christian_church%1:14:00::	B	B	AB	AB	 of conception''. An action once universally condemned by all Christian <font color=green>churches</font>  and forbidden by the civil law is now not only	2	2	207	100	9	NNS	essays
church/NNS/br-f15/821	-0.037198875744888	-0.0909975163743358	church	Churches	NNS	popular_lore	fiction	B	B	AB	AB	orthodox_catholic_church%1:14:00::	B1	B	AB	AB	 the exception of the Roman Catholic and the Orthodox Catholic <font color=green>Churches</font> , most churches make no moral distinction between rhythm and mechanical	6	6	359	100	10	NNPS	essays
church/NNS/br-f15/824	-0.0368304238523861	-0.0935967855577705	church	churches	NNS	popular_lore	fiction	B	B	AB	AB	church%1:14:00::	B	B	AB	AB	 of the Roman Catholic and the Orthodox Catholic Churches, most <font color=green>churches</font>  make no moral distinction between rhythm and mechanical or chemical	5	6	362	120	11	NNS	essays
church/NNS/br-f44/1106	-0.0632642500114925	-0.0554125773349359	church	Churches	NNS	popular_lore	fiction	C	C	C	CDE	church%1:14:00::	B	B	AB	AB	 who will strengthen the social class nucleus of the congregation. <font color=green>Churches</font>  can be strengthened through this process of co-optation so long	5	4	251	80	6	NNPS	essays
church/NNS/br-f44/1189	-0.0124457773765909	-0.0135469645068436	church	churches	NNS	popular_lore	fiction	C	C	C	CDE	church%1:14:00::	B	B	AB	AB	 and publicity in reaching new members. The proclamation of the <font color=green>churches</font>  is almost totally confined to pastoral contacts by the clergy	7	5	249	71	8	NNS	essays
church/NNS/br-f44/124	-0.0178025666327285	-0.0146866303808753	church	churches	NNS	popular_lore	fiction	C	C	C	CDE	church%1:14:00::	B	B	AB	AB	 inner city blight account for the decline of central city <font color=green>churches</font> . Central cities reveal two adverse features for the major denominations	4	4	221	100	10	NNS	essays
church/NNS/br-f44/1262	-0.0336805072902762	-0.0154701958222991	church	churches	NNS	popular_lore	fiction	C	C	C	CDE	church%1:14:00::	B	B	AB	AB	 will account for a major share of recruitment by the <font color=green>churches</font> , making it quite evident that the extension of economic integration	2	0	188	0	8	NNS	essays
church/NNS/br-f44/1427	-0.0189655703395823	-0.0294288797179646	church	churches	NNS	popular_lore	fiction	C	C	C	CDE	church%1:14:00::	B	B	AB	AB	 for more than a single generation. The fact that metropolitan <font color=green>churches</font>  of the major denominations have moved approximately every generation for	4	4	243	100	10	NNS	essays
church/NNS/br-f44/1475	-0.00701533818071543	-0.00793234671924037	church	churches	NNS	popular_lore	fiction	D	D	DE	CDE	church%1:06:00::	D	D	DE	CDE	 in religious life, when one recalls the number of city <font color=green>churches</font>  which deteriorated beyond repair before being abandoned, raises fundamental questions	4	3	186	75	9	NNS	essays
church/NNS/br-f44/1683	-0.0139671850837493	-0.129205324975255	church	churches	NNS	popular_lore	fiction	C	C	C	CDE	church%1:14:00::	B	B	AB	AB	 hopelessly unstable environment. More than creatures of metropolitan forces, the <font color=green>churches</font>  have taken the lead in counteracting the interdependence of metropolitan	2	2	265	100	7	NNS	essays
church/NNS/br-f44/1802	0.00338873242731274	-0.193051745851854	church	churches	NNS	popular_lore	fiction	D	D	DE	CDE	church%1:14:00::	B	B	AB	AB	 fight their way into the lower middle-class suburbs, and the <font color=green>churches</font>  will experience the same decay and rebuilding cycle which has	3	2	303	67	7	NNS	essays
church/NNS/br-f44/1918	-0.0230095329462856	-0.0735502148197893	church	churches	NNS	popular_lore	fiction	C	C	C	CDE	church%1:14:00::	B	B	AB	AB	 of middle-class culture could lead to various projections for the <font color=green>churches</font> . It could be argued that any fellowship which centers in	3	3	270	100	6	NNS	essays
church/NNS/br-f44/2015	-0.0163446164027814	-0.0840998234140165	church	churches	NNS	popular_lore	fiction	C	C	C	CDE	church%1:14:00::	B	B	AB	AB	 next chapter to the style of association in the denominational <font color=green>churches</font> ; this style is characteristically an expression of the communal style	3	1	229	33	5	NNS	essays
church/NNS/br-f44/2181	0.0302980729927622	-0.0247997360809923	church	churches	NNS	popular_lore	fiction	C	C	C	CDE	church%1:14:00::	B	B	AB	AB	 have fashioned the iron cage of conformity which imprisons the <font color=green>churches</font>  in their suburban captivity. The perplexing question still remains as	2	1	192	50	5	NNS	essays
church/NNS/br-f44/2201	-0.0118790105005032	-0.0358552990179925	church	churches	NNS	popular_lore	fiction	C	C	C	CDE	church%1:14:00::	B	B	AB	AB	 remains as to why the middle classes turn to the <font color=green>churches</font>  as a vehicle of social identity when their clubs and	5	5	217	100	8	NNS	essays
church/NNS/br-f44/343	-0.0304335717667436	-0.0977843295404721	church	churches	NNS	popular_lore	fiction	C	C	C	CDE	church%1:14:00::	B	B	AB	AB	 moreover, residential mobility is so high in metropolitan areas that <font color=green>churches</font>  have to recruit constantly in their core stratum in order	5	3	235	60	8	NNS	essays
church/NNS/br-f44/868	0.036222232475868	-0.0913412647801882	church	churches	NNS	popular_lore	fiction	C	C	C	CDE	church%1:14:00::	B	B	AB	AB	 and congregational outreach have not been carefully studied in the <font color=green>churches</font> ; one study in Pittsburgh, however, has illuminated the situation. In	2	1	238	50	7	NNS	essays
church/NNS/br-f44/890	-0.00577525011809271	-0.0139321167720355	church	churches	NNS	popular_lore	fiction	C	C	C	CDE	church%1:14:00::	B	B	AB	AB	 the situation. In a sample of new members of Pittsburgh <font color=green>churches</font> , almost 60 per cent were recruited by initial`` contacts with	3	2	228	67	9	NNS	essays
church/NNS/br-g13/1130	-0.0898247708373214	-0.181762968901122	church	churches	NNS	belles_lettres	fiction	D	D	DE	CDE	Z	Z	Z	Z	Z	 holy barbarians; they will destroy the shrines, temples, museums, and <font color=green>churches</font>  of the state that is the implacable enemy of the	3	0	140	0	3	NNS	fiction
church/NNS/br-k01/769	0.179345207505213	0.00923349590638957	church	churches	NNS	fiction_gral	fiction	D	D	DE	CDE	church%1:06:00::	D	D	DE	CDE	 It was a Negro section of peeling row houses, store-front <font color=green>churches</font>  and ragged children. Rachel had to bend toward Scotty and	2	1	190	50	5	NNS	fiction
church/NNS/br-k04/2307	0.0532473881840526	-0.0928024834556011	church	churches	NNS	fiction_gral	fiction	B	B	AB	AB	church%1:06:00::	D	D	DE	CDE	 his career in the Methodist church, if not in all <font color=green>churches</font> .	2	0	247	0	2	NNS	fiction
church/NNS/br-k06/1925	0.232528925014266	0.0371137077192015	church	churches	NNS	fiction_gral	fiction	D	D	DE	CDE	church%1:06:00::	D	D	DE	CDE	 them open. Lightning might strike the steeples of the other <font color=green>churches</font> ; not of Drew Church. A flash illumined the trees as	2	0	222	0	5	NNS	fiction
state/JJ/br-g17/2159	-0.010730001209037	-0.00419176931586471	state	state	JJ	belles_lettres	fiction	A2	A	AB	ABC	state%5:00:02:public:00	A2	A	AB	ABC	 is involved. How did it happen, for example, that the <font color=green>state</font>  university, that great symbol of American democracy, failed to flourish	3	3	232	100	10	JJ	fiction
state/JJ/br-g17/2327	-0.0800990320356724	-0.0256437922913887	state	state	JJ	belles_lettres	fiction	A2	A	AB	ABC	state%5:00:02:public:00	A2	A	AB	ABC	 been the very last of the forty-eight to establish a <font color=green>state</font>  university? The state universities of Maine, New Hampshire, And Vermont	4	1	403	25	5	JJ	fiction
state/JJ/br-g17/2331	-0.10217931762452	0.0296083188922299	state	state	JJ	belles_lettres	fiction	A2	A	AB	ABC	state%5:00:02:public:00	A2	A	AB	ABC	 last of the forty-eight to establish a state university? The <font color=green>state</font>  universities of Maine, New Hampshire, And Vermont are older and	4	2	427	50	5	JJ	fiction
state/JJ/br-g23/486	-0.00151084258917401	0.0261206903245308	state	state	JJ	belles_lettres	fiction	A2	A	AB	ABC	state%5:00:02:public:00	A2	A	AB	ABC	 The writer took a class of college students to the <font color=green>state</font>  hospital for the mentally ill in St. Joseph, Missouri. An	2	2	299	100	10	JJ	fiction
state/JJ/br-l14/977	0.0313811159434603	0.00133895686669054	state	State	JJ	fiction_mystery	fiction	A2	A	AB	ABC	state%5:00:02:public:00	A2	A	AB	ABC	 modern, large, on five acres. Must have cost plenty. The <font color=green>State</font>  cops would check from time to time; pass word when	1	1	241	100	12	JJ	fiction
state/NN/br-f03/1319	0.0120415319352261	-0.150379303061991	state	states	NN	popular_lore	fiction	D	D	D	D	state_of_matter%1:26:00::	D2	D	D	D	 the coexistence of the infinite number of universal, apparently momentary <font color=green>states</font>  of matter, successive one after another in consciousness, but permanent	2	1	65	50	7	NNS	essays
state/NN/br-f04/1144	0.117955634809966	-0.0873734047073022	state	state	NN	popular_lore	fiction	A4	A	AB	ABC	Z	Z	Z	Z	Z	 metal cans of grains ordered from organic farms in the <font color=green>state</font> . Miss Colman pours measures of whole wheat, oats, and soy	2	1	85	50	6	NN	essays
state/NN/br-f05/1048	-0.167259803012731	-0.0401426136196882	state	state	NN	popular_lore	fiction	A3	A	AB	ABC	Z	Z	Z	Z	Z	 necessary to gain access to Wilson flat, arrangements at the <font color=green>state</font>  capital were far from satisfactory. Each time in, the unhappy	1	1	66	100	7	NN	essays
state/NN/br-f05/147	0.0260717013402346	0.162111117629125	state	state	NN	popular_lore	fiction	A4	A	AB	ABC	Z	Z	Z	Z	Z	 Great Flood of 1927- the worst natural disaster in the <font color=green>state</font>  's history- the little plane was its sole replacement in	2	1	105	50	6	NN	essays
state/NN/br-f05/162	0.0620174814000711	0.17441808456588	state	States	NN	popular_lore	fiction	A5	A	AB	ABC	Z	Z	Z	Z	Z	 little plane was its sole replacement in carrying the United <font color=green>States</font>  mails. Rain of near cloudburst proportions had fallen for three	1	0	137	0	4	NNPS	essays
state/NN/br-f05/242	0.0784879301111536	0.0970107873264748	state	state	NN	popular_lore	fiction	A4	A	AB	ABC	Z	Z	Z	Z	Z	 had offices- and wondered how to move the mail. The <font color=green>state</font>  's railroad system counted miles of broken bridges and missing	4	3	94	75	8	NN	essays
state/NN/br-f05/356	0.0889834784216901	0.17855309971681	state	state	NN	popular_lore	fiction	A4	A	AB	ABC	Z	Z	Z	Z	Z	 planes to fly the mail in and out of the <font color=green>state</font> , it seemed a likely temporary solution, easing Burlington 's bottleneck	3	2	96	67	7	NN	essays
state/NN/br-f05/813	0.0523470101416653	0.266420529819364	state	state	NN	popular_lore	fiction	A4	A	AB	ABC	Z	Z	Z	Z	Z	 to a brand-new airplane, aimed at putting their city and <font color=green>state</font>  on the flying map. The ship was a Waco biplane	2	2	95	100	4	NN	essays
state/NN/br-f09/1758	-0.0266012092470841	0.0328875986148761	state	States	NN	popular_lore	fiction	A5	A	AB	ABC	Z	Z	Z	Z	Z	 a temporary passport, good only for return to the United <font color=green>States</font> . And return to the United States she did, into waiting	2	0	140	0	4	NNPS	essays
state/NN/br-f09/1765	-0.0215910379949395	0.0295297369891554	state	States	NN	popular_lore	fiction	A5	A	AB	ABC	Z	Z	Z	Z	Z	 return to the United States. And return to the United <font color=green>States</font>  she did, into waiting arms- the unromantic ones of the	1	0	92	0	4	NNPS	essays
state/NN/br-f11/1618	0.0519487251866831	0.139041877542748	state	state	NN	popular_lore	fiction	A1	A	AB	ABC	Z	Z	Z	Z	Z	 an orthodontist, a man must first be licensed by his <font color=green>state</font>  as a dentist, then he must spend at least two	2	0	96	0	3	NN	essays
state/NN/br-f11/162	-0.135116830647931	-0.125486927358264	state	States	NN	popular_lore	fiction	A5	A	AB	ABC	Z	Z	Z	Z	Z	 no special case.`` The majority of children in the United <font color=green>States</font>  could benefit by some form of orthodontic treatment'', says Dr.	1	0	116	0	3	NNPS	essays
state/NN/br-f11/1746	-0.0424955417194793	0.0338428361984614	state	States	NN	popular_lore	fiction	A5	A	AB	ABC	Z	Z	Z	Z	Z	 of months or years. In many cities in the United <font color=green>States</font>  clinics associated with dental schools will take patients at a	1	0	92	0	6	NNPS	essays
state/NN/br-f12/1351	0.0636152645522807	-0.0982420257648672	state	States	NN	popular_lore	fiction	A5	A	AB	ABC	Z	Z	Z	Z	Z	 women are named Miranda than Elizabeth; that in the United <font color=green>States</font>  more people die of heart disease than of smallpox. So	1	0	100	0	4	NNPS	essays
state/NN/br-f12/2279	-0.0482624230892044	-0.0466187175952666	state	state	NN	popular_lore	fiction	D	D	D	D	Z	Z	Z	Z	Z	 taken with other details it could have referred to a <font color=green>state</font>  of mental or spiritual confinement. In this connection it is	3	2	70	67	8	NN	essays
state/NN/br-f12/263	-0.160356854624456	0.298835460192549	state	state	NN	popular_lore	fiction	D	D	D	D	Z	Z	Z	Z	Z	 this experiment are in a waking or only slightly dissociated <font color=green>state</font> , so that the sitter can make comments, ask and answer	3	1	81	33	4	NN	essays
state/NN/br-f12/338	0.0046041464209102	-0.276389100899087	state	state	NN	popular_lore	fiction	D	D	D	D	Z	Z	Z	Z	Z	 to realize that the medium was describing very vividly his <font color=green>state</font>  of mind. He himself might not have been really aware	2	0	18	0	3	NN	essays
state/NN/br-f14/1295	-0.0910565537155893	0.0207439414284378	state	state	NN	popular_lore	fiction	B	B	AB	ABC	state%1:14:00::	B1	B	AB	ABC	 was attended by representatives of major organs of the German <font color=green>state</font> , including the Reich Minister of the Interior, the State Secretary	4	2	91	50	6	NN	essays
state/NN/br-f14/1775	-0.0631252499733307	-0.0463686649237987	state	states	NN	popular_lore	fiction	B	B	AB	ABC	state%1:14:00::	B1	B	AB	ABC	 own power and in destroying that of rival organizations and <font color=green>states</font> . Certainly, one of the best ways of warning the world	4	2	53	50	6	NNS	essays
state/NN/br-f14/457	-0.254172610356494	0.251117280564891	state	States	NN	popular_lore	fiction	A5	A	AB	ABC	united_states%1:15:00::	A51	A	AB	ABC	 and the tightening of Stalin 's dictatorship; in the United <font color=green>States</font>  the initiation of militant anti Communism, with the repentant ex	1	0	87	0	4	NNPS	essays
state/NN/br-f15/701	-0.0465002263779541	-0.00877275495709616	state	states	NN	popular_lore	fiction	A1	A	AB	ABC	state%1:15:01::	A	A	AB	ABC	 considered by non-Catholics in family planning. The laws of many <font color=green>states</font>  permit birth control only for medical reasons. The Roman Catholic	2	2	112	100	7	NNS	essays
state/NN/br-f17/1114	-0.025779640019852	0.0411847613867164	state	State	NN	popular_lore	fiction	A5	A	AB	ABC	united_states%1:14:00::	A52	A	AB	ABC	 presence of a colony on the Red prompted the United <font color=green>State</font>  War Department in 1819 to send Lieutenant-Colonel Henry Leavenworth from	1	0	98	0	7	NNP	essays
state/NN/br-f17/1144	0.00456405817400184	0.129580722767965	state	States	NN	popular_lore	fiction	A5	A	AB	ABC	united_states%1:15:00::	A51	A	AB	ABC	 of Prairie du Chien, until then the most advanced United <font color=green>States</font>  post. In September 1822 two companies of infantry arrived at	1	0	105	0	5	NNPS	essays
state/NN/br-f17/1330	-0.0162016335757384	-0.15789526391329	state	States	NN	popular_lore	fiction	A5	A	AB	ABC	united_states%1:15:00::	A51	A	AB	ABC	 and disappointed Swiss who turned their eyes toward the United <font color=green>States</font> . Observing their distressing condition, Colonel Snelling allowed these half starved	1	0	156	0	4	NNPS	essays
state/NN/br-f17/1627	0.00494649683378606	0.0345765394648777	state	States	NN	popular_lore	fiction	A5	A	AB	ABC	united_states%1:15:00::	A51	A	AB	ABC	 Swiss also decided to cast their lot with the United <font color=green>States</font> , and in 1823 several families paid guides to take them	1	0	115	0	7	NNPS	essays
state/NN/br-f17/1774	-0.0181702153649401	-0.258056563447388	state	States	NN	popular_lore	fiction	A5	A	AB	ABC	united_states%1:15:00::	A51	A	AB	ABC	 as Vevay, Indiana, a notable Swiss center in the United <font color=green>States</font> . In 1837, 157 Red River people with more than 200	2	1	111	50	5	NNPS	essays
state/NN/br-f17/548	-0.0559122179049126	0.0161085796226545	state	States	NN	popular_lore	fiction	A5	A	AB	ABC	united_states%1:15:00::	A51	A	AB	ABC	 of Congress forced the foreign firm out of the United <font color=green>States</font> , its British born employees, now become American citizens- Joseph Rolette	1	0	109	0	8	NNPS	essays
state/NN/br-f17/743	0.0701065957647058	0.123543430534152	state	States	NN	popular_lore	fiction	A5	A	AB	ABC	united_states%1:15:00::	A51	A	AB	ABC	 return to the Atlantic coast by way of the United <font color=green>States</font> . In September 1817 at Fort Daer( Pembina) Dickson met the	1	0	125	0	4	NNPS	essays
state/NN/br-f17/794	-0.0109395267329388	0.0292096899690808	state	States	NN	popular_lore	fiction	A5	A	AB	ABC	united_states%1:15:00::	A51	A	AB	ABC	 route through Illinois territory to Indiana and the eastern United <font color=green>States</font>  was the best route for goods from England to reach	1	0	136	0	9	NNPS	essays
state/NN/br-f17/811	0.0267634891004266	0.0487303684476666	state	States	NN	popular_lore	fiction	A5	A	AB	ABC	united_states%1:15:00::	A51	A	AB	ABC	 from England to reach Red River and that the United <font color=green>States</font>  was a better source of supply for many goods than	1	0	94	0	6	NNPS	essays
state/NN/br-f17/844	-0.0298653654361317	0.0335619678289978	state	State	NN	popular_lore	fiction	C	C	C	ABC	secretary_of_state%1:18:01::	C1	C	C	ABC	 on December 22 wrote to John Quincy Adams, Secretary of <font color=green>State</font>  at Washington, inquiring about laws covering trade with`` Missouri and	2	2	114	100	9	NNP	essays
state/NN/br-f19/1831	-0.179018785327904	-0.104046198228881	state	States	NN	popular_lore	fiction	A5	A	AB	ABC	united_states%1:15:00::	A51	A	AB	ABC	 of the hundred odd folklore courses given in the United <font color=green>States</font>  survive on sentiment and nationalism alone. If one wishes to	1	0	112	0	5	NNPS	essays
state/NN/br-f19/231	-0.0309760871261386	0.00778954545456968	state	States	NN	popular_lore	fiction	A5	A	AB	ABC	united_states%1:15:00::	A51	A	AB	ABC	 pine, and they can be applied again to the United <font color=green>States</font>  in more recent years. The popularity of local color literature	1	0	92	0	6	NNPS	essays
state/NN/br-f19/373	-0.104239969902365	-0.0422294852369215	state	States	NN	popular_lore	fiction	A5	A	AB	ABC	united_states%1:15:00::	A51	A	AB	ABC	 of the major culture lags of the twentieth century United <font color=green>States</font> . Yet nationalism has lost few of its charms for the	1	0	91	0	4	NNPS	essays
state/NN/br-f19/619	-0.153415895739724	0.0334935205229203	state	States	NN	popular_lore	fiction	A	A	AB	ABC	state%1:15:01::	A	A	AB	ABC	 symbol of honesty and the father image of the uniting <font color=green>States</font> . Abraham Lincoln emerged as an incarnation of the national Constitution	4	3	93	75	5	NNPS	essays
state/NN/br-f20/1147	-0.0177828134751656	0.0502829858768886	state	state	NN	popular_lore	fiction	D	D	D	D	state%1:03:00::	D1	D	D	D	 guest list is in itself a little parable of the <font color=green>state</font>  of American civic life at this time. It included the	2	0	80	0	4	NN	essays
state/NN/br-f22/661	0.0502288980913649	-0.111260866572881	state	States	NN	popular_lore	fiction	A5	A	AB	ABC	united_states%1:15:00::	A51	A	AB	ABC	 the best troop in the best regiment in the United <font color=green>States</font>  Army. He fed the captain bits of history about the	1	0	70	0	6	NNPS	essays
state/NN/br-f23/1235	-0.0553373020046537	0.0141609598812429	state	States	NN	popular_lore	fiction	A5	A	AB	ABC	united_states%1:15:00::	A51	A	AB	ABC	 it. The evidence suggests that foreign peoples believe the United <font color=green>States</font>  is weaker than the Soviet Union, and is bound to	1	0	102	0	8	NNPS	essays
state/NN/br-f23/129	-0.0798435993560228	-0.0369862095469798	state	States	NN	popular_lore	fiction	A5	A	AB	ABC	united_states%1:15:00::	A51	A	AB	ABC	 these conditions be enjoyed by the people of the United <font color=green>States</font> . I speak of`` the largest possible measure'' because any person	1	0	83	0	4	NNPS	essays
state/NN/br-f23/1705	-0.0936644080417621	-0.0441306640090686	state	States	NN	popular_lore	fiction	A5	A	AB	ABC	united_states%1:15:00::	A51	A	AB	ABC	 isolation and capture, not of Ghana, but of the United <font color=green>States</font> - and this purpose may be served very well by countries	1	0	89	0	2	NNPS	essays
state/NN/br-f23/773	-0.094835548228591	-0.0615982814062529	state	States	NN	popular_lore	fiction	A5	A	AB	ABC	united_states%1:15:00::	A51	A	AB	ABC	 over-all American strength with over-all Soviet strength finds the United <font color=green>States</font>  not only superior, but so superior both in present weapons	1	0	111	0	8	NNPS	essays
state/NN/br-f24/1198	0.00995277893686029	-0.119342973812527	state	States	NN	popular_lore	fiction	A5	A	AB	ABC	united_states%1:15:00::	A51	A	AB	ABC	 of Paradise. He had attended three universities in the United <font color=green>States</font> . But he had never seen the mountainous half of his	1	0	127	0	3	NNPS	essays
state/NN/br-f24/1855	0.0058681903732298	0.057077350351495	state	state	NN	popular_lore	fiction	C	C	C	ABC	state%1:14:00::	B1	B	AB	ABC	 without violence. That 's a big step toward a modern <font color=green>state</font> . You might say we are in the nation building business	3	1	70	33	3	NN	essays
state/NN/br-f24/525	-0.103698544749829	0.110719040456596	state	state	NN	popular_lore	fiction	D	D	D	D	state%1:03:00::	D1	D	D	D	 11, 1960). And now, in March, all Laos suffered a <font color=green>state</font>  of siege. The Pathet Lao forces held two northern provinces	1	0	127	0	4	NN	essays
state/NN/br-f33/1948	0.34585528557873	-0.150822289561319	state	States	NN	popular_lore	fiction	A5	A	AB	ABC	united_states%1:15:00::	A51	A	AB	ABC	 get in. In a far distant part of the United <font color=green>States</font> , I was talking to an instructor about a boy who	1	0	65	0	2	NNPS	essays
state/NN/br-g01/1187	-0.323996513438997	-0.173822331509888	state	states	NN	belles_lettres	fiction	A	A	AB	ABC	state%1:15:01::	A	A	AB	ABC	 traditional way of life persists much more in the older <font color=green>states</font>  than in the new ones. Probably a larger percentage of	5	1	87	20	3	NNS	fiction
state/NN/br-g01/1276	-0.0813192643495519	0.129046093393365	state	states	NN	belles_lettres	fiction	A4	A	AB	ABC	state%1:15:01::	A	A	AB	ABC	 of course, important minority enclaves. The long settled areas of <font color=green>states</font>  like Virginia and South Carolina developed the ante-bellum culture to	4	1	136	25	6	NNS	fiction
state/NN/br-g01/1429	-0.0710343707910296	0.254299010360859	state	states	NN	belles_lettres	fiction	A	A	AB	ABC	state%1:15:01::	A	A	AB	ABC	 by the mother country. And no doubt many people in <font color=green>states</font>  like the Carolinas and Georgia, which were among the most	3	1	50	33	3	NNS	fiction
state/NN/br-g01/1498	-0.0111264903830271	0.0396969277884756	state	states	NN	belles_lettres	fiction	A	A	AB	ABC	state%1:15:01::	A	A	AB	ABC	 that except for Northern meddling it would have ended in <font color=green>states</font>  like Virginia years before it did. Southern resentment has been	2	2	125	100	7	NNS	fiction
state/NN/br-g01/1849	-0.0357940231797713	0.0417428140503851	state	States	NN	belles_lettres	fiction	A5	A	AB	ABC	united_states%1:14:00::	A52	A	AB	ABC	 both hot and cold. In every war of the United <font color=green>States</font>  since the Civil War the South was more belligerent than	1	0	91	0	5	NNPS	fiction
state/NN/br-g01/26	-0.0980370351742671	-0.0165217282986682	state	state	NN	belles_lettres	fiction	C	C	C	ABC	welfare_state%1:14:00::	B	B	AB	ABC	 also led the nation in the direction of a welfare <font color=green>state</font> . And both in their objectives of non-discrimination and of social	4	3	103	75	6	NN	fiction
state/NN/br-g01/454	-0.0867170314220915	0.0504133525312401	state	states	NN	belles_lettres	fiction	A1	A	AB	ABC	state%1:15:01::	A	A	AB	ABC	 to coerce an uncooperative Congress or Supreme Court. As for <font color=green>states</font> ' rights, they have never counted in the thinking of my	4	2	157	50	5	NNS	fiction
state/NN/br-g01/574	0.0264791346851986	0.19173111005569	state	states	NN	belles_lettres	fiction	A	A	AB	ABC	state%1:15:01::	A	A	AB	ABC	 And if he is so scornful of the rights of <font color=green>states</font> , why not advocate a different sort of constitution that he	3	1	47	33	1	NNS	fiction
state/NN/br-g02/1005	-0.0609180317120146	-0.0149796455913759	state	state	NN	belles_lettres	fiction	A	A	AB	ABC	Z	Z	Z	Z	Z	 national responsibility for local economic distress won out over a`` <font color=green>state</font>  's- responsibility'' proposal- provision was made for payment for unemployment	4	4	142	100	7	NN	fiction
state/NN/br-g02/1113	-0.0766271963441488	-0.00230046115394389	state	States	NN	belles_lettres	fiction	A5	A	AB	ABC	Z	Z	Z	Z	Z	 individual welfare is a concept not limited to the United <font color=green>States</font>  or even to the Western nations. A measure of its	1	0	114	0	7	NNPS	fiction
state/NN/br-g02/1335	-0.11001864793888	-0.0224812310700412	state	states	NN	belles_lettres	fiction	C	C	C	ABC	Z	Z	Z	Z	Z	 better or for worse, we all now live in welfare <font color=green>states</font> , the organizing principle of which is collective responsibility for individual	4	4	149	100	6	NNS	fiction
state/NN/br-g02/1584	-0.093571438562472	-0.0807939491319524	state	States	NN	belles_lettres	fiction	A5	A	AB	ABC	Z	Z	Z	Z	Z	 nation-state coincides roughly with the separate existence of the United <font color=green>States</font>  as an independent entity, it is perhaps natural for Americans	1	0	83	0	5	NNPS	fiction
state/NN/br-g02/1630	-0.176945892215379	-0.0588517450435841	state	state	NN	belles_lettres	fiction	C	C	C	ABC	Z	Z	Z	Z	Z	 is the political principle that epitomizes and glorifies the territorial <font color=green>state</font>  as the characteristic type of socal structure. But it is	5	3	155	60	4	NN	fiction
state/NN/br-g02/1874	-0.328633054638496	-0.0431142366296505	state	state	NN	belles_lettres	fiction	C	C	C	ABC	Z	Z	Z	Z	Z	 that the viability and usefulness of nationalism and the territorial <font color=green>state</font>  are rapidly dissipating at precisely the time that the nation-state	3	2	125	67	4	NN	fiction
state/NN/br-g02/253	-0.0810727049723071	0.00176750978446624	state	state	NN	belles_lettres	fiction	B	B	AB	ABC	Z	Z	Z	Z	Z	 was paid by statesman or scholar to an idea of <font color=green>state</font>  responsibility, either internally or externally. This was particularly true in	2	2	110	100	5	NN	fiction
state/NN/br-g02/381	-0.105254499636804	-0.013261440454825	state	States	NN	belles_lettres	fiction	A5	A	AB	ABC	Z	Z	Z	Z	Z	 in motivation, however much other nations( e. g., the United <font color=green>States</font> ) may have incidentally benefited. At the same time, all suggestions	1	0	94	0	8	NNPS	fiction
state/NN/br-g02/411	-0.108086591834095	-0.0173416184569519	state	state	NN	belles_lettres	fiction	C	C	C	ABC	Z	Z	Z	Z	Z	 existed for the welfare of the people within the territorial <font color=green>state</font>  was strongly resisted. Social Darwinism was able to stave off	4	2	127	50	7	NN	fiction
state/NN/br-g02/533	-0.0829001733554431	-0.126490228540922	state	state	NN	belles_lettres	fiction	C	C	C	ABC	Z	Z	Z	Z	Z	 was transformed from one essentially negative in nature( the`` night-watchman <font color=green>state</font> '') to one with affirmative duties to perform. The`` positive state	5	3	90	60	5	NN	fiction
state/NN/br-g02/547	-0.0537454042573459	-0.117810295854994	state	state	NN	belles_lettres	fiction	C	C	C	ABC	Z	Z	Z	Z	Z	 state'') to one with affirmative duties to perform. The`` positive <font color=green>state</font> '' came into existence. For lawyers, reflecting perhaps their parochial preferences	3	3	122	100	6	NN	fiction
state/NN/br-g02/681	-0.190744439581355	-0.0698980985528548	state	state	NN	belles_lettres	fiction	C	C	C	ABC	Z	Z	Z	Z	Z	 the many facets of the American version of the welfare <font color=green>state</font>  have become part of the conventional wisdom. A national consensus	3	2	102	67	5	NN	fiction
state/NN/br-g02/9	0.021188917222611	-0.111017026672128	state	state	NN	belles_lettres	fiction	C	C	C	ABC	Z	Z	Z	Z	Z	 In the past, the duties of the <font color=green>state</font> , as Sir Henry Maine noted long ago, were only two	1	1	71	100	6	NN	fiction
state/NN/br-g03/817	-0.0436380800993162	0.00718421398974559	state	States	NN	belles_lettres	fiction	A5	A	AB	ABC	Z	Z	Z	Z	Z	 sweeping defense policy reappraisal by the Kennedy Administration, basic United <font color=green>States</font>  strategy has been modified- and large new sums allocated- to	1	0	77	0	9	NNPS	fiction
state/NN/br-g03/875	0.0336588346805608	0.10568360620159	state	States	NN	belles_lettres	fiction	A5	A	AB	ABC	Z	Z	Z	Z	Z	 Soviet missiles shortly after they are launched against the United <font color=green>States</font> . BMEWS intelligence is simultaneously flashed to NORAD( North American Air	1	0	102	0	8	NNPS	fiction
state/NN/br-g06/1016	-0.0489272423407775	0.139550317177197	state	States	NN	belles_lettres	fiction	A5	A	AB	ABC	Z	Z	Z	Z	Z	 insistence of Arturo Toscanini, Steinberg left Germany for the United <font color=green>States</font> , by way of Switzerland. After he had spent the first	1	0	126	0	3	NNPS	fiction
state/NN/br-g06/1056	-0.0196260910568296	0.109119414519984	state	States	NN	belles_lettres	fiction	A5	A	AB	ABC	Z	Z	Z	Z	Z	 NBC Orchestra, he made numerous guest appearances throughout the United <font color=green>States</font>  and Latin America. In 1945 he became conductor of the	1	0	132	0	6	NNPS	fiction
state/NN/br-g06/1295	0.129827082331801	0.126606089117375	state	States	NN	belles_lettres	fiction	A5	A	AB	ABC	Z	Z	Z	Z	Z	 in Munich and Cologne.`` Then I return to the United <font color=green>States</font>  for engagements at the Hollywood Bowl and in Philadelphia'', he	1	0	82	0	4	NNPS	fiction
state/NN/br-g07/2008	-0.120045091715499	0.190603906779059	state	state	NN	belles_lettres	fiction	A	A	AB	ABC	Z	Z	Z	Z	Z	 upon- if not displacing- affectionate ties to one 's own <font color=green>state</font> , was epitomized by Washington. His first inaugural address speaks of	2	2	40	100	3	NN	fiction
state/NN/br-g07/2122	-0.21317658541986	0.118897258870442	state	state	NN	belles_lettres	fiction	A	A	AB	ABC	Z	Z	Z	Z	Z	 former and Jefferson and Madison upholding the latter position. The <font color=green>state</font>  's rights position was formulated by Jefferson and Madison in	5	5	163	100	7	NN	fiction
state/NN/br-g07/2147	-0.207910707346341	0.461694598506556	state	state	NN	belles_lettres	fiction	C	C	C	ABC	Z	Z	Z	Z	Z	 Virginia Resolves, but in their later careers as heads of <font color=green>state</font>  the two proved themselves better Hamiltonians than Jeffersonians. In purchasing	2	1	151	50	1	NN	fiction
state/NN/br-g07/2238	-0.0781757614251856	0.0772840068148174	state	state	NN	belles_lettres	fiction	A	A	AB	ABC	Z	Z	Z	Z	Z	 in 1832, the South Carolina nullifiers adopted the principle of <font color=green>state</font>  interposition which Madison had advanced in his old Virginia Resolve	4	2	163	50	7	NN	fiction
state/NN/br-g07/546	-0.0289408841783417	0.010694511109032	state	state	NN	belles_lettres	fiction	A3	A	AB	ABC	Z	Z	Z	Z	Z	 France and the peace that ended the war, headed the <font color=green>state</font>  government of Pennsylvania, and exercised an important moderating influence at	2	2	112	100	6	NN	fiction
state/NN/br-g07/690	-0.102497098034343	0.187615805818011	state	state	NN	belles_lettres	fiction	A1	A	AB	ABC	Z	Z	Z	Z	Z	 of pre-Revolutionary radical ideology, wrote the constitution of his home <font color=green>state</font>  of Massachusetts, negotiated, with Franklin and Jay, the peace with	4	2	157	50	5	NN	fiction
state/NN/br-g07/853	-0.0786974124061788	0.0651609726838975	state	State	NN	belles_lettres	fiction	C	C	C	ABC	Z	Z	Z	Z	Z	 party in American history, and, as Jefferson 's Secretary of <font color=green>State</font>  and his successor in the Presidency, guided the nation through	1	1	136	100	5	NNP	fiction
state/NN/br-g10/1095	-0.0362336543493559	-0.0218916726039732	state	States	NN	belles_lettres	fiction	A5	A	AB	ABC	Z	Z	Z	Z	Z	 are the two Preambles:`` we the People of the United <font color=green>States</font> , in order to form a more perfect Union, establish Justice	1	0	64	0	4	NNPS	fiction
state/NN/br-g10/1145	-0.0490878031710529	0.00784328171189216	state	States	NN	belles_lettres	fiction	A5	A	AB	ABC	Z	Z	Z	Z	Z	 Posterity, do ordain and establish this Constitution for the United <font color=green>States</font>  of America''.`` We the people of the Confederate States, each	1	0	111	0	3	NNPS	fiction
state/NN/br-g10/1160	-0.120183770829242	0.0208704686167875	state	state	NN	belles_lettres	fiction	A1	A	AB	ABC	Z	Z	Z	Z	Z	 of America''.`` We the people of the Confederate States, each <font color=green>state</font>  acting in its sovereign and independent character, in order to	4	3	143	75	5	NN	fiction
state/NN/br-g10/1216	-0.0871057843704771	0.030053846902685	state	States	NN	belles_lettres	fiction	A5	A	AB	ABC	Z	Z	Z	Z	Z	 God- do ordain and establish this Constitution for the Confederate <font color=green>States</font>  of America''. One is tempted to say that, on the	3	2	130	67	5	NNPS	fiction
state/NN/br-g10/1323	-0.200669285755012	0.0337096084934406	state	state	NN	belles_lettres	fiction	A1	A	AB	ABC	Z	Z	Z	Z	Z	 them, the same right must be conceded to each remaining <font color=green>state</font>  whenever it saw fit to secede: This would destroy the	1	1	155	100	6	NN	fiction
state/NN/br-g10/1430	-0.104300372008179	0.0665573831878229	state	state	NN	belles_lettres	fiction	A1	A	AB	ABC	Z	Z	Z	Z	Z	 slavery, Lincoln was always willing to concede to each`` slave <font color=green>state</font> '' the right to decide independently whether to continue or end	3	2	110	67	6	NN	fiction
state/NN/br-g10/1790	-0.106838834205865	0.0795631986051904	state	State	NN	belles_lettres	fiction	C	C	C	ABC	Z	Z	Z	Z	Z	 Inaugural. To my knowledge, Lincoln remains the only Head of <font color=green>State</font>  and Commander-in-Chief who, while fighting a fearful war whose issue	3	1	101	33	5	NNP	fiction
state/NN/br-g10/2033	-0.123101140808374	-0.0644772904972158	state	States	NN	belles_lettres	fiction	A5	A	AB	ABC	Z	Z	Z	Z	Z	 devotion'' to prevent disunion, preserved individual freedom in the United <font color=green>States</font>  from the dangers of anarchy, inherent in confederations, which throughout	1	0	83	0	6	NNPS	fiction
state/NN/br-g10/310	0.0065910802888051	0.0825355834026619	state	States	NN	belles_lettres	fiction	A5	A	AB	ABC	Z	Z	Z	Z	Z	 down to this: The Southern States insisted that the United <font color=green>States</font>  was, in last analysis, what its name implied- a Union	1	0	78	0	4	NNPS	fiction
state/NN/br-g10/586	-0.118201460746424	0.064379289901028	state	States	NN	belles_lettres	fiction	A5	A	AB	ABC	Z	Z	Z	Z	Z	 to secede'', they formed what they officially styled`` The Confederate <font color=green>States</font>  of America''. Dictionaries, as we have seen, still cite this	2	2	142	100	4	NNPS	fiction
state/NN/br-g10/688	-0.119796410445544	0.00110798189516978	state	state	NN	belles_lettres	fiction	A3	A	AB	ABC	Z	Z	Z	Z	Z	 substantially the same division of power between the central and <font color=green>state</font>  governments, and among the executive, legislative and judicial branches. Many	4	4	101	100	7	NN	fiction
state/NN/br-g10/731	-0.217183786332008	0.0205160980408167	state	state	NN	belles_lettres	fiction	A1	A	AB	ABC	Z	Z	Z	Z	Z	 Constitution was that the former recognized the right of each <font color=green>state</font>  to secede. But though each of its members had asserted	3	2	117	67	3	NN	fiction
state/NN/br-g10/773	-0.166551866459666	0.00809824741648214	state	state	NN	belles_lettres	fiction	A1	A	AB	ABC	Z	Z	Z	Z	Z	 month before hostilities began- included no explicit provision authorizing a <font color=green>state</font>  to secede. Its drafters discussed this vital point but left	3	3	163	100	6	NN	fiction
state/NN/br-g13/1133	-0.114144833549726	-0.22369165465982	state	state	NN	belles_lettres	fiction	A4	A	AB	ABC	Z	Z	Z	Z	Z	 will destroy the shrines, temples, museums, and churches of the <font color=green>state</font>  that is the implacable enemy of the life they believe	4	1	16	25	1	NN	fiction
state/NN/br-g13/1778	-0.156207332153394	0.0975526614924653	state	state	NN	belles_lettres	fiction	A1	A	AB	ABC	Z	Z	Z	Z	Z	 do not count, for they hold the laws of the <font color=green>state</font>  null and void. They feel they are leagued against a	1	1	120	100	4	NN	fiction
state/NN/br-g17/2109	-0.165934356902842	0.163766660223008	state	States	NN	belles_lettres	fiction	A5	A	AB	ABC	united_states%1:15:00::	A51	A	AB	ABC	 the chief universities, colleges, and preparatory schools of the United <font color=green>States</font> . Why should this be so? It is true that New	1	0	99	0	4	NNPS	fiction
state/NN/br-g17/2194	-0.0389964402039192	0.103774717700838	state	states	NN	belles_lettres	fiction	A	A	AB	ABC	state%1:15:01::	A	A	AB	ABC	 country? Is n't it a bit odd that the three <font color=green>states</font>  of Southern New England( Massachusetts, Connecticut, and Rhode Island) have	4	2	120	50	7	NNS	fiction
state/NN/br-g17/2210	-0.0591534952831704	0.0369292082204422	state	state	NN	belles_lettres	fiction	A2	A	AB	ABC	state%1:15:01::	A	A	AB	ABC	 Southern New England( Massachusetts, Connecticut, and Rhode Island) have had <font color=green>state</font>  institutions of university status only in the very recent past	5	4	122	80	9	NN	fiction
state/NN/br-g17/2310	-0.0709021438148357	0.127042633816021	state	state	NN	belles_lettres	fiction	A	A	AB	ABC	state%1:15:01::	A	A	AB	ABC	 the West? Is it not ironical that Roger Williams 's <font color=green>state</font> , Rhode Island, should have been the very last of the	1	0	110	0	6	NN	fiction
state/NN/br-g19/545	-0.23250327055821	-0.0216939814128551	state	States	NN	belles_lettres	fiction	A5	A	AB	ABC	united_states%1:15:00::	A51	A	AB	ABC	 of the giant corporations in Western Europe and the United <font color=green>States</font>  dates from the period 1880- 1900. Now, although the roots	1	0	127	0	4	NNPS	fiction
state/NN/br-g21/1159	0.0623248095148882	0.0767356951108773	state	States	NN	belles_lettres	fiction	A5	A	AB	ABC	united_states%1:14:00::	A52	A	AB	ABC	 During the next five years liberal leaders in the United <font color=green>States</font>  sank in the cumulative confusion attendant upon and manifested in	1	0	75	0	4	NNPS	fiction
state/NN/br-g21/2009	0.0209163968416261	0.0460220799299397	state	States	NN	belles_lettres	fiction	A5	A	AB	ABC	united_states%1:14:00::	A52	A	AB	ABC	 same refrain mentioned above:`` The paramount goal of the United <font color=green>States</font> , set long ago, was to guard the rights of the	1	0	71	0	5	NNPS	fiction
state/NN/br-g21/2184	0.0765046280475492	0.159853483118321	state	state	NN	belles_lettres	fiction	D	D	D	D	state%1:03:00::	D1	D	D	D	 to you an uncertain and uneasy, not to say confused, <font color=green>state</font>  of the public mind? What is the common man 's	4	3	123	75	4	NN	fiction
state/NN/br-g21/244	-0.172277609143686	-0.0259626128061213	state	States	NN	belles_lettres	fiction	A5	A	AB	ABC	united_states%1:14:00::	A52	A	AB	ABC	 to be the duty of the destiny of the United <font color=green>States</font>  to assist in the creation of a better world by	1	0	131	0	5	NNPS	fiction
state/NN/br-g21/991	-0.168842735882936	-0.15368599006045	state	State	NN	belles_lettres	fiction	C	C	C	ABC	state%1:14:01::	B	B	AB	ABC	 the Marxist dream of a classless society under a Socialist <font color=green>State</font> . And the USSR existed as the revolutionary experiment in radical	4	1	47	25	5	NNP	fiction
state/NN/br-g22/1822	-0.0838396323447031	-0.00699883671381899	state	state	NN	belles_lettres	fiction	B	B	AB	ABC	state%1:14:01::	B	B	AB	ABC	 acting as controllers of the corporation whose responsibility to the <font color=green>state</font>  would now be defined against proprietorship because employees and proprietors	3	2	130	67	5	NN	fiction
state/NN/br-g22/594	-0.0710779134691454	0.0592144449452006	state	State	NN	belles_lettres	fiction	C	C	C	ABC	state_department%1:14:00::	C1	C	C	ABC	 of`` The Soviet Cultural Offensive'', he says,`` Long before the <font color=green>State</font>  Department organized its bureaucracy into an East-West Contacts Staff in	2	1	127	50	4	NNP	fiction
state/NN/br-g22/643	-0.0686983357475347	0.0451359128256231	state	State	NN	belles_lettres	fiction	C	C	C	ABC	state_department%1:14:00::	C1	C	C	ABC	 when the enterprising promoters of' Porgy and Bess' overrode the <font color=green>State</font>  Department to carry the contemporary' cultural warfare' behind the enemy	1	1	104	100	5	NNP	fiction
state/NN/br-g28/1728	-0.0126085709829541	0.0664103520137423	state	states	NN	belles_lettres	fiction	A4	A	AB	ABC	state%1:15:01::	A	A	AB	ABC	 preacher and a college and university president in four Southern <font color=green>states</font> , published the earliest of these backwoods sketches and in the	1	1	113	100	6	NNS	fiction
state/NN/br-g43/2228	-0.183012399595655	0.0531971239918797	state	state	NN	belles_lettres	fiction	D	D	D	D	state_of_affairs%1:26:00::	D1	D	D	D	 a search for the human significance of an event or <font color=green>state</font>  of affairs, a tendency to look at wholes rather than	2	1	98	50	3	NN	fiction
state/NN/br-k03/2239	0.0314966549808211	0.440894171734515	state	state	NN	fiction_gral	fiction	A4	A	AB	ABC	state%1:15:01::	A	A	AB	ABC	 've got a quarter of a million Germans in my <font color=green>state</font> , and those krautheads tune in on Father Werther every night	2	0	80	0	3	NN	fiction
state/NN/br-k03/2311	0.149951281546552	0.300204245370036	state	state	NN	fiction_gral	fiction	A4	A	AB	ABC	state%1:15:01::	A	A	AB	ABC	 he says,' Look here, there 's a mill in my <font color=green>state</font>  employs five thousand people making uniforms for the Navy.	3	1	123	33	3	NN	fiction
state/NN/br-k05/60	-0.0535759173847963	0.1984652235382	state	State	NN	fiction_gral	fiction	C	C	C	ABC	secretary_of_state%1:18:00::	C1	C	C	ABC	 he was delivering a prescription from Dr. Verdi. Secretary of <font color=green>State</font>  Seward was a sick man. The idea had come from	1	0	130	0	3	NNP	fiction
state/NN/br-k09/375	0.24532342564863	-0.21193532083703	state	state	NN	fiction_gral	fiction	D	D	D	D	state%1:03:00::	D1	D	D	D	 wipe my flint, but I did n't dare to, the <font color=green>state</font>  my hands were in, just as I did n't dare	2	1	33	50	2	NN	fiction
state/NN/br-k10/1990	-0.196205926925033	0.0185583813526826	state	state	NN	fiction_gral	fiction	B	B	AB	ABC	state%1:14:01::	B	B	AB	ABC	 or unleavened bread are inconsequential. Geneva must remain a sovereign <font color=green>state</font> . We will not yield to the demands of Bern''! The	3	3	126	100	6	NN	fiction
state/NN/br-k14/2245	0.220737055906441	-0.433265608754859	state	state	NN	fiction_gral	fiction	D	D	D	D	state%1:03:00::	D1	D	D	D	 worry; and by the second night he was in a <font color=green>state</font>  of panic: he could see nothing out of the afflicted	2	1	136	50	1	NN	fiction
state/NN/br-k15/1299	-0.0634887561038477	0.0408742443648016	state	state	NN	fiction_gral	fiction	A3	A	AB	ABC	state_government%1:14:00::	C2	C	C	ABC	 of the convention in Wheeling, Which had formed a new <font color=green>state</font>  government by declaring the government at Richmond in the east	3	3	115	100	7	NN	fiction
state/NN/br-k15/210	-0.020472175046666	0.218601442014282	state	state	NN	fiction_gral	fiction	D	D	D	D	state%1:03:00::	D1	D	D	D	 Kate moved through all the preparations and services in a <font color=green>state</font>  of bewilderment. She would not accept the death of such	1	0	61	0	4	NN	fiction
state/NN/br-k27/1154	-0.000736780844996888	0.152975742440287	state	state	NN	fiction_gral	fiction	D	D	D	D	state%1:03:00::	D1	D	D	D	 words about the doctor 's provincial American speech and a <font color=green>state</font>  of nerves brought on by the demands of his work	1	1	84	100	4	NN	fiction
state/NN/br-k27/586	0.0205318653848088	-0.403585005461702	state	state	NN	fiction_gral	fiction	D	D	D	D	state%1:03:00::	D1	D	D	D	 sense of immediacy left him and he fell into a <font color=green>state</font>  of harmony with the birds around him. He stroked the	2	1	82	50	2	NN	fiction
state/NN/br-l01/1511	-0.0419681228472545	0.0449758972825358	state	state	NN	fiction_mystery	fiction	A4	A	AB	ABC	Z	Z	Z	Z	Z	 It was a fantastic story. Only two people in the <font color=green>state</font>  of Illinois knew that I was entering Hanover State Hospital	1	1	122	100	6	NN	fiction
state/NN/br-l01/88	-0.0410834092592394	-0.164896210797656	state	state	NN	fiction_mystery	fiction	A1	A	AB	ABC	Z	Z	Z	Z	Z	 the patients, that technically I was a ward of the <font color=green>state</font>  of Illinois, going to a hospital for the mentally ill	2	2	138	100	5	NN	fiction
state/NN/br-l16/162	-0.136660728126636	-0.175596686103859	state	state	NN	fiction_mystery	fiction	D	D	D	D	emotional_state%1:26:00::	D1	D	D	D	 escaped him, followed by a sentiment that revealed his emotional <font color=green>state</font> .`` Why, I 'm not fit to touch the hem of	2	2	114	100	5	NN	fiction
state/NN/br-l16/552	-0.0567152743356406	0.109708417391127	state	State	NN	fiction_mystery	fiction	C	C	C	ABC	state_department%1:14:00::	C1	C	C	ABC	 Leigh. If you want to spend another day in the <font color=green>State</font>  Department- another day- you get in there and tell that	1	1	166	100	2	NNP	fiction
state/NN/br-m01/1641	-0.0106706689812388	0.00410661785587025	state	States	NN	fiction_science	fiction	A5	A	AB	ABC	president_of_the_united_states%1:18:00::	A51	A	AB	ABC	 the purpose was less immediate. The President of the United <font color=green>States</font>  proclaimed the first Sunday in November as`` National Grandmothers '	1	0	84	0	9	NNPS	fiction
state/NN/br-m02/939	-0.109216938031465	0.148276831836723	state	states	NN	fiction_science	fiction	B	B	AB	ABC	state%1:15:01::	A	A	AB	ABC	 China, all of southeast Asia, southern India and Ceylon, these <font color=green>states</font>  of the Malay Federation spoke Bazaar. Siberia spoke Icelandic. His	7	4	83	57	7	NNS	fiction
state/NN/br-m03/1014	-0.192258855930239	0.0721174795200359	state	States	NN	fiction_science	fiction	A5	A	AB	ABC	Z	Z	Z	Z	Z	 agreements, for instance, had been unreassuringly dismal; but the United <font color=green>States</font>  and the Union of Soviet Socialist Republics nevertheless did eventually	1	0	114	0	4	NNPS	fiction
state/NN/br-n06/1235	0.261169400603002	-0.338927998899753	state	state	NN	fiction_adventure	fiction	D	D	D	D	Z	Z	Z	Z	Z	 look at it from a distance. I lived in a <font color=green>state</font>  of suspense because of it. I could not cling to	1	0	42	0	2	NN	fiction
state/NN/br-n06/4	-0.344178887483009	0.139488044428646	state	state	NN	fiction_adventure	fiction	D	D	D	D	Z	Z	Z	Z	Z	 Such was my <font color=green>state</font>  of mind that I did not question the possibility of	2	0	101	0	1	NN	fiction
state/NN/br-n07/1774	0.092155791401858	0.0313197549475564	state	state	NN	fiction_adventure	fiction	A4	A	AB	ABC	Z	Z	Z	Z	Z	 Barton was free flashed across the central portion of the <font color=green>state</font> . It reached Donald Kruger in his massive home in Burlingame	3	2	76	67	8	NN	fiction
state/NN/br-n11/1961	-0.0124287944955537	0.0420851221555511	state	state	NN	fiction_adventure	fiction	A4	A	AB	ABC	state%1:15:01::	A	A	AB	ABC	 for him by privately claiming every unsolved murder in the <font color=green>state</font> . It is also possible, but equally doubtful, that he actually	1	0	77	0	6	NN	fiction
state/NN/br-n11/729	-0.0854455103112306	-0.0894500220718711	state	state	NN	fiction_adventure	fiction	A4	A	AB	ABC	state%1:15:01::	A	A	AB	ABC	 the ground! You reckon there 's two men in this <font color=green>state</font>  can shoot like that''? Publicly, he denied everything. Privately, he	1	0	37	0	4	NN	fiction
state/NN/br-p05/1180	-0.206432541106206	-0.423404738250677	state	states	NN	fiction_romance	fiction	B	B	AB	ABC	Z	Z	Z	Z	Z	 Orient in their faces; there are beauties from the Balkan <font color=green>states</font>  who are similarly endowed, and- back in the blessed United	1	0	225	0	1	NNS	fiction
state/NN/br-p05/1193	-0.104722805821216	-0.340268550636853	state	States	NN	fiction_romance	fiction	A5	A	AB	ABC	Z	Z	Z	Z	Z	 who are similarly endowed, and- back in the blessed United <font color=green>States</font> - they were regarded simply as pretty women. Now, having been	1	0	137	0	3	NNPS	fiction
state/NN/br-p07/998	0.0784011121475112	0.026392098041941	state	States	NN	fiction_romance	fiction	A5	A	AB	ABC	united_states%1:15:00::	A51	A	AB	ABC	 number of our crew that when they reach the United <font color=green>States</font> , they will be punished but that in the meanwhile, they	1	0	57	0	5	NNPS	fiction
state/NN/br-p09/1670	0.217786939126922	-0.0498899759380939	state	States	NN	fiction_romance	fiction	A5	A	AB	ABC	united_states%1:15:00::	A51	A	AB	ABC	 doing for them he would do all over the United <font color=green>States</font>  some day. So they stayed quiet and hung not on	1	0	76	0	4	NNPS	fiction
state/NN/br-r01/934	0.121723202795001	0.107329309271717	state	state	NN	humor	fiction	D	D	D	D	Z	Z	Z	Z	Z	 Barco, policemen with shovels, newspaper reporters, and cameramen. Barco, his <font color=green>state</font>  of apprehension gone, never to return, had assumed a matter-of-factness	1	1	114	100	4	NN	fiction
state/NN/br-r06/2409	-0.0282553105476631	0.0944773639537742	state	state	NN	humor	fiction	C	C	C	ABC	state%1:14:00::	B1	B	AB	ABC	 the paranoiac and the manic-depressive to become head of a <font color=green>state</font> . Complete power not only corrupts but it also attracts the	2	1	23	50	3	NN	fiction
state/NN/br-r06/57	0.241605577046292	0.348946152263503	state	state	NN	humor	fiction	D	D	D	D	state%1:03:00::	D1	D	D	D	 the venerable gentleman becomes an angry old man about the <font color=green>state</font>  of literature or something else that is dwindling and diminishing	3	0	113	0	2	NN	fiction
state/NN/br-r09/1146	0.332482444493262	0.275685405681741	state	state	NN	humor	fiction	B	B	AB	ABC	state%1:15:01::	A	A	AB	ABC	 altogether different cup of tea. They hail from Travancore, a <font color=green>state</font>  in the subcontinent where Kali, the goddess of death, is	2	0	77	0	2	NN	fiction
state/NNP/br-f04/1665	0.0111483596406906	0.00951273808011237	state	State	NNP	popular_lore	fiction	A5	A	AB	ABC	Z	Z	Z	Z	Z	 Following a talk by Mr. Clark at the New York <font color=green>State</font>  Natural Food Associates Convention, a man from the audience offered	2	1	202	50	8	NNP	essays
state/NNP/br-f05/1004	0.0239198988458518	0.0132620956325585	state	State	NNP	popular_lore	fiction	A3	A	AB	ABC	Z	Z	Z	Z	Z	 set his plane down on Towne field back of the <font color=green>State</font>  House when the wind was right, and used Wilson flat	2	1	146	50	8	NNP	essays
state/NNP/br-f05/568	0.0145881367698954	0.0142084883178336	state	State	NNP	popular_lore	fiction	A3	A	AB	ABC	Z	Z	Z	Z	Z	 the flood. Though the makeshift airports were ready, the York <font color=green>State</font>  Guard flyers proved unable to keep any kind of mail	2	1	188	50	7	NNP	essays
state/NNP/br-f14/1306	-0.0443897978145598	0.0909639978824755	state	State	NNP	popular_lore	fiction	C	C	C	ABC	person%1:03:00::	C1	C	C	ABC	 German state, including the Reich Minister of the Interior, the <font color=green>State</font>  Secretary in charge of the Four Year Plan, the Reich	4	0	136	0	4	NNP	essays
state/NNP/br-f24/1708	-0.0504787660025665	0.0303625403601802	state	States	NNP	popular_lore	fiction	A5	A	AB	ABC	group%1:03:00::	B	B	AB	ABC	 Economics, headed the rural development division of USOM, the United <font color=green>States</font>  Operations Mission administering U. S. aid.`` What you see are	3	0	190	0	7	NNPS	essays
state/NNP/br-g02/719	-0.00964950044659594	0.00783959796200893	state	State	NNP	belles_lettres	fiction	B	B	AB	ABC	Z	Z	Z	Z	Z	 Ratified in the Republican Party victory in 1952, the Positive <font color=green>State</font>  is now evidenced by political campaigns being waged not on	4	3	234	75	8	NNP	fiction
state/NNP/br-g06/699	0.0171257915864553	0.0921608008247671	state	State	NNP	belles_lettres	fiction	B	B	AB	ABC	Z	Z	Z	Z	Z	 his tenure he also fulfilled guest engagements at the Berlin <font color=green>State</font>  Opera. Two years later he became director of the Frankfurt	3	2	198	67	5	NNP	fiction
state/NNP/br-g07/30	-0.0331897244942904	0.0538309118391393	state	State	NNP	belles_lettres	fiction	A5	A	AB	ABC	Z	Z	Z	Z	Z	 That test, as President Kennedy forthrightly depicted it in his <font color=green>State</font>  of the Union message, will determine`` whether a nation organized	2	0	149	0	4	NNP	fiction
state/NNP/br-g10/357	-0.0749241319495473	0.00537000928307536	state	State	NNP	belles_lettres	fiction	A	A	AB	ABC	Z	Z	Z	Z	Z	 the right to secede from it. This right of the <font color=green>State</font> , its upholders contended, was essential to maintain the federal balance	4	2	187	50	8	NNP	fiction
state/NNP/br-k03/1304	0.417039501970294	0.0667469133264055	state	State	NNP	fiction_gral	fiction	A2	A	AB	ABC	group%1:03:00::	B	B	AB	ABC	 a pharmacist. And so he had, so he had. At <font color=green>State</font>  College, he had no time to walk among the violets	1	0	120	0	3	NNP	fiction
state/NNP/br-k03/485	0.186480156126757	0.0388972075814448	state	States	NNP	fiction_gral	fiction	A5	A	AB	ABC	location%1:03:00::	A	A	AB	ABC	 I heard of some that tried it back in the <font color=green>States</font> , and he 'd knock them clear across the room. There	1	0	109	0	4	NNPS	fiction
state/NNP/br-k15/1529	-0.0189846725295599	0.0317702020409209	state	state	NNP	fiction_gral	fiction	A3	A	AB	ABC	group%1:03:00::	B	B	AB	ABC	 the U.S. Army. In spite of the fact that the <font color=green>state</font>  legislature voted us neutral, John Hunt Morgan is openly flying	5	4	238	80	7	NN	fiction
state/NNP/br-l01/1520	-0.00776118432685381	0.0754141439974432	state	State	NNP	fiction_mystery	fiction	A2	A	AB	ABC	Z	Z	Z	Z	Z	 the state of Illinois knew that I was entering Hanover <font color=green>State</font>  Hospital under an assumed name, or why. It was unlikely	1	1	218	100	6	NNP	fiction
state/NNPS/br-f02/8	0.0468391594089974	0.00611848147922322	state	States	NNPS	popular_lore	fiction	A5	A	AB	ABC	Z	Z	Z	Z	Z	 She was just another freighter from the <font color=green>States</font> , and she seemed as commonplace as her name. She was	1	0	237	0	4	NNPS	essays
state/NNPS/br-g07/2287	0.0343504528357059	-0.00339596153504588	state	States	NNPS	belles_lettres	fiction	A	A	AB	ABC	Z	Z	Z	Z	Z	 death, Madison expressed the wish`` that the Union of the <font color=green>States</font>  be cherished and perpetuated. Let the open enemy to it	1	0	387	0	8	NNPS	fiction
state/NNPS/br-g10/1157	-0.034722130118438	0.00600395920834319	state	States	NNPS	belles_lettres	fiction	A5	A	AB	ABC	Z	Z	Z	Z	Z	 United States of America''.`` We the people of the Confederate <font color=green>States</font> , each state acting in its sovereign and independent character, in	1	1	359	100	9	NNPS	fiction
state/NNPS/br-g10/1255	-0.0701172225604574	-0.0687866863223225	state	States	NNPS	belles_lettres	fiction	A	A	AB	ABC	Z	Z	Z	Z	Z	 of the Nineteenth century was fought. But though the Southern <font color=green>States</font> , when drafting a constitution to unite themselves, narrowed the difference	3	1	314	33	4	NNPS	fiction
state/NNPS/br-g10/1505	0.0035395154326006	0.0181927132050397	state	States	NNPS	belles_lettres	fiction	A	A	AB	ABC	Z	Z	Z	Z	Z	 of the slaves by Union action even in the Border <font color=green>States</font>  that stayed with the Union. He issued his Emancipation Proclamation	3	0	293	0	4	NNPS	fiction
state/NNPS/br-g10/1942	-0.192302715858568	-0.0410183240397967	state	States	NNPS	belles_lettres	fiction	A	A	AB	ABC	Z	Z	Z	Z	Z	 the balance between the powers they had delegated to the <font color=green>States</font>  and to their Union. They differed in the balance they	3	2	385	67	5	NNPS	fiction
state/NNPS/br-g10/2221	0.0431232366546868	0.0123063091814638	state	States	NNPS	belles_lettres	fiction	A	A	AB	ABC	Z	Z	Z	Z	Z	 from the ballot to the bullet. Yet though the Southern <font color=green>States</font>  lost the worst errors in their case, they did not	1	0	357	0	7	NNPS	fiction
state/NNPS/br-g10/305	-0.00532701983802921	0.00439081017786611	state	States	NNPS	belles_lettres	fiction	A	A	AB	ABC	Z	Z	Z	Z	Z	 this subject. The difference came down to this: The Southern <font color=green>States</font>  insisted that the United States was, in last analysis, what	2	0	337	0	5	NNPS	fiction
state/NNPS/br-g10/325	-0.0235933205134938	-0.0401111220985716	state	States	NNPS	belles_lettres	fiction	A	A	AB	ABC	Z	Z	Z	Z	Z	 in last analysis, what its name implied- a Union of <font color=green>States</font> . To their leaders the Constitution was a compact made by	2	0	422	0	4	NNPS	fiction
state/NNPS/br-g10/568	-0.0755956065760492	-0.0109365717128317	state	States	NNPS	belles_lettres	fiction	A1	A	AB	ABC	Z	Z	Z	Z	Z	 the base alloy of hypocrisy''.[ His emphasis] When the Southern <font color=green>States</font>  exercised their`` right to secede'', they formed what they officially	2	1	419	50	5	NNPS	fiction
state/NNPS/br-l03/126	0.0665541875917936	0.0258339921725233	state	States	NNPS	fiction_mystery	fiction	A5	A	AB	ABC	Z	Z	Z	Z	Z	 on duty, too''.`` A night policeman just like in the <font color=green>States</font> . You know''?`` Canada does n't have much of this here	1	1	259	100	7	NNPS	fiction
state/NNPS/br-l03/1478	0.155048762667471	0.00209996441875329	state	States	NNPS	fiction_mystery	fiction	A5	A	AB	ABC	Z	Z	Z	Z	Z	 a poor dumb Canadian or a smart aleck from the <font color=green>States</font> ''? Vince lifted his hand as if to strike, but his	2	0	438	0	6	NNPS	fiction
state/NNPS/br-p05/410	-0.00762668866419418	-0.00502669128812961	state	States	NNPS	fiction_romance	fiction	A5	A	AB	ABC	Z	Z	Z	Z	Z	 marriage counselor- sometimes the Navy sent people back to the <font color=green>States</font>  to preserve a marriage- but mental health as a rule	1	0	370	0	8	NNPS	fiction
state/NNS/br-f04/222	-0.0167844234060183	0.0141860724696735	state	states	NNS	popular_lore	fiction	A4	A	AB	ABC	Z	Z	Z	Z	Z	 ages eight to fourteen, grades four through eight. From fourteen <font color=green>states</font>  and three foreign countries they come to spend the months	2	1	128	50	5	NNS	essays
state/NNS/br-g02/1031	-0.0380115997266433	-0.00531663227928724	state	states	NNS	belles_lettres	fiction	A	A	AB	ABC	Z	Z	Z	Z	Z	 nation-wide taxation rather than by a levy only on those <font color=green>states</font>  afflicted with manpower surplus. The American people have indeed come	5	2	223	40	6	NNS	fiction
state/NNS/br-g02/66	-0.135991126337189	0.00275799106575339	state	states	NNS	belles_lettres	fiction	B	B	AB	ABC	Z	Z	Z	Z	Z	 territorial borders. Outside those limits it asserted, as against other <font color=green>states</font> , a position of sovereign equality, and, as against the`` inferior	4	3	320	75	6	NNS	fiction
state/NNS/br-g08/986	-0.0302729833564889	0.0635094409324731	state	states	NNS	belles_lettres	fiction	A4	A	AB	ABC	Z	Z	Z	Z	Z	 's evidence, such as the fact that only three Southern <font color=green>states</font> ( South Carolina, Alabama and Mississippi) still openly defy integration, would	5	2	220	40	9	NNS	fiction
state/NNS/br-g10/1053	-0.0301375594262203	-0.000920498081115731	state	states	NNS	belles_lettres	fiction	B	B	AB	ABC	Z	Z	Z	Z	Z	 in making their government the people were acting through their <font color=green>states</font> , whereas the Preamble of 1787- 89 expressed, as clearly as	4	2	180	50	4	NNS	fiction
state/NNS/br-g10/1304	-0.188542865879367	-0.0162349050456757	state	states	NNS	belles_lettres	fiction	B	B	AB	ABC	Z	Z	Z	Z	Z	 on the concept that it was composed primarily of sovereign <font color=green>states</font> . If the Union conceded this to them, the same right	2	1	373	50	5	NNS	fiction
state/NNS/br-g10/1341	-0.0785073359664613	-0.0102943328861604	state	states	NNS	belles_lettres	fiction	A	A	AB	ABC	Z	Z	Z	Z	Z	 This would destroy the federal balance between it and the <font color=green>states</font> , and in the end sacrifice to the sovereignty of the	3	3	221	100	6	NNS	fiction
state/NNS/br-g10/1353	-0.0858438935223017	-0.00406947079011561	state	states	NNS	belles_lettres	fiction	A	A	AB	ABC	Z	Z	Z	Z	Z	 and in the end sacrifice to the sovereignty of the <font color=green>states</font>  all the liberty the citizens had gained by their Union	3	3	239	100	6	NNS	fiction
state/NNS/br-g10/1401	-0.0522371769873827	0.0095399688252876	state	states	NNS	belles_lettres	fiction	B	B	AB	ABC	Z	Z	Z	Z	Z	 that should continue to live, or an association of sovereign <font color=green>states</font>  that must fall prey either to`` anarchy or despotism''. Much	4	2	232	50	5	NNS	fiction
state/NNS/br-g10/1482	-0.0214028377888963	0.0359162131902838	state	states	NNS	belles_lettres	fiction	A	A	AB	ABC	Z	Z	Z	Z	Z	 no such change in the rights the Constitution gave the <font color=green>states</font> . After the war began, he long refused to permit emancipation	3	1	181	33	6	NNS	fiction
state/NNS/br-g10/1587	-0.111257442925501	0.0101166048373375	state	states	NNS	belles_lettres	fiction	B	B	AB	ABC	Z	Z	Z	Z	Z	 the free''. What Lincoln could not concede was that the <font color=green>states</font>  rather than the people were sovereign in the Union. He	4	3	344	75	5	NNS	fiction
state/NNS/br-g10/1634	-0.0377047031133655	-0.00747701987975757	state	states	NNS	belles_lettres	fiction	A	A	AB	ABC	Z	Z	Z	Z	Z	 fact that the Americans who upheld the sovereignty of their <font color=green>states</font>  did this in order to keep many of their people	3	3	200	100	8	NNS	fiction
state/NNS/br-g10/1726	-0.146311753998245	0.0140258095861691	state	states	NNS	belles_lettres	fiction	C	C	C	ABC	Z	Z	Z	Z	Z	 two concepts of the sovereign rights of men and of <font color=green>states</font> . On their decisive battlefield Lincoln did not distinguish between them	3	3	303	100	8	NNS	fiction
state/NNS/br-g10/2060	-0.0979387443857646	-0.00551169873852166	state	states	NNS	belles_lettres	fiction	B	B	AB	ABC	Z	Z	Z	Z	Z	 in the end to all associations composed primarily of sovereign <font color=green>states</font> , and to the liberties of their people. But the fact	3	3	270	100	7	NNS	fiction
state/NNS/br-g10/2267	-0.0544538081314613	-0.00318314298793788	state	states	NNS	belles_lettres	fiction	A	A	AB	ABC	Z	Z	Z	Z	Z	 encroachment by the Union on the powers reserved to their <font color=green>states</font>  have continued ever since to safeguard all Americans against freedom	6	4	259	67	7	NNS	fiction
state/NNS/br-g10/341	-0.0469058275782783	-0.0014047720823321	state	states	NNS	belles_lettres	fiction	B	B	AB	ABC	Z	Z	Z	Z	Z	 Constitution was a compact made by the people of sovereign <font color=green>states</font> , who therefore retained the right to secede from it. This	4	3	285	75	8	NNS	fiction
state/NNS/br-g10/418	-0.056275920763953	0.00380103440041215	state	states	NNS	belles_lettres	fiction	B	B	AB	ABC	Z	Z	Z	Z	Z	 that it was a compact among sovereign citizens rather than <font color=green>states</font> , and that therefore the states had no right to secede	3	2	283	67	7	NNS	fiction
state/NNS/br-g10/424	-0.0654963452832043	0.00539991319582027	state	states	NNS	belles_lettres	fiction	B	B	AB	ABC	Z	Z	Z	Z	Z	 among sovereign citizens rather than states, and that therefore the <font color=green>states</font>  had no right to secede, though the citizens could. Writing	4	5	311	125	9	NNS	fiction
state/NNS/br-m03/1076	-0.0574868079803397	-0.0156033623408904	state	states	NNS	fiction_science	fiction	B	B	AB	ABC	Z	Z	Z	Z	Z	 present world hegemony of the United Nations; suspicion between member <font color=green>states</font>  still existed, but it was of about the same low	3	2	167	67	6	NNS	fiction
