id	model.x	model.y	lemma	pos	genre	marisense	mbroad	mari3	mari2	sensekey	wnsense	wnbroad	wn3	wn2	text	newPos	newBroadGenre	cues	cuesWithWeight	meanWeight	weightedCuesRatio	weightedCW	wf	broadGenre
church/NN/br-a01/2073	-0.0963886602557433	0.406406561804605	church	NN	press_reportage	E	E	DE	CDE	church%1:04:00::	E	E	DE	CDE	 said.`` Being at the polls was just like being at <font color=green>church</font> . I did n't smell a drop of liquor, and we	NN	informative	1	0	2.63	0	1	church	others
church/NN/br-a07/1303	0.0473119746070521	-0.398651158975924	church	NN	press_reportage	A	A	AB	AB	Z	Z	Z	Z	Z	 Africa, the Middle East and Latin America. Interviews with several <font color=green>church</font>  leaders have disclosed that this development has raised the question	NN	informative	3	0	2.93	0	1	church	others
church/NN/br-a07/1325	0.268589306393277	-0.0606044875842967	church	NN	press_reportage	A	A	AB	AB	Z	Z	Z	Z	Z	 the Peace Corps will be able to prevent confusion for <font color=green>church</font>  and state over methods, means and goals. There are a	NN	informative	4	1	2.58	0.25	1	church	others
church/NN/br-a07/1487	0.131766502201498	0.439597108788681	church	NN	press_reportage	A	A	AB	AB	Z	Z	Z	Z	Z	 projects and still preserve the constitutional requirement on separation of <font color=green>church</font>  and state? R. Sargent Shriver Jr., director of the corps	NN	informative	4	0	2.63	0	1	church	others
church/NN/br-a10/1769	0.00384039924579189	0.38481950361792	church	NN	press_reportage	A	A	AB	AB	Z	Z	Z	Z	Z	 more than 100 million have no vital touch with the <font color=green>church</font>  or religious life'', he told delegates Friday. Talking of the	NN	informative	3	0	2.8	0	1	church	others
church/NN/br-a10/1940	0.268589306393277	-0.0606044875842967	church	NN	press_reportage	A	A	AB	AB	Z	Z	Z	Z	Z	 this would necessitate some changes in methods, he said.`` The <font color=green>church</font>  's ability to change her methods is going to determine	NN	informative	1	0	2.58	0	2	church	others
church/NN/br-a16/453	-0.22001560272914	0.064786754330569	church	NN	press_reportage	D	D	DE	CDE	Z	Z	Z	Z	Z	 a small one at noon tomorrow in St. Bernadine 's <font color=green>church</font> , Forest Park. A small reception will follow in the Oak	NN	informative	4	2	2.9	0.5	2	church	others
church/NN/br-a17/1636	-0.188848452475786	0.12216976824764	church	NN	press_reportage	D	D	DE	CDE	Z	Z	Z	Z	Z	 Gay, who were married Saturday at the Munger Place Methodist <font color=green>Church</font> . Parents of the bride are Mr. and Mrs. Ferris M.	NNP	informative	4	2	2.65	0.5	2	Church	others
church/NN/br-a17/1770	-0.322989595743696	0.254869355135904	church	NN	press_reportage	D	D	DE	CDE	Z	Z	Z	Z	Z	 College of Technology, in the chapel of the First Presbyterian <font color=green>Church</font>  of Houston. The bride, daughter of Rhodes Semmes Baker Jr.	NNP	informative	2	0	2.76	0	1	Church	others
church/NN/br-a17/2228	-0.0331633615469252	0.00315784060396455	church	NN	press_reportage	D	D	DE	CDE	Z	Z	Z	Z	Z	 Burgher Jr. seated guests. A reception was held at the <font color=green>church</font> . The First Christian Church of Pampa was the setting for	NN	informative	5	2	3.26	0.4	5	church	others
church/NN/br-a17/2233	-0.0260990858889153	-0.0098924097843071	church	NN	press_reportage	D	D	DE	CDE	Z	Z	Z	Z	Z	 A reception was held at the church. The First Christian <font color=green>Church</font>  of Pampa was the setting for the wedding last Sunday	NNP	informative	4	0	3.47	0	3	Church	others
church/NN/br-a21/677	0.0588821619434995	-0.170281883393906	church	NN	press_reportage	D	D	DE	CDE	Z	Z	Z	Z	Z	 for 10 a. m. tomorrow in St. Anne 's Catholic <font color=green>Church</font> , 31978 Mound, in Warren. The mother and daughter, who will	NNP	informative	4	0	3.54	0	2	Church	others
church/NN/br-a22/1206	-0.232679930290835	0.38910072918642	church	NN	press_reportage	B	B	AB	AB	Z	Z	Z	Z	Z	 World War 1,. He was a member of the Baptist <font color=green>church</font> . Survivors include two brothers, C. E. Killingsworth, Atlanta, and John	NN	informative	2	0	2.96	0	1	church	others
church/NN/br-a22/1283	-0.30677225424132	0.109855595697945	church	NN	press_reportage	C	C	C	CDE	Z	Z	Z	Z	Z	 painter. He was a member of the Oakland City Methodist <font color=green>Church</font>  and a native of Atlanta. Funeral services will be at	NNP	informative	2	0	3.08	0	2	Church	others
church/NN/br-a22/307	-0.0433818810836188	-0.0313984992228413	church	NN	press_reportage	B	B	AB	AB	Z	Z	Z	Z	Z	 challenged by the state. Emory is affiliated with the Methodist <font color=green>Church</font> . Some church leaders, both clerical and lay, have criticized the	NNP	informative	4	0	3.46	0	1	Church	others
church/NN/br-a22/310	-0.0319542087277028	-0.0317222727891471	church	NN	press_reportage	A	A	AB	AB	Z	Z	Z	Z	Z	 the state. Emory is affiliated with the Methodist Church. Some <font color=green>church</font>  leaders, both clerical and lay, have criticized the university for	NN	informative	5	0	3.1	0	2	church	others
church/NN/br-a31/1395	-0.249042797056239	0.128225907741535	church	NN	press_reportage	D	D	DE	CDE	Z	Z	Z	Z	Z	 from 4 to 8 p. m. Sunday at First Presbyterian <font color=green>Church</font> . At that time the second half of the Christian Youth	NNP	informative	5	0	2.97	0	1	Church	others
church/NN/br-a31/1842	0.306869997362143	-0.201246600982737	church	NN	press_reportage	D	D	DE	CDE	Z	Z	Z	Z	Z	 planned for 10: 50 a. m. Sunday at First Christian <font color=green>Church</font> . It will be the second time the assistant manager of	NNP	informative	3	0	3.95	0	1	Church	others
church/NN/br-a31/2087	-0.249042797056239	0.128225907741535	church	NN	press_reportage	D	D	DE	CDE	Z	Z	Z	Z	Z	 Family'' at 7: 30 p. m. Sunday at Christ Lutheran <font color=green>Church</font> . Mr. and Mrs. George Treadwell will be honored at a	NNP	informative	3	0	2.97	0	1	Church	others
church/NN/br-a31/2112	-0.0570419202787079	-0.00242422416573216	church	NN	press_reportage	D	D	DE	CDE	Z	Z	Z	Z	Z	 and program at 6 p. m. Sunday at Trinity Methodist <font color=green>Church</font> . He is the sexton of the church. A family worship	NNP	informative	3	0	3.22	0	2	Church	others
church/NN/br-a31/2120	-0.0175741584808685	-0.0372782660319125	church	NN	press_reportage	D	D	DE	CDE	Z	Z	Z	Z	Z	 at Trinity Methodist Church. He is the sexton of the <font color=green>church</font> . A family worship service will follow the program at 7	NN	informative	4	0	3.52	0	2	church	others
church/NN/br-a31/2212	-0.285086747478413	-0.287015417755854	church	NN	press_reportage	C	C	C	CDE	Z	Z	Z	Z	Z	 participate. To start the week of special programs at the <font color=green>church</font> , the Rev. John D. Henderson will preach on`` A Successful	NN	informative	4	1	2.87	0.25	1	church	others
church/NN/br-a31/2280	-0.145908969076522	0.0751836179133063	church	NN	press_reportage	C	C	C	CDE	Z	Z	Z	Z	Z	 held at 6: 15 p. m. Monday and the annual <font color=green>church</font>  picnic at 4 p. m. next Saturday. The week will	NN	informative	3	2	2.83	0.67	4	church	others
church/NN/br-b08/1866	-0.0386998578973373	-0.0387204222683908	church	NN	press_editorial	D	D	DE	CDE	Z	Z	Z	Z	Z	 wrote after almost a decade of service to this majestic <font color=green>church</font> .`` Such a church needs vigor and vitality in its rector	NN	informative	2	0	3.48	0	2	church	others
church/NN/br-b08/1871	-0.0386998578973373	-0.0387204222683908	church	NN	press_editorial	C	C	C	CDE	Z	Z	Z	Z	Z	 a decade of service to this majestic church.`` Such a <font color=green>church</font>  needs vigor and vitality in its rector and one man	NN	informative	4	1	3.48	0.25	2	church	others
church/NN/br-b12/2009	-0.0806467807084149	-0.32321421787046	church	NN	press_editorial	A	A	AB	AB	Z	Z	Z	Z	Z	 new version retains, however, the old phrase`` angel of the <font color=green>church</font> '' which Biblical scholars have previously interpreted as meaning bishop. This	NN	informative	4	2	2.6	0.5	2	church	others
church/NN/br-b12/2115	-0.144846757787372	-0.265290729219655	church	NN	press_editorial	A	A	AB	AB	Z	Z	Z	Z	Z	 and Greek and other ancient writings, some by the early <font color=green>church</font>  fathers, in themselves called for a restudy of the Bible	NN	informative	5	0	2.88	0	2	church	others
church/NN/br-b12/2217	-0.0175432088474335	-0.0263052801605746	church	NN	press_editorial	B	B	AB	AB	Z	Z	Z	Z	Z	 of a joint committee made up of representatives of the <font color=green>Church</font>  of England, Church of Scotland, Methodist Church, Congregational Union, Baptist	NNP	informative	6	1	3.2	0.17	2	Church	others
church/NN/br-b12/2226	-0.000569060218274048	-0.0250680040686396	church	NN	press_editorial	B	B	AB	AB	Z	Z	Z	Z	Z	 representatives of the Church of England, Church of Scotland, Methodist <font color=green>Church</font> , Congregational Union, Baptist Union, Presbyterian Church of England, Churches in	NNP	informative	7	2	3.36	0.29	4	Church	others
church/NN/br-b12/2235	0.0192063490251152	-0.0166911687276886	church	NN	press_editorial	B	B	AB	AB	Z	Z	Z	Z	Z	 Church of Scotland, Methodist Church, Congregational Union, Baptist Union, Presbyterian <font color=green>Church</font>  of England, Churches in Wales, Churches in Ireland, Society of	NNP	informative	9	3	3	0.33	5	Church	others
church/NN/br-b15/1190	-0.248142021722113	0.281429438484776	church	NN	press_editorial	C	C	C	CDE	Z	Z	Z	Z	Z	 El; Rev. DeWitt Clemens, pastor of the Mathewson Street Methodist <font color=green>Church</font> ; Mr. Felix Miranda, of the Imperial Knife Co.; and to	NNP	informative	2	1	3.32	0.5	1	Church	others
church/NN/br-d01/1628	0.125190116343764	0.420524297151316	church	NN	religion	B	B	AB	AB	church%1:14:00::	B	B	AB	AB	 age to whip men into a surrender to a particular <font color=green>church</font>  or church-state''. Apparently he does not intend that those who	NN	informative	3	1	2.84	0.33	2	church	others
church/NN/br-d02/1641	-0.0160713906836541	-0.425780519558843	church	NN	religion	B	B	AB	AB	church%1:14:00::	B	B	AB	AB	 concerned to stand squarely within the tradition of the apostolic <font color=green>church</font> , they have exhibited no willingness whatever to sacrifice their modernity	NN	informative	2	0	3.66	0	1	church	others
church/NN/br-d02/706	-0.124020781007448	-0.256047474021214	church	NN	religion	A	A	AB	AB	church%1:14:00::	B	B	AB	AB	 there tends to be an almost complete indifference to the <font color=green>church</font>  and its traditional message of sin and grace. To be	NN	informative	4	1	2.93	0.25	2	church	others
church/NN/br-d02/786	-0.312452596945317	-0.172718655151283	church	NN	religion	A	A	AB	AB	church%1:14:00::	B	B	AB	AB	 longer afford the luxury of such smug indignation? Can the <font color=green>church</font>  risk assuming that the`` folly'' of men is as dear	NN	informative	3	0	2.97	0	2	church	others
church/NN/br-d02/877	-0.183370202770935	-0.335948438858123	church	NN	religion	A	A	AB	AB	church%1:14:00::	B	B	AB	AB	 precarious? There is an ancient and venerable tradition in the <font color=green>church</font> ( which derives, however, from the heritage of the Greeks rather	NN	informative	4	1	2.72	0.25	1	church	others
church/NN/br-d02/923	0.50033964996722	-0.0114163674247542	church	NN	religion	A	A	AB	AB	church%1:14:00::	B	B	AB	AB	 for accomplishing his work in the world. by analogy, the <font color=green>church</font>  also has been regarded as entirely independent of the`` world	NN	informative	3	0	3.14	0	1	church	others
church/NN/br-d02/949	0.0371222023636979	0.513832481728207	church	NN	religion	A	A	AB	AB	church%1:14:00::	B	B	AB	AB	 of requiring nothing from it in order to be the <font color=green>church</font> . But, as Scripture everywhere reminds us, God does have need	NN	informative	2	0	2.99	0	1	church	others
church/NN/br-d02/969	0.392699670471448	-0.0655351361557612	church	NN	religion	A	A	AB	AB	church%1:14:00::	B	B	AB	AB	 us, God does have need of his creatures, and the <font color=green>church</font> , a fortiori, can ill afford to do without the talents	NN	informative	4	1	2.75	0.25	1	church	others
church/NN/br-d03/1080	0.185933430895472	-0.245030595028495	church	NN	religion	E	E	DE	CDE	church%1:04:00::	E	E	DE	CDE	 phenomenon of redundancy is that fewer Protestants are going to <font color=green>church</font> . It should be admitted, too, that there is a good	NN	informative	2	1	2.52	0.5	1	church	others
church/NN/br-d03/1342	-0.00775462503091123	-0.0463770090013904	church	NN	religion	E	E	DE	CDE	church%1:06:00::	D	D	DE	CDE	 my experience to find as many men as women in <font color=green>church</font> , and to hear almost everyone in church congregations reciting the	NN	informative	5	1	3.4	0.2	2	church	others
church/NN/br-d03/1350	-0.0084229088024309	-0.0442238193342483	church	NN	religion	E	E	DE	CDE	church%1:06:00::	D	D	DE	CDE	 as women in church, and to hear almost everyone in <font color=green>church</font>  congregations reciting the Latin prayers and responses at Mass. They	NN	informative	5	3	3.12	0.6	5	church	others
church/NN/br-d03/1871	0.021793647984592	-0.085407553300252	church	NN	religion	B	B	AB	AB	catholic_church%1:14:00::	B1	B	AB	AB	 the Sunday Observer implies a kindly recognition that the Catholic <font color=green>Church</font>  is now at least of equal stature in England with	NNP	informative	2	2	3.31	1	5	Church	others
church/NN/br-d03/1909	-0.0299430075562419	-0.0841958401571263	church	NN	religion	B	B	AB	AB	church_of_england%1:14:00::	B2	B	AB	AB	 non-Catholic) wrote articles in the Observer depicting clergymen of the <font color=green>Church</font>  of England, the Church of Rome and the Nonconformist Church	NNP	informative	6	2	3.06	0.33	3	Church	others
church/NN/br-d03/2097	-0.0177428322787941	-0.138672691328247	church	NN	religion	A	A	AB	AB	church%1:14:00::	B	B	AB	AB	 Canterbury. The good feeling which exists between these two important <font color=green>church</font>  figures is now well known in England. The Holy Sacrifice	NN	informative	4	0	2.94	0	1	church	others
church/NN/br-d03/2336	0.0160694485660226	-0.0538913573876909	church	NN	religion	D	D	DE	CDE	catholic_church%1:14:00::	B1	B	AB	AB	 a votive Mass offered for Christian unity at a Catholic <font color=green>church</font>  in Slough during the Church Unity Octave.	NN	informative	2	0	3.37	0	4	church	others
church/NN/br-d03/2341	0.0160694485660226	-0.0538913573876909	church	NN	religion	A	A	AB	AB	church%1:14:00::	B	B	AB	AB	 Christian unity at a Catholic church in Slough during the <font color=green>Church</font>  Unity Octave.	NNP	informative	2	1	3.37	0.5	4	Church	others
church/NN/br-d03/721	-0.22357255829139	-0.0209651943640413	church	NN	religion	B	B	AB	AB	church%1:06:00::	D	D	DE	CDE	 crowds going in and out of the Birmingham Oratory( Catholic) <font color=green>Church</font>  on Sunday mornings. She found this a marvel because, as	NNP	informative	1	0	3.11	0	2	Church	others
church/NN/br-d03/862	0.0182261825764175	0.0013002226127799	church	NN	religion	B	B	AB	AB	church_of_england%1:14:00::	B2	B	AB	AB	 to a newspaper report of the 1961 statistics of the <font color=green>Church</font>  of England, the`` total of confirmed members is 9748000, but	NNP	informative	3	2	2.81	0.67	2	Church	others
church/NN/br-d03/883	0.107836897556843	-0.33434806437191	church	NN	religion	C	C	C	CDE	church_roll%1:10:00::	C	C	C	CDE	 is 9748000, but only 2887671 are registered on the parochial <font color=green>church</font>  rolls'', and`` over 27 million people in England are baptized	NN	informative	4	2	2.7	0.5	2	church	others
church/NN/br-d03/899	-0.0174866529264085	-0.124993684941585	church	NN	religion	B	B	AB	AB	church_of_england%1:14:00::	B2	B	AB	AB	 over 27 million people in England are baptized into the <font color=green>Church</font>  of England, but roughly only a tenth of them continue	NNP	informative	3	2	2.81	0.67	3	Church	others
church/NN/br-d03/945	0.0549427672845313	-0.0273494065147714	church	NN	religion	B	B	AB	AB	church_of_england%1:14:00::	B2	B	AB	AB	 than an Archbishops' Commission`` reported last month that in the <font color=green>Church</font>  of England alone there are 790 churches which are redundant	NNP	informative	1	0	2.72	0	2	Church	others
church/NN/br-d04/56	0.252630295983398	-0.337573848896472	church	NN	religion	A	A	AB	AB	church_father%1:18:00::	A	A	AB	AB	 Jesus Christ the unique and the universal concur. Perhaps no <font color=green>church</font>  father saw this concurrence of the unique and the universal	NN	informative	4	2	2.72	0.5	2	church	others
church/NN/br-d05/1163	-0.246017793763376	-0.127584693742144	church	NN	religion	B	B	AB	AB	Z	Z	Z	Z	Z	 Parker as the ultra-liberal minister within the pale of a <font color=green>church</font>  which had proclaimed itself the repository of liberality poses a	NN	informative	2	0	2.98	0	2	church	others
church/NN/br-d06/2174	-0.262165048832041	-0.160176090477657	church	NN	religion	C	C	C	CDE	Z	Z	Z	Z	Z	 spiritually. No amount of religious ceremonies or even joining a <font color=green>church</font>  will relieve the gnawing of your`` inner'' space. Why? Because	NN	informative	3	1	3.08	0.33	2	church	others
church/NN/br-d07/1408	0.133998250036093	0.120377724481554	church	NN	religion	D	D	DE	CDE	Z	Z	Z	Z	Z	 then jumped; she was fatally injured. The entrance to a <font color=green>church</font>  has been walled up, so that the congregation, most of	NN	informative	2	0	2.77	0	2	church	others
church/NN/br-d09/1044	-0.0433818810836188	-0.0313984992228413	church	NN	religion	C	C	C	CDE	Z	Z	Z	Z	Z	 such topics as:`` What Christ Means to Me'',`` What the <font color=green>Church</font>  Means to Me'',`` Why Join the Church'',`` The Duties of	NNP	informative	3	0	3.46	0	1	Church	others
church/NN/br-d09/1054	-0.000672324746363294	0.00323858352236926	church	NN	religion	C	C	C	CDE	Z	Z	Z	Z	Z	 Me'',`` What the Church Means to Me'',`` Why Join the <font color=green>Church</font> '',`` The Duties of Church Members'', etc.. Assign a series of	NNP	informative	3	2	3.1	0.67	4	Church	others
church/NN/br-d09/1061	-0.000672324746363294	0.00323858352236926	church	NN	religion	C	C	C	CDE	Z	Z	Z	Z	Z	 Means to Me'',`` Why Join the Church'',`` The Duties of <font color=green>Church</font>  Members'', etc.. Assign a series of catechism questions to be	NNP	informative	4	2	2.98	0.5	3	Church	others
church/NN/br-d09/1619	0.00877772920891	0.0641167827106008	church	NN	religion	C	C	C	CDE	Z	Z	Z	Z	Z	 the group of new members to be put in the <font color=green>church</font>  paper or placed on the bulletin board. Have a fellowship	NN	informative	5	2	2.73	0.4	2	church	others
church/NN/br-d09/1641	-0.0121708085803678	0.0615058120627994	church	NN	religion	C	C	C	CDE	Z	Z	Z	Z	Z	 fellowship luncheon or dinner with new members as guests. The <font color=green>church</font>  is`` the family of God''. The members of the`` family	NN	informative	3	2	2.71	0.67	3	church	others
church/NN/br-d09/1829	0.0407386967485284	0.0447725923491752	church	NN	religion	C	C	C	CDE	Z	Z	Z	Z	Z	 during the same period there were 1080062 additions. Another major <font color=green>church</font>  body had 4499608 members and twenty years later its membership	NN	informative	5	2	2.64	0.4	2	church	others
church/NN/br-d09/2026	0.123147375120018	0.0976371377660612	church	NN	religion	C	C	C	CDE	Z	Z	Z	Z	Z	 planned and carefully developed. The entire membership of the local <font color=green>church</font>  must be alerted to their part in this dynamic process	NN	informative	3	1	3.11	0.33	2	church	others
church/NN/br-d09/2040	0.398449626168608	-0.233243967157573	church	NN	religion	C	C	C	CDE	Z	Z	Z	Z	Z	 alerted to their part in this dynamic process. If the <font color=green>church</font>  has followed the plan of cultivation of prospects and carried	NN	informative	3	0	3.63	0	1	church	others
church/NN/br-d09/2174	0.0326323857265608	0.0543246699995412	church	NN	religion	C	C	C	CDE	Z	Z	Z	Z	Z	 members. The new members justifiably expect some things from their <font color=green>church</font>  family:	NN	informative	3	2	2.68	0.67	2	church	others
church/NN/br-d09/724	-0.0322570396021817	-0.0168044486112382	church	NN	religion	C	C	C	CDE	Z	Z	Z	Z	Z	 as well as the program and activities of the local <font color=green>church</font> . The lay leadership of the church may be invited to	NN	informative	5	0	3.26	0	2	church	others
church/NN/br-d09/731	-0.0199042835602726	-0.00779864027487538	church	NN	religion	C	C	C	CDE	Z	Z	Z	Z	Z	 activities of the local church. The lay leadership of the <font color=green>church</font>  may be invited to speak on the various phases of	NN	informative	2	0	3.34	0	3	church	others
church/NN/br-d09/742	-0.0112637972680323	-0.00204186749156288	church	NN	religion	C	C	C	CDE	Z	Z	Z	Z	Z	 may be invited to speak on the various phases of <font color=green>church</font>  life, service opportunities, the church school, missions, men 's work	NN	informative	6	1	3.3	0.17	4	church	others
church/NN/br-d09/749	-0.0152982226749508	-0.00712747565624386	church	NN	religion	C	C	C	CDE	Z	Z	Z	Z	Z	 on the various phases of church life, service opportunities, the <font color=green>church</font>  school, missions, men 's work, women 's work, youth program	NN	informative	9	1	3.39	0.11	3	church	others
church/NN/br-d09/837	0.0326323857265608	0.0543246699995412	church	NN	religion	C	C	C	CDE	Z	Z	Z	Z	Z	 facilities and refreshments. The social time gives an opportunity for <font color=green>church</font>  leaders to become acquainted with the new members. In conducting	NN	informative	5	1	2.68	0.2	1	church	others
church/NN/br-d09/935	0.111719314761725	-0.385483319269088	church	NN	religion	A	A	AB	AB	Z	Z	Z	Z	Z	 dramatization- for example, in discussing the Lord 's Supper or <font color=green>church</font>  symbolism. Use audio-visual aids. Some excellent filmstrips with recordings and	NN	informative	3	0	2.89	0	1	church	others
church/NN/br-d10/1913	0.0796433593846345	-0.168231746888261	church	NN	religion	A	A	AB	AB	Z	Z	Z	Z	Z	 impressive Roman Catholic defense of the practical autonomy of both <font color=green>church</font>  and state. The failure at that time of the Puerto	NN	informative	2	0	3.87	0	2	church	others
church/NN/br-d10/2166	0.0598537378489662	-0.153294215190549	church	NN	religion	B	B	AB	AB	Z	Z	Z	Z	Z	 the Christian claim is of considerable significance. The Roman Catholic <font color=green>Church</font>  has excommunicated one of its priests, Father Feeney, for insisting	NNP	informative	6	3	3.62	0.5	3	Church	others
church/NN/br-d10/2187	-0.0558470558884756	-0.343272287202276	church	NN	religion	A	A	AB	AB	Z	Z	Z	Z	Z	 for insisting that there is no salvation outside the visible <font color=green>church</font> . In mentioning this under`` salvation reconsidered'' I do not mean	NN	informative	1	2	3.55	2	2	church	others
church/NN/br-d12/233	0.0955029539651475	-0.248722159351861	church	NN	religion	A	A	AB	AB	Z	Z	Z	Z	Z	 social change? What social, ethical and theological insights can the <font color=green>church</font>  and university help him bring to bear upon his situation	NN	informative	5	2	2.89	0.4	2	church	others
church/NN/br-d14/209	0.07597243738883	-0.0474471444726202	church	NN	religion	A	A	AB	AB	Z	Z	Z	Z	Z	 of churches. Presumably those who did not have a formal <font color=green>church</font>  connexion had also felt the influence of Christianity to a	NN	informative	3	1	2.78	0.33	2	church	others
church/NN/br-d14/234	0.0292082432373613	-0.0030493116252669	church	NN	religion	C	C	C	CDE	Z	Z	Z	Z	Z	 extent. Many of them had once been members of a <font color=green>church</font>  or at least had been given instruction in Christianity but	NN	informative	3	2	2.87	0.67	2	church	others
church/NN/br-d14/410	0.0493364540111452	0.026170624827136	church	NN	religion	A	A	AB	AB	Z	Z	Z	Z	Z	 be absurd. For instance, we cannot know whether even for <font color=green>church</font>  members the degree of conformity to Christian standards of morality	NN	informative	5	2	2.85	0.4	2	church	others
church/NN/br-d14/428	0.0178480958062778	0.0265006374349336	church	NN	religion	C	C	C	CDE	Z	Z	Z	Z	Z	 standards of morality increased or declined as the proportion of <font color=green>church</font>  members in the population rose. The temptation is to say	NN	informative	2	1	2.8	0.5	3	church	others
church/NN/br-d14/446	0.0425248339097462	0.0399522309341303	church	NN	religion	C	C	C	CDE	Z	Z	Z	Z	Z	 The temptation is to say that, as the percentage of <font color=green>church</font>  members mounted, the degree of discipline exercised by the churches	NN	informative	3	2	2.64	0.67	2	church	others
church/NN/br-d14/557	0.105495326826427	0.111555518936203	church	NN	religion	A	A	AB	AB	Z	Z	Z	Z	Z	 If guilty, the offender might be excluded from membership. As <font color=green>church</font>  membership burgeoned, such measures faded into desuetude. But whether this	NN	informative	2	2	2.59	1	2	church	others
church/NN/br-d14/726	0.0796433593846345	-0.168231746888261	church	NN	religion	B	B	AB	AB	Z	Z	Z	Z	Z	 stock. By the end of the century the Roman Catholic <font color=green>Church</font>  was beginning to make itself felt, mainly through such institutions	NNP	informative	3	2	3.87	0.67	2	Church	others
church/NN/br-d16/1602	-0.140817543456604	-0.418692153066317	church	NN	religion	C	C	C	CDE	Z	Z	Z	Z	Z	 1: 12, 13. You may be very religious, a good <font color=green>church</font>  member, an upright, honest and sincere person; you may be	NN	informative	4	0	2.85	0	1	church	others
church/NN/br-d16/1644	-0.352334821403529	-0.226092138193737	church	NN	religion	A	A	AB	AB	Z	Z	Z	Z	Z	 and zealously keep all the sacraments and ceremonies of the <font color=green>church</font> ; you may have the final and extreme unction but if	NN	informative	5	1	3.47	0.2	1	church	others
church/NN/br-d16/1947	-0.0558470558884756	-0.343272287202276	church	NN	religion	A	A	AB	AB	Z	Z	Z	Z	Z	 Him. You can ignore His Book, the Bible, and His <font color=green>church</font> . You can laugh at His blood-bought salvation, curse His followers	NN	informative	6	1	3.55	0.17	1	church	others
church/NN/br-d16/220	0.0514062292011506	-0.183187759839362	church	NN	religion	B	B	AB	AB	Z	Z	Z	Z	Z	 a short reading of the Holy Scriptures''. Since the Catholic <font color=green>Church</font>  expresses such desire that the Sacred Scriptures be read, the	NNP	informative	4	2	3.97	0.5	3	Church	others
church/NN/br-d17/1073	-0.376987841869765	0.292461165191857	church	NN	religion	C	C	C	CDE	Z	Z	Z	Z	Z	 different, and something important: Ruth Peale, her wide experience in <font color=green>church</font>  work; Sidney Fields, years of experience as a New York	NN	informative	2	0	2.7	0	1	church	others
church/NN/br-e13/272	0.225820802933478	-0.258688399230006	church	NN	skill_and_hobbies	B	B	AB	AB	Z	Z	Z	Z	Z	 shifted religions- although the Patriarch, or Pope, of the Orthodox <font color=green>Church</font>  continued to live there, and still does- and became the	NNP	informative	3	1	2.77	0.33	1	Church	tech
church/NN/br-f15/713	0.0796433593846345	-0.168231746888261	church	NN	popular_lore	B	B	AB	AB	roman_catholic_church%1:14:00::	B1	B	AB	AB	 permit birth control only for medical reasons. The Roman Catholic <font color=green>Church</font> , however, sanctions a much more liberal policy on family planning	NNP	informative	5	2	3.87	0.4	2	Church	others
church/NN/br-f15/754	0.0762553234783505	-0.0968776435727182	church	NN	popular_lore	B	B	AB	AB	roman_catholic_church%1:14:00::	B1	B	AB	AB	 disagree over the methods to be used. The Roman Catholic <font color=green>Church</font>  sanctions only abstention or the rhythm method, also known as	NNP	informative	1	0	3.21	0	4	Church	others
church/NN/br-f15/776	0.43830028533645	-0.158786401920257	church	NN	popular_lore	A	A	AB	AB	roman_catholic_church%1:14:00::	B1	B	AB	AB	 as the use of the infertile or safe period. The <font color=green>Church</font>  considers this to be the method provided by nature and	NNP	informative	3	1	2.77	0.33	1	Church	others
church/NN/br-f44/1076	0.094537259697353	0.0203595000020522	church	NN	popular_lore	C	C	C	CDE	church%1:14:00::	B	B	AB	AB	 and economic level of the congregation; the mission of the <font color=green>church</font>  is actually a process of informal co-optation; the lay ministry	NN	informative	5	2	2.88	0.4	3	church	others
church/NN/br-f44/1285	0.131573249314039	-0.0501959991791515	church	NN	popular_lore	C	C	C	CDE	church%1:14:00::	B	B	AB	AB	 co-optation is the principal form of mission in the contemporary <font color=green>church</font> ; economic integration and co-optation are the two methods by which	NN	informative	3	1	2.89	0.33	2	church	others
church/NN/br-f44/1618	0.348828905515629	0.00531078017135494	church	NN	popular_lore	C	C	C	CDE	church%1:14:00::	B	B	AB	AB	 in the metropolis. It now becomes evident that the denominational <font color=green>church</font>  is intimately involved with the economy of middle-class culture, for	NN	informative	5	1	2.62	0.2	1	church	others
church/NN/br-f44/2150	0.175620609218014	0.0827015334047935	church	NN	popular_lore	C	C	C	CDE	church%1:14:00::	B	B	AB	AB	 will occupy our attention under the rubric of the organization <font color=green>church</font> . An understanding of the new role of residential association in	NN	informative	3	1	2.51	0.33	1	church	others
church/NN/br-f44/368	-0.00702297304860449	0.0626462285755743	church	NN	popular_lore	C	C	C	CDE	church%1:14:00::	B	B	AB	AB	 they can lose higher- and lower status members from the <font color=green>church</font>  without collapsing, but they need adequate recruits for the core	NN	informative	3	1	2.82	0.33	2	church	others
church/NN/br-f44/647	-0.00133405740872084	-0.0389163726758837	church	NN	popular_lore	A	A	AB	AB	church%1:14:00::	B	B	AB	AB	 denominations. There is much talk in theological circles about the`` <font color=green>Church</font>  as Mission'' and the`` Church 's Mission''; theologians have been	NNP	informative	4	3	3.17	0.75	4	Church	others
church/NN/br-f44/654	-0.0228959154175788	-0.026448865554795	church	NN	popular_lore	A	A	AB	AB	church%1:14:00::	B	B	AB	AB	 in theological circles about the`` Church as Mission'' and the`` <font color=green>Church</font>  's Mission''; theologians have been stressing the fact that the	NNP	informative	4	2	3.29	0.5	3	Church	others
church/NN/br-f44/667	-0.461541218349355	0.0468665025470343	church	NN	popular_lore	A	A	AB	AB	church%1:14:00::	B	B	AB	AB	 's Mission''; theologians have been stressing the fact that the <font color=green>Church</font>  does not exist for its own sake but as a	NNP	informative	4	1	2.53	0.25	1	Church	others
church/NN/br-f44/924	0.0477702394254568	0.0346533858928038	church	NN	popular_lore	C	C	C	CDE	church%1:14:00::	B	B	AB	AB	 with friendly members the`` contacts with an organization of the <font color=green>church</font> ''( 11.2 per cent of the cases), then a substantial two	NN	informative	3	2	2.6	0.67	2	church	others
church/NN/br-g12/1271	-0.219499983989661	-0.230962783294431	church	NN	belles_lettres	D	D	DE	CDE	church%1:06:00::	D	D	DE	CDE	 and gestured toward the Madeleine. The classical lines of the <font color=green>church</font>  which Napoleon thought of as a Temple of Glory, dominated	NN	informative	5	1	2.99	0.2	2	church	others
church/NN/br-g12/544	-0.402433574405511	0.0667190945853356	church	NN	belles_lettres	D	D	DE	CDE	church%1:06:00::	D	D	DE	CDE	 the Madeleine and across to a sidewalk cafe opposite that <font color=green>church</font> . The conversation that ensued may have been engrossing but it	NN	informative	4	2	2.6	0.5	2	church	others
church/NN/br-h17/1199	-0.0160713906836542	-0.425780519558843	church	NN	miscellaneous	C	C	C	CDE	church%1:14:00::	B	B	AB	AB	 because of his willingness to kill in defense of his <font color=green>church</font>  and home. Upon administrative approval of the reclassification, he was	NN	informative	2	0	3.66	0	1	church	tech
church/NN/br-h17/1434	0.230385492356686	-0.370836323766814	church	NN	miscellaneous	C	C	C	CDE	church%1:14:00::	B	B	AB	AB	 preaching and from 20 to 25 hours per month to <font color=green>church</font>  activities. His claim was therefore`` so highly exaggerated'', the Department	NN	informative	1	0	2.73	0	1	church	tech
church/NN/br-j23/1105	0.0326323857265608	0.0543246699995412	church	NN	learned	C	C	C	CDE	church_member%1:18:00::	C	C	C	CDE	 which is reflective of our common religion. Even the non <font color=green>church</font>  members- the freewheelers, marginal religionists and so on- have the	NN	informative	2	1	2.68	0.5	1	church	tech
church/NN/br-j57/2237	-0.00451779864252344	-0.278977497914677	church	NN	learned	A	A	AB	AB	church_father%1:18:00::	A	A	AB	AB	 which reached Christianity by the way of Stoicism through the <font color=green>Church</font>  Fathers of Late Antiquity.	NNP	informative	3	1	3.06	0.33	1	Church	tech
church/NN/br-j57/958	-0.243151590772586	0.36672900562217	church	NN	learned	A	A	AB	AB	church_father%1:18:00::	A	A	AB	AB	 all possessions. This conception was taken up by the early <font color=green>Church</font>  Fathers and by canon lawyers and theologians in the Middle	NNP	informative	5	1	2.6	0.2	1	Church	tech
church/NN/br-k04/1076	-0.0963886602557433	0.406406561804605	church	NN	fiction_gral	D	D	DE	CDE	church%1:06:00::	D	D	DE	CDE	 There were two liquor saloons not very far from the <font color=green>church</font> , one white, that is conducted for white people with a	NN	imaginative	4	0	2.63	0	1	church	imag
church/NN/br-k04/1117	-0.436533452019554	0.151233164520505	church	NN	fiction_gral	D	D	DE	CDE	church%1:06:00::	D	D	DE	CDE	 of gambling in both. On the other side of the <font color=green>church</font>  was a quiet, well-kept house with shutters and recently painted	NN	imaginative	4	0	3.66	0	1	church	imag
church/NN/br-k04/1145	-0.434498075924189	0.238604082046595	church	NN	fiction_gral	C	C	C	CDE	church%1:14:00::	B	B	AB	AB	 it. It was called Kent House. The deacon of the <font color=green>church</font> , Carlson, was its janitor. One of the leading members of	NN	imaginative	3	0	2.73	0	1	church	imag
church/NN/br-k04/1485	0.000341822317759104	-0.00509773734321165	church	NN	fiction_gral	C	C	C	CDE	church%1:06:00::	D	D	DE	CDE	 that clear as this was, they must have a better <font color=green>church</font> , a more business-like conduct of the church organization, and an	NN	imaginative	2	1	3	0.5	3	church	imag
church/NN/br-k04/1493	0.000341822317759104	-0.00509773734321165	church	NN	fiction_gral	C	C	C	CDE	church%1:14:00::	B	B	AB	AB	 have a better church, a more business-like conduct of the <font color=green>church</font>  organization, and an effort to get this religious center out	NN	imaginative	4	1	3	0.25	3	church	imag
church/NN/br-k04/1514	0.130312192411735	0.00713132212087354	church	NN	fiction_gral	C	C	C	CDE	church%1:14:00::	B	B	AB	AB	 out of its rut of wild worship into a modern <font color=green>church</font>  organization. He emphasized to the Presiding Elder the plan of	NN	imaginative	5	2	3.04	0.4	2	church	imag
church/NN/br-k04/1685	0.223762960114729	-0.435580942596034	church	NN	fiction_gral	D	D	DE	CDE	church%1:06:00::	D	D	DE	CDE	 made to his Deacon Board, he met unanimous opposition. The <font color=green>church</font>  certainly would not be removed. The very proposition was sacrilege	NN	imaginative	3	0	2.96	0	1	church	imag
church/NN/br-k04/1807	-0.436533452019554	0.151233164520505	church	NN	fiction_gral	D	D	DE	CDE	church%1:06:00::	D	D	DE	CDE	 of money that has been invested by whites around that <font color=green>church</font> ? Tenements, stores, saloons, some gambling, I hope not too much	NN	imaginative	5	0	3.66	0	1	church	imag
church/NN/br-k04/1874	0.33824967625571	0.28660882255024	church	NN	fiction_gral	D	D	DE	CDE	church%1:06:00::	D	D	DE	CDE	 were you I would just plan to repair the old <font color=green>church</font>  so it would last for five or ten years. By	NN	imaginative	3	1	2.7	0.33	1	church	imag
church/NN/br-k04/2301	0.124709748545461	-0.0194431477924419	church	NN	fiction_gral	B	B	AB	AB	methodist_church%1:14:00::	B2	B	AB	AB	 mean practically the end of his career in the Methodist <font color=green>church</font> , if not in all churches.	NN	imaginative	3	1	2.51	0.33	1	church	imag
church/NN/br-k04/397	-0.168425162192122	0.379014448711199	church	NN	fiction_gral	C	C	C	CDE	church%1:06:00::	D	D	DE	CDE	 support of the Amen corner. The characteristic thing about this <font color=green>church</font>  was its Amen corner and the weekly religious orgy. A	NN	imaginative	4	1	2.61	0.25	1	church	imag
church/NN/br-k04/828	0.0326323857265608	0.0543246699995412	church	NN	fiction_gral	C	C	C	CDE	church%1:14:00::	B	B	AB	AB	 the home of one of the old members of the <font color=green>church</font> , a woman named Catt who, as Wilson afterward found, was	NN	imaginative	2	1	2.68	0.5	1	church	imag
church/NN/br-k04/877	0.274755079129616	-0.31059290935464	church	NN	fiction_gral	C	C	C	CDE	church%1:14:00::	B	B	AB	AB	 never married, conducting a spotless home and devoted to her <font color=green>church</font> , but a perpetual dissenter and born critic. She soared over	NN	imaginative	2	0	2.65	0	1	church	imag
church/NN/br-k04/923	-0.248142021722113	0.281429438484776	church	NN	fiction_gral	D	D	DE	CDE	church%1:06:00::	D	D	DE	CDE	 which she was chief repository. Then Wilson looked over the <font color=green>church</font>  and studied its condition. The salary of the pastor had	NN	imaginative	3	1	3.32	0.33	1	church	imag
church/NN/br-k04/975	-0.237937326496804	-0.439275622269734	church	NN	fiction_gral	D	D	DE	CDE	church%1:06:00::	D	D	DE	CDE	 he mentioned this to the Deacons they said nothing. The <font color=green>church</font>  itself must be repaired. It was dirty and neglected. It	NN	imaginative	3	1	2.95	0.33	1	church	imag
church/NN/br-k06/528	-0.316646713496209	0.37537054478267	church	NN	fiction_gral	D	D	DE	CDE	church%1:06:00::	D	D	DE	CDE	 his head out. There was the slate roof of the <font color=green>church</font> ; ivy climbed the red brick walls like a green scaled	NN	imaginative	5	1	2.88	0.2	1	church	imag
church/NN/br-k06/571	-0.321224187732232	-0.0432167113904747	church	NN	fiction_gral	D	D	DE	CDE	church%1:06:00::	D	D	DE	CDE	 cupboards.`` There 's a tower and a steeple on the <font color=green>church</font>  a million feet high. And the loudest clock in the	NN	imaginative	3	2	3.54	0.67	2	church	imag
church/NN/br-k06/659	-0.319344547615282	-0.345608876970899	church	NN	fiction_gral	D	D	DE	CDE	church%1:06:00::	D	D	DE	CDE	 Street to Orange Square. The steeple leaned backward, while the <font color=green>church</font>  advanced like a headless creature in a long, shapeless coat	NN	imaginative	5	0	2.9	0	1	church	imag
church/NN/br-k06/852	-0.294917588476913	-0.0645621010207486	church	NN	fiction_gral	D	D	DE	CDE	church%1:06:00::	D	D	DE	CDE	 Church with its high steeple and clock. There was no <font color=green>church</font>  like Drew Church, no preacher like Papa, who was intimate	NN	imaginative	3	1	3.07	0.33	2	church	imag
church/NN/br-k10/1423	-0.04464636565735	0.452158674708372	church	NN	fiction_gral	A	A	AB	AB	church%1:14:00::	B	B	AB	AB	 economics, and social issues that are no concern of the <font color=green>Church</font> ''? And John 's reply was always the same:`` Anything that	NNP	imaginative	5	0	3.33	0	1	Church	imag
church/NN/br-k10/1445	-0.28900403002793	-0.241047750498364	church	NN	fiction_gral	A	A	AB	AB	church%1:14:00::	B	B	AB	AB	 same:`` Anything that affects souls is the concern of the <font color=green>Church</font> ! We will have righteousness''! Tears burned behind his eyes as	NNP	imaginative	3	1	2.92	0.33	2	Church	imag
church/NN/br-k10/1802	-0.171372340149076	-0.180209003808218	church	NN	fiction_gral	B	B	AB	AB	church_of_rome%1:14:00::	B1	B	AB	AB	 Geneva, saying that he had been a bishop of the <font color=green>Church</font>  of Rome and had been persecuted in Paris for his	NNP	imaginative	2	1	2.83	0.5	1	Church	imag
church/NN/br-k10/205	-0.0478234617010764	-0.442000834157018	church	NN	fiction_gral	A	A	AB	AB	church%1:14:00::	B	B	AB	AB	 that the couple would have to be punished if the <font color=green>Church</font>  was to be respected.`` I have told you before, and	NNP	imaginative	2	1	2.65	0.5	1	Church	imag
church/NN/br-k10/257	-0.123383418105112	-0.306936906178528	church	NN	fiction_gral	A	A	AB	AB	church%1:14:00::	B	B	AB	AB	 is the answer the ungodly will always make when the <font color=green>Church</font>  points its fingers at their sins. I say to you	NNP	imaginative	3	1	2.74	0.33	1	Church	imag
church/NN/br-k10/271	-0.13715732993702	-0.195226155355791	church	NN	fiction_gral	A	A	AB	AB	church%1:14:00::	B	B	AB	AB	 fingers at their sins. I say to you that the <font color=green>Church</font>  will ever decry evil''! John 's reply was like a	NNP	imaginative	3	2	2.97	0.67	3	Church	imag
church/NN/br-k10/588	-0.151092664418931	-0.131928563920318	church	NN	fiction_gral	A	A	AB	AB	church%1:14:00::	B	B	AB	AB	 to let them give him the last rites of the <font color=green>Church</font> , but he had died still proclaiming salvation by faith. Burial	NNP	imaginative	3	1	3.14	0.33	3	Church	imag
church/NN/br-k10/967	-0.428184322285427	-0.131118405397969	church	NN	fiction_gral	D	D	DE	CDE	church%1:06:00::	D	D	DE	CDE	 all the time. Quickening his steps, John entered the vast <font color=green>church</font>  and climbed the tower steps to the bells. Underneath the	NN	imaginative	6	1	4.1	0.17	1	church	imag
church/NN/br-k13/533	-0.402310647883076	-0.246137358614437	church	NN	fiction_gral	D	D	DE	CDE	church%1:06:00::	D	D	DE	CDE	 Harold indicated the photograph on the wall and asked what <font color=green>church</font>  the stone sculpture was in. Eugene told him and he	NN	imaginative	3	1	3.05	0.33	1	church	imag
church/NN/br-k14/826	-0.16341858105653	0.443263727294521	church	NN	fiction_gral	D	D	DE	CDE	church%1:06:00::	D	D	DE	CDE	 Jewish section was in Trastevere, near the Tiber at the <font color=green>church</font>  of San Francesco a Ripa. The colony had been small	NN	imaginative	4	0	2.61	0	1	church	imag
church/NN/br-k15/188	-0.273132578049193	0.0610402402821847	church	NN	fiction_gral	D	D	DE	CDE	church%1:06:00::	D	D	DE	CDE	 They held the funeral the next morning from the crossroads <font color=green>church</font>  and buried the little box in the quiet family plot	NN	imaginative	6	3	3	0.5	3	church	imag
church/NN/br-k16/1431	-0.498979937241512	-0.0482994613970584	church	NN	fiction_gral	D	D	DE	CDE	church%1:06:00::	D	D	DE	CDE	 thickets. Along Wappinger Creek in Dutchess County, past the white <font color=green>church</font>  at Fishkill, past Verplanck 's Point on the east bank	NN	imaginative	6	1	3.09	0.17	1	church	imag
church/NN/br-k16/2285	-0.450822694038653	-0.158585403964083	church	NN	fiction_gral	E	E	DE	CDE	church_service%1:04:00::	E	E	DE	CDE	 him out of some dim corner of memory from a <font color=green>church</font>  service when he was a boy- yes, in a white	NN	imaginative	1	0	2.85	0	1	church	imag
church/NN/br-k19/213	0.0565107486449984	-0.472449345730782	church	NN	fiction_gral	A	A	AB	AB	church%1:14:00::	B	B	AB	AB	 of this desire was due to his devotion to the <font color=green>church</font>  and how much was his own ego, demanding to be	NN	imaginative	1	0	3	0	1	church	imag
church/NN/br-l08/1824	-0.28400868137829	-0.0037351026935107	church	NN	fiction_mystery	E	E	DE	CDE	church%1:04:00::	E	E	DE	CDE	 did n't feel good on Sunday, could n't go to <font color=green>church</font> - there 'd be a little argument, but she could be	NN	imaginative	3	1	3.07	0.33	1	church	imag
church/NN/br-p01/1161	-0.437460997581692	0.021048522078788	church	NN	fiction_romance	D	D	DE	CDE	church%1:06:00::	D	D	DE	CDE	 hill, rising with the hill to the top where the <font color=green>church</font>  was and beyond that to the cemetery. Only paved alleyways	NN	imaginative	7	1	4.09	0.14	1	church	imag
church/NN/br-p01/21	-0.349031698152105	-0.0469276634407866	church	NN	fiction_romance	D	D	DE	CDE	church_tower%1:06:00::	D	D	DE	CDE	 them he could have been the broken bell in the <font color=green>church</font>  tower which rang before and after Mass, and at noon	NN	imaginative	4	2	3.48	0.5	2	church	imag
church/NN/br-p01/222	-0.125786162534047	0.0121119903707623	church	NN	fiction_romance	E	E	DE	CDE	church%1:04:00::	E	E	DE	CDE	 from its elders. Youth obeyed when commanded. It went to <font color=green>church</font>  on Sunday and one Saturday a month went to confession	NN	imaginative	5	3	2.9	0.6	4	church	imag
church/NN/br-p01/829	-0.402614535903711	0.20586582598892	church	NN	fiction_romance	D	D	DE	CDE	church%1:06:00::	D	D	DE	CDE	 to Drexel Street and his back in opposition to the <font color=green>church</font>  behind him. For all he saw or cared to see	NN	imaginative	5	0	2.88	0	1	church	imag
church/NN/br-p04/2406	-0.437460997581692	0.021048522078788	church	NN	fiction_romance	D	D	DE	CDE	Z	Z	Z	Z	Z	 sky. She felt mindless, walking, and almost easy until the <font color=green>church</font>  spire told her she was near the cemetery, and she	NN	imaginative	3	1	4.09	0.33	1	church	imag
church/NN/br-p04/983	-0.437460997581692	0.021048522078788	church	NN	fiction_romance	D	D	DE	CDE	Z	Z	Z	Z	Z	 beyond the door. To a Blackwell, there was only one <font color=green>church</font> . The cemetery slumbered just behind it, and the way lay	NN	imaginative	2	1	4.09	0.5	1	church	imag
church/NN/br-p12/1014	-0.471410688998676	-0.209522931802485	church	NN	fiction_romance	D	D	DE	CDE	church%1:06:00::	D	D	DE	CDE	 Then they took a taxi to Trastevere.`` There 's a <font color=green>church</font>  you should see'', she said. And when they stood by	NN	imaginative	3	1	3.16	0.33	1	church	imag
church/NN/br-p12/1102	-0.425395689561911	-0.0591609000186267	church	NN	fiction_romance	D	D	DE	CDE	church_bell%1:06:00::	D	D	DE	CDE	 in the morning when he woke up at ten the <font color=green>church</font>  bells were ringing. He had never heard so many bells	NN	imaginative	2	1	2.86	0.5	1	church	imag
church/NN/br-p12/1260	-0.0433818810836188	-0.0313984992228413	church	NN	fiction_romance	E	E	DE	CDE	church%1:04:00::	E	E	DE	CDE	 snuggled against him, he wondered if she ever went to <font color=green>church</font> . Why did he want her to go to church? he	NN	imaginative	2	0	3.46	0	1	church	imag
church/NN/br-p12/1270	-0.0433818810836188	-0.0313984992228413	church	NN	fiction_romance	E	E	DE	CDE	church%1:04:00::	E	E	DE	CDE	 to church. Why did he want her to go to <font color=green>church</font> ? he wondered. Probably because it was a place where she	NN	imaginative	2	0	3.46	0	1	church	imag
church/NN/br-p12/1433	0.0952934158772028	-0.193130921625463	church	NN	fiction_romance	C	C	C	CDE	church%1:04:00::	E	E	DE	CDE	 woman though, she would take only what she needed from <font color=green>church</font> . It was too bad he was n't a Catholic himself	NN	imaginative	3	1	4.38	0.33	1	church	imag
church/NN/br-p12/1559	-0.43877251637049	-0.103397676248252	church	NN	fiction_romance	E	E	DE	CDE	church%1:04:00::	E	E	DE	CDE	 girl like Carla if she got up and went to <font color=green>church</font> . A half hour later he got her up to go	NN	imaginative	1	0	2.68	0	1	church	imag
church/NN/br-r05/1163	-0.22025807109536	0.121461885865355	church	NN	humor	C	C	C	CDE	church%1:06:00::	D	D	DE	CDE	 While Henry Morgan was escorting Miss Vera Green from the <font color=green>church</font>  social last Saturday night, a savage dog attacked them and	NN	imaginative	3	1	2.76	0.33	2	church	imag
church/NNP/br-a17/2134	-0.288699597458101	0.222850837609561	church	NNP	press_reportage	D	D	DE	CDE	Z	Z	Z	Z	Z	 at the ceremony in Slaughter Chapel of the First Baptist <font color=green>Church</font> . Dan Beam presented music and the bride was given in	NNP	informative	2	0	3.88	0	2	Church	others
church/NNP/br-a18/760	-0.167022704707283	0.0621009902434889	church	NNP	press_reportage	C	C	C	CDE	Z	Z	Z	Z	Z	 the party. The women 's committee of St. David 's <font color=green>Church</font>  will hold its annual pre-Fair pink parade, a dessert bridge	NNP	informative	5	2	3.19	0.4	4	Church	others
church/NNP/br-a31/2143	-0.0980988695674796	0.0923319161942321	church	NNP	press_reportage	C	C	C	CDE	Z	Z	Z	Z	Z	 7: 45 p. m.. The outstanding family of Central Nazarene <font color=green>Church</font>  will be picked by ballot from among eight families during	NNP	informative	3	1	3.3	0.33	4	Church	others
church/NNP/br-a35/810	0.061229081508666	0.245544761863314	church	NNP	press_reportage	A	A	AB	AB	Z	Z	Z	Z	Z	 deserves closer scrutiny. For while the past needs of the <font color=green>Church</font>  in this country may have been adequately met by collegiate	NNP	informative	2	0	3.59	0	3	Church	others
church/NNP/br-b08/1804	-0.15279372746932	0.0687341915108132	church	NNP	press_editorial	C	C	C	CDE	Z	Z	Z	Z	Z	 his letter of resignation as rector of St. Luke 's <font color=green>Church</font>  in Atlanta. It was the cry of not just one	NNP	informative	3	1	3.28	0.33	3	Church	others
church/NNP/br-b12/2221	0.00584875781045439	-0.0184337554603538	church	NNP	press_editorial	B	B	AB	AB	Z	Z	Z	Z	Z	 committee made up of representatives of the Church of England, <font color=green>Church</font>  of Scotland, Methodist Church, Congregational Union, Baptist Union, Presbyterian Church	NNP	informative	9	5	3.57	0.56	5	Church	others
church/NNP/br-b22/1005	0.0427714476836624	0.147011990440719	church	NNP	press_editorial	A	A	AB	AB	Z	Z	Z	Z	Z	 concern itself directly only with the internal affairs of the <font color=green>Church</font> . As it has turned out, however, the excessive enthusiasm in	NNP	informative	2	2	2.85	1	3	Church	others
church/NNP/br-b22/1077	0.110347107603697	-0.160272336862905	church	NNP	press_editorial	A	A	AB	AB	Z	Z	Z	Z	Z	 that Pope John sees the renewal and purification of the <font color=green>Church</font>  as an absolutely necessary step toward Christian unity. Far from	NNP	informative	5	1	3.72	0.2	3	Church	others
church/NNP/br-b22/1102	0.0712528791409136	0.199971531210301	church	NNP	press_editorial	A	A	AB	AB	Z	Z	Z	Z	Z	 to the ecumenical task, the Pontiff believes that a revivified <font color=green>Church</font>  is required in order that the whole world may see	NNP	informative	5	0	3.04	0	3	Church	others
church/NNP/br-b22/1154	0.144772617261802	-0.217961460944225	church	NNP	press_editorial	A	A	AB	AB	Z	Z	Z	Z	Z	 be to remove as far as possible whatever in the <font color=green>Church</font>  today stands in the way of unity. Secondly, a whole	NNP	informative	1	1	4.11	1	1	Church	others
church/NNP/br-b22/1193	0.0493194301514351	-0.0696650440224551	church	NNP	press_editorial	A	A	AB	AB	Z	Z	Z	Z	Z	 unity is still very much alive and growing within the <font color=green>Church</font> . The establishment, by the Holy Father, of a permanent Secretariat	NNP	informative	3	0	3.28	0	4	Church	others
church/NNP/br-b22/1245	0.0122259545817235	0.124575923493762	church	NNP	press_editorial	B	B	AB	AB	Z	Z	Z	Z	Z	 Churches assembly in New Delhi as`` official'' observers reverses the <font color=green>Church</font>  's earlier stand. The public appeal by the new Vatican	NNP	informative	3	1	3.18	0.33	6	Church	others
church/NNP/br-b22/1318	0.0823072478788282	-0.0189231648197358	church	NNP	press_editorial	B	B	AB	AB	Z	Z	Z	Z	Z	 as directly as anyone the new spirit that pervades the <font color=green>Church</font>  's stance toward the Protestant and Orthodox Churches. Noting all	NNP	informative	3	1	3.63	0.33	4	Church	others
church/NNP/br-d03/1914	-0.0144787283675496	-0.0523612676956358	church	NNP	religion	B	B	AB	AB	group%1:03:00::	C	C	C	CDE	 the Observer depicting clergymen of the Church of England, the <font color=green>Church</font>  of Rome and the Nonconformist Church. The Catholic priest, though	NNP	informative	5	2	4.13	0.4	6	Church	others
church/NNP/br-d03/1920	-0.012902708772199	-0.0774077995588441	church	NNP	religion	B	B	AB	AB	group%1:03:00::	C	C	C	CDE	 Church of England, the Church of Rome and the Nonconformist <font color=green>Church</font> . The Catholic priest, though somewhat superficially drawn, easily came out	NNP	informative	5	3	4.17	0.6	5	Church	others
church/NNP/br-d03/2022	-0.0218076337516319	-0.118505736869969	church	NNP	religion	B	B	AB	AB	group%1:03:00::	C	C	C	CDE	 comments were equally made by an Anglican parson, a Free <font color=green>Church</font>  minister and a Catholic priest. Catholic priests have frequently appeared	NNP	informative	3	2	4.45	0.67	6	Church	others
church/NNP/br-d03/91	0.061978743224676	-0.104535788518925	church	NNP	religion	A	A	AB	AB	group%1:03:00::	C	C	C	CDE	 the religious sphere so popularly discussed as Christian unity. The <font color=green>Church</font>  Unity Octave, January 18- 25, was enthusiastically devoted to prayer	NNP	informative	5	2	3.51	0.4	4	Church	others
church/NNP/br-d05/1515	-0.0950569584582354	-0.105084590416532	church	NNP	religion	C	C	C	CDE	Z	Z	Z	Z	Z	 the world-at-large, disguised as the minister of a`` twenty-eighth Congregational <font color=green>Church</font> '' which bore no resemblance to the Congregational polities descended from	NNP	informative	2	3	4.42	1.5	6	Church	others
church/NNP/br-d05/207	-0.269822801309856	-0.381635532571769	church	NNP	religion	C	C	C	CDE	Z	Z	Z	Z	Z	 existed for their returning the Public Lecture to the First <font color=green>Church</font> , and so to suppress it, rather than let Parker use	NNP	informative	2	1	3.97	0.5	1	Church	others
church/NNP/br-d09/1115	0.129527955689589	-0.0236285588140855	church	NNP	religion	A	A	AB	AB	Z	Z	Z	Z	Z	 Reception Service. There is a growing conviction among pastors and <font color=green>Church</font>  leaders that all those who come into the fellowship of	NNP	informative	3	1	4.08	0.33	2	Church	others
church/NNP/br-d09/1127	0.135022307154363	0.149593194565623	church	NNP	religion	C	C	C	CDE	Z	Z	Z	Z	Z	 that all those who come into the fellowship of the <font color=green>Church</font>  need preparatory training, including those coming by transfer of membership	NNP	informative	3	1	4.13	0.33	2	Church	others
church/NNP/br-d09/1156	-0.0234095586360147	0.264371998297042	church	NNP	religion	A	A	AB	AB	Z	Z	Z	Z	Z	 There is danger in trying to make admission to the <font color=green>Church</font>  so easy and painless that people will scarcely know that	NNP	informative	1	1	3.42	1	3	Church	others
church/NNP/br-d09/129	-0.0115910903202766	0.0390034456387331	church	NNP	religion	A	A	AB	AB	Z	Z	Z	Z	Z	 one-third of those visited make commitments to Christ and the <font color=green>Church</font> . The pastor and the Membership Preparation and Assimilation Committee must	NNP	informative	2	1	4.01	0.5	5	Church	others
church/NNP/br-d09/1297	-0.0127474579186448	0.018216906126798	church	NNP	religion	B	B	AB	AB	Z	Z	Z	Z	Z	 faith and to be received into the fellowship of the <font color=green>Church</font> . This should be a high moment in their lives, a	NNP	informative	2	1	4.19	0.5	3	Church	others
church/NNP/br-d09/1404	0.383807747869892	0.0526147728801107	church	NNP	religion	A	A	AB	AB	Z	Z	Z	Z	Z	 to determine the attitude of the new members toward the <font color=green>Church</font> . It can mean the difference between participation and inaction, spiritual	NNP	informative	5	1	3.95	0.2	1	Church	others
church/NNP/br-d09/1436	0.376809106047661	0.23235046856009	church	NNP	religion	A	A	AB	AB	Z	Z	Z	Z	Z	 natural and logical time to receive new members into the <font color=green>Church</font> . The atmosphere for this momentous experience can be created most	NNP	informative	3	0	3.61	0	1	Church	others
church/NNP/br-d09/1708	0.277655466297684	0.175594205916692	church	NNP	religion	A	A	AB	AB	Z	Z	Z	Z	Z	 be a participant. Yet the most difficult problem in the <font color=green>Church</font>  's program of evangelism is right at this point- helping	NNP	informative	1	0	2.55	0	1	Church	others
church/NNP/br-d09/172	0.0975286122371412	-0.00699814162683891	church	NNP	religion	A	A	AB	AB	Z	Z	Z	Z	Z	 determine their interest and participation in the life of the <font color=green>Church</font> . Neglect means spiritual paralysis or death. Churches that have a	NNP	informative	3	2	3.37	0.67	3	Church	others
church/NNP/br-d09/1774	-0.0793469663765941	0.217483094207293	church	NNP	religion	C	C	C	CDE	Z	Z	Z	Z	Z	 that nearly 40 per cent of those who joined the <font color=green>Church</font>  were lost to the Church within seven years. One denomination	NNP	informative	3	1	3.37	0.33	1	Church	others
church/NNP/br-d09/1779	0.0224410696513208	0.0858855365461346	church	NNP	religion	C	C	C	CDE	Z	Z	Z	Z	Z	 of those who joined the Church were lost to the <font color=green>Church</font>  within seven years. One denomination had a membership of 1419833	NNP	informative	4	2	3.98	0.5	2	Church	others
church/NNP/br-d09/2131	0.0664662895259541	0.0108865772875573	church	NNP	religion	A	A	AB	AB	Z	Z	Z	Z	Z	 the meaning of Christian discipleship. When they unite with the <font color=green>Church</font>  they must find in this fellowship the satisfaction of their	NNP	informative	3	1	4.07	0.33	4	Church	others
church/NNP/br-d09/2155	0.202803785910358	-0.231857739121681	church	NNP	religion	A	A	AB	AB	Z	Z	Z	Z	Z	 needs or they will never mature into effective Christians. The <font color=green>Church</font>  expects certain things of those who become members. The new	NNP	informative	5	2	3.92	0.4	2	Church	others
church/NNP/br-d09/231	0.0834885412261748	0.105371259393576	church	NNP	religion	A	A	AB	AB	Z	Z	Z	Z	Z	 It is important that persons desiring to unite with the <font color=green>Church</font>  be prepared for this experience so that it may be	NNP	informative	3	2	3.87	0.67	3	Church	others
church/NNP/br-d09/262	0.0442980475613137	0.0620466014966946	church	NNP	religion	A	A	AB	AB	Z	Z	Z	Z	Z	 to ask a person to take the sacred vows of <font color=green>Church</font>  membership before he has been carefully instructed concerning their implications	NNP	informative	5	4	4.35	0.8	5	Church	others
church/NNP/br-d09/276	0.0270242014372778	0.075111555930492	church	NNP	religion	B	B	AB	AB	Z	Z	Z	Z	Z	 he has been carefully instructed concerning their implications. Preparation for <font color=green>Church</font>  membership begins immediately after the commitment is received. The pastor	NNP	informative	4	1	4.05	0.25	6	Church	others
church/NNP/br-d09/39	0.194986296574088	-0.168362022220342	church	NNP	religion	A	A	AB	AB	Z	Z	Z	Z	Z	 to achieve Christian stature, it is an indictment of the <font color=green>Church</font> . These fatalities are dramatic evidence of`` halfway evangelism'', a failure	NNP	informative	4	2	3.78	0.5	3	Church	others
church/NNP/br-d09/515	-0.019673855109453	0.0352043668390535	church	NNP	religion	A	A	AB	AB	Z	Z	Z	Z	Z	 require more. None should ask less. Those who join the <font color=green>Church</font>  need to be instructed in the faith and the meaning	NNP	informative	3	3	3.71	1	4	Church	others
church/NNP/br-d09/544	0.0564518114188546	0.0636175303985189	church	NNP	religion	A	A	AB	AB	Z	Z	Z	Z	Z	 sacred vows. They will have a greater appreciation for the <font color=green>Church</font>  and a deeper devotion to it if membership requires something	NNP	informative	2	1	3.78	0.5	4	Church	others
church/NNP/br-d09/6	-0.00965017139166732	0.0984556707899803	church	NNP	religion	A	A	AB	AB	Z	Z	Z	Z	Z	 Few persons who join the <font color=green>Church</font>  are insincere. They earnestly desire to do the will of	NNP	informative	2	1	3.42	0.5	3	Church	others
church/NNP/br-d09/624	0.0375287477629288	0.0059766308215162	church	NNP	religion	C	C	C	CDE	Z	Z	Z	Z	Z	 cover four major areas: The Christian Faith History of the <font color=green>Church</font>  Duties of Church Membership The Local Church and Its Program	NNP	informative	4	2	3.88	0.5	4	Church	others
church/NNP/br-d09/627	0.0252439947295897	0.0125559840335566	church	NNP	religion	C	C	C	CDE	Z	Z	Z	Z	Z	 areas: The Christian Faith History of the Church Duties of <font color=green>Church</font>  Membership The Local Church and Its Program Following each instruction	NNP	informative	4	2	3.79	0.5	6	Church	others
church/NNP/br-d09/631	0.0266342653424235	0.0306508147070092	church	NNP	religion	C	C	C	CDE	Z	Z	Z	Z	Z	 History of the Church Duties of Church Membership The Local <font color=green>Church</font>  and Its Program Following each instruction period a piece of	NNP	informative	4	2	3.82	0.5	5	Church	others
church/NNP/br-d14/1311	-0.0247142954401552	-0.033773800974109	church	NNP	religion	B	B	AB	AB	Z	Z	Z	Z	Z	 men and women of New England ancestry also issued the <font color=green>Church</font>  of Jesus Christ of Latter Day Saints, the Seventh Day	NNP	informative	7	2	2.96	0.29	5	Church	others
church/NNP/br-e13/1916	-0.0914169550363107	0.132763135748537	church	NNP	skill_and_hobbies	D	D	DE	CDE	Z	Z	Z	Z	Z	 a road toward another gate in the distance, past the <font color=green>Church</font>  of St. Irene, completed by Constantine in 330 A. D.	NNP	informative	3	3	2.96	1	3	Church	tech
church/NNP/br-g02/1539	0.0837952781639075	-0.16317351283543	church	NNP	belles_lettres	A	A	AB	AB	Z	Z	Z	Z	Z	 and influence of such other claimants for loyalty as the <font color=green>Church</font> . The breakup of the Holy Roman Empire and the downfall	NNP	informative	4	2	3.49	0.5	2	Church	others
church/NNP/br-j25/691	0.267467525883958	-0.0240051900647838	church	NNP	learned	B	B	AB	AB	Z	Z	Z	Z	Z	 indicators of expected adherence to group norms. However, because of <font color=green>Church</font>  laws, lately more stringently enforced, which forbid the marriage of	NNP	informative	5	3	3.76	0.6	3	Church	tech
church/NNP/br-j57/304	-0.0261228130876198	-0.0917715727442653	church	NNP	learned	B	B	AB	AB	group%1:03:00::	C	C	C	CDE	 Indeed, it is even surprising in the Canon of Christ <font color=green>Church</font>  and Regius Professor of Ecclesiastical History, who fathered this most	NNP	informative	3	1	3.32	0.33	4	Church	tech
church/NNP/br-k04/233	-0.170416382377834	0.148129190612139	church	NNP	fiction_gral	D	D	DE	CDE	group%1:03:00::	C	C	C	CDE	 of this crowded region was the Allen African Methodist Episcopal <font color=green>Church</font> . It was an old and dirty wooden structure, sadly in	NNP	imaginative	4	2	3.54	0.5	4	Church	imag
church/NNP/br-k06/1930	0.137108827020276	-0.00340333397119465	church	NNP	fiction_gral	D	D	DE	CDE	group%1:03:00::	C	C	C	CDE	 strike the steeples of the other churches; not of Drew <font color=green>Church</font> . A flash illumined the trees as a crooked bolt twigged	NNP	imaginative	2	0	3.7	0	2	Church	imag
church/NNP/br-k06/698	-0.118226471183637	-0.216635815773144	church	NNP	fiction_gral	D	D	DE	CDE	group%1:03:00::	C	C	C	CDE	 the foothills, was the city of God. The Dutch Reformed <font color=green>Church</font> , with two steeples and its own school was on Main	NNP	imaginative	4	0	2.59	0	1	Church	imag
church/NNP/br-k06/714	-0.0491981059381623	-0.134653081068888	church	NNP	fiction_gral	D	D	DE	CDE	group%1:03:00::	C	C	C	CDE	 and its own school was on Main Street; the Episcopal <font color=green>Church</font>  was one block down Sussex Street; the Catholic Saint Mary's	NNP	imaginative	4	1	4.16	0.25	2	Church	imag
church/NNP/br-k06/726	-0.0642674337954876	-0.104365033244115	church	NNP	fiction_gral	D	D	DE	CDE	group%1:03:00::	C	C	C	CDE	 was one block down Sussex Street; the Catholic Saint Mary's <font color=green>Church</font> , with an even taller steeple and a cross on top	NNP	imaginative	5	1	4.1	0.2	3	Church	imag
church/NNP/br-k06/841	-0.113791824034367	-0.061026815253159	church	NNP	fiction_gral	D	D	DE	CDE	group%1:03:00::	C	C	C	CDE	 became familiar with God, who resided chiefly in Drew Centennial <font color=green>Church</font>  with its high steeple and clock. There was no church	NNP	imaginative	3	1	3.43	0.33	4	Church	imag
church/NNP/br-k06/855	-0.0859143349903268	-0.0199812085945706	church	NNP	fiction_gral	D	D	DE	CDE	group%1:03:00::	C	C	C	CDE	 high steeple and clock. There was no church like Drew <font color=green>Church</font> , no preacher like Papa, who was intimate with Him, and	NNP	imaginative	2	1	3.76	0.5	5	Church	imag
church/NNP/br-k10/1229	-0.00508354238480211	0.177734096323381	church	NNP	fiction_gral	B	B	AB	AB	group%1:03:00::	C	C	C	CDE	 smashing images and tearing down symbols sacred to the Old <font color=green>Church</font> . John found it difficult, but he held him in check	NNP	imaginative	4	3	3.61	0.75	6	Church	imag
church/NNS/br-a09/1417	-0.021925225664591	0.154821185229258	church	NNS	press_reportage	D	D	DE	CDE	Z	Z	Z	Z	Z	 will feature row houses, garden apartments, four small parks, schools, <font color=green>churches</font> , a shopping center and several small clusters of stores. The	NNS	informative	7	3	3.09	0.43	4	churches	others
church/NNS/br-a10/1674	-0.0809524763949622	0.170491908041405	church	NNS	press_reportage	D	D	DE	CDE	Z	Z	Z	Z	Z	 need for their forthcoming program,`` Breakthrough'' scheduled to fill the <font color=green>churches</font>  for the next two years. In his opening address Wednesday	NNS	informative	5	1	2.76	0.2	2	churches	others
church/NNS/br-a10/1831	0.243917991144311	0.396295141024088	church	NNS	press_reportage	C	C	C	CDE	Z	Z	Z	Z	Z	 with this challenge''.`` In 35 years we have opened 7000 <font color=green>churches</font> '', the Rev. Mr. Brandt said, adding that the denomination had	NNS	informative	3	0	4.56	0	1	churches	others
church/NNS/br-a10/1863	0.235109412169364	0.28777426498596	church	NNS	press_reportage	C	C	C	CDE	Z	Z	Z	Z	Z	 for every 10000 persons.`` In this light we need 1000 <font color=green>churches</font>  in Illinois, where we have 200; 800 in Southern New	NNS	informative	3	1	2.8	0.33	1	churches	others
church/NNS/br-a10/1918	0.139733303500076	0.188231211170684	church	NNS	press_reportage	C	C	C	CDE	Z	Z	Z	Z	Z	 Brandt suggested the vision of 8000 new Assemblies of God <font color=green>churches</font>  in the next 10 years. To accomplish this would necessitate	NNS	informative	3	1	3.31	0.33	3	churches	others
church/NNS/br-a10/1980	0.101900797679764	0.0198613376131769	church	NNS	press_reportage	C	C	C	CDE	Z	Z	Z	Z	Z	 includes: Encouraging by every means, all existing Assemblies of God <font color=green>churches</font>  to start new churches. Engaging mature, experienced men to pioneer	NNS	informative	6	0	3.84	0	6	churches	others
church/NNS/br-a10/1984	0.116914343439161	0.0152452987579395	church	NNS	press_reportage	C	C	C	CDE	Z	Z	Z	Z	Z	 means, all existing Assemblies of God churches to start new <font color=green>churches</font> . Engaging mature, experienced men to pioneer or open new churches	NNS	informative	6	1	4.07	0.17	5	churches	others
church/NNS/br-a10/1996	0.155825495631641	0.0550676499998245	church	NNS	press_reportage	C	C	C	CDE	Z	Z	Z	Z	Z	 churches. Engaging mature, experienced men to pioneer or open new <font color=green>churches</font>  in strategic population centers. Surrounding pioneer pastors with vocational volunteers	NNS	informative	7	1	4.01	0.14	6	churches	others
church/NNS/br-a10/2022	0.112382130000095	0.220485677667415	church	NNS	press_reportage	C	C	C	CDE	Z	Z	Z	Z	Z	 will be urged to move into the area of new <font color=green>churches</font>  in the interest of lending their support to the new	NNS	informative	2	0	3.3	0	2	churches	others
church/NNS/br-a10/2051	-0.133237913998651	0.224657363560572	church	NNS	press_reportage	C	C	C	CDE	Z	Z	Z	Z	Z	 to spend from 6- 12 months as apprentices in well-established <font color=green>churches</font> . U. S. Dist. Judge Charles L. Powell denied all motions	NNS	informative	2	0	3.11	0	2	churches	others
church/NNS/br-a31/1594	0.250967930071845	0.235002057773229	church	NNS	press_reportage	C	C	C	CDE	Z	Z	Z	Z	Z	 than 300 top teenagers and 65 adult advisers from Presbyterian <font color=green>churches</font>  of the area sat enthralled at the four-hour program. This	NNS	informative	4	1	3.57	0.25	2	churches	others
church/NNS/br-a31/1753	0.253582240838894	0.195930884437818	church	NNS	press_reportage	C	C	C	CDE	Z	Z	Z	Z	Z	 Auditorium may be set up soon. And to encourage other <font color=green>churches</font>  to try their own programs, Kern said this Sunday 's	NNS	informative	3	1	2.68	0.33	1	churches	others
church/NNS/br-a31/1806	-0.130784865377616	0.154220968137416	church	NNS	press_reportage	D	D	DE	CDE	Z	Z	Z	Z	Z	 special services marking National Christian Family Week in Miami area <font color=green>churches</font>  next week. Of particular meaning to the Charles MacWhorter family	NNS	informative	4	0	2.93	0	2	churches	others
church/NNS/br-b04/1480	-0.0351597834548811	0.160909724353839	church	NNS	press_editorial	C	C	C	CDE	Z	Z	Z	Z	Z	 his money and his name: Does it assail schools and <font color=green>churches</font>  with blanket accusations? Does it attack other traditional American institutions	NNS	informative	4	1	3.12	0.25	3	churches	others
church/NNS/br-b12/2239	0.0184073513697878	-0.00996542890701284	church	NNS	press_editorial	B	B	AB	AB	Z	Z	Z	Z	Z	 Methodist Church, Congregational Union, Baptist Union, Presbyterian Church of England, <font color=green>Churches</font>  in Wales, Churches in Ireland, Society of Friends, British and	NNPS	informative	7	0	2.87	0	5	Churches	others
church/NNS/br-b12/2243	0.0184073513697878	-0.00996542890701284	church	NNS	press_editorial	B	B	AB	AB	Z	Z	Z	Z	Z	 Union, Baptist Union, Presbyterian Church of England, Churches in Wales, <font color=green>Churches</font>  in Ireland, Society of Friends, British and Foreign Bible Society	NNPS	informative	2	0	2.96	0	4	Churches	others
church/NNS/br-b22/1233	0.0505924753363239	0.125348805764173	church	NNS	press_editorial	B	B	AB	AB	Z	Z	Z	Z	Z	 of five Catholic theologians to attend the World Council of <font color=green>Churches</font>  assembly in New Delhi as`` official'' observers reverses the Church	NNPS	informative	5	2	3.09	0.4	4	Churches	others
church/NNS/br-b22/1326	0.16314904375875	-0.123005623333374	church	NNS	press_editorial	B	B	AB	AB	Z	Z	Z	Z	Z	 pervades the Church 's stance toward the Protestant and Orthodox <font color=green>Churches</font> . Noting all the difficulties that stand in the way of	NNPS	informative	2	1	3.91	0.5	3	Churches	others
church/NNS/br-c08/1853	0.0725404944912664	-0.0351419068045467	church	NNS	press_reviews	C	C	C	CDE	Z	Z	Z	Z	Z	 the early jazz forms and the music of the Negro <font color=green>churches</font> . To help him on this religious aspect of primitive jazz	NNS	informative	4	1	2.92	0.25	4	churches	others
church/NNS/br-d02/548	0.467945509074365	-0.0242733406094706	church	NNS	religion	B	B	AB	AB	church%1:14:00::	B	B	AB	AB	 observed to characterize the preaching and teaching of the American <font color=green>churches</font> . In the absence of a truly adequate conceptuality in which	NNS	informative	3	0	3.47	0	1	churches	others
church/NNS/br-d03/1011	0.101519009202026	0.35103187097659	church	NNS	religion	D	D	DE	CDE	church%1:06:00::	D	D	DE	CDE	 often, the sale of 764 chapels''. Most of these former <font color=green>churches</font>  are now used as warehouses, but`` neither Anglicans nor Nonconformists	NNS	informative	3	0	2.6	0	1	churches	others
church/NNS/br-d03/1027	0.0697585834821774	-0.133352835977956	church	NNS	religion	D	D	DE	CDE	church%1:06:00::	D	D	DE	CDE	 as warehouses, but`` neither Anglicans nor Nonconformists object to selling <font color=green>churches</font>  to Roman Catholics'', and have done so. While it must	NNS	informative	2	0	3.52	0	3	churches	others
church/NNS/br-d03/1051	0.0921472140234725	-0.0235697196978305	church	NNS	religion	D	D	DE	CDE	church%1:06:00::	D	D	DE	CDE	 be said that these same Protestants have built some new <font color=green>churches</font>  during this period, and that religious population shifts have emptied	NNS	informative	4	2	3.15	0.5	4	churches	others
church/NNS/br-d03/1063	0.0924833003545612	-0.00543997723495299	church	NNS	religion	C	C	C	CDE	church%1:06:00::	D	D	DE	CDE	 during this period, and that religious population shifts have emptied <font color=green>churches</font> , a principal reason for this phenomenon of redundancy is that	NNS	informative	5	4	3.12	0.8	5	churches	others
church/NNS/br-d03/110	-0.0340067631811398	0.0808656789576481	church	NNS	religion	C	C	C	CDE	church%1:14:00::	B	B	AB	AB	 was enthusiastically devoted to prayer and discussion by the various <font color=green>churches</font> . Many people seem hopeful, yet it is difficult to predict	NNS	informative	5	2	3.24	0.4	3	churches	others
church/NNS/br-d03/1472	0.00591181302680189	-0.218443819094557	church	NNS	religion	E	E	DE	CDE	church%1:06:00::	D	D	DE	CDE	 thy Son''. A hymn often to be heard in Catholic <font color=green>churches</font>  is`` Faith of our Fathers'', which glories in England 's	NNS	informative	3	1	3.02	0.33	1	churches	others
church/NNS/br-d03/1884	0.0311434415147801	-0.0313005289787943	church	NNS	religion	B	B	AB	AB	church%1:14:00::	B	B	AB	AB	 at least of equal stature in England with the Protestant <font color=green>churches</font> . On successive Sundays during October, 1960, Paul Ferris( a non-Catholic	NNS	informative	2	2	3.33	1	5	churches	others
church/NNS/br-d03/313	0.0439274342001158	-0.058203294831797	church	NNS	religion	B	B	AB	AB	anglican_church%1:14:00::	B2	B	AB	AB	 saying and writing and implying about the Roman and Anglican <font color=green>Churches</font>  and about the present religious state of England. Since the	NNPS	informative	5	3	3.48	0.6	3	Churches	others
church/NNS/br-d03/35	0.0174918845700333	-0.0610060823916034	church	NNS	religion	B	B	AB	AB	anglican_church%1:14:00::	B2	B	AB	AB	 efforts of only unauthorized individuals of the Roman and Anglican <font color=green>Churches</font> , and urging a communion of prayer unacceptable to Rome, this	NNPS	informative	5	3	3.61	0.6	4	Churches	others
church/NNS/br-d03/779	0.0853442467261334	-0.096456852815631	church	NNS	religion	D	D	DE	CDE	church%1:06:00::	D	D	DE	CDE	 less than ten. From many sides come remarks that Protestant <font color=green>churches</font>  are badly attended and the large medieval cathedrals look all	NNS	informative	4	1	3.42	0.25	4	churches	others
church/NNS/br-d03/849	0.0936895819981278	0.0873289975143544	church	NNS	religion	C	C	C	CDE	church%1:06:00::	D	D	DE	CDE	 admit the great falling off in effective membership in their <font color=green>churches</font> . According to a newspaper report of the 1961 statistics of	NNS	informative	2	2	3.5	1	2	churches	others
church/NNS/br-d03/929	0.0453342888018202	0.334942431989416	church	NNS	religion	C	C	C	CDE	church%1:06:00::	D	D	DE	CDE	 the Manchester Guardian of last November, entitled`` Fate of Redundant <font color=green>Churches</font> '', states than an Archbishops' Commission`` reported last month that in	NNPS	informative	2	0	3.35	0	2	Churches	others
church/NNS/br-d03/952	-0.0160350712069086	-0.0312418307307964	church	NNS	religion	C	C	C	CDE	church%1:06:00::	D	D	DE	CDE	 that in the Church of England alone there are 790 <font color=green>churches</font>  which are redundant now, or will be in 20 years	NNS	informative	3	2	2.83	0.67	2	churches	others
church/NNS/br-d05/1536	0.307723308482671	-0.06087211962157	church	NNS	religion	C	C	C	CDE	Z	Z	Z	Z	Z	 descended from the founders( among which were still the Unitarian <font color=green>churches</font> ), made explicit from the beginning that the conflict between him	NNS	informative	1	0	3.26	0	2	churches	others
church/NNS/br-d05/1935	0.179873073129354	0.325671226551446	church	NNS	religion	C	C	C	CDE	Z	Z	Z	Z	Z	 his colleagues know that he intended them:`` Even the Unitarian <font color=green>churches</font>  have caught the malaria, and are worse than those who	NNS	informative	2	0	2.72	0	1	churches	others
church/NNS/br-d09/1216	0.229782845290344	0.0602953908694193	church	NNS	religion	C	C	C	CDE	Z	Z	Z	Z	Z	 membership training, since this is a recent development in many <font color=green>churches</font> . Those coming from other denominations will welcome the opportunity to	NNS	informative	3	1	3.63	0.33	2	churches	others
church/NNS/br-d09/181	0.0389451651967042	0.0959593350980213	church	NNS	religion	C	C	C	CDE	Z	Z	Z	Z	Z	 life of the Church. Neglect means spiritual paralysis or death. <font color=green>Churches</font>  that have a carefully planned program of membership preparation and	NNPS	informative	4	2	3.33	0.5	3	Churches	others
church/NNS/br-d09/1910	0.100713466740679	0.0789410650733816	church	NNS	religion	C	C	C	CDE	Z	Z	Z	Z	Z	 This problem is illustrated by the fact that many local <font color=green>churches</font>  drop from the active membership rolls each year as many	NNS	informative	4	1	3.19	0.25	2	churches	others
church/NNS/br-d09/1946	0.0664145453797897	0.0392000304419387	church	NNS	religion	C	C	C	CDE	Z	Z	Z	Z	Z	 some areas where population is expanding, show that numbers of <font color=green>churches</font>  have had little net increase, though many new members were	NNS	informative	5	3	2.91	0.6	4	churches	others
church/NNS/br-d09/502	0.0674148108549149	0.114878721363967	church	NNS	religion	C	C	C	CDE	Z	Z	Z	Z	Z	 sessions of preparation for membership is necessary for adults. Some <font color=green>churches</font>  require more. None should ask less. Those who join the	NNS	informative	5	3	3.45	0.6	3	churches	others
church/NNS/br-d09/559	0.00737982318815688	0.0377116614179154	church	NNS	religion	C	C	C	CDE	Z	Z	Z	Z	Z	 devotion to it if membership requires something of them. Many <font color=green>churches</font>  find the Sunday school hour to be the most practical	NNS	informative	4	2	2.98	0.5	4	churches	others
church/NNS/br-d09/891	0.0430212909550697	0.224164893869136	church	NNS	religion	C	C	C	CDE	Z	Z	Z	Z	Z	 have been found effective. Extend the number of classes. Some <font color=green>churches</font>  have six or more training sessions of two hours each	NNS	informative	3	2	2.9	0.67	2	churches	others
church/NNS/br-d10/1095	0.169876419914651	0.024173041529259	church	NNS	religion	C	C	C	CDE	Z	Z	Z	Z	Z	 Asians tend to consider not only missions but the local <font color=green>churches</font>  they have produced as centers and agents of Western culture	NNS	informative	4	3	3.42	0.75	4	churches	others
church/NNS/br-d10/2114	0.163318108571621	0.0266417927884104	church	NNS	religion	B	B	AB	AB	Z	Z	Z	Z	Z	 Newbiggin reflects the dominant position within the World Council of <font color=green>Churches</font>  when he says,`` We must claim absoluteness and finality for	NNPS	informative	2	1	3.26	0.5	2	Churches	others
church/NNS/br-d10/305	0.42116341508306	0.109581573443746	church	NNS	religion	C	C	C	CDE	Z	Z	Z	Z	Z	 may have a certain justification, we ought to dispense with <font color=green>churches</font> . The suggestion is naive. Man is at once a gregarious	NNS	informative	1	0	2.94	0	1	churches	others
church/NNS/br-d14/1926	0.0989730700214544	-0.0627601544754844	church	NNS	religion	B	B	AB	AB	Z	Z	Z	Z	Z	 John Greenleaf Whittier( 1807- 1892) he eventually attacked the orthodox <font color=green>churches</font>  for what he deemed their cowardly compromising on the slavery	NNS	informative	2	1	3.56	0.5	5	churches	others
church/NNS/br-d14/199	0.0155378695304522	0.00562563276370374	church	NNS	religion	C	C	C	CDE	Z	Z	Z	Z	Z	 proportion, although in 1914 still a minority, were members of <font color=green>churches</font> . Presumably those who did not have a formal church connexion	NNS	informative	2	1	2.92	0.5	5	churches	others
church/NNS/br-d14/457	0.0531415831501013	0.0186632828902678	church	NNS	religion	C	C	C	CDE	Z	Z	Z	Z	Z	 church members mounted, the degree of discipline exercised by the <font color=green>churches</font>  lessened and the trend was towards conformity to the general	NNS	informative	3	2	2.87	0.67	5	churches	others
church/NNS/br-d14/507	0.0557298013363491	0.027263501944157	church	NNS	religion	C	C	C	CDE	Z	Z	Z	Z	Z	 the ethical codes to which the majority subscribed. Thus Baptist <font color=green>churches</font>  on the frontier took cognizance of charges against their members	NNS	informative	3	2	3.36	0.67	6	churches	others
church/NNS/br-d17/569	0.151873056129356	0.227703655694596	church	NNS	religion	C	C	C	CDE	Z	Z	Z	Z	Z	 one of my editorial workers wanted to find out how <font color=green>churches</font>  and philanthropic organizations met the needs of New York 's	NNS	informative	2	0	3.04	0	2	churches	others
church/NNS/br-e12/1082	-0.05035428356795	0.337778770843613	church	NNS	skill_and_hobbies	D	D	DE	CDE	Z	Z	Z	Z	Z	 famous Alamo and photograph 18 th Century Spanish buildings and <font color=green>churches</font> . The Great Smoky Mountains is another area of the South	NNS	informative	3	1	3.49	0.33	3	churches	tech
church/NNS/br-e13/808	0.346460889203236	0.155162948593477	church	NNS	skill_and_hobbies	D	D	DE	CDE	Z	Z	Z	Z	Z	 fell in. Nevertheless, it remained one of the most splendid <font color=green>churches</font>  of the Eastern Empire, where the Byzantine Emperors were crowned	NNS	informative	2	1	3.57	0.5	2	churches	tech
church/NNS/br-f15/1245	0.0880087117253282	-0.0337585315866336	church	NNS	popular_lore	B	B	AB	AB	church%1:14:00::	B	B	AB	AB	 Consider what happened during World War 1,, when the Protestant <font color=green>churches</font>  united to push the Prohibition law through Congress. Many of	NNS	informative	2	2	3.5	1	5	churches	others
church/NNS/br-f15/1425	0.224541232744164	-0.107552367678948	church	NNS	popular_lore	B	B	AB	AB	christian_church%1:14:00::	B	B	AB	AB	 turn of the century, contraception was condemned by all Christian <font color=green>churches</font>  as immoral, unnatural and contrary to divine law. This was	NNS	informative	5	0	4.07	0	3	churches	others
church/NNS/br-f15/1455	0.0595943483515613	-0.0879007941668637	church	NNS	popular_lore	B	B	AB	AB	orthodox_church%1:14:00::	B1	B	AB	AB	 laws of Christian countries. Today, the Roman Catholic and Orthodox <font color=green>Churches</font>  stand virtually alone in holding that conviction. The various Lambeth	NNPS	informative	5	5	3.72	1	6	Churches	others
church/NNS/br-f15/1720	0.0436520896940439	0.0327144326179859	church	NNS	popular_lore	B	B	AB	AB	group%1:03:00::	C	C	C	CDE	 28 members of a committee of the Federal Council of <font color=green>Churches</font>  ratified artificial methods of birth control.`` As to the necessity	NNPS	informative	4	1	3.11	0.25	3	Churches	others
church/NNS/br-f15/1887	0.0853118726922219	-0.0565769010489988	church	NNS	popular_lore	B	B	AB	AB	group%1:03:00::	C	C	C	CDE	 1961, by the general board of the National Council of <font color=green>Churches</font> , the largest Protestant organization in the US. The board approved	NNPS	informative	3	2	3.64	0.67	2	Churches	others
church/NNS/br-f15/1944	0.345828334068061	-0.152359795026715	church	NNS	popular_lore	B	B	AB	AB	church%1:14:00::	B	B	AB	AB	 of contraceptives. The general board declared:`` Most of the Protestant <font color=green>churches</font>  hold contraception and periodic continence to be morally right when	NNS	informative	4	1	3.77	0.25	1	churches	others
church/NNS/br-f15/1998	0.227612203453965	-0.102735436619431	church	NNS	popular_lore	B	B	AB	AB	christian_church%1:14:00::	B	B	AB	AB	 of conception''. An action once universally condemned by all Christian <font color=green>churches</font>  and forbidden by the civil law is now not only	NNS	informative	2	2	4.06	1	3	churches	others
church/NNS/br-f15/821	0.0598227437690683	-0.0458187503447973	church	NNS	popular_lore	B	B	AB	AB	orthodox_catholic_church%1:14:00::	B1	B	AB	AB	 the exception of the Roman Catholic and the Orthodox Catholic <font color=green>Churches</font> , most churches make no moral distinction between rhythm and mechanical	NNPS	informative	6	6	3.93	1	9	Churches	others
church/NNS/br-f15/824	0.0640498606781964	-0.0458676051740035	church	NNS	popular_lore	B	B	AB	AB	church%1:14:00::	B	B	AB	AB	 of the Roman Catholic and the Orthodox Catholic Churches, most <font color=green>churches</font>  make no moral distinction between rhythm and mechanical or chemical	NNS	informative	5	6	3.93	1.2	10	churches	others
church/NNS/br-f44/1106	0.181376911814878	0.0560284040284952	church	NNS	popular_lore	C	C	C	CDE	church%1:14:00::	B	B	AB	AB	 who will strengthen the social class nucleus of the congregation. <font color=green>Churches</font>  can be strengthened through this process of co-optation so long	NNPS	informative	5	2	3.44	0.4	3	Churches	others
church/NNS/br-f44/1189	0.0700120696727472	0.0417482267292671	church	NNS	popular_lore	C	C	C	CDE	church%1:14:00::	B	B	AB	AB	 and publicity in reaching new members. The proclamation of the <font color=green>churches</font>  is almost totally confined to pastoral contacts by the clergy	NNS	informative	7	3	3.22	0.43	5	churches	others
church/NNS/br-f44/124	0.30400204453045	0.0939726658547682	church	NNS	popular_lore	C	C	C	CDE	church%1:14:00::	B	B	AB	AB	 inner city blight account for the decline of central city <font color=green>churches</font> . Central cities reveal two adverse features for the major denominations	NNS	informative	4	1	3.24	0.25	2	churches	others
church/NNS/br-f44/1262	0.197190482152098	0.0606593225172344	church	NNS	popular_lore	C	C	C	CDE	church%1:14:00::	B	B	AB	AB	 will account for a major share of recruitment by the <font color=green>churches</font> , making it quite evident that the extension of economic integration	NNS	informative	2	0	2.73	0	3	churches	others
church/NNS/br-f44/1427	0.133060176906211	0.037041015993046	church	NNS	popular_lore	C	C	C	CDE	church%1:14:00::	B	B	AB	AB	 for more than a single generation. The fact that metropolitan <font color=green>churches</font>  of the major denominations have moved approximately every generation for	NNS	informative	4	2	3.51	0.5	5	churches	others
church/NNS/br-f44/1475	0.0736465830836639	-0.0269799340152626	church	NNS	popular_lore	D	D	DE	CDE	church%1:06:00::	D	D	DE	CDE	 in religious life, when one recalls the number of city <font color=green>churches</font>  which deteriorated beyond repair before being abandoned, raises fundamental questions	NNS	informative	4	2	2.97	0.5	4	churches	others
church/NNS/br-f44/1683	0.124130642746453	0.0615453777078687	church	NNS	popular_lore	C	C	C	CDE	church%1:14:00::	B	B	AB	AB	 hopelessly unstable environment. More than creatures of metropolitan forces, the <font color=green>churches</font>  have taken the lead in counteracting the interdependence of metropolitan	NNS	informative	2	2	3.5	1	5	churches	others
church/NNS/br-f44/1802	0.1704410707133	0.018459980191563	church	NNS	popular_lore	D	D	DE	CDE	church%1:14:00::	B	B	AB	AB	 fight their way into the lower middle-class suburbs, and the <font color=green>churches</font>  will experience the same decay and rebuilding cycle which has	NNS	informative	3	2	3.44	0.67	6	churches	others
church/NNS/br-f44/1918	0.107140170758828	0.00508654989610798	church	NNS	popular_lore	C	C	C	CDE	church%1:14:00::	B	B	AB	AB	 of middle-class culture could lead to various projections for the <font color=green>churches</font> . It could be argued that any fellowship which centers in	NNS	informative	3	3	3.23	1	4	churches	others
church/NNS/br-f44/2015	0.304363777255793	0.118302957130021	church	NNS	popular_lore	C	C	C	CDE	church%1:14:00::	B	B	AB	AB	 next chapter to the style of association in the denominational <font color=green>churches</font> ; this style is characteristically an expression of the communal style	NNS	informative	3	0	2.55	0	2	churches	others
church/NNS/br-f44/2181	0.155956546185036	0.252739776249991	church	NNS	popular_lore	C	C	C	CDE	church%1:14:00::	B	B	AB	AB	 have fashioned the iron cage of conformity which imprisons the <font color=green>churches</font>  in their suburban captivity. The perplexing question still remains as	NNS	informative	2	1	2.84	0.5	2	churches	others
church/NNS/br-f44/2201	0.204014726680047	0.0925523516900467	church	NNS	popular_lore	C	C	C	CDE	church%1:14:00::	B	B	AB	AB	 remains as to why the middle classes turn to the <font color=green>churches</font>  as a vehicle of social identity when their clubs and	NNS	informative	5	2	3.03	0.4	3	churches	others
church/NNS/br-f44/343	0.116411177462418	0.0382584129542217	church	NNS	popular_lore	C	C	C	CDE	church%1:14:00::	B	B	AB	AB	 moreover, residential mobility is so high in metropolitan areas that <font color=green>churches</font>  have to recruit constantly in their core stratum in order	NNS	informative	5	3	3.34	0.6	5	churches	others
church/NNS/br-f44/868	0.0597263002802438	0.081796110233563	church	NNS	popular_lore	C	C	C	CDE	church%1:14:00::	B	B	AB	AB	 and congregational outreach have not been carefully studied in the <font color=green>churches</font> ; one study in Pittsburgh, however, has illuminated the situation. In	NNS	informative	2	1	3.49	0.5	4	churches	others
church/NNS/br-f44/890	0.0694898095587768	0.0445458010777888	church	NNS	popular_lore	C	C	C	CDE	church%1:14:00::	B	B	AB	AB	 the situation. In a sample of new members of Pittsburgh <font color=green>churches</font> , almost 60 per cent were recruited by initial`` contacts with	NNS	informative	3	2	3.55	0.67	3	churches	others
church/NNS/br-k01/769	-0.158781785331886	0.212906309767819	church	NNS	fiction_gral	D	D	DE	CDE	church%1:06:00::	D	D	DE	CDE	 It was a Negro section of peeling row houses, store-front <font color=green>churches</font>  and ragged children. Rachel had to bend toward Scotty and	NNS	imaginative	2	0	2.66	0	3	churches	imag
church/NNS/br-k04/2307	-0.0433818810836188	-0.0313984992228413	church	NNS	fiction_gral	B	B	AB	AB	church%1:06:00::	D	D	DE	CDE	 his career in the Methodist church, if not in all <font color=green>churches</font> .	NNS	imaginative	2	0	2.54	0	1	churches	imag
church/NNS/br-k06/1925	0.268803780414287	0.406819159674793	church	NNS	fiction_gral	D	D	DE	CDE	church%1:06:00::	D	D	DE	CDE	 them open. Lightning might strike the steeples of the other <font color=green>churches</font> ; not of Drew Church. A flash illumined the trees as	NNS	imaginative	2	0	3.78	0	2	churches	imag
