id	model.x	model.y	lemma	pos	genre	broad_genre	marisense	mbroad	mari3	mari2	sensekey	wnsense	wnbroad	wn3	wn2	text	cues	cues_with_weight	mean_weight_x100	wcratio_x100	weighted_cw	wf	new_pos	new_broad_genre	mean_weight	weighted.cues_ratio
church/NN/br-a16/453	-0.184257803923319	0.200592774476115	church	NN	press_reportage	press	D	D	DE	CDE	Z	Z	Z	Z	Z	 a small one at noon tomorrow in St. Bernadine 's <font color=green>church</font> , Forest Park. A small reception will follow in the Oak	4	1	300	25	1	church	NN	press	3	0.25
church/NN/br-a17/2228	-0.0309066013695169	-0.00218775748793945	church	NN	press_reportage	press	D	D	DE	CDE	Z	Z	Z	Z	Z	 Burgher Jr. seated guests. A reception was held at the <font color=green>church</font> . The First Christian Church of Pampa was the setting for	5	1	338	20	4	church	NN	press	3.38	0.2
church/NN/br-a17/2233	-0.0279908597041481	-0.00452040538316975	church	NN	press_reportage	press	D	D	DE	CDE	Z	Z	Z	Z	Z	 A reception was held at the church. The First Christian <font color=green>Church</font>  of Pampa was the setting for the wedding last Sunday	4	0	347	0	3	Church	NNP	press	3.47	0
church/NN/br-a21/677	0.0697383017983646	-0.155532018484251	church	NN	press_reportage	press	D	D	DE	CDE	Z	Z	Z	Z	Z	 for 10 a. m. tomorrow in St. Anne 's Catholic <font color=green>Church</font> , 31978 Mound, in Warren. The mother and daughter, who will	4	0	438	0	1	Church	NNP	press	4.38	0
church/NN/br-a22/1283	-0.296090293903167	0.126202254957866	church	NN	press_reportage	press	C	C	C	CDE	Z	Z	Z	Z	Z	 painter. He was a member of the Oakland City Methodist <font color=green>Church</font>  and a native of Atlanta. Funeral services will be at	2	0	308	0	2	Church	NNP	press	3.08	0
church/NN/br-a22/307	-0.0569302732923249	-0.0163433351156426	church	NN	press_reportage	press	B	B	AB	AB	Z	Z	Z	Z	Z	 challenged by the state. Emory is affiliated with the Methodist <font color=green>Church</font> . Some church leaders, both clerical and lay, have criticized the	4	0	346	0	1	Church	NNP	press	3.46	0
church/NN/br-a22/310	-0.0569302732923249	-0.0163433351156426	church	NN	press_reportage	press	A	A	AB	AB	Z	Z	Z	Z	Z	 the state. Emory is affiliated with the Methodist Church. Some <font color=green>church</font>  leaders, both clerical and lay, have criticized the university for	5	0	346	0	1	church	NN	press	3.46	0
church/NN/br-a31/1842	0.202917293019443	-0.241709863768953	church	NN	press_reportage	press	D	D	DE	CDE	Z	Z	Z	Z	Z	 planned for 10: 50 a. m. Sunday at First Christian <font color=green>Church</font> . It will be the second time the assistant manager of	3	0	395	0	1	Church	NNP	press	3.95	0
church/NN/br-a31/2112	-0.0569302732923249	-0.0163433351156426	church	NN	press_reportage	press	D	D	DE	CDE	Z	Z	Z	Z	Z	 and program at 6 p. m. Sunday at Trinity Methodist <font color=green>Church</font> . He is the sexton of the church. A family worship	3	0	346	0	1	Church	NNP	press	3.46	0
church/NN/br-a31/2120	-0.044160758193782	-0.0293413425550882	church	NN	press_reportage	press	D	D	DE	CDE	Z	Z	Z	Z	Z	 at Trinity Methodist Church. He is the sexton of the <font color=green>church</font> . A family worship service will follow the program at 7	4	0	352	0	2	church	NN	press	3.52	0
church/NN/br-b08/1866	-0.0483937022857052	-0.0351137739989946	church	NN	press_editorial	press	D	D	DE	CDE	Z	Z	Z	Z	Z	 wrote after almost a decade of service to this majestic <font color=green>church</font> .`` Such a church needs vigor and vitality in its rector	2	0	348	0	2	church	NN	press	3.48	0
church/NN/br-b08/1871	-0.0483937022857052	-0.0351137739989946	church	NN	press_editorial	press	C	C	C	CDE	Z	Z	Z	Z	Z	 a decade of service to this majestic church.`` Such a <font color=green>church</font>  needs vigor and vitality in its rector and one man	4	1	348	25	2	church	NN	press	3.48	0.25
church/NN/br-b12/2115	0.0489530681398921	-0.427649660487967	church	NN	press_editorial	press	A	A	AB	AB	Z	Z	Z	Z	Z	 and Greek and other ancient writings, some by the early <font color=green>church</font>  fathers, in themselves called for a restudy of the Bible	5	0	304	0	1	church	NN	press	3.04	0
church/NN/br-b12/2217	-0.0569302732923249	-0.0163433351156426	church	NN	press_editorial	press	B	B	AB	AB	Z	Z	Z	Z	Z	 of a joint committee made up of representatives of the <font color=green>Church</font>  of England, Church of Scotland, Methodist Church, Congregational Union, Baptist	6	0	346	0	1	Church	NNP	press	3.46	0
church/NN/br-b12/2226	-0.0284467642613341	-0.014726901422447	church	NN	press_editorial	press	B	B	AB	AB	Z	Z	Z	Z	Z	 representatives of the Church of England, Church of Scotland, Methodist <font color=green>Church</font> , Congregational Union, Baptist Union, Presbyterian Church of England, Churches in	7	1	350	14	3	Church	NNP	press	3.5	0.14
church/NN/br-b12/2235	-0.0284467642613341	-0.014726901422447	church	NN	press_editorial	press	B	B	AB	AB	Z	Z	Z	Z	Z	 Church of Scotland, Methodist Church, Congregational Union, Baptist Union, Presbyterian <font color=green>Church</font>  of England, Churches in Wales, Churches in Ireland, Society of	9	1	351	11	2	Church	NNP	press	3.51	0.11
church/NN/br-b15/1190	-0.257952236938457	0.244201583075947	church	NN	press_editorial	press	C	C	C	CDE	Z	Z	Z	Z	Z	 El; Rev. DeWitt Clemens, pastor of the Mathewson Street Methodist <font color=green>Church</font> ; Mr. Felix Miranda, of the Imperial Knife Co.; and to	2	1	332	50	1	Church	NNP	press	3.32	0.5
church/NN/br-d01/1628	-0.128797519161546	-0.506983937006078	church	NN	religion	non-fiction	B	B	AB	AB	church%1:14:00::	B	B	AB	AB	 age to whip men into a surrender to a particular <font color=green>church</font>  or church-state''. Apparently he does not intend that those who	3	1	310	33	1	church	NN	essays	3.1	0.33
church/NN/br-d02/1641	-0.0823012970345948	-0.396137409269406	church	NN	religion	non-fiction	B	B	AB	AB	church%1:14:00::	B	B	AB	AB	 concerned to stand squarely within the tradition of the apostolic <font color=green>church</font> , they have exhibited no willingness whatever to sacrifice their modernity	2	0	366	0	1	church	NN	essays	3.66	0
church/NN/br-d02/706	-0.202870803936676	-0.407549222027515	church	NN	religion	non-fiction	A	A	AB	AB	church%1:14:00::	B	B	AB	AB	 there tends to be an almost complete indifference to the <font color=green>church</font>  and its traditional message of sin and grace. To be	4	0	312	0	1	church	NN	essays	3.12	0
church/NN/br-d02/923	0.160870020345575	-0.44629663359242	church	NN	religion	non-fiction	A	A	AB	AB	church%1:14:00::	B	B	AB	AB	 for accomplishing his work in the world. by analogy, the <font color=green>church</font>  also has been regarded as entirely independent of the`` world	3	0	314	0	1	church	NN	essays	3.14	0
church/NN/br-d03/1342	-0.0317555304179033	-0.0259978134432607	church	NN	religion	non-fiction	E	E	DE	CDE	church%1:06:00::	D	D	DE	CDE	 my experience to find as many men as women in <font color=green>church</font> , and to hear almost everyone in church congregations reciting the	5	1	340	20	2	church	NN	essays	3.4	0.2
church/NN/br-d03/1350	-0.0338406677596027	-0.0314511726898267	church	NN	religion	non-fiction	E	E	DE	CDE	church%1:06:00::	D	D	DE	CDE	 as women in church, and to hear almost everyone in <font color=green>church</font>  congregations reciting the Latin prayers and responses at Mass. They	5	3	329	60	3	church	NN	essays	3.29	0.6
church/NN/br-d03/1871	0.0181647363806189	-0.126786675775603	church	NN	religion	non-fiction	B	B	AB	AB	catholic_church%1:14:00::	B1	B	AB	AB	 the Sunday Observer implies a kindly recognition that the Catholic <font color=green>Church</font>  is now at least of equal stature in England with	2	1	390	50	2	Church	NNP	essays	3.9	0.5
church/NN/br-d03/1909	-0.271634088515681	-0.21031726977234	church	NN	religion	non-fiction	B	B	AB	AB	church_of_england%1:14:00::	B2	B	AB	AB	 non-Catholic) wrote articles in the Observer depicting clergymen of the <font color=green>Church</font>  of England, the Church of Rome and the Nonconformist Church	6	0	342	0	1	Church	NNP	essays	3.42	0
church/NN/br-d03/2336	-0.00431615791843979	-0.0458373891113089	church	NN	religion	non-fiction	D	D	DE	CDE	catholic_church%1:14:00::	B1	B	AB	AB	 a votive Mass offered for Christian unity at a Catholic <font color=green>church</font>  in Slough during the Church Unity Octave.	2	0	392	0	2	church	NN	essays	3.92	0
church/NN/br-d03/2341	-0.00431615791843979	-0.0458373891113089	church	NN	religion	non-fiction	A	A	AB	AB	church%1:14:00::	B	B	AB	AB	 Christian unity at a Catholic church in Slough during the <font color=green>Church</font>  Unity Octave.	2	0	392	0	2	Church	NNP	essays	3.92	0
church/NN/br-d03/721	-0.213315052082503	0.0669293464779131	church	NN	religion	non-fiction	B	B	AB	AB	church%1:06:00::	D	D	DE	CDE	 crowds going in and out of the Birmingham Oratory( Catholic) <font color=green>Church</font>  on Sunday mornings. She found this a marvel because, as	1	0	311	0	2	Church	NNP	essays	3.11	0
church/NN/br-d05/1163	-0.254867281068447	-0.237640038156379	church	NN	religion	non-fiction	B	B	AB	AB	Z	Z	Z	Z	Z	 Parker as the ultra-liberal minister within the pale of a <font color=green>church</font>  which had proclaimed itself the repository of liberality poses a	2	0	308	0	1	church	NN	essays	3.08	0
church/NN/br-d06/2174	-0.197607323519528	0.373037054011524	church	NN	religion	non-fiction	C	C	C	CDE	Z	Z	Z	Z	Z	 spiritually. No amount of religious ceremonies or even joining a <font color=green>church</font>  will relieve the gnawing of your`` inner'' space. Why? Because	3	1	347	33	1	church	NN	essays	3.47	0.33
church/NN/br-d09/1044	-0.0569302732923249	-0.0163433351156426	church	NN	religion	non-fiction	C	C	C	CDE	Z	Z	Z	Z	Z	 such topics as:`` What Christ Means to Me'',`` What the <font color=green>Church</font>  Means to Me'',`` Why Join the Church'',`` The Duties of	3	0	346	0	1	Church	NNP	essays	3.46	0
church/NN/br-d09/1054	-0.0569302732923249	-0.0163433351156426	church	NN	religion	non-fiction	C	C	C	CDE	Z	Z	Z	Z	Z	 Me'',`` What the Church Means to Me'',`` Why Join the <font color=green>Church</font> '',`` The Duties of Church Members'', etc.. Assign a series of	3	0	346	0	2	Church	NNP	essays	3.46	0
church/NN/br-d09/1061	-0.0569302732923249	-0.0163433351156426	church	NN	religion	non-fiction	C	C	C	CDE	Z	Z	Z	Z	Z	 Means to Me'',`` Why Join the Church'',`` The Duties of <font color=green>Church</font>  Members'', etc.. Assign a series of catechism questions to be	4	0	346	0	1	Church	NNP	essays	3.46	0
church/NN/br-d09/2026	0.207417467000208	-0.397607818340282	church	NN	religion	non-fiction	C	C	C	CDE	Z	Z	Z	Z	Z	 planned and carefully developed. The entire membership of the local <font color=green>church</font>  must be alerted to their part in this dynamic process	3	0	363	0	1	church	NN	essays	3.63	0
church/NN/br-d09/2040	0.207417467000208	-0.397607818340282	church	NN	religion	non-fiction	C	C	C	CDE	Z	Z	Z	Z	Z	 alerted to their part in this dynamic process. If the <font color=green>church</font>  has followed the plan of cultivation of prospects and carried	3	0	363	0	1	church	NN	essays	3.63	0
church/NN/br-d09/724	-0.0373745612544889	-0.005047330591266	church	NN	religion	non-fiction	C	C	C	CDE	Z	Z	Z	Z	Z	 as well as the program and activities of the local <font color=green>church</font> . The lay leadership of the church may be invited to	5	0	325	0	2	church	NN	essays	3.25	0
church/NN/br-d09/731	-0.0212546656552211	-0.00518643230280434	church	NN	religion	non-fiction	C	C	C	CDE	Z	Z	Z	Z	Z	 activities of the local church. The lay leadership of the <font color=green>church</font>  may be invited to speak on the various phases of	2	0	334	0	3	church	NN	essays	3.34	0
church/NN/br-d09/742	-0.0104710581726143	-0.00273339059076823	church	NN	religion	non-fiction	C	C	C	CDE	Z	Z	Z	Z	Z	 may be invited to speak on the various phases of <font color=green>church</font>  life, service opportunities, the church school, missions, men 's work	6	1	330	17	4	church	NN	essays	3.3	0.17
church/NN/br-d09/749	-0.0180718849606151	-0.00666006616556751	church	NN	religion	non-fiction	C	C	C	CDE	Z	Z	Z	Z	Z	 on the various phases of church life, service opportunities, the <font color=green>church</font>  school, missions, men 's work, women 's work, youth program	9	1	339	11	3	church	NN	essays	3.39	0.11
church/NN/br-d10/1913	0.0565069206466394	-0.131398312819333	church	NN	religion	non-fiction	A	A	AB	AB	Z	Z	Z	Z	Z	 impressive Roman Catholic defense of the practical autonomy of both <font color=green>church</font>  and state. The failure at that time of the Puerto	2	0	387	0	2	church	NN	essays	3.87	0
church/NN/br-d10/2166	0.0433943786560218	-0.11877787835032	church	NN	religion	non-fiction	B	B	AB	AB	Z	Z	Z	Z	Z	 the Christian claim is of considerable significance. The Roman Catholic <font color=green>Church</font>  has excommunicated one of its priests, Father Feeney, for insisting	6	3	362	50	3	Church	NNP	essays	3.62	0.5
church/NN/br-d10/2187	-0.108301340653031	-0.288654158960297	church	NN	religion	non-fiction	A	A	AB	AB	Z	Z	Z	Z	Z	 for insisting that there is no salvation outside the visible <font color=green>church</font> . In mentioning this under`` salvation reconsidered'' I do not mean	1	2	355	200	2	church	NN	essays	3.55	2
church/NN/br-d14/209	-0.0435308120940847	-0.271022607549226	church	NN	religion	non-fiction	A	A	AB	AB	Z	Z	Z	Z	Z	 of churches. Presumably those who did not have a formal <font color=green>church</font>  connexion had also felt the influence of Christianity to a	3	1	306	33	1	church	NN	essays	3.06	0.33
church/NN/br-d14/234	-0.0435308120940847	-0.271022607549226	church	NN	religion	non-fiction	C	C	C	CDE	Z	Z	Z	Z	Z	 extent. Many of them had once been members of a <font color=green>church</font>  or at least had been given instruction in Christianity but	3	1	306	33	1	church	NN	essays	3.06	0.33
church/NN/br-d14/410	0.291785762758432	-0.307762511516459	church	NN	religion	non-fiction	A	A	AB	AB	Z	Z	Z	Z	Z	 be absurd. For instance, we cannot know whether even for <font color=green>church</font>  members the degree of conformity to Christian standards of morality	5	1	302	20	1	church	NN	essays	3.02	0.2
church/NN/br-d14/428	0.291785762877681	-0.307762511639969	church	NN	religion	non-fiction	C	C	C	CDE	Z	Z	Z	Z	Z	 standards of morality increased or declined as the proportion of <font color=green>church</font>  members in the population rose. The temptation is to say	2	0	302	0	1	church	NN	essays	3.02	0
church/NN/br-d14/726	0.0565069206466394	-0.131398312819333	church	NN	religion	non-fiction	B	B	AB	AB	Z	Z	Z	Z	Z	 stock. By the end of the century the Roman Catholic <font color=green>Church</font>  was beginning to make itself felt, mainly through such institutions	3	2	387	67	2	Church	NNP	essays	3.87	0.67
church/NN/br-d16/1644	-0.197607323520759	0.373037054023261	church	NN	religion	non-fiction	A	A	AB	AB	Z	Z	Z	Z	Z	 and zealously keep all the sacraments and ceremonies of the <font color=green>church</font> ; you may have the final and extreme unction but if	5	1	347	20	1	church	NN	essays	3.47	0.2
church/NN/br-d16/1947	-0.108301340653031	-0.288654158960297	church	NN	religion	non-fiction	A	A	AB	AB	Z	Z	Z	Z	Z	 Him. You can ignore His Book, the Bible, and His <font color=green>church</font> . You can laugh at His blood-bought salvation, curse His followers	6	1	355	17	1	church	NN	essays	3.55	0.17
church/NN/br-d16/220	0.0324652170260413	-0.148524055497482	church	NN	religion	non-fiction	B	B	AB	AB	Z	Z	Z	Z	Z	 a short reading of the Holy Scriptures''. Since the Catholic <font color=green>Church</font>  expresses such desire that the Sacred Scriptures be read, the	4	2	397	50	3	Church	NNP	essays	3.97	0.5
church/NN/br-f15/713	0.0565069206466394	-0.131398312819333	church	NN	popular_lore	fiction	B	B	AB	AB	roman_catholic_church%1:14:00::	B1	B	AB	AB	 permit birth control only for medical reasons. The Roman Catholic <font color=green>Church</font> , however, sanctions a much more liberal policy on family planning	5	2	387	40	2	Church	NNP	essays	3.87	0.4
church/NN/br-f15/754	0.0565069206466394	-0.131398312819333	church	NN	popular_lore	fiction	B	B	AB	AB	roman_catholic_church%1:14:00::	B1	B	AB	AB	 disagree over the methods to be used. The Roman Catholic <font color=green>Church</font>  sanctions only abstention or the rhythm method, also known as	1	0	387	0	2	Church	NNP	essays	3.87	0
church/NN/br-f44/1076	-0.186813588837568	-0.0958279665758457	church	NN	popular_lore	fiction	C	C	C	CDE	church%1:14:00::	B	B	AB	AB	 and economic level of the congregation; the mission of the <font color=green>church</font>  is actually a process of informal co-optation; the lay ministry	5	1	320	20	1	church	NN	essays	3.2	0.2
church/NN/br-f44/1285	-0.186813588837568	-0.0958279665758457	church	NN	popular_lore	fiction	C	C	C	CDE	church%1:14:00::	B	B	AB	AB	 co-optation is the principal form of mission in the contemporary <font color=green>church</font> ; economic integration and co-optation are the two methods by which	3	1	320	33	1	church	NN	essays	3.2	0.33
church/NN/br-f44/647	-0.0459483401339495	-0.0162886072088447	church	NN	popular_lore	fiction	A	A	AB	AB	church%1:14:00::	B	B	AB	AB	 denominations. There is much talk in theological circles about the`` <font color=green>Church</font>  as Mission'' and the`` Church 's Mission''; theologians have been	4	2	329	50	3	Church	NNP	essays	3.29	0.5
church/NN/br-f44/654	-0.0459483401339495	-0.0162886072088447	church	NN	popular_lore	fiction	A	A	AB	AB	church%1:14:00::	B	B	AB	AB	 in theological circles about the`` Church as Mission'' and the`` <font color=green>Church</font>  's Mission''; theologians have been stressing the fact that the	4	2	329	50	3	Church	NNP	essays	3.29	0.5
church/NN/br-g12/1271	0.358976755025098	-0.248560751511917	church	NN	belles_lettres	fiction	D	D	DE	CDE	church%1:06:00::	D	D	DE	CDE	 and gestured toward the Madeleine. The classical lines of the <font color=green>church</font>  which Napoleon thought of as a Temple of Glory, dominated	5	1	321	20	1	church	NN	fiction	3.21	0.2
church/NN/br-h17/1199	-0.0823012970345948	-0.396137409269406	church	NN	miscellaneous	non-fiction	C	C	C	CDE	church%1:14:00::	B	B	AB	AB	 because of his willingness to kill in defense of his <font color=green>church</font>  and home. Upon administrative approval of the reclassification, he was	2	0	366	0	1	church	NN	technical	3.66	0
church/NN/br-j57/2237	-0.0435308120940847	-0.271022607549226	church	NN	learned	non-fiction	A	A	AB	AB	church_father%1:18:00::	A	A	AB	AB	 which reached Christianity by the way of Stoicism through the <font color=green>Church</font>  Fathers of Late Antiquity.	3	1	306	33	1	Church	NNP	essays	3.06	0.33
church/NN/br-k04/1117	-0.42257568142108	0.197898500814876	church	NN	fiction_gral	fiction	D	D	DE	CDE	church%1:06:00::	D	D	DE	CDE	 of gambling in both. On the other side of the <font color=green>church</font>  was a quiet, well-kept house with shutters and recently painted	4	0	366	0	1	church	NN	fiction	3.66	0
church/NN/br-k04/1485	-0.0463835291652692	-0.00580692492950622	church	NN	fiction_gral	fiction	C	C	C	CDE	church%1:06:00::	D	D	DE	CDE	 that clear as this was, they must have a better <font color=green>church</font> , a more business-like conduct of the church organization, and an	2	0	325	0	2	church	NN	fiction	3.25	0
church/NN/br-k04/1493	-0.0463835291652692	-0.00580692492950622	church	NN	fiction_gral	fiction	C	C	C	CDE	church%1:14:00::	B	B	AB	AB	 have a better church, a more business-like conduct of the <font color=green>church</font>  organization, and an effort to get this religious center out	4	0	325	0	2	church	NN	fiction	3.25	0
church/NN/br-k04/1514	-0.163990267278869	-0.225530099149214	church	NN	fiction_gral	fiction	C	C	C	CDE	church%1:14:00::	B	B	AB	AB	 out of its rut of wild worship into a modern <font color=green>church</font>  organization. He emphasized to the Presiding Elder the plan of	5	1	358	20	1	church	NN	fiction	3.58	0.2
church/NN/br-k04/1807	-0.422575681421058	0.197898500814839	church	NN	fiction_gral	fiction	D	D	DE	CDE	church%1:06:00::	D	D	DE	CDE	 of money that has been invested by whites around that <font color=green>church</font> ? Tenements, stores, saloons, some gambling, I hope not too much	5	0	366	0	1	church	NN	fiction	3.66	0
church/NN/br-k04/923	-0.257952236938457	0.244201583075947	church	NN	fiction_gral	fiction	D	D	DE	CDE	church%1:06:00::	D	D	DE	CDE	 which she was chief repository. Then Wilson looked over the <font color=green>church</font>  and studied its condition. The salary of the pastor had	3	1	332	33	1	church	NN	fiction	3.32	0.33
church/NN/br-k06/571	-0.447025965935437	0.0489492665634454	church	NN	fiction_gral	fiction	D	D	DE	CDE	church%1:06:00::	D	D	DE	CDE	 cupboards.`` There 's a tower and a steeple on the <font color=green>church</font>  a million feet high. And the loudest clock in the	3	1	410	33	1	church	NN	fiction	4.1	0.33
church/NN/br-k06/852	-0.380939389868131	-0.160751727191053	church	NN	fiction_gral	fiction	D	D	DE	CDE	church%1:06:00::	D	D	DE	CDE	 Church with its high steeple and clock. There was no <font color=green>church</font>  like Drew Church, no preacher like Papa, who was intimate	3	0	314	0	1	church	NN	fiction	3.14	0
church/NN/br-k10/1423	-0.268074044064379	-0.349061490050028	church	NN	fiction_gral	fiction	A	A	AB	AB	church%1:14:00::	B	B	AB	AB	 economics, and social issues that are no concern of the <font color=green>Church</font> ''? And John 's reply was always the same:`` Anything that	5	0	333	0	1	Church	NNP	fiction	3.33	0
church/NN/br-k10/1445	-0.486343256426012	-0.131273916813836	church	NN	fiction_gral	fiction	A	A	AB	AB	church%1:14:00::	B	B	AB	AB	 same:`` Anything that affects souls is the concern of the <font color=green>Church</font> ! We will have righteousness''! Tears burned behind his eyes as	3	0	331	0	1	Church	NNP	fiction	3.31	0
church/NN/br-k10/271	-0.268074044064379	-0.349061490050028	church	NN	fiction_gral	fiction	A	A	AB	AB	church%1:14:00::	B	B	AB	AB	 fingers at their sins. I say to you that the <font color=green>Church</font>  will ever decry evil''! John 's reply was like a	3	0	333	0	1	Church	NNP	fiction	3.33	0
church/NN/br-k10/588	-0.12705364129928	-0.189583098146462	church	NN	fiction_gral	fiction	A	A	AB	AB	church%1:14:00::	B	B	AB	AB	 to let them give him the last rites of the <font color=green>Church</font> , but he had died still proclaiming salvation by faith. Burial	3	1	332	33	2	Church	NNP	fiction	3.32	0.33
church/NN/br-k10/967	-0.447025965935437	0.0489492665634454	church	NN	fiction_gral	fiction	D	D	DE	CDE	church%1:06:00::	D	D	DE	CDE	 all the time. Quickening his steps, John entered the vast <font color=green>church</font>  and climbed the tower steps to the bells. Underneath the	6	1	410	17	1	church	NN	fiction	4.1	0.17
church/NN/br-k13/533	-0.428651029496153	-0.138847748901877	church	NN	fiction_gral	fiction	D	D	DE	CDE	church%1:06:00::	D	D	DE	CDE	 Harold indicated the photograph on the wall and asked what <font color=green>church</font>  the stone sculpture was in. Eugene told him and he	3	1	305	33	1	church	NN	fiction	3.05	0.33
church/NN/br-k15/188	-0.297446001387135	0.098886298636895	church	NN	fiction_gral	fiction	D	D	DE	CDE	church%1:06:00::	D	D	DE	CDE	 They held the funeral the next morning from the crossroads <font color=green>church</font>  and buried the little box in the quiet family plot	6	2	310	33	2	church	NN	fiction	3.1	0.33
church/NN/br-k16/1431	-0.460965338824717	0.162335692001677	church	NN	fiction_gral	fiction	D	D	DE	CDE	church%1:06:00::	D	D	DE	CDE	 thickets. Along Wappinger Creek in Dutchess County, past the white <font color=green>church</font>  at Fishkill, past Verplanck 's Point on the east bank	6	1	309	17	1	church	NN	fiction	3.09	0.17
church/NN/br-l08/1824	-0.249077673847777	0.118830142021522	church	NN	fiction_mystery	fiction	E	E	DE	CDE	church%1:04:00::	E	E	DE	CDE	 did n't feel good on Sunday, could n't go to <font color=green>church</font> - there 'd be a little argument, but she could be	3	1	307	33	1	church	NN	fiction	3.07	0.33
church/NN/br-p01/1161	-0.416251087374437	-0.0451330082164962	church	NN	fiction_romance	fiction	D	D	DE	CDE	church%1:06:00::	D	D	DE	CDE	 hill, rising with the hill to the top where the <font color=green>church</font>  was and beyond that to the cemetery. Only paved alleyways	7	1	409	14	1	church	NN	fiction	4.09	0.14
church/NN/br-p01/21	-0.447025965935437	0.0489492665634454	church	NN	fiction_romance	fiction	D	D	DE	CDE	church_tower%1:06:00::	D	D	DE	CDE	 them he could have been the broken bell in the <font color=green>church</font>  tower which rang before and after Mass, and at noon	4	1	410	25	1	church	NN	fiction	4.1	0.25
church/NN/br-p01/222	-0.199177782943708	0.0623200304971716	church	NN	fiction_romance	fiction	E	E	DE	CDE	church%1:04:00::	E	E	DE	CDE	 from its elders. Youth obeyed when commanded. It went to <font color=green>church</font>  on Sunday and one Saturday a month went to confession	5	2	306	40	2	church	NN	fiction	3.06	0.4
church/NN/br-p04/2406	-0.416251087374437	-0.0451330082164962	church	NN	fiction_romance	fiction	D	D	DE	CDE	Z	Z	Z	Z	Z	 sky. She felt mindless, walking, and almost easy until the <font color=green>church</font>  spire told her she was near the cemetery, and she	3	1	409	33	1	church	NN	fiction	4.09	0.33
church/NN/br-p04/983	-0.416251087373877	-0.0451330082165047	church	NN	fiction_romance	fiction	D	D	DE	CDE	Z	Z	Z	Z	Z	 beyond the door. To a Blackwell, there was only one <font color=green>church</font> . The cemetery slumbered just behind it, and the way lay	2	1	409	50	1	church	NN	fiction	4.09	0.5
church/NN/br-p12/1014	-0.303930085091616	0.411964518462172	church	NN	fiction_romance	fiction	D	D	DE	CDE	church%1:06:00::	D	D	DE	CDE	 Then they took a taxi to Trastevere.`` There 's a <font color=green>church</font>  you should see'', she said. And when they stood by	3	1	316	33	1	church	NN	fiction	3.16	0.33
church/NN/br-p12/1260	-0.0569302732923249	-0.0163433351156426	church	NN	fiction_romance	fiction	E	E	DE	CDE	church%1:04:00::	E	E	DE	CDE	 snuggled against him, he wondered if she ever went to <font color=green>church</font> . Why did he want her to go to church? he	2	0	346	0	1	church	NN	fiction	3.46	0
church/NN/br-p12/1270	-0.0569302732923249	-0.0163433351156426	church	NN	fiction_romance	fiction	E	E	DE	CDE	church%1:04:00::	E	E	DE	CDE	 to church. Why did he want her to go to <font color=green>church</font> ? he wondered. Probably because it was a place where she	2	0	346	0	1	church	NN	fiction	3.46	0
church/NN/br-p12/1433	0.0697383017983646	-0.155532018484251	church	NN	fiction_romance	fiction	C	C	C	CDE	church%1:04:00::	E	E	DE	CDE	 woman though, she would take only what she needed from <font color=green>church</font> . It was too bad he was n't a Catholic himself	3	1	438	33	1	church	NN	fiction	4.38	0.33
church/NNP/br-a17/2134	-0.130847493189132	0.346870707089805	church	NNP	press_reportage	press	D	D	DE	CDE	Z	Z	Z	Z	Z	 at the ceremony in Slaughter Chapel of the First Baptist <font color=green>Church</font> . Dan Beam presented music and the bride was given in	2	0	388	0	2	Church	NNP	press	3.88	0
church/NNP/br-a18/760	-0.150560905798795	0.289992021621595	church	NNP	press_reportage	press	C	C	C	CDE	Z	Z	Z	Z	Z	 the party. The women 's committee of St. David 's <font color=green>Church</font>  will hold its annual pre-Fair pink parade, a dessert bridge	5	1	337	20	3	Church	NNP	press	3.37	0.2
church/NNP/br-a31/2143	-0.0919619685343064	0.352274647728706	church	NNP	press_reportage	press	C	C	C	CDE	Z	Z	Z	Z	Z	 7: 45 p. m.. The outstanding family of Central Nazarene <font color=green>Church</font>  will be picked by ballot from among eight families during	3	0	397	0	2	Church	NNP	press	3.97	0
church/NNP/br-a35/810	0.391854435301319	0.154680677995469	church	NNP	press_reportage	press	A	A	AB	AB	Z	Z	Z	Z	Z	 deserves closer scrutiny. For while the past needs of the <font color=green>Church</font>  in this country may have been adequately met by collegiate	2	0	406	0	2	Church	NNP	press	4.06	0
church/NNP/br-b08/1804	-0.138160996457896	0.118534628828829	church	NNP	press_editorial	press	C	C	C	CDE	Z	Z	Z	Z	Z	 his letter of resignation as rector of St. Luke 's <font color=green>Church</font>  in Atlanta. It was the cry of not just one	3	1	328	33	3	Church	NNP	press	3.28	0.33
church/NNP/br-b12/2221	0.0201640952724813	-0.00973102793952381	church	NNP	press_editorial	press	B	B	AB	AB	Z	Z	Z	Z	Z	 committee made up of representatives of the Church of England, <font color=green>Church</font>  of Scotland, Methodist Church, Congregational Union, Baptist Union, Presbyterian Church	9	3	412	33	3	Church	NNP	press	4.12	0.33
church/NNP/br-b22/1077	0.00712257273421617	-0.178285810224808	church	NNP	press_editorial	press	A	A	AB	AB	Z	Z	Z	Z	Z	 that Pope John sees the renewal and purification of the <font color=green>Church</font>  as an absolutely necessary step toward Christian unity. Far from	5	1	373	20	3	Church	NNP	press	3.73	0.2
church/NNP/br-b22/1102	0.029411588160545	0.293186537442196	church	NNP	press_editorial	press	A	A	AB	AB	Z	Z	Z	Z	Z	 to the ecumenical task, the Pontiff believes that a revivified <font color=green>Church</font>  is required in order that the whole world may see	5	0	319	0	2	Church	NNP	press	3.19	0
church/NNP/br-b22/1154	0.0951429818946103	-0.224471357712672	church	NNP	press_editorial	press	A	A	AB	AB	Z	Z	Z	Z	Z	 be to remove as far as possible whatever in the <font color=green>Church</font>  today stands in the way of unity. Secondly, a whole	1	1	411	100	1	Church	NNP	press	4.11	1
church/NNP/br-b22/1193	0.00181140432104841	-0.180386104027387	church	NNP	press_editorial	press	A	A	AB	AB	Z	Z	Z	Z	Z	 unity is still very much alive and growing within the <font color=green>Church</font> . The establishment, by the Holy Father, of a permanent Secretariat	3	0	361	0	2	Church	NNP	press	3.61	0
church/NNP/br-b22/1245	0.236680135700089	0.235987380825754	church	NNP	press_editorial	press	B	B	AB	AB	Z	Z	Z	Z	Z	 Churches assembly in New Delhi as`` official'' observers reverses the <font color=green>Church</font>  's earlier stand. The public appeal by the new Vatican	3	1	379	33	2	Church	NNP	press	3.79	0.33
church/NNP/br-b22/1318	0.0838057666053174	-0.0108607715511648	church	NNP	press_editorial	press	B	B	AB	AB	Z	Z	Z	Z	Z	 as directly as anyone the new spirit that pervades the <font color=green>Church</font>  's stance toward the Protestant and Orthodox Churches. Noting all	3	1	387	33	3	Church	NNP	press	3.87	0.33
church/NNP/br-d03/1914	-0.0204592247305232	-0.0563485466387739	church	NNP	religion	non-fiction	B	B	AB	AB	group%1:03:00::	C	C	C	CDE	 the Observer depicting clergymen of the Church of England, the <font color=green>Church</font>  of Rome and the Nonconformist Church. The Catholic priest, though	5	2	441	40	5	Church	NNP	essays	4.41	0.4
church/NNP/br-d03/1920	-0.0159191217209294	-0.0596081178237226	church	NNP	religion	non-fiction	B	B	AB	AB	group%1:03:00::	C	C	C	CDE	 Church of England, the Church of Rome and the Nonconformist <font color=green>Church</font> . The Catholic priest, though somewhat superficially drawn, easily came out	5	3	451	60	4	Church	NNP	essays	4.51	0.6
church/NNP/br-d03/2022	-0.0463611439031798	-0.101478938115111	church	NNP	religion	non-fiction	B	B	AB	AB	group%1:03:00::	C	C	C	CDE	 comments were equally made by an Anglican parson, a Free <font color=green>Church</font>  minister and a Catholic priest. Catholic priests have frequently appeared	3	2	477	67	5	Church	NNP	essays	4.77	0.67
church/NNP/br-d03/91	0.124460270117246	-0.129556636103977	church	NNP	religion	non-fiction	A	A	AB	AB	group%1:03:00::	C	C	C	CDE	 the religious sphere so popularly discussed as Christian unity. The <font color=green>Church</font>  Unity Octave, January 18- 25, was enthusiastically devoted to prayer	5	1	368	20	3	Church	NNP	essays	3.68	0.2
church/NNP/br-d05/1515	-0.108951399945562	0.0330687295316173	church	NNP	religion	non-fiction	C	C	C	CDE	Z	Z	Z	Z	Z	 the world-at-large, disguised as the minister of a`` twenty-eighth Congregational <font color=green>Church</font> '' which bore no resemblance to the Congregational polities descended from	2	3	442	150	6	Church	NNP	essays	4.42	1.5
church/NNP/br-d05/207	-0.380226153918697	-0.262849200095987	church	NNP	religion	non-fiction	C	C	C	CDE	Z	Z	Z	Z	Z	 existed for their returning the Public Lecture to the First <font color=green>Church</font> , and so to suppress it, rather than let Parker use	2	1	397	50	1	Church	NNP	essays	3.97	0.5
church/NNP/br-d09/1115	0.0580474418670631	0.0581955128295967	church	NNP	religion	non-fiction	A	A	AB	AB	Z	Z	Z	Z	Z	 Reception Service. There is a growing conviction among pastors and <font color=green>Church</font>  leaders that all those who come into the fellowship of	3	1	408	33	2	Church	NNP	essays	4.08	0.33
church/NNP/br-d09/1127	0.00896351465661916	0.163595001440224	church	NNP	religion	non-fiction	C	C	C	CDE	Z	Z	Z	Z	Z	 that all those who come into the fellowship of the <font color=green>Church</font>  need preparatory training, including those coming by transfer of membership	3	1	413	33	2	Church	NNP	essays	4.13	0.33
church/NNP/br-d09/1156	-0.0408608747641073	0.395685924812473	church	NNP	religion	non-fiction	A	A	AB	AB	Z	Z	Z	Z	Z	 There is danger in trying to make admission to the <font color=green>Church</font>  so easy and painless that people will scarcely know that	1	1	379	100	2	Church	NNP	essays	3.79	1
church/NNP/br-d09/129	-0.0115923418590582	0.0505892288139489	church	NNP	religion	non-fiction	A	A	AB	AB	Z	Z	Z	Z	Z	 one-third of those visited make commitments to Christ and the <font color=green>Church</font> . The pastor and the Membership Preparation and Assimilation Committee must	2	1	401	50	5	Church	NNP	essays	4.01	0.5
church/NNP/br-d09/1297	-0.0180710673602281	0.0503088118939392	church	NNP	religion	non-fiction	B	B	AB	AB	Z	Z	Z	Z	Z	 faith and to be received into the fellowship of the <font color=green>Church</font> . This should be a high moment in their lives, a	2	1	419	50	3	Church	NNP	essays	4.19	0.5
church/NNP/br-d09/1404	0.367632362713556	-0.0443325907612954	church	NNP	religion	non-fiction	A	A	AB	AB	Z	Z	Z	Z	Z	 to determine the attitude of the new members toward the <font color=green>Church</font> . It can mean the difference between participation and inaction, spiritual	5	1	395	20	1	Church	NNP	essays	3.95	0.2
church/NNP/br-d09/1436	0.271486794763126	-0.316495153355546	church	NNP	religion	non-fiction	A	A	AB	AB	Z	Z	Z	Z	Z	 natural and logical time to receive new members into the <font color=green>Church</font> . The atmosphere for this momentous experience can be created most	3	0	361	0	1	Church	NNP	essays	3.61	0
church/NNP/br-d09/172	0.0950868871260854	-0.00741758716824174	church	NNP	religion	non-fiction	A	A	AB	AB	Z	Z	Z	Z	Z	 determine their interest and participation in the life of the <font color=green>Church</font> . Neglect means spiritual paralysis or death. Churches that have a	3	1	362	33	2	Church	NNP	essays	3.62	0.33
church/NNP/br-d09/1774	-0.0593125205513321	0.219064341112247	church	NNP	religion	non-fiction	C	C	C	CDE	Z	Z	Z	Z	Z	 that nearly 40 per cent of those who joined the <font color=green>Church</font>  were lost to the Church within seven years. One denomination	3	1	337	33	1	Church	NNP	essays	3.37	0.33
church/NNP/br-d09/1779	0.00157789797391408	0.0842994195076759	church	NNP	religion	non-fiction	C	C	C	CDE	Z	Z	Z	Z	Z	 of those who joined the Church were lost to the <font color=green>Church</font>  within seven years. One denomination had a membership of 1419833	4	2	397	50	2	Church	NNP	essays	3.97	0.5
church/NNP/br-d09/2131	0.0612113086488131	0.0434188566719116	church	NNP	religion	non-fiction	A	A	AB	AB	Z	Z	Z	Z	Z	 the meaning of Christian discipleship. When they unite with the <font color=green>Church</font>  they must find in this fellowship the satisfaction of their	3	1	450	33	3	Church	NNP	essays	4.5	0.33
church/NNP/br-d09/2155	0.0343558428607107	-0.281232852399072	church	NNP	religion	non-fiction	A	A	AB	AB	Z	Z	Z	Z	Z	 needs or they will never mature into effective Christians. The <font color=green>Church</font>  expects certain things of those who become members. The new	5	2	392	40	2	Church	NNP	essays	3.92	0.4
church/NNP/br-d09/231	0.231933239744278	-0.0198534236062775	church	NNP	religion	non-fiction	A	A	AB	AB	Z	Z	Z	Z	Z	 It is important that persons desiring to unite with the <font color=green>Church</font>  be prepared for this experience so that it may be	3	1	440	33	2	Church	NNP	essays	4.4	0.33
church/NNP/br-d09/262	0.00998040449252096	0.0550223722186565	church	NNP	religion	non-fiction	A	A	AB	AB	Z	Z	Z	Z	Z	 to ask a person to take the sacred vows of <font color=green>Church</font>  membership before he has been carefully instructed concerning their implications	5	4	435	80	5	Church	NNP	essays	4.35	0.8
church/NNP/br-d09/276	0.00664244113402428	0.0771181687517309	church	NNP	religion	non-fiction	B	B	AB	AB	Z	Z	Z	Z	Z	 he has been carefully instructed concerning their implications. Preparation for <font color=green>Church</font>  membership begins immediately after the commitment is received. The pastor	4	1	426	25	5	Church	NNP	essays	4.26	0.25
church/NNP/br-d09/39	0.301385023577569	-0.156201720352224	church	NNP	religion	non-fiction	A	A	AB	AB	Z	Z	Z	Z	Z	 to achieve Christian stature, it is an indictment of the <font color=green>Church</font> . These fatalities are dramatic evidence of`` halfway evangelism'', a failure	4	2	425	50	2	Church	NNP	essays	4.25	0.5
church/NNP/br-d09/515	-0.0388745005867426	0.070913508857853	church	NNP	religion	non-fiction	A	A	AB	AB	Z	Z	Z	Z	Z	 require more. None should ask less. Those who join the <font color=green>Church</font>  need to be instructed in the faith and the meaning	3	3	403	100	3	Church	NNP	essays	4.03	1
church/NNP/br-d09/544	0.0207322849583715	0.0759392786705557	church	NNP	religion	non-fiction	A	A	AB	AB	Z	Z	Z	Z	Z	 sacred vows. They will have a greater appreciation for the <font color=green>Church</font>  and a deeper devotion to it if membership requires something	2	1	404	50	3	Church	NNP	essays	4.04	0.5
church/NNP/br-d09/6	-0.0317716925018882	0.176193302635879	church	NNP	religion	non-fiction	A	A	AB	AB	Z	Z	Z	Z	Z	 Few persons who join the <font color=green>Church</font>  are insincere. They earnestly desire to do the will of	2	1	373	50	2	Church	NNP	essays	3.73	0.5
church/NNP/br-d09/624	0.0221669181190309	0.0329433109263066	church	NNP	religion	non-fiction	C	C	C	CDE	Z	Z	Z	Z	Z	 cover four major areas: The Christian Faith History of the <font color=green>Church</font>  Duties of Church Membership The Local Church and Its Program	4	2	424	50	3	Church	NNP	essays	4.24	0.5
church/NNP/br-d09/627	0.0148924801810035	0.031489967429279	church	NNP	religion	non-fiction	C	C	C	CDE	Z	Z	Z	Z	Z	 areas: The Christian Faith History of the Church Duties of <font color=green>Church</font>  Membership The Local Church and Its Program Following each instruction	4	2	428	50	4	Church	NNP	essays	4.28	0.5
church/NNP/br-d09/631	0.0119485044968035	0.0672901762391481	church	NNP	religion	non-fiction	C	C	C	CDE	Z	Z	Z	Z	Z	 History of the Church Duties of Church Membership The Local <font color=green>Church</font>  and Its Program Following each instruction period a piece of	4	2	449	50	3	Church	NNP	essays	4.49	0.5
church/NNP/br-d14/1311	-0.0348001010310022	-0.0723589670664968	church	NNP	religion	non-fiction	B	B	AB	AB	Z	Z	Z	Z	Z	 men and women of New England ancestry also issued the <font color=green>Church</font>  of Jesus Christ of Latter Day Saints, the Seventh Day	7	1	339	14	2	Church	NNP	essays	3.39	0.14
church/NNP/br-e13/1916	-0.345066408630655	0.306818783927461	church	NNP	skill_and_hobbies	non-fiction	D	D	DE	CDE	Z	Z	Z	Z	Z	 a road toward another gate in the distance, past the <font color=green>Church</font>  of St. Irene, completed by Constantine in 330 A. D.	3	1	361	33	1	Church	NNP	technical	3.61	0.33
church/NNP/br-g02/1539	0.0431298635918392	-0.139740089312546	church	NNP	belles_lettres	fiction	A	A	AB	AB	Z	Z	Z	Z	Z	 and influence of such other claimants for loyalty as the <font color=green>Church</font> . The breakup of the Holy Roman Empire and the downfall	4	2	349	50	2	Church	NNP	fiction	3.49	0.5
church/NNP/br-j25/691	0.253151552975542	-0.0748093291508143	church	NNP	learned	non-fiction	B	B	AB	AB	Z	Z	Z	Z	Z	 indicators of expected adherence to group norms. However, because of <font color=green>Church</font>  laws, lately more stringently enforced, which forbid the marriage of	5	3	376	60	3	Church	NNP	essays	3.76	0.6
church/NNP/br-j57/304	-0.102448222107266	-0.0947398912854229	church	NNP	learned	non-fiction	B	B	AB	AB	group%1:03:00::	C	C	C	CDE	 Indeed, it is even surprising in the Canon of Christ <font color=green>Church</font>  and Regius Professor of Ecclesiastical History, who fathered this most	3	1	350	33	3	Church	NNP	essays	3.5	0.33
church/NNP/br-k04/233	-0.145209480172809	0.244378162062896	church	NNP	fiction_gral	fiction	D	D	DE	CDE	group%1:03:00::	C	C	C	CDE	 of this crowded region was the Allen African Methodist Episcopal <font color=green>Church</font> . It was an old and dirty wooden structure, sadly in	4	1	372	25	3	Church	NNP	fiction	3.72	0.25
church/NNP/br-k06/1930	0.0985786160925371	0.0290400001386628	church	NNP	fiction_gral	fiction	D	D	DE	CDE	group%1:03:00::	C	C	C	CDE	 strike the steeples of the other churches; not of Drew <font color=green>Church</font> . A flash illumined the trees as a crooked bolt twigged	2	0	370	0	2	Church	NNP	fiction	3.7	0
church/NNP/br-k06/714	-0.108822569955144	-0.0294204181763196	church	NNP	fiction_gral	fiction	D	D	DE	CDE	group%1:03:00::	C	C	C	CDE	 and its own school was on Main Street; the Episcopal <font color=green>Church</font>  was one block down Sussex Street; the Catholic Saint Mary's	4	1	416	25	2	Church	NNP	fiction	4.16	0.25
church/NNP/br-k06/726	-0.102455679826066	-0.0205564579540288	church	NNP	fiction_gral	fiction	D	D	DE	CDE	group%1:03:00::	C	C	C	CDE	 was one block down Sussex Street; the Catholic Saint Mary's <font color=green>Church</font> , with an even taller steeple and a cross on top	5	1	410	20	3	Church	NNP	fiction	4.1	0.2
church/NNP/br-k06/841	-0.262982082534866	-0.00187957944350158	church	NNP	fiction_gral	fiction	D	D	DE	CDE	group%1:03:00::	C	C	C	CDE	 became familiar with God, who resided chiefly in Drew Centennial <font color=green>Church</font>  with its high steeple and clock. There was no church	3	1	413	33	2	Church	NNP	fiction	4.13	0.33
church/NNP/br-k06/855	-0.225805579958358	0.00959825895108738	church	NNP	fiction_gral	fiction	D	D	DE	CDE	group%1:03:00::	C	C	C	CDE	 high steeple and clock. There was no church like Drew <font color=green>Church</font> , no preacher like Papa, who was intimate with Him, and	2	1	402	50	4	Church	NNP	fiction	4.02	0.5
church/NNP/br-k10/1229	-0.0848169022236206	0.203219035670431	church	NNP	fiction_gral	fiction	B	B	AB	AB	group%1:03:00::	C	C	C	CDE	 smashing images and tearing down symbols sacred to the Old <font color=green>Church</font> . John found it difficult, but he held him in check	4	3	382	75	5	Church	NNP	fiction	3.82	0.75
church/NNS/br-a09/1417	0.0661299202811989	0.199444975013946	church	NNS	press_reportage	press	D	D	DE	CDE	Z	Z	Z	Z	Z	 will feature row houses, garden apartments, four small parks, schools, <font color=green>churches</font> , a shopping center and several small clusters of stores. The	7	3	328	43	3	churches	NNS	press	3.28	0.43
church/NNS/br-a10/1831	0.297439121700459	0.345376963954579	church	NNS	press_reportage	press	C	C	C	CDE	Z	Z	Z	Z	Z	 with this challenge''.`` In 35 years we have opened 7000 <font color=green>churches</font> '', the Rev. Mr. Brandt said, adding that the denomination had	3	0	456	0	1	churches	NNS	press	4.56	0
church/NNS/br-a10/1918	0.297439121700459	0.345376963954579	church	NNS	press_reportage	press	C	C	C	CDE	Z	Z	Z	Z	Z	 Brandt suggested the vision of 8000 new Assemblies of God <font color=green>churches</font>  in the next 10 years. To accomplish this would necessitate	3	0	456	0	1	churches	NNS	press	4.56	0
church/NNS/br-a10/1980	0.0957386007949437	0.0230782476749532	church	NNS	press_reportage	press	C	C	C	CDE	Z	Z	Z	Z	Z	 includes: Encouraging by every means, all existing Assemblies of God <font color=green>churches</font>  to start new churches. Engaging mature, experienced men to pioneer	6	0	407	0	5	churches	NNS	press	4.07	0
church/NNS/br-a10/1984	0.0957386007949437	0.0230782476749532	church	NNS	press_reportage	press	C	C	C	CDE	Z	Z	Z	Z	Z	 means, all existing Assemblies of God churches to start new <font color=green>churches</font> . Engaging mature, experienced men to pioneer or open new churches	6	1	407	17	5	churches	NNS	press	4.07	0.17
church/NNS/br-a10/1996	0.187641384786227	0.117376609865542	church	NNS	press_reportage	press	C	C	C	CDE	Z	Z	Z	Z	Z	 churches. Engaging mature, experienced men to pioneer or open new <font color=green>churches</font>  in strategic population centers. Surrounding pioneer pastors with vocational volunteers	7	0	425	0	5	churches	NNS	press	4.25	0
church/NNS/br-a10/2022	0.119188684797242	0.204207098274718	church	NNS	press_reportage	press	C	C	C	CDE	Z	Z	Z	Z	Z	 will be urged to move into the area of new <font color=green>churches</font>  in the interest of lending their support to the new	2	0	330	0	2	churches	NNS	press	3.3	0
church/NNS/br-a10/2051	0.0791881508254353	0.471147936045846	church	NNS	press_reportage	press	C	C	C	CDE	Z	Z	Z	Z	Z	 to spend from 6- 12 months as apprentices in well-established <font color=green>churches</font> . U. S. Dist. Judge Charles L. Powell denied all motions	2	0	351	0	1	churches	NNS	press	3.51	0
church/NNS/br-a31/1594	0.278139694502489	0.179148834736694	church	NNS	press_reportage	press	C	C	C	CDE	Z	Z	Z	Z	Z	 than 300 top teenagers and 65 adult advisers from Presbyterian <font color=green>churches</font>  of the area sat enthralled at the four-hour program. This	4	1	356	25	2	churches	NNS	press	3.56	0.25
church/NNS/br-a31/1806	0.0723699343351253	0.373204225866499	church	NNS	press_reportage	press	D	D	DE	CDE	Z	Z	Z	Z	Z	 special services marking National Christian Family Week in Miami area <font color=green>churches</font>  next week. Of particular meaning to the Charles MacWhorter family	4	0	315	0	1	churches	NNS	press	3.15	0
church/NNS/br-b04/1480	0.0399700478361045	0.176590391888829	church	NNS	press_editorial	press	C	C	C	CDE	Z	Z	Z	Z	Z	 his money and his name: Does it assail schools and <font color=green>churches</font>  with blanket accusations? Does it attack other traditional American institutions	4	1	312	25	3	churches	NNS	press	3.12	0.25
church/NNS/br-b12/2239	0.0506384828486908	-0.00500273611815177	church	NNS	press_editorial	press	B	B	AB	AB	Z	Z	Z	Z	Z	 Methodist Church, Congregational Union, Baptist Union, Presbyterian Church of England, <font color=green>Churches</font>  in Wales, Churches in Ireland, Society of Friends, British and	7	0	334	0	2	Churches	NNPS	press	3.34	0
church/NNS/br-b12/2243	0.0506384828486908	-0.00500273611815177	church	NNS	press_editorial	press	B	B	AB	AB	Z	Z	Z	Z	Z	 Union, Baptist Union, Presbyterian Church of England, Churches in Wales, <font color=green>Churches</font>  in Ireland, Society of Friends, British and Foreign Bible Society	2	0	334	0	2	Churches	NNPS	press	3.34	0
church/NNS/br-b22/1233	0.13970681898882	0.0769215277736721	church	NNS	press_editorial	press	B	B	AB	AB	Z	Z	Z	Z	Z	 of five Catholic theologians to attend the World Council of <font color=green>Churches</font>  assembly in New Delhi as`` official'' observers reverses the Church	5	1	326	20	3	Churches	NNPS	press	3.26	0.2
church/NNS/br-b22/1326	0.174970718170098	-0.140422065821815	church	NNS	press_editorial	press	B	B	AB	AB	Z	Z	Z	Z	Z	 pervades the Church 's stance toward the Protestant and Orthodox <font color=green>Churches</font> . Noting all the difficulties that stand in the way of	2	1	453	50	2	Churches	NNPS	press	4.53	0.5
church/NNS/br-c08/1853	-0.214386716323448	-0.0494483165945616	church	NNS	press_reviews	press	C	C	C	CDE	Z	Z	Z	Z	Z	 the early jazz forms and the music of the Negro <font color=green>churches</font> . To help him on this religious aspect of primitive jazz	4	0	309	0	2	churches	NNS	press	3.09	0
church/NNS/br-d02/548	0.448708466025275	-0.0960330683614327	church	NNS	religion	non-fiction	B	B	AB	AB	church%1:14:00::	B	B	AB	AB	 observed to characterize the preaching and teaching of the American <font color=green>churches</font> . In the absence of a truly adequate conceptuality in which	3	0	347	0	1	churches	NNS	essays	3.47	0
church/NNS/br-d03/1027	0.073495063552014	-0.117981270054905	church	NNS	religion	non-fiction	D	D	DE	CDE	church%1:06:00::	D	D	DE	CDE	 as warehouses, but`` neither Anglicans nor Nonconformists object to selling <font color=green>churches</font>  to Roman Catholics'', and have done so. While it must	2	0	395	0	2	churches	NNS	essays	3.95	0
church/NNS/br-d03/1051	0.205461024620384	-0.0526126373298906	church	NNS	religion	non-fiction	D	D	DE	CDE	church%1:06:00::	D	D	DE	CDE	 be said that these same Protestants have built some new <font color=green>churches</font>  during this period, and that religious population shifts have emptied	4	1	344	25	2	churches	NNS	essays	3.44	0.25
church/NNS/br-d03/1063	0.329430490494975	0.0797781437466803	church	NNS	religion	non-fiction	C	C	C	CDE	church%1:06:00::	D	D	DE	CDE	 during this period, and that religious population shifts have emptied <font color=green>churches</font> , a principal reason for this phenomenon of redundancy is that	5	2	370	40	2	churches	NNS	essays	3.7	0.4
church/NNS/br-d03/110	-0.0857059147895858	0.132316685516047	church	NNS	religion	non-fiction	C	C	C	CDE	church%1:14:00::	B	B	AB	AB	 was enthusiastically devoted to prayer and discussion by the various <font color=green>churches</font> . Many people seem hopeful, yet it is difficult to predict	5	2	345	40	2	churches	NNS	essays	3.45	0.4
church/NNS/br-d03/1472	-0.0761108541653725	-0.123101062744317	church	NNS	religion	non-fiction	E	E	DE	CDE	church%1:06:00::	D	D	DE	CDE	 thy Son''. A hymn often to be heard in Catholic <font color=green>churches</font>  is`` Faith of our Fathers'', which glories in England 's	3	1	302	33	1	churches	NNS	essays	3.02	0.33
church/NNS/br-d03/1884	0.0394279744818732	-0.0319923306380854	church	NNS	religion	non-fiction	B	B	AB	AB	church%1:14:00::	B	B	AB	AB	 at least of equal stature in England with the Protestant <font color=green>churches</font> . On successive Sundays during October, 1960, Paul Ferris( a non-Catholic	2	2	353	100	4	churches	NNS	essays	3.53	1
church/NNS/br-d03/313	0.0235956240288958	-0.0831843627236938	church	NNS	religion	non-fiction	B	B	AB	AB	anglican_church%1:14:00::	B2	B	AB	AB	 saying and writing and implying about the Roman and Anglican <font color=green>Churches</font>  and about the present religious state of England. Since the	5	2	376	40	2	Churches	NNPS	essays	3.76	0.4
church/NNS/br-d03/35	0.0375174974340106	-0.0451534517953939	church	NNS	religion	non-fiction	B	B	AB	AB	anglican_church%1:14:00::	B2	B	AB	AB	 efforts of only unauthorized individuals of the Roman and Anglican <font color=green>Churches</font> , and urging a communion of prayer unacceptable to Rome, this	5	2	381	40	3	Churches	NNPS	essays	3.81	0.4
church/NNS/br-d03/779	0.0921558321586766	-0.10489101197873	church	NNS	religion	non-fiction	D	D	DE	CDE	church%1:06:00::	D	D	DE	CDE	 less than ten. From many sides come remarks that Protestant <font color=green>churches</font>  are badly attended and the large medieval cathedrals look all	4	1	399	25	2	churches	NNS	essays	3.99	0.25
church/NNS/br-d03/849	0.0473238272663161	0.0793243074524014	church	NNS	religion	non-fiction	C	C	C	CDE	church%1:06:00::	D	D	DE	CDE	 admit the great falling off in effective membership in their <font color=green>churches</font> . According to a newspaper report of the 1961 statistics of	2	2	350	100	2	churches	NNS	essays	3.5	1
church/NNS/br-d03/929	0.137989308344127	0.277665477878317	church	NNS	religion	non-fiction	C	C	C	CDE	church%1:06:00::	D	D	DE	CDE	 the Manchester Guardian of last November, entitled`` Fate of Redundant <font color=green>Churches</font> '', states than an Archbishops' Commission`` reported last month that in	2	0	335	0	2	Churches	NNPS	essays	3.35	0
church/NNS/br-d03/952	-0.0293023971777605	-0.107195276660604	church	NNS	religion	non-fiction	C	C	C	CDE	church%1:06:00::	D	D	DE	CDE	 that in the Church of England alone there are 790 <font color=green>churches</font>  which are redundant now, or will be in 20 years	3	1	312	33	1	churches	NNS	essays	3.12	0.33
church/NNS/br-d05/1536	0.421306183689196	-0.149338540524517	church	NNS	religion	non-fiction	C	C	C	CDE	Z	Z	Z	Z	Z	 descended from the founders( among which were still the Unitarian <font color=green>churches</font> ), made explicit from the beginning that the conflict between him	1	0	364	0	1	churches	NNS	essays	3.64	0
church/NNS/br-d09/1216	0.105237125446329	0.155346302677545	church	NNS	religion	non-fiction	C	C	C	CDE	Z	Z	Z	Z	Z	 membership training, since this is a recent development in many <font color=green>churches</font> . Those coming from other denominations will welcome the opportunity to	3	1	363	33	2	churches	NNS	essays	3.63	0.33
church/NNS/br-d09/181	0.0162100545017786	0.105901512191345	church	NNS	religion	non-fiction	C	C	C	CDE	Z	Z	Z	Z	Z	 life of the Church. Neglect means spiritual paralysis or death. <font color=green>Churches</font>  that have a carefully planned program of membership preparation and	4	2	356	50	2	Churches	NNPS	essays	3.56	0.5
church/NNS/br-d09/1910	0.0344582487429054	0.100509562220874	church	NNS	religion	non-fiction	C	C	C	CDE	Z	Z	Z	Z	Z	 This problem is illustrated by the fact that many local <font color=green>churches</font>  drop from the active membership rolls each year as many	4	1	368	25	1	churches	NNS	essays	3.68	0.25
church/NNS/br-d09/1946	0.230301006734287	0.192314476670775	church	NNS	religion	non-fiction	C	C	C	CDE	Z	Z	Z	Z	Z	 some areas where population is expanding, show that numbers of <font color=green>churches</font>  have had little net increase, though many new members were	5	1	311	20	2	churches	NNS	essays	3.11	0.2
church/NNS/br-d09/502	0.0266982244853085	0.101584207328623	church	NNS	religion	non-fiction	C	C	C	CDE	Z	Z	Z	Z	Z	 sessions of preparation for membership is necessary for adults. Some <font color=green>churches</font>  require more. None should ask less. Those who join the	5	3	345	60	3	churches	NNS	essays	3.45	0.6
church/NNS/br-d09/559	0.0344582487429054	0.100509562220874	church	NNS	religion	non-fiction	C	C	C	CDE	Z	Z	Z	Z	Z	 devotion to it if membership requires something of them. Many <font color=green>churches</font>  find the Sunday school hour to be the most practical	4	1	368	25	1	churches	NNS	essays	3.68	0.25
church/NNS/br-d10/1095	0.164881176985451	0.04255096492618	church	NNS	religion	non-fiction	C	C	C	CDE	Z	Z	Z	Z	Z	 Asians tend to consider not only missions but the local <font color=green>churches</font>  they have produced as centers and agents of Western culture	4	2	361	50	3	churches	NNS	essays	3.61	0.5
church/NNS/br-d10/2114	0.140299725643459	0.0535135914715195	church	NNS	religion	non-fiction	B	B	AB	AB	Z	Z	Z	Z	Z	 Newbiggin reflects the dominant position within the World Council of <font color=green>Churches</font>  when he says,`` We must claim absoluteness and finality for	2	1	325	50	2	Churches	NNPS	essays	3.25	0.5
church/NNS/br-d14/1926	0.135336500500445	-0.0684672550438126	church	NNS	religion	non-fiction	B	B	AB	AB	Z	Z	Z	Z	Z	 John Greenleaf Whittier( 1807- 1892) he eventually attacked the orthodox <font color=green>churches</font>  for what he deemed their cowardly compromising on the slavery	2	1	409	50	3	churches	NNS	essays	4.09	0.5
church/NNS/br-d14/199	0.283220836596558	0.0043572398791848	church	NNS	religion	non-fiction	C	C	C	CDE	Z	Z	Z	Z	Z	 proportion, although in 1914 still a minority, were members of <font color=green>churches</font> . Presumably those who did not have a formal church connexion	2	0	329	0	2	churches	NNS	essays	3.29	0
church/NNS/br-d14/457	0.387278702528818	0.0808824745010771	church	NNS	religion	non-fiction	C	C	C	CDE	Z	Z	Z	Z	Z	 church members mounted, the degree of discipline exercised by the <font color=green>churches</font>  lessened and the trend was towards conformity to the general	3	1	346	33	1	churches	NNS	essays	3.46	0.33
church/NNS/br-d14/507	0.144806909101644	0.00766066133425357	church	NNS	religion	non-fiction	C	C	C	CDE	Z	Z	Z	Z	Z	 the ethical codes to which the majority subscribed. Thus Baptist <font color=green>churches</font>  on the frontier took cognizance of charges against their members	3	1	351	33	5	churches	NNS	essays	3.51	0.33
church/NNS/br-d17/569	0.344508322133667	0.247793375313406	church	NNS	religion	non-fiction	C	C	C	CDE	Z	Z	Z	Z	Z	 one of my editorial workers wanted to find out how <font color=green>churches</font>  and philanthropic organizations met the needs of New York 's	2	0	312	0	1	churches	NNS	essays	3.12	0
church/NNS/br-e12/1082	0.0200820312395761	0.430575685163228	church	NNS	skill_and_hobbies	non-fiction	D	D	DE	CDE	Z	Z	Z	Z	Z	 famous Alamo and photograph 18 th Century Spanish buildings and <font color=green>churches</font> . The Great Smoky Mountains is another area of the South	3	1	384	33	2	churches	NNS	technical	3.84	0.33
church/NNS/br-e13/808	0.311713598799076	0.165843705623215	church	NNS	skill_and_hobbies	non-fiction	D	D	DE	CDE	Z	Z	Z	Z	Z	 fell in. Nevertheless, it remained one of the most splendid <font color=green>churches</font>  of the Eastern Empire, where the Byzantine Emperors were crowned	2	1	357	50	2	churches	NNS	technical	3.57	0.5
church/NNS/br-f15/1245	0.105722761062951	-0.069163556885334	church	NNS	popular_lore	fiction	B	B	AB	AB	church%1:14:00::	B	B	AB	AB	 Consider what happened during World War 1,, when the Protestant <font color=green>churches</font>  united to push the Prohibition law through Congress. Many of	2	2	392	100	3	churches	NNS	essays	3.92	1
church/NNS/br-f15/1425	0.193525880409522	-0.090159372963117	church	NNS	popular_lore	fiction	B	B	AB	AB	christian_church%1:14:00::	B	B	AB	AB	 turn of the century, contraception was condemned by all Christian <font color=green>churches</font>  as immoral, unnatural and contrary to divine law. This was	5	0	407	0	3	churches	NNS	essays	4.07	0
church/NNS/br-f15/1455	0.0583155382636016	-0.106317426008928	church	NNS	popular_lore	fiction	B	B	AB	AB	orthodox_church%1:14:00::	B1	B	AB	AB	 laws of Christian countries. Today, the Roman Catholic and Orthodox <font color=green>Churches</font>  stand virtually alone in holding that conviction. The various Lambeth	5	3	470	60	3	Churches	NNPS	essays	4.7	0.6
church/NNS/br-f15/1720	0.178814781171969	0.0735625420364371	church	NNS	popular_lore	fiction	B	B	AB	AB	group%1:03:00::	C	C	C	CDE	 28 members of a committee of the Federal Council of <font color=green>Churches</font>  ratified artificial methods of birth control.`` As to the necessity	4	1	334	25	2	Churches	NNPS	essays	3.34	0.25
church/NNS/br-f15/1887	0.0721721004492757	-0.0385370110674501	church	NNS	popular_lore	fiction	B	B	AB	AB	group%1:03:00::	C	C	C	CDE	 1961, by the general board of the National Council of <font color=green>Churches</font> , the largest Protestant organization in the US. The board approved	3	2	364	67	2	Churches	NNPS	essays	3.64	0.67
church/NNS/br-f15/1944	0.306557957659095	-0.130511942951703	church	NNS	popular_lore	fiction	B	B	AB	AB	church%1:14:00::	B	B	AB	AB	 of contraceptives. The general board declared:`` Most of the Protestant <font color=green>churches</font>  hold contraception and periodic continence to be morally right when	4	1	377	25	1	churches	NNS	essays	3.77	0.25
church/NNS/br-f15/1998	0.19502252654984	-0.101264214639434	church	NNS	popular_lore	fiction	B	B	AB	AB	christian_church%1:14:00::	B	B	AB	AB	 of conception''. An action once universally condemned by all Christian <font color=green>churches</font>  and forbidden by the civil law is now not only	2	2	405	100	3	churches	NNS	essays	4.05	1
church/NNS/br-f15/821	0.0594784152012779	-0.0384740779901072	church	NNS	popular_lore	fiction	B	B	AB	AB	orthodox_catholic_church%1:14:00::	B1	B	AB	AB	 the exception of the Roman Catholic and the Orthodox Catholic <font color=green>Churches</font> , most churches make no moral distinction between rhythm and mechanical	6	5	427	83	7	Churches	NNPS	essays	4.27	0.83
church/NNS/br-f15/824	0.0616656829342705	-0.0330373811464406	church	NNS	popular_lore	fiction	B	B	AB	AB	church%1:14:00::	B	B	AB	AB	 of the Roman Catholic and the Orthodox Catholic Churches, most <font color=green>churches</font>  make no moral distinction between rhythm and mechanical or chemical	5	5	405	100	9	churches	NNS	essays	4.05	1
church/NNS/br-f44/1106	0.342800048785812	0.0364423364300566	church	NNS	popular_lore	fiction	C	C	C	CDE	church%1:14:00::	B	B	AB	AB	 who will strengthen the social class nucleus of the congregation. <font color=green>Churches</font>  can be strengthened through this process of co-optation so long	5	1	373	20	2	Churches	NNPS	essays	3.73	0.2
church/NNS/br-f44/1189	0.12748270048129	0.0968222596081623	church	NNS	popular_lore	fiction	C	C	C	CDE	church%1:14:00::	B	B	AB	AB	 and publicity in reaching new members. The proclamation of the <font color=green>churches</font>  is almost totally confined to pastoral contacts by the clergy	7	2	336	29	4	churches	NNS	essays	3.36	0.29
church/NNS/br-f44/124	0.459089448075636	0.103819296772713	church	NNS	popular_lore	fiction	C	C	C	CDE	church%1:14:00::	B	B	AB	AB	 inner city blight account for the decline of central city <font color=green>churches</font> . Central cities reveal two adverse features for the major denominations	4	1	352	25	1	churches	NNS	essays	3.52	0.25
church/NNS/br-f44/1427	0.101398836343165	0.0570966383139266	church	NNS	popular_lore	fiction	C	C	C	CDE	church%1:14:00::	B	B	AB	AB	 for more than a single generation. The fact that metropolitan <font color=green>churches</font>  of the major denominations have moved approximately every generation for	4	2	375	50	4	churches	NNS	essays	3.75	0.5
church/NNS/br-f44/1475	0.101780609747282	0.417716331083886	church	NNS	popular_lore	fiction	D	D	DE	CDE	church%1:06:00::	D	D	DE	CDE	 in religious life, when one recalls the number of city <font color=green>churches</font>  which deteriorated beyond repair before being abandoned, raises fundamental questions	4	1	357	25	1	churches	NNS	essays	3.57	0.25
church/NNS/br-f44/1683	0.104694831845472	0.0783769419414526	church	NNS	popular_lore	fiction	C	C	C	CDE	church%1:14:00::	B	B	AB	AB	 hopelessly unstable environment. More than creatures of metropolitan forces, the <font color=green>churches</font>  have taken the lead in counteracting the interdependence of metropolitan	2	2	370	100	4	churches	NNS	essays	3.7	1
church/NNS/br-f44/1802	0.204072082557952	0.044175825097895	church	NNS	popular_lore	fiction	D	D	DE	CDE	church%1:14:00::	B	B	AB	AB	 fight their way into the lower middle-class suburbs, and the <font color=green>churches</font>  will experience the same decay and rebuilding cycle which has	3	2	380	67	4	churches	NNS	essays	3.8	0.67
church/NNS/br-f44/1918	0.0749879458681149	0.030393504646475	church	NNS	popular_lore	fiction	C	C	C	CDE	church%1:14:00::	B	B	AB	AB	 of middle-class culture could lead to various projections for the <font color=green>churches</font> . It could be argued that any fellowship which centers in	3	3	347	100	3	churches	NNS	essays	3.47	1
church/NNS/br-f44/2201	0.184650046239163	0.328278650378774	church	NNS	popular_lore	fiction	C	C	C	CDE	church%1:14:00::	B	B	AB	AB	 remains as to why the middle classes turn to the <font color=green>churches</font>  as a vehicle of social identity when their clubs and	5	1	317	20	1	churches	NNS	essays	3.17	0.2
church/NNS/br-f44/343	0.160464610591833	0.0944816060221162	church	NNS	popular_lore	fiction	C	C	C	CDE	church%1:14:00::	B	B	AB	AB	 moreover, residential mobility is so high in metropolitan areas that <font color=green>churches</font>  have to recruit constantly in their core stratum in order	5	2	417	40	2	churches	NNS	essays	4.17	0.4
church/NNS/br-f44/868	0.0894121206220454	0.116523882322196	church	NNS	popular_lore	fiction	C	C	C	CDE	church%1:14:00::	B	B	AB	AB	 and congregational outreach have not been carefully studied in the <font color=green>churches</font> ; one study in Pittsburgh, however, has illuminated the situation. In	2	1	370	50	3	churches	NNS	essays	3.7	0.5
church/NNS/br-f44/890	0.161226877855408	0.151687776088591	church	NNS	popular_lore	fiction	C	C	C	CDE	church%1:14:00::	B	B	AB	AB	 the situation. In a sample of new members of Pittsburgh <font color=green>churches</font> , almost 60 per cent were recruited by initial`` contacts with	3	1	399	33	2	churches	NNS	essays	3.99	0.33
church/NNS/br-k06/1925	0.230724121445607	0.412495319406227	church	NNS	fiction_gral	fiction	D	D	DE	CDE	church%1:06:00::	D	D	DE	CDE	 them open. Lightning might strike the steeples of the other <font color=green>churches</font> ; not of Drew Church. A flash illumined the trees as	2	0	378	0	2	churches	NNS	fiction	3.78	0
