id	model.x	model.y	lemma	pos	genre	marisense	mbroad	mari3	mari2	sensekey	wnsense	wnbroad	wn3	wn2	text	newPos	newBroadGenre	cues	cuesWithWeight	meanWeight	weightedCuesRatio	weightedCW	wf	broadGenre	wordform	msOct	mcuesOct	mcommOct	determiner	premodifier	postmodifier	building	definiteness	dgsense	number	capital	has_posm	prem_adj	prem_place	prem_name	prem_kind	comm	activity	organization
church/NN/br-a16/453	-0.142694316083532	0.226290716721042	church	NN	press_reportage	D	D	DE	CDE	Z	Z	Z	Z	Z	 a small one at noon tomorrow in St. Bernadine 's <font color=green>church</font> , Forest Park. A small reception will follow in the Oak	NN	informative	4	1	3	0.25	1	church	others	church	c1	noon;tomorrow;in St. Bernadine’s;Forest Park;reception		none	St. Bernadine’s	NA	yes	no	D	singular	no	no	no	no	yes	no	no	no	no
church/NN/br-a17/2228	-0.0379204304153877	-3.75116197404377e-05	church	NN	press_reportage	D	D	DE	CDE	Z	Z	Z	Z	Z	 Burgher Jr. seated guests. A reception was held at the <font color=green>church</font> . The First Christian Church of Pampa was the setting for	NN	informative	5	1	3.38	0.2	4	church	others	church	c1	reception;held at the		the	NA	NA	yes	yes	D	singular	no	no	no	no	no	no	no	no	no
church/NN/br-a17/2233	-0.0351735947646471	-0.00324551452542154	church	NN	press_reportage	D	D	DE	CDE	Z	Z	Z	Z	Z	 A reception was held at the church. The First Christian <font color=green>Church</font>  of Pampa was the setting for the wedding last Sunday	NNP	informative	4	0	3.47	0	3	Church	others	Church	c1	held;The First Christian;of Pampa;setting;wedding;Sunday		the	First Christian	of Pampa	yes	yes	D	singular	yes	yes	no	no	no	yes	no	no	no
church/NN/br-a21/677	0.0251677381144833	-0.156702460906699	church	NN	press_reportage	D	D	DE	CDE	Z	Z	Z	Z	Z	 for 10 a. m. tomorrow in St. Anne 's Catholic <font color=green>Church</font> , 31978 Mound, in Warren. The mother and daughter, who will	NNP	informative	4	0	4.38	0	1	Church	others	Church	c1	10 a.m.;in St. Anne’s Catholic;Mound		none	St. Anne’s Catholic	NA	yes	no	D	singular	yes	no	no	no	yes	yes	no	no	no
church/NN/br-a22/1283	-0.29188186386288	0.127166051752659	church	NN	press_reportage	C	C	C	CDE	Z	Z	Z	Z	Z	 painter. He was a member of the Oakland City Methodist <font color=green>Church</font>  and a native of Atlanta. Funeral services will be at	NNP	informative	2	0	3.08	0	2	Church	others	Church	c2	member of the;Oakland City;Methodist		the	Oakland City Methodist	NA	yes	yes	C	singular	yes	no	no	yes	no	yes	yes	no	no
church/NN/br-a22/307	-0.0755697735587906	-0.0185969128270314	church	NN	press_reportage	B	B	AB	AB	Z	Z	Z	Z	Z	 challenged by the state. Emory is affiliated with the Methodist <font color=green>Church</font> . Some church leaders, both clerical and lay, have criticized the	NNP	informative	4	0	3.46	0	1	Church	others	Church	a2	affiliated with the;Methodist		the	Methodist	NA	no	yes	B	singular	yes	no	no	no	no	yes	no	NA	yes
church/NN/br-a22/310	-0.0755697735587906	-0.0185969128270314	church	NN	press_reportage	A	A	AB	AB	Z	Z	Z	Z	Z	 the state. Emory is affiliated with the Methodist Church. Some <font color=green>church</font>  leaders, both clerical and lay, have criticized the university for	NN	informative	5	0	3.46	0	1	church	others	church	a2	leaders;clerical;lay		none	NA	NA	no	no	A	singular	no	no	no	no	no	no	no	NA	yes
church/NN/br-a31/1842	0.156049676143632	-0.277383283654009	church	NN	press_reportage	D	D	DE	CDE	Z	Z	Z	Z	Z	 planned for 10: 50 a. m. Sunday at First Christian <font color=green>Church</font> . It will be the second time the assistant manager of	NNP	informative	3	0	3.95	0	1	Church	others	Church	c1	10:50 a.m.;Sunday;at First Christian		none	First Christian	NA	yes	no	D	singular	yes	no	no	no	no	yes	no	no	no
church/NN/br-a31/2112	-0.0755697735587906	-0.0185969128270314	church	NN	press_reportage	D	D	DE	CDE	Z	Z	Z	Z	Z	 and program at 6 p. m. Sunday at Trinity Methodist <font color=green>Church</font> . He is the sexton of the church. A family worship	NNP	informative	3	0	3.46	0	1	Church	others	Church	c1	at 6 p.m. at;Trinity;Methodist;sexton		none	Trinity Methodist	NA	yes	no	D	singular	yes	no	no	no	yes	yes	no	no	no
church/NN/br-a31/2120	-0.051611614059112	-0.0262644033951195	church	NN	press_reportage	D	D	DE	CDE	Z	Z	Z	Z	Z	 at Trinity Methodist Church. He is the sexton of the <font color=green>church</font> . A family worship service will follow the program at 7	NN	informative	4	0	3.52	0	2	church	others	church	c2	sexton;Trinity Methodist Church		the	NA	NA	yes	yes	D	singular	no	no	no	no	no	no	yes	no	no
church/NN/br-b08/1866	-0.0597307970881615	-0.0377041046568831	church	NN	press_editorial	D	D	DE	CDE	Z	Z	Z	Z	Z	 wrote after almost a decade of service to this majestic <font color=green>church</font> .`` Such a church needs vigor and vitality in its rector	NN	informative	2	0	3.48	0	2	church	others	church	c1	decade of service to;majestic	the building is majestic, but to what degree is the service to the building rather than its community?	this	majestic	NA	yes	yes	D	singular	no	no	yes	no	no	no	no	no	no
church/NN/br-b08/1871	-0.0597307970881615	-0.0377041046568831	church	NN	press_editorial	C	C	C	CDE	Z	Z	Z	Z	Z	 a decade of service to this majestic church.`` Such a <font color=green>church</font>  needs vigor and vitality in its rector and one man	NN	informative	4	1	3.48	0.25	2	church	others	church	c2	vigor;vitality;rector	the token actually conflates the sense of building and community (the building is magnificent, thus the rector must be awesome)	a	NA	NA	yes	no	C	singular	no	no	no	no	no	no	yes	no	no
church/NN/br-b12/2115	0.0718287150513035	-0.429082365323161	church	NN	press_editorial	A	A	AB	AB	Z	Z	Z	Z	Z	 and Greek and other ancient writings, some by the early <font color=green>church</font>  fathers, in themselves called for a restudy of the Bible	NN	informative	5	0	3.04	0	1	church	others	church	a1	the early;fathers		NA	early	NA	no	NA	A	singular	no	no	no	no	no	yes	no	NA	yes
church/NN/br-b12/2217	-0.0755697735587906	-0.0185969128270314	church	NN	press_editorial	B	B	AB	AB	Z	Z	Z	Z	Z	 of a joint committee made up of representatives of the <font color=green>Church</font>  of England, Church of Scotland, Methodist Church, Congregational Union, Baptist	NNP	informative	6	0	3.46	0	1	Church	others	Church	a2	the;of England	capital letter, definiteness, posmodifier	the	NA	of England	no	yes	B	singular	yes	yes	no	no	no	no	no	NA	yes
church/NN/br-b12/2226	-0.0402709833014847	-0.00996558180336131	church	NN	press_editorial	B	B	AB	AB	Z	Z	Z	Z	Z	 representatives of the Church of England, Church of Scotland, Methodist <font color=green>Church</font> , Congregational Union, Baptist Union, Presbyterian Church of England, Churches in	NNP	informative	7	1	3.49	0.14	3	Church	others	Church	a2	Methodist		the	Methodist	NA	no	yes	B	singular	yes	no	no	no	no	yes	no	NA	yes
church/NN/br-b12/2235	-0.0402709833014847	-0.00996558180336131	church	NN	press_editorial	B	B	AB	AB	Z	Z	Z	Z	Z	 Church of Scotland, Methodist Church, Congregational Union, Baptist Union, Presbyterian <font color=green>Church</font>  of England, Churches in Wales, Churches in Ireland, Society of	NNP	informative	9	1	3.51	0.11	2	Church	others	Church	a2	Presbyterian;of England	I think this is part of the same enumeration preceded by a ‘the’, so I will add it even though it doesn’t show in the shorter context	the	Presbyterian	of England	no	yes	B	singular	yes	yes	no	no	no	yes	no	NA	yes
church/NN/br-b15/1190	-0.120207956768437	0.339571418331402	church	NN	press_editorial	C	C	C	CDE	Z	Z	Z	Z	Z	 El; Rev. DeWitt Clemens, pastor of the Mathewson Street Methodist <font color=green>Church</font> ; Mr. Felix Miranda, of the Imperial Knife Co.; and to	NNP	informative	2	1	3.32	0.5	1	Church	others	Church	c2	pastor;Mathewson Street Methodist		the	Mathewson Street Methodist	NA	yes	yes	C	singular	yes	no	no	yes	no	yes	yes	no	no
church/NN/br-d01/1628	-0.024251255025361	-0.527115991137125	church	NN	religion	B	B	AB	AB	church%1:14:00::	B	B	AB	AB	 age to whip men into a surrender to a particular <font color=green>church</font>  or church-state''. Apparently he does not intend that those who	NN	informative	3	1	3.1	0.33	1	church	others	church	a2	particular	the particular branch is not specified, but the fact that it’s one out of many is explicited	a	NA	NA	no	no	B	singular	no	no	no	no	no	no	no	NA	yes
church/NN/br-d02/1641	-0.0992333226414206	-0.394395629506754	church	NN	religion	B	B	AB	AB	church%1:14:00::	B	B	AB	AB	 concerned to stand squarely within the tradition of the apostolic <font color=green>church</font> , they have exhibited no willingness whatever to sacrifice their modernity	NN	informative	2	0	3.66	0	1	church	others	church	a2	tradition;apostolic		the	apostolic	NA	no	yes	B	singular	no	no	no	no	no	yes	no	NA	yes
church/NN/br-d02/706	-0.193006069742526	-0.416691990886649	church	NN	religion	A	A	AB	AB	church%1:14:00::	B	B	AB	AB	 there tends to be an almost complete indifference to the <font color=green>church</font>  and its traditional message of sin and grace. To be	NN	informative	4	0	3.12	0	1	church	others	church	a2	indifference to the;traditional message;sin and grace		the	NA	NA	no	yes	A	singular	no	no	no	no	no	no	no	NA	yes
church/NN/br-d02/923	0.228785022178181	-0.421584072380958	church	NN	religion	A	A	AB	AB	church%1:14:00::	B	B	AB	AB	 for accomplishing his work in the world. by analogy, the <font color=green>church</font>  also has been regarded as entirely independent of the`` world	NN	informative	3	0	3.14	0	1	church	others	church	a1	independent of the world		the	NA	NA	no	yes	A	singular	no	no	no	no	no	no	no	NA	yes
church/NN/br-d03/1342	-0.0467537071294585	-0.02358491967585	church	NN	religion	E	E	DE	CDE	church%1:06:00::	D	D	DE	CDE	 my experience to find as many men as women in <font color=green>church</font> , and to hear almost everyone in church congregations reciting the	NN	informative	5	1	3.4	0.2	2	church	others	church	c3	find as many men as women in		none	NA	NA	yes	no	?	singular	no	no	no	no	no	no	no	yes	no
church/NN/br-d03/1350	-0.0476403278912009	-0.0278835015282675	church	NN	religion	E	E	DE	CDE	church%1:06:00::	D	D	DE	CDE	 as women in church, and to hear almost everyone in <font color=green>church</font>  congregations reciting the Latin prayers and responses at Mass. They	NN	informative	5	3	3.29	0.6	3	church	others	church	c3	everyone in;women in church;congregations		NA	NA	NA	yes	NA	?	singular	no	no	no	no	no	no	no	yes	no
church/NN/br-d03/1871	-0.00333168229952407	-0.126544026336237	church	NN	religion	B	B	AB	AB	catholic_church%1:14:00::	B1	B	AB	AB	 the Sunday Observer implies a kindly recognition that the Catholic <font color=green>Church</font>  is now at least of equal stature in England with	NNP	informative	2	1	3.9	0.5	2	Church	others	Church	a2	Catholic		the	Catholic	NA	no	yes	B	singular	yes	no	no	no	no	yes	no	NA	yes
church/NN/br-d03/1909	-0.245867985892868	-0.234461371268169	church	NN	religion	B	B	AB	AB	church_of_england%1:14:00::	B2	B	AB	AB	 non-Catholic) wrote articles in the Observer depicting clergymen of the <font color=green>Church</font>  of England, the Church of Rome and the Nonconformist Church	NNP	informative	6	0	3.42	0	1	Church	others	Church	a2	clergymen of the;of England		the	NA	of England	no	yes	B	singular	yes	yes	no	no	no	no	no	NA	yes
church/NN/br-d03/2336	-0.0199332119839309	-0.0507639741213043	church	NN	religion	D	D	DE	CDE	catholic_church%1:14:00::	B1	B	AB	AB	 a votive Mass offered for Christian unity at a Catholic <font color=green>church</font>  in Slough during the Church Unity Octave.	NN	informative	2	0	3.92	0	2	church	others	church	c1	Mass;offered;at a Catholic;in Slough		a	Catholic	NA	yes	no	D	singular	no	no	no	no	no	yes	no	no	no
church/NN/br-d03/2341	-0.0199332119839309	-0.0507639741213043	church	NN	religion	A	A	AB	AB	church%1:14:00::	B	B	AB	AB	 Christian unity at a Catholic church in Slough during the <font color=green>Church</font>  Unity Octave.	NNP	informative	2	0	3.92	0	2	Church	others	Church	a1	during then;Unity Octave		NA	NA	NA	no	NA	A	singular	yes	no	no	no	no	no	no	NA	yes
church/NN/br-d03/721	-0.223747623315489	0.00990606484590009	church	NN	religion	B	B	AB	AB	church%1:06:00::	D	D	DE	CDE	 crowds going in and out of the Birmingham Oratory( Catholic) <font color=green>Church</font>  on Sunday mornings. She found this a marvel because, as	NNP	informative	1	0	3.11	0	2	Church	others	Church	c1	crowds;going in and out of the;Sunday mornings	Name of church plus ‘going in and out’	the	Birmingham Oratory (Catholic)	NA	yes	yes	D	singular	yes	no	no	yes	no	yes	no	no	no
church/NN/br-d05/1163	-0.249622417077108	-0.247630023349241	church	NN	religion	B	B	AB	AB	Z	Z	Z	Z	Z	 Parker as the ultra-liberal minister within the pale of a <font color=green>church</font>  which had proclaimed itself the repository of liberality poses a	NN	informative	2	0	3.08	0	1	church	others	church	a2	minister;within the pale of a		a	NA	NA	no	no	?	singular	no	no	no	no	no	no	no	NA	yes
church/NN/br-d06/2174	-0.267966645040129	0.316336335815927	church	NN	religion	C	C	C	CDE	Z	Z	Z	Z	Z	 spiritually. No amount of religious ceremonies or even joining a <font color=green>church</font>  will relieve the gnawing of your`` inner'' space. Why? Because	NN	informative	3	1	3.47	0.33	1	church	others	church	b	joining a	'religious ceremonies’ might be deceiving for the model	a	NA	NA	no	no	C	singular	no	no	no	no	no	no	yes	no	yes
church/NN/br-d09/1054	-0.0755697735587906	-0.0185969128270314	church	NN	religion	C	C	C	CDE	Z	Z	Z	Z	Z	 Me'',`` What the Church Means to Me'',`` Why Join the <font color=green>Church</font> '',`` The Duties of Church Members'', etc.. Assign a series of	NNP	informative	3	0	3.46	0	2	Church	others	Church	a2	join;duties;members	capital letter but could just be the title	the	NA	NA	no	yes	?	singular	yes	no	no	no	no	no	yes	no	yes
church/NN/br-d09/1061	-0.0755697735587906	-0.0185969128270314	church	NN	religion	C	C	C	CDE	Z	Z	Z	Z	Z	 Means to Me'',`` Why Join the Church'',`` The Duties of <font color=green>Church</font>  Members'', etc.. Assign a series of catechism questions to be	NNP	informative	4	0	3.46	0	1	Church	others	Church	b	Duties of;Members;catechism		NA	NA	NA	no	NA	C	singular	yes	no	no	no	no	no	yes	no	yes
church/NN/br-d09/2026	0.339394157461616	-0.303931634682583	church	NN	religion	C	C	C	CDE	Z	Z	Z	Z	Z	 planned and carefully developed. The entire membership of the local <font color=green>church</font>  must be alerted to their part in this dynamic process	NN	informative	3	0	3.63	0	1	church	others	church	b	membership;local		the	local	NA	no	yes	C	singular	no	no	yes	no	no	no	yes	no	yes
church/NN/br-d09/2040	0.339394157461616	-0.303931634682583	church	NN	religion	C	C	C	CDE	Z	Z	Z	Z	Z	 alerted to their part in this dynamic process. If the <font color=green>church</font>  has followed the plan of cultivation of prospects and carried	NN	informative	3	0	3.63	0	1	church	others	church	b	followed the plan		the	NA	NA	no	yes	?	singular	no	no	no	no	no	no	yes	no	yes
church/NN/br-d09/724	-0.0494643750271103	-0.00580391145684076	church	NN	religion	C	C	C	CDE	Z	Z	Z	Z	Z	 as well as the program and activities of the local <font color=green>church</font> . The lay leadership of the church may be invited to	NN	informative	5	0	3.26	0	2	church	others	church	b	program and activities of the;local;lay leadership		the	local	NA	no	yes	C	singular	no	no	yes	no	no	no	yes	no	yes
church/NN/br-d09/731	-0.0310261072774269	-0.00798961696616163	church	NN	religion	C	C	C	CDE	Z	Z	Z	Z	Z	 activities of the local church. The lay leadership of the <font color=green>church</font>  may be invited to speak on the various phases of	NN	informative	2	0	3.34	0	3	church	others	church	b	lay leadership;local church		the	NA	NA	no	yes	C	singular	no	no	no	no	no	no	yes	no	yes
church/NN/br-d09/742	-0.0174421403275958	-0.00113620760337201	church	NN	religion	C	C	C	CDE	Z	Z	Z	Z	Z	 may be invited to speak on the various phases of <font color=green>church</font>  life, service opportunities, the church school, missions, men 's work	NN	informative	6	1	3.3	0.17	4	church	others	church	d	phases of;life;service opportunities;missions		NA	NA	NA	no	NA	C	singular	no	no	no	no	no	no	no	NA	no
church/NN/br-d09/749	-0.0266452918095862	-0.00491119533527085	church	NN	religion	C	C	C	CDE	Z	Z	Z	Z	Z	 on the various phases of church life, service opportunities, the <font color=green>church</font>  school, missions, men 's work, women 's work, youth program	NN	informative	9	1	3.39	0.11	3	church	others	church	b	school;missions;men’s work;women’s work;youth program		NA	NA	NA	no	NA	C	singular	no	no	no	no	no	no	yes	no	yes
church/NN/br-d10/1913	0.0234528378525425	-0.133624563044371	church	NN	religion	A	A	AB	AB	Z	Z	Z	Z	Z	 impressive Roman Catholic defense of the practical autonomy of both <font color=green>church</font>  and state. The failure at that time of the Puerto	NN	informative	2	0	3.87	0	2	church	others	church	a1	practical autonomy of;state		none	NA	NA	no	no	A	singular	no	no	no	no	no	no	no	NA	yes
church/NN/br-d10/2166	0.0143921591091543	-0.122412935126798	church	NN	religion	B	B	AB	AB	Z	Z	Z	Z	Z	 the Christian claim is of considerable significance. The Roman Catholic <font color=green>Church</font>  has excommunicated one of its priests, Father Feeney, for insisting	NNP	informative	6	3	3.62	0.5	3	Church	others	Church	a2	Roman Catholic;excommunicated;priests		the	Roman Catholic	NA	no	yes	B	singular	yes	no	no	no	no	yes	no	NA	yes
church/NN/br-d10/2187	-0.132286785869895	-0.278044273774772	church	NN	religion	A	A	AB	AB	Z	Z	Z	Z	Z	 for insisting that there is no salvation outside the visible <font color=green>church</font> . In mentioning this under`` salvation reconsidered'' I do not mean	NN	informative	1	2	3.55	2	2	church	others	church	a1	salvation;the visible	i suppose it could be a1…	the	visible	NA	no	yes	A	singular	no	no	no	no	no	yes	no	NA	yes
church/NN/br-d14/209	-0.0556785012057161	-0.269537465727051	church	NN	religion	A	A	AB	AB	Z	Z	Z	Z	Z	 of churches. Presumably those who did not have a formal <font color=green>church</font>  connexion had also felt the influence of Christianity to a	NN	informative	3	1	3.06	0.33	1	church	others	church	a1	connexion;Christianity		NA	NA	NA	no	NA	A	singular	no	no	no	no	no	no	no	NA	yes
church/NN/br-d14/234	-0.0556785012057161	-0.269537465727051	church	NN	religion	C	C	C	CDE	Z	Z	Z	Z	Z	 extent. Many of them had once been members of a <font color=green>church</font>  or at least had been given instruction in Christianity but	NN	informative	3	1	3.06	0.33	1	church	others	church	b	members of a;Christianity		a	NA	NA	no	no	C	singular	no	no	no	no	no	no	yes	no	yes
church/NN/br-d14/410	0.218833389592141	-0.358053810497873	church	NN	religion	A	A	AB	AB	Z	Z	Z	Z	Z	 be absurd. For instance, we cannot know whether even for <font color=green>church</font>  members the degree of conformity to Christian standards of morality	NN	informative	5	1	3.02	0.2	1	church	others	church	b	members		NA	NA	NA	no	NA	A	singular	no	no	no	no	no	no	yes	no	yes
church/NN/br-d14/428	0.218833389592141	-0.358053810497873	church	NN	religion	C	C	C	CDE	Z	Z	Z	Z	Z	 standards of morality increased or declined as the proportion of <font color=green>church</font>  members in the population rose. The temptation is to say	NN	informative	2	0	3.02	0	1	church	others	church	b	members;population		NA	NA	NA	no	NA	C	singular	no	no	no	no	no	no	yes	no	yes
church/NN/br-d14/726	0.0234528378525425	-0.133624563044371	church	NN	religion	B	B	AB	AB	Z	Z	Z	Z	Z	 stock. By the end of the century the Roman Catholic <font color=green>Church</font>  was beginning to make itself felt, mainly through such institutions	NNP	informative	3	2	3.87	0.67	2	Church	others	Church	a2	Roman Catholic;institutions		the	Roman Catholic	NA	no	yes	B	singular	yes	no	no	no	no	yes	no	NA	yes
church/NN/br-d16/1644	-0.267966645040129	0.316336335815927	church	NN	religion	A	A	AB	AB	Z	Z	Z	Z	Z	 and zealously keep all the sacraments and ceremonies of the <font color=green>church</font> ; you may have the final and extreme unction but if	NN	informative	5	1	3.47	0.2	1	church	others	church	a2	keep all the sacraments;ceremonies;extreme unction	with only the left context, it’s church in general, but the final and extreme unction makes it specific	the	NA	NA	no	yes	A	singular	no	no	no	no	no	no	no	NA	yes
church/NN/br-d16/1947	-0.132286785869895	-0.278044273774772	church	NN	religion	A	A	AB	AB	Z	Z	Z	Z	Z	 Him. You can ignore His Book, the Bible, and His <font color=green>church</font> . You can laugh at His blood-bought salvation, curse His followers	NN	informative	6	1	3.55	0.17	1	church	others	church	a1	His;His Book;the Bible;His followers		His	NA	NA	no	yes	A	singular	no	no	no	no	no	no	no	NA	yes
church/NN/br-d16/220	0.00259048666799599	-0.147826622928319	church	NN	religion	B	B	AB	AB	Z	Z	Z	Z	Z	 a short reading of the Holy Scriptures''. Since the Catholic <font color=green>Church</font>  expresses such desire that the Sacred Scriptures be read, the	NNP	informative	4	2	3.97	0.5	3	Church	others	Church	a2	Catholic;expresses;Sacred Scripture	capital letter, definiteness, agent	the	Catholic	NA	no	yes	B	singular	yes	no	no	no	no	yes	no	NA	yes
church/NN/br-f15/713	0.0234528378525425	-0.133624563044371	church	NN	popular_lore	B	B	AB	AB	roman_catholic_church%1:14:00::	B1	B	AB	AB	 permit birth control only for medical reasons. The Roman Catholic <font color=green>Church</font> , however, sanctions a much more liberal policy on family planning	NNP	informative	5	2	3.87	0.4	2	Church	others	Church	a2	the Roman Catholic;sanctions	capital letter, definiteness, agent	the	Roman Catholic	NA	no	yes	B	singular	yes	no	no	no	no	yes	no	NA	yes
church/NN/br-f15/754	0.0234528378525425	-0.133624563044371	church	NN	popular_lore	B	B	AB	AB	roman_catholic_church%1:14:00::	B1	B	AB	AB	 disagree over the methods to be used. The Roman Catholic <font color=green>Church</font>  sanctions only abstention or the rhythm method, also known as	NNP	informative	1	0	3.87	0	2	Church	others	Church	a2	The Roman Catholic;sanctions	capital letter, definiteness, agent	the	Roman Catholic	NA	no	yes	B	singular	yes	no	no	no	no	yes	no	NA	yes
church/NN/br-f44/1076	-0.174433581350069	0.0488739254622134	church	NN	popular_lore	C	C	C	CDE	church%1:14:00::	B	B	AB	AB	 and economic level of the congregation; the mission of the <font color=green>church</font>  is actually a process of informal co-optation; the lay ministry	NN	informative	5	1	3.2	0.2	1	church	others	church	b	the mission of the;co-optation		the	NA	NA	no	yes	C	singular	no	no	no	no	no	no	yes	no	yes
church/NN/br-f44/1285	-0.174433581350069	0.0488739254622134	church	NN	popular_lore	C	C	C	CDE	church%1:14:00::	B	B	AB	AB	 co-optation is the principal form of mission in the contemporary <font color=green>church</font> ; economic integration and co-optation are the two methods by which	NN	informative	3	1	3.2	0.33	1	church	others	church	b	co-optation;mission;contemporary		the	contemporary	NA	no	yes	?	singular	no	no	yes	no	no	no	yes	no	yes
church/NN/br-f44/647	-0.0563450172571172	-0.0113493913014741	church	NN	popular_lore	A	A	AB	AB	church%1:14:00::	B	B	AB	AB	 denominations. There is much talk in theological circles about the`` <font color=green>Church</font>  as Mission'' and the`` Church 's Mission''; theologians have been	NNP	informative	4	2	3.29	0.5	3	Church	others	Church	a1	theological circles;Mission;theologians	Capital letter and definiteness	the	NA	NA	no	yes	A	singular	yes	no	no	no	no	no	no	NA	yes
church/NN/br-f44/654	-0.0563450172571172	-0.0113493913014741	church	NN	popular_lore	A	A	AB	AB	church%1:14:00::	B	B	AB	AB	 in theological circles about the`` Church as Mission'' and the`` <font color=green>Church</font>  's Mission''; theologians have been stressing the fact that the	NNP	informative	4	2	3.29	0.5	3	Church	others	Church	a2	's Mission;theologians	Capital letter and definiteness	the	NA	NA	no	yes	A	singular	yes	no	no	no	no	no	no	NA	yes
church/NN/br-g12/1271	-0.169597697063134	0.40035666215576	church	NN	belles_lettres	D	D	DE	CDE	church%1:06:00::	D	D	DE	CDE	 and gestured toward the Madeleine. The classical lines of the <font color=green>church</font>  which Napoleon thought of as a Temple of Glory, dominated	NN	informative	5	1	3.21	0.2	1	church	others	church	c1	classical lines;Madeleine;Temple of Glory		the	NA	NA	yes	yes	D	singular	no	no	no	no	no	no	no	no	no
church/NN/br-h17/1199	-0.0992333226414206	-0.394395629506754	church	NN	miscellaneous	C	C	C	CDE	church%1:14:00::	B	B	AB	AB	 because of his willingness to kill in defense of his <font color=green>church</font>  and home. Upon administrative approval of the reclassification, he was	NN	informative	2	0	3.66	0	1	church	tech	church	b	in defense of his		his	NA	NA	no	yes	C	singular	no	no	no	no	no	no	yes	no	yes
church/NN/br-j57/2237	-0.0556785012057161	-0.269537465727051	church	NN	learned	A	A	AB	AB	church_father%1:18:00::	A	A	AB	AB	 which reached Christianity by the way of Stoicism through the <font color=green>Church</font>  Fathers of Late Antiquity.	NNP	informative	3	1	3.06	0.33	1	Church	tech	Church	a1	Christianity;Stoicism;Fathers;Late Antiquity		NA	NA	NA	no	NA	A	singular	yes	no	no	no	no	no	no	NA	yes
church/NN/br-k04/1117	-0.452541088418961	0.0993626945607556	church	NN	fiction_gral	D	D	DE	CDE	church%1:06:00::	D	D	DE	CDE	 of gambling in both. On the other side of the <font color=green>church</font>  was a quiet, well-kept house with shutters and recently painted	NN	imaginative	4	0	3.66	0	1	church	imag	church	c1	on the other side of the;house;shutters;painted		the	NA	NA	yes	yes	D	singular	no	no	no	no	no	no	no	no	no
church/NN/br-k04/1485	-0.0558587305397454	-0.00371106057342797	church	NN	fiction_gral	C	C	C	CDE	church%1:06:00::	D	D	DE	CDE	 that clear as this was, they must have a better <font color=green>church</font> , a more business-like conduct of the church organization, and an	NN	imaginative	2	0	3.25	0	2	church	imag	church	b	business-like conduct;organization		a	better	NA	no	no	?	singular	no	no	yes	no	no	no	yes	no	yes
church/NN/br-k04/1493	-0.0558587305397454	-0.00371106057342797	church	NN	fiction_gral	C	C	C	CDE	church%1:14:00::	B	B	AB	AB	 have a better church, a more business-like conduct of the <font color=green>church</font>  organization, and an effort to get this religious center out	NN	imaginative	4	0	3.25	0	2	church	imag	church	b	business-like conduct;organization		the	NA	NA	no	yes	C	singular	no	no	no	no	no	no	yes	no	yes
church/NN/br-k04/1514	-0.0178927740216369	-0.290875022381069	church	NN	fiction_gral	C	C	C	CDE	church%1:14:00::	B	B	AB	AB	 out of its rut of wild worship into a modern <font color=green>church</font>  organization. He emphasized to the Presiding Elder the plan of	NN	imaginative	5	1	3.58	0.2	1	church	imag	church	b	modern;organization;wild worship		NA	NA	NA	no	NA	C	singular	no	no	no	no	no	no	yes	no	yes
church/NN/br-k04/1807	-0.452541088437144	0.0993626945638148	church	NN	fiction_gral	D	D	DE	CDE	church%1:06:00::	D	D	DE	CDE	 of money that has been invested by whites around that <font color=green>church</font> ? Tenements, stores, saloons, some gambling, I hope not too much	NN	imaginative	5	0	3.66	0	1	church	imag	church	c1	money;invested;around;tenemenets;stores;saloons	opposition to other buildings	that	NA	NA	yes	yes	D	singular	no	no	no	no	no	no	no	no	no
church/NN/br-k04/923	-0.120207956768437	0.339571418331402	church	NN	fiction_gral	D	D	DE	CDE	church%1:06:00::	D	D	DE	CDE	 which she was chief repository. Then Wilson looked over the <font color=green>church</font>  and studied its condition. The salary of the pastor had	NN	imaginative	3	1	3.32	0.33	1	church	imag	church	c1	looked over;condition;pastor		the	NA	NA	yes	yes	D	singular	no	no	no	no	no	no	no	no	no
church/NN/br-k06/571	-0.448043628227874	-0.00145252610003583	church	NN	fiction_gral	D	D	DE	CDE	church%1:06:00::	D	D	DE	CDE	 cupboards.`` There 's a tower and a steeple on the <font color=green>church</font>  a million feet high. And the loudest clock in the	NN	imaginative	3	1	4.1	0.33	1	church	imag	church	c1	tower;steeple;high;clock		the	NA	NA	yes	yes	D	singular	no	no	no	no	no	no	no	no	no
church/NN/br-k06/852	-0.376740632463562	-0.198240720382532	church	NN	fiction_gral	D	D	DE	CDE	church%1:06:00::	D	D	DE	CDE	 Church with its high steeple and clock. There was no <font color=green>church</font>  like Drew Church, no preacher like Papa, who was intimate	NN	imaginative	3	0	3.14	0	1	church	imag	church	c1	steeple;clock;Drew;there was		none	NA	NA	yes	no	D	singular	no	no	no	no	no	no	no	no	no
church/NN/br-k10/1423	-0.252092670356241	-0.367558286544474	church	NN	fiction_gral	A	A	AB	AB	church%1:14:00::	B	B	AB	AB	 economics, and social issues that are no concern of the <font color=green>Church</font> ''? And John 's reply was always the same:`` Anything that	NNP	imaginative	5	0	3.33	0	1	Church	imag	Church	a2	concern of the	Capital letter and definiteness	the	NA	NA	no	yes	A	singular	yes	no	no	no	no	no	no	NA	yes
church/NN/br-k10/1445	-0.466183254373869	-0.175898594284055	church	NN	fiction_gral	A	A	AB	AB	church%1:14:00::	B	B	AB	AB	 same:`` Anything that affects souls is the concern of the <font color=green>Church</font> ! We will have righteousness''! Tears burned behind his eyes as	NNP	imaginative	3	0	3.31	0	1	Church	imag	Church	a2	affects souls;concern of the;righteousness	Capital letter and definiteness	the	NA	NA	no	yes	A	singular	yes	no	no	no	no	no	no	NA	yes
church/NN/br-k10/271	-0.252092669923717	-0.367558285892954	church	NN	fiction_gral	A	A	AB	AB	church%1:14:00::	B	B	AB	AB	 fingers at their sins. I say to you that the <font color=green>Church</font>  will ever decry evil''! John 's reply was like a	NNP	imaginative	3	0	3.33	0	1	Church	imag	Church	a2	will ever decry evil	Capital letter and definiteness	the	NA	NA	no	yes	A	singular	yes	no	no	no	no	no	no	NA	yes
church/NN/br-k10/588	-0.133678240984849	-0.188896117118731	church	NN	fiction_gral	A	A	AB	AB	church%1:14:00::	B	B	AB	AB	 to let them give him the last rites of the <font color=green>Church</font> , but he had died still proclaiming salvation by faith. Burial	NNP	imaginative	3	1	3.32	0.33	2	Church	imag	Church	a2	last rites of the;salvation by faith	Capital letter and definiteness	the	NA	NA	no	yes	?	singular	yes	no	no	no	no	no	no	NA	yes
church/NN/br-k10/967	-0.448043628227874	-0.00145252610003583	church	NN	fiction_gral	D	D	DE	CDE	church%1:06:00::	D	D	DE	CDE	 all the time. Quickening his steps, John entered the vast <font color=green>church</font>  and climbed the tower steps to the bells. Underneath the	NN	imaginative	6	1	4.1	0.17	1	church	imag	church	c1	entered;vast;climbed;tower steps;bells	Funny the two different senses of ‘steps’ with different contributions to ‘church’ here, both to the building sense	the	vast	NA	yes	yes	D	singular	no	no	yes	no	no	no	no	no	no
church/NN/br-k13/533	-0.435110040789361	0.116983756211815	church	NN	fiction_gral	D	D	DE	CDE	church%1:06:00::	D	D	DE	CDE	 Harold indicated the photograph on the wall and asked what <font color=green>church</font>  the stone sculpture was in. Eugene told him and he	NN	imaginative	3	1	3.05	0.33	1	church	imag	church	c1	photograph;stone sculpture;in		none	NA	NA	yes	no	D	singular	no	no	no	no	no	no	no	no	no
church/NN/br-k15/188	-0.29568720338914	0.102120409644679	church	NN	fiction_gral	D	D	DE	CDE	church%1:06:00::	D	D	DE	CDE	 They held the funeral the next morning from the crossroads <font color=green>church</font>  and buried the little box in the quiet family plot	NN	imaginative	6	2	3.1	0.33	2	church	imag	church	c1	held;funeral;crossroads		the	crossroads	NA	yes	yes	D	singular	no	no	no	yes	no	no	no	no	no
church/NN/br-k16/1431	-0.440200280230462	0.205481412209664	church	NN	fiction_gral	D	D	DE	CDE	church%1:06:00::	D	D	DE	CDE	 thickets. Along Wappinger Creek in Dutchess County, past the white <font color=green>church</font>  at Fishkill, past Verplanck 's Point on the east bank	NN	imaginative	6	1	3.09	0.17	1	church	imag	church	c1	Along Wappinger Creek;Dutchess County;at Fishkill	the series of directions and concrete places points to the building sense	the	white	NA	yes	yes	D	singular	no	no	yes	no	no	no	no	no	no
church/NN/br-l08/1824	-0.262328770379476	0.0632633887195073	church	NN	fiction_mystery	E	E	DE	CDE	church%1:04:00::	E	E	DE	CDE	 did n't feel good on Sunday, could n't go to <font color=green>church</font> - there 'd be a little argument, but she could be	NN	imaginative	3	1	3.07	0.33	1	church	imag	church	c3	go to;Sunday		none	NA	NA	yes	no	E	singular	no	no	no	no	no	no	no	yes	no
church/NN/br-p01/1161	-0.407495583544873	-0.0826541221437527	church	NN	fiction_romance	D	D	DE	CDE	church%1:06:00::	D	D	DE	CDE	 hill, rising with the hill to the top where the <font color=green>church</font>  was and beyond that to the cemetery. Only paved alleyways	NN	imaginative	7	1	4.09	0.14	1	church	imag	church	c1	hill;top;where;cemetery		the	NA	NA	yes	yes	D	singular	no	no	no	no	no	no	no	no	no
church/NN/br-p01/21	-0.448043628227874	-0.00145252610003583	church	NN	fiction_romance	D	D	DE	CDE	church_tower%1:06:00::	D	D	DE	CDE	 them he could have been the broken bell in the <font color=green>church</font>  tower which rang before and after Mass, and at noon	NN	imaginative	4	1	4.1	0.25	1	church	imag	church	c1	bell;tower;rang;Mass		NA	NA	NA	yes	NA	D	singular	no	no	no	no	no	no	no	no	no
church/NN/br-p01/222	-0.206667953257714	0.0273822618719767	church	NN	fiction_romance	E	E	DE	CDE	church%1:04:00::	E	E	DE	CDE	 from its elders. Youth obeyed when commanded. It went to <font color=green>church</font>  on Sunday and one Saturday a month went to confession	NN	imaginative	5	2	3.06	0.4	2	church	imag	church	c3	went to;on Sunday;confession		none	NA	NA	yes	no	E	singular	no	no	no	no	no	no	no	yes	no
church/NN/br-p04/2406	-0.407495583544873	-0.0826541221437527	church	NN	fiction_romance	D	D	DE	CDE	Z	Z	Z	Z	Z	 sky. She felt mindless, walking, and almost easy until the <font color=green>church</font>  spire told her she was near the cemetery, and she	NN	imaginative	3	1	4.09	0.33	1	church	imag	church	c1	walking;spire;cemetery		NA	NA	NA	yes	NA	D	singular	no	no	no	no	no	no	no	no	no
church/NN/br-p04/983	-0.407495583544873	-0.0826541221437527	church	NN	fiction_romance	D	D	DE	CDE	Z	Z	Z	Z	Z	 beyond the door. To a Blackwell, there was only one <font color=green>church</font> . The cemetery slumbered just behind it, and the way lay	NN	imaginative	2	1	4.09	0.5	1	church	imag	church	c1	there was;cemetery;door		number	NA	NA	yes	no	D	singular	no	no	no	no	no	no	no	no	no
church/NN/br-p12/1014	-0.381331801048596	0.344634140119562	church	NN	fiction_romance	D	D	DE	CDE	church%1:06:00::	D	D	DE	CDE	 Then they took a taxi to Trastevere.`` There 's a <font color=green>church</font>  you should see'', she said. And when they stood by	NN	imaginative	3	1	3.16	0.33	1	church	imag	church	c1	Trastevere;see;stood		a	NA	NA	yes	no	D	singular	no	no	no	no	no	no	no	no	no
church/NN/br-p12/1260	-0.0755697735587906	-0.0185969128270314	church	NN	fiction_romance	E	E	DE	CDE	church%1:04:00::	E	E	DE	CDE	 snuggled against him, he wondered if she ever went to <font color=green>church</font> . Why did he want her to go to church? he	NN	imaginative	2	0	3.46	0	1	church	imag	church	c3	went to;go to		none	NA	NA	yes	no	E	singular	no	no	no	no	no	no	no	yes	no
church/NN/br-p12/1270	-0.0755697735587906	-0.0185969128270314	church	NN	fiction_romance	E	E	DE	CDE	church%1:04:00::	E	E	DE	CDE	 to church. Why did he want her to go to <font color=green>church</font> ? he wondered. Probably because it was a place where she	NN	imaginative	2	0	3.46	0	1	church	imag	church	c3	go to		none	NA	NA	yes	no	E	singular	no	no	no	no	no	no	no	yes	no
church/NN/br-p12/1433	0.0251677381144833	-0.156702460906699	church	NN	fiction_romance	C	C	C	CDE	church%1:04:00::	E	E	DE	CDE	 woman though, she would take only what she needed from <font color=green>church</font> . It was too bad he was n't a Catholic himself	NN	imaginative	3	1	4.38	0.33	1	church	imag	church	d	needed from;Catholic	mass use	none	NA	NA	no	no	?	singular	no	no	no	no	no	no	no	NA	no
church/NNP/br-a17/2134	-0.197773956512457	0.316773995839782	church	NNP	press_reportage	D	D	DE	CDE	Z	Z	Z	Z	Z	 at the ceremony in Slaughter Chapel of the First Baptist <font color=green>Church</font> . Dan Beam presented music and the bride was given in	NNP	informative	2	0	3.88	0	2	Church	others	Church	c1	ceremony;Slaughter Chapel of;the First Baptist;bride		the	First Baptist	NA	yes	yes	D	singular	yes	no	no	no	no	yes	no	no	no
church/NNP/br-a18/760	-0.212432133397001	0.248222444314949	church	NNP	press_reportage	C	C	C	CDE	Z	Z	Z	Z	Z	 the party. The women 's committee of St. David 's <font color=green>Church</font>  will hold its annual pre-Fair pink parade, a dessert bridge	NNP	informative	5	1	3.37	0.2	3	Church	others	Church	c2	women’s committee of;St. David’s;hold		none	St. David’s	NA	yes	no	C	singular	yes	no	no	no	yes	no	yes	no	no
church/NNP/br-a31/2143	-0.143196377789743	0.332235046909598	church	NNP	press_reportage	C	C	C	CDE	Z	Z	Z	Z	Z	 7: 45 p. m.. The outstanding family of Central Nazarene <font color=green>Church</font>  will be picked by ballot from among eight families during	NNP	informative	3	0	3.96	0	2	Church	others	Church	c2	family of;Central Nazerene		none	Central Nazarene	NA	yes	no	C	singular	yes	no	no	yes	yes	no	yes	no	no
church/NNP/br-a35/810	0.388148906512889	0.174737379158056	church	NNP	press_reportage	A	A	AB	AB	Z	Z	Z	Z	Z	 deserves closer scrutiny. For while the past needs of the <font color=green>Church</font>  in this country may have been adequately met by collegiate	NNP	informative	2	0	4.06	0	2	Church	others	Church	a2	needs of the;in this country	Capital letter and definiteness	the	NA	NA	no	yes	A	singular	yes	no	no	no	no	no	no	NA	yes
church/NNP/br-b08/1804	-0.141794244095882	0.124209600652302	church	NNP	press_editorial	C	C	C	CDE	Z	Z	Z	Z	Z	 his letter of resignation as rector of St. Luke 's <font color=green>Church</font>  in Atlanta. It was the cry of not just one	NNP	informative	3	1	3.28	0.33	3	Church	others	Church	c2	rector of;St. Luke’s;in Atlanta		none	St. Luke’s	NA	yes	no	C	singular	yes	no	no	no	yes	no	yes	no	no
church/NNP/br-b12/2221	0.00993552956694183	-0.00573825784767019	church	NNP	press_editorial	B	B	AB	AB	Z	Z	Z	Z	Z	 committee made up of representatives of the Church of England, <font color=green>Church</font>  of Scotland, Methodist Church, Congregational Union, Baptist Union, Presbyterian Church	NNP	informative	9	3	4.12	0.33	3	Church	others	Church	a2	of Scotland		the	NA	of Scotland	no	yes	B	singular	yes	yes	no	no	no	no	no	NA	yes
church/NNP/br-b22/1077	0.091289871469986	-0.159125852122126	church	NNP	press_editorial	A	A	AB	AB	Z	Z	Z	Z	Z	 that Pope John sees the renewal and purification of the <font color=green>Church</font>  as an absolutely necessary step toward Christian unity. Far from	NNP	informative	5	1	3.72	0.2	3	Church	others	Church	a2	Pope John;renewal;purification;Christian unity	Capital letter and definiteness	the	NA	NA	no	yes	A	singular	yes	no	no	no	no	no	no	NA	yes
church/NNP/br-b22/1102	0.22042589139974	0.223485757176889	church	NNP	press_editorial	A	A	AB	AB	Z	Z	Z	Z	Z	 to the ecumenical task, the Pontiff believes that a revivified <font color=green>Church</font>  is required in order that the whole world may see	NNP	informative	5	0	3.19	0	2	Church	others	Church	a1	ecumenical task;Pontiff;revivified		a	revivified	NA	no	no	A	singular	yes	no	yes	no	no	no	no	NA	yes
church/NNP/br-b22/1154	0.122165281104192	-0.212522451731397	church	NNP	press_editorial	A	A	AB	AB	Z	Z	Z	Z	Z	 be to remove as far as possible whatever in the <font color=green>Church</font>  today stands in the way of unity. Secondly, a whole	NNP	informative	1	1	4.11	1	1	Church	others	Church	a1	unity	Capital letter and definiteness	the	NA	NA	no	yes	A	singular	yes	no	no	no	no	no	no	NA	yes
church/NNP/br-b22/1193	0.0899037834991094	-0.169188511759626	church	NNP	press_editorial	A	A	AB	AB	Z	Z	Z	Z	Z	 unity is still very much alive and growing within the <font color=green>Church</font> . The establishment, by the Holy Father, of a permanent Secretariat	NNP	informative	3	0	3.61	0	2	Church	others	Church	a2	within the	Capital letter and definiteness	the	NA	NA	no	yes	A	singular	yes	no	no	no	no	no	no	NA	yes
church/NNP/br-b22/1245	0.33281650044623	0.0973694295605802	church	NNP	press_editorial	B	B	AB	AB	Z	Z	Z	Z	Z	 Churches assembly in New Delhi as`` official'' observers reverses the <font color=green>Church</font>  's earlier stand. The public appeal by the new Vatican	NNP	informative	3	1	3.79	0.33	2	Church	others	Church	a2	assembly;stand;Vatican	Capital letter and definiteness	the	NA	NA	no	yes	B	singular	yes	no	no	no	no	no	no	NA	yes
church/NNP/br-b22/1318	0.0710928546886802	-0.010042782170698	church	NNP	press_editorial	B	B	AB	AB	Z	Z	Z	Z	Z	 as directly as anyone the new spirit that pervades the <font color=green>Church</font>  's stance toward the Protestant and Orthodox Churches. Noting all	NNP	informative	3	1	3.86	0.33	3	Church	others	Church	a2	spirit;pervades		the	NA	NA	no	yes	B	singular	yes	no	no	no	no	no	no	NA	yes
church/NNP/br-d03/1914	-0.0296303730461987	-0.0568727016475762	church	NNP	religion	B	B	AB	AB	group%1:03:00::	C	C	C	CDE	 the Observer depicting clergymen of the Church of England, the <font color=green>Church</font>  of Rome and the Nonconformist Church. The Catholic priest, though	NNP	informative	5	2	4.41	0.4	5	Church	others	Church	a2	of Rome		the	NA	of Rome	no	yes	B	singular	yes	yes	no	no	no	no	no	NA	yes
church/NNP/br-d03/1920	-0.0303839817143681	-0.0608096113457298	church	NNP	religion	B	B	AB	AB	group%1:03:00::	C	C	C	CDE	 Church of England, the Church of Rome and the Nonconformist <font color=green>Church</font> . The Catholic priest, though somewhat superficially drawn, easily came out	NNP	informative	5	3	4.51	0.6	4	Church	others	Church	a2	Nonconformist		the	Nonconformist	NA	no	yes	B	singular	yes	no	no	no	no	yes	no	NA	yes
church/NNP/br-d03/2022	-0.0744977332448757	-0.0939033443919323	church	NNP	religion	B	B	AB	AB	group%1:03:00::	C	C	C	CDE	 comments were equally made by an Anglican parson, a Free <font color=green>Church</font>  minister and a Catholic priest. Catholic priests have frequently appeared	NNP	informative	3	2	4.77	0.67	5	Church	others	Church	a2	Free;minister;Catholic;priest		NA	Free	NA	no	NA	B	singular	yes	no	no	no	no	yes	no	NA	yes
church/NNP/br-d03/91	0.12722075369626	-0.124446748660913	church	NNP	religion	A	A	AB	AB	group%1:03:00::	C	C	C	CDE	 the religious sphere so popularly discussed as Christian unity. The <font color=green>Church</font>  Unity Octave, January 18- 25, was enthusiastically devoted to prayer	NNP	informative	5	1	3.68	0.2	3	Church	others	Church	a1	Unity Octave;Christian unity		NA	NA	NA	no	NA	A	singular	yes	no	no	no	no	no	no	NA	yes
church/NNP/br-d05/1515	-0.0863492019320721	0.0695361370981383	church	NNP	religion	C	C	C	CDE	Z	Z	Z	Z	Z	 the world-at-large, disguised as the minister of a`` twenty-eighth Congregational <font color=green>Church</font> '' which bore no resemblance to the Congregational polities descended from	NNP	informative	2	3	4.42	1.5	6	Church	others	Church	b	minister;twenty-eighth Congreagtional		a	twenty-eighth Congregational	NA	no	no	C	singular	yes	no	no	no	no	yes	yes	no	yes
church/NNP/br-d05/207	-0.371610849422548	-0.274118757431117	church	NNP	religion	C	C	C	CDE	Z	Z	Z	Z	Z	 existed for their returning the Public Lecture to the First <font color=green>Church</font> , and so to suppress it, rather than let Parker use	NNP	informative	2	1	3.97	0.5	1	Church	others	Church	c3	Public lecture;First	I understand the ‘Public Lecture’ is an activity, part of or related to the service	the	First	NA	yes	yes	?	singular	yes	no	no	no	no	yes	no	yes	no
church/NNP/br-d09/1115	0.0385788852578143	0.059524561016176	church	NNP	religion	A	A	AB	AB	Z	Z	Z	Z	Z	 Reception Service. There is a growing conviction among pastors and <font color=green>Church</font>  leaders that all those who come into the fellowship of	NNP	informative	3	1	4.08	0.33	2	Church	others	Church	a2	pastors;leaders		none	NA	NA	no	no	A	singular	yes	no	no	no	no	no	no	NA	yes
church/NNP/br-d09/1127	-0.00335006744054439	0.165703690641606	church	NNP	religion	C	C	C	CDE	Z	Z	Z	Z	Z	 that all those who come into the fellowship of the <font color=green>Church</font>  need preparatory training, including those coming by transfer of membership	NNP	informative	3	1	4.13	0.33	2	Church	others	Church	b	fellowship of the;preparatory training;membership	Capital letter and definiteness	the	NA	NA	no	yes	A	singular	yes	no	no	no	no	no	yes	no	yes
church/NNP/br-d09/1156	-0.0390723987173102	0.401473183271082	church	NNP	religion	A	A	AB	AB	Z	Z	Z	Z	Z	 There is danger in trying to make admission to the <font color=green>Church</font>  so easy and painless that people will scarcely know that	NNP	informative	1	1	3.79	1	2	Church	others	Church	a2	admission to the		the	NA	NA	no	yes	A	singular	yes	no	no	no	no	no	no	NA	yes
church/NNP/br-d09/129	-0.0105911318499068	0.0642497826995166	church	NNP	religion	A	A	AB	AB	Z	Z	Z	Z	Z	 one-third of those visited make commitments to Christ and the <font color=green>Church</font> . The pastor and the Membership Preparation and Assimilation Committee must	NNP	informative	2	1	4.01	0.5	5	Church	others	Church	a1	commitments to;Christe;Membership Preparation	Capital letter and definiteness	the	NA	NA	no	yes	A	singular	yes	no	no	no	no	no	no	NA	yes
church/NNP/br-d09/1297	-0.00164325352989634	0.0531284315135704	church	NNP	religion	B	B	AB	AB	Z	Z	Z	Z	Z	 faith and to be received into the fellowship of the <font color=green>Church</font> . This should be a high moment in their lives, a	NNP	informative	2	1	4.19	0.5	3	Church	others	Church	a2	received into the fellowship of	Capital letter and definiteness	the	NA	NA	no	yes	A	singular	yes	no	no	no	no	no	no	NA	yes
church/NNP/br-d09/1404	0.350386961070923	-0.101387827909829	church	NNP	religion	A	A	AB	AB	Z	Z	Z	Z	Z	 to determine the attitude of the new members toward the <font color=green>Church</font> . It can mean the difference between participation and inaction, spiritual	NNP	informative	5	1	3.95	0.2	1	Church	others	Church	a2	members;attitude		the	NA	NA	no	yes	A	singular	yes	no	no	no	no	no	no	NA	yes
church/NNP/br-d09/1436	0.433039111303369	-0.0140795455087995	church	NNP	religion	A	A	AB	AB	Z	Z	Z	Z	Z	 natural and logical time to receive new members into the <font color=green>Church</font> . The atmosphere for this momentous experience can be created most	NNP	informative	3	0	3.61	0	1	Church	others	Church	a2	members;receive	Capital letter and definiteness	the	NA	NA	no	yes	?	singular	yes	no	no	no	no	no	no	NA	yes
church/NNP/br-d09/172	0.0887518290050023	-0.00945028984385069	church	NNP	religion	A	A	AB	AB	Z	Z	Z	Z	Z	 determine their interest and participation in the life of the <font color=green>Church</font> . Neglect means spiritual paralysis or death. Churches that have a	NNP	informative	3	1	3.62	0.33	2	Church	others	Church	d	life of the;participation;spiritual	Capital letter and definiteness	the	NA	NA	no	yes	A	singular	yes	no	no	no	no	no	no	NA	no
church/NNP/br-d09/1774	-0.0729860476132547	0.237377503259613	church	NNP	religion	C	C	C	CDE	Z	Z	Z	Z	Z	 that nearly 40 per cent of those who joined the <font color=green>Church</font>  were lost to the Church within seven years. One denomination	NNP	informative	3	1	3.37	0.33	1	Church	others	Church	a2	jointed the;lost;denomination	Capital letter and definiteness	the	NA	NA	no	yes	A	singular	yes	no	no	no	no	no	no	NA	yes
church/NNP/br-d09/1779	0.000754604738955295	0.10048663996829	church	NNP	religion	C	C	C	CDE	Z	Z	Z	Z	Z	 of those who joined the Church were lost to the <font color=green>Church</font>  within seven years. One denomination had a membership of 1419833	NNP	informative	4	2	3.98	0.5	2	Church	others	Church	a2	joined;lost;denomination	Capital letter and definiteness	the	NA	NA	no	yes	?	singular	yes	no	no	no	no	no	no	NA	yes
church/NNP/br-d09/2131	0.0554917236628821	0.0543077672700403	church	NNP	religion	A	A	AB	AB	Z	Z	Z	Z	Z	 the meaning of Christian discipleship. When they unite with the <font color=green>Church</font>  they must find in this fellowship the satisfaction of their	NNP	informative	3	1	4.5	0.33	3	Church	others	Church	a2	unite with the;fellowship	Capital letter and definiteness	the	NA	NA	no	yes	A	singular	yes	no	no	no	no	no	no	NA	yes
church/NNP/br-d09/2155	0.0589802733968345	-0.281042435490445	church	NNP	religion	A	A	AB	AB	Z	Z	Z	Z	Z	 needs or they will never mature into effective Christians. The <font color=green>Church</font>  expects certain things of those who become members. The new	NNP	informative	5	2	3.92	0.4	2	Church	others	Church	a2	expects;members;effective Christians	capital letter, definiteness, agent	the	NA	NA	no	yes	A	singular	yes	no	no	no	no	no	no	NA	yes
church/NNP/br-d09/231	0.232458187934324	0.00125757315435721	church	NNP	religion	A	A	AB	AB	Z	Z	Z	Z	Z	 It is important that persons desiring to unite with the <font color=green>Church</font>  be prepared for this experience so that it may be	NNP	informative	3	1	4.4	0.33	2	Church	others	Church	a2	unite with the;persons		the	NA	NA	no	yes	A	singular	yes	no	no	no	no	no	no	NA	yes
church/NNP/br-d09/262	0.0171753656816434	0.0645505768781933	church	NNP	religion	A	A	AB	AB	Z	Z	Z	Z	Z	 to ask a person to take the sacred vows of <font color=green>Church</font>  membership before he has been carefully instructed concerning their implications	NNP	informative	5	4	4.35	0.8	5	Church	others	Church	b	sacred vows of;membership		NA	NA	NA	no	NA	A	singular	yes	no	no	no	no	no	yes	no	yes
church/NNP/br-d09/276	0.017394665294491	0.0895232265920488	church	NNP	religion	B	B	AB	AB	Z	Z	Z	Z	Z	 he has been carefully instructed concerning their implications. Preparation for <font color=green>Church</font>  membership begins immediately after the commitment is received. The pastor	NNP	informative	4	1	4.26	0.25	5	Church	others	Church	b	membership;commitment;pastor	capital letter but as modifier	NA	NA	NA	no	NA	B	singular	yes	no	no	no	no	no	yes	no	yes
church/NNP/br-d09/39	0.288943506150346	-0.189900268854419	church	NNP	religion	A	A	AB	AB	Z	Z	Z	Z	Z	 to achieve Christian stature, it is an indictment of the <font color=green>Church</font> . These fatalities are dramatic evidence of`` halfway evangelism'', a failure	NNP	informative	4	2	4.25	0.5	2	Church	others	Church	a2	indictment of the;evangelism		the	NA	NA	no	yes	A	singular	yes	no	no	no	no	no	no	NA	yes
church/NNP/br-d09/515	-0.0386321768516021	0.091019235531473	church	NNP	religion	A	A	AB	AB	Z	Z	Z	Z	Z	 require more. None should ask less. Those who join the <font color=green>Church</font>  need to be instructed in the faith and the meaning	NNP	informative	3	3	4.02	1	3	Church	others	Church	a2	join;instructed in the faith	Capital letter and definiteness	the	NA	NA	no	yes	A	singular	yes	no	no	no	no	no	no	NA	yes
church/NNP/br-d09/544	0.0315067378691367	0.0825795081464384	church	NNP	religion	A	A	AB	AB	Z	Z	Z	Z	Z	 sacred vows. They will have a greater appreciation for the <font color=green>Church</font>  and a deeper devotion to it if membership requires something	NNP	informative	2	1	4.04	0.5	3	Church	others	Church	a2	appreciation for the;deeper devotion to;membership	Capital letter and definiteness	the	NA	NA	no	yes	A	singular	yes	no	no	no	no	no	no	NA	yes
church/NNP/br-d09/6	-0.0397092021364712	0.194635998577732	church	NNP	religion	A	A	AB	AB	Z	Z	Z	Z	Z	 Few persons who join the <font color=green>Church</font>  are insincere. They earnestly desire to do the will of	NNP	informative	2	1	3.74	0.5	2	Church	others	Church	a2	join the		the	NA	NA	no	yes	A	singular	yes	no	no	no	no	no	no	NA	yes
church/NNP/br-d09/624	0.0200347435497961	0.0420440334928455	church	NNP	religion	C	C	C	CDE	Z	Z	Z	Z	Z	 cover four major areas: The Christian Faith History of the <font color=green>Church</font>  Duties of Church Membership The Local Church and Its Program	NNP	informative	4	2	4.24	0.5	3	Church	others	Church	a2	History of the	Capital letter, but it could be because it’s a title	the	NA	NA	no	yes	A	singular	yes	no	no	no	no	no	no	NA	yes
church/NNP/br-d09/627	0.0140135296449623	0.0412759867073972	church	NNP	religion	C	C	C	CDE	Z	Z	Z	Z	Z	 areas: The Christian Faith History of the Church Duties of <font color=green>Church</font>  Membership The Local Church and Its Program Following each instruction	NNP	informative	4	2	4.28	0.5	4	Church	others	Church	b	Duties of;Membership	Capital letter, but it could be because it’s a title	NA	NA	NA	no	NA	?	singular	yes	no	no	no	no	no	yes	no	yes
church/NNP/br-d09/631	0.00926232498039435	0.0824926268576936	church	NNP	religion	C	C	C	CDE	Z	Z	Z	Z	Z	 History of the Church Duties of Church Membership The Local <font color=green>Church</font>  and Its Program Following each instruction period a piece of	NNP	informative	4	2	4.49	0.5	3	Church	others	Church	b	The Local;Its Program		the	local	NA	no	yes	C	singular	yes	no	yes	no	no	no	yes	no	yes
church/NNP/br-d14/1311	-0.0458260908423725	-0.073448007208255	church	NNP	religion	B	B	AB	AB	Z	Z	Z	Z	Z	 men and women of New England ancestry also issued the <font color=green>Church</font>  of Jesus Christ of Latter Day Saints, the Seventh Day	NNP	informative	7	1	3.39	0.14	2	Church	others	Church	a2	of Jesus Christ of Latter Day Saints		the	NA	of Jesus Christ of Latter Day Saints	no	yes	B	singular	yes	yes	no	no	no	no	no	NA	yes
church/NNP/br-e13/1916	-0.365506776990762	0.279213079961905	church	NNP	skill_and_hobbies	D	D	DE	CDE	Z	Z	Z	Z	Z	 a road toward another gate in the distance, past the <font color=green>Church</font>  of St. Irene, completed by Constantine in 330 A. D.	NNP	informative	3	1	3.61	0.33	1	Church	tech	Church	c1	road;gate;past		the	NA	of St. Irene	yes	yes	D	singular	yes	yes	no	no	no	no	no	no	no
church/NNP/br-g02/1539	0.0304830239393859	-0.14504777312787	church	NNP	belles_lettres	A	A	AB	AB	Z	Z	Z	Z	Z	 and influence of such other claimants for loyalty as the <font color=green>Church</font> . The breakup of the Holy Roman Empire and the downfall	NNP	informative	4	2	3.49	0.5	2	Church	others	Church	a2	claimants for loyalty;Holy Roman Empire	Capital letter and definiteness	the	NA	NA	no	yes	A	singular	yes	no	no	no	no	no	no	NA	yes
church/NNP/br-j25/691	0.245915592458309	-0.0912574359899625	church	NNP	learned	B	B	AB	AB	Z	Z	Z	Z	Z	 indicators of expected adherence to group norms. However, because of <font color=green>Church</font>  laws, lately more stringently enforced, which forbid the marriage of	NNP	informative	5	3	3.76	0.6	3	Church	tech	Church	a2	laws		none	NA	NA	no	no	B	singular	yes	no	no	no	no	no	no	NA	yes
church/NNP/br-j57/304	-0.0994176635357615	-0.105157944106431	church	NNP	learned	B	B	AB	AB	group%1:03:00::	C	C	C	CDE	 Indeed, it is even surprising in the Canon of Christ <font color=green>Church</font>  and Regius Professor of Ecclesiastical History, who fathered this most	NNP	informative	3	1	3.5	0.33	3	Church	tech	Church	a2	Canon of Christ	definiteness and specifier	the	Canon of Christ	NA	no	yes	?	singular	yes	no	no	no	no	yes	no	NA	yes
church/NNP/br-k04/233	-0.197572135378574	0.211603301672669	church	NNP	fiction_gral	D	D	DE	CDE	group%1:03:00::	C	C	C	CDE	 of this crowded region was the Allen African Methodist Episcopal <font color=green>Church</font> . It was an old and dirty wooden structure, sadly in	NNP	imaginative	4	1	3.72	0.25	3	Church	imag	Church	c1	crowded region;Allen African Methodist Episcopal;old and dirty;wooden structure		the	Allen African Methodist Episcopal	NA	yes	yes	D	singular	yes	no	no	no	yes	yes	no	no	no
church/NNP/br-k06/1930	0.0813242304078803	0.0318095678303682	church	NNP	fiction_gral	D	D	DE	CDE	group%1:03:00::	C	C	C	CDE	 strike the steeples of the other churches; not of Drew <font color=green>Church</font> . A flash illumined the trees as a crooked bolt twigged	NNP	imaginative	2	0	3.7	0	2	Church	imag	Church	c1	steeples;Drew		none	Drew	NA	yes	no	D	singular	yes	no	no	no	yes	no	no	no	no
church/NNP/br-k06/714	-0.125307507267805	-0.0456271197874551	church	NNP	fiction_gral	D	D	DE	CDE	group%1:03:00::	C	C	C	CDE	 and its own school was on Main Street; the Episcopal <font color=green>Church</font>  was one block down Sussex Street; the Catholic Saint Mary's	NNP	imaginative	4	1	4.16	0.25	2	Church	imag	Church	c1	Episcopal;Main Street;Sussex Street;block down		the	Episcopal	NA	yes	yes	D	singular	yes	no	no	no	no	yes	no	no	no
church/NNP/br-k06/726	-0.115752057644237	-0.0390070044313513	church	NNP	fiction_gral	D	D	DE	CDE	group%1:03:00::	C	C	C	CDE	 was one block down Sussex Street; the Catholic Saint Mary's <font color=green>Church</font> , with an even taller steeple and a cross on top	NNP	imaginative	5	1	4.1	0.2	3	Church	imag	Church	c1	Sussex Street;the Catholic Saint Mary’s;steeple;cross on top		the	Catholic Saint Mary’s	NA	yes	yes	D	singular	yes	no	no	no	yes	yes	no	no	no
church/NNP/br-k06/841	-0.259460265218685	-0.0727072132534652	church	NNP	fiction_gral	D	D	DE	CDE	group%1:03:00::	C	C	C	CDE	 became familiar with God, who resided chiefly in Drew Centennial <font color=green>Church</font>  with its high steeple and clock. There was no church	NNP	imaginative	3	1	4.13	0.33	2	Church	imag	Church	c1	resided;steeple;clock		none	Drew Centennial	NA	yes	no	D	singular	yes	no	no	no	yes	no	no	no	no
church/NNP/br-k06/855	-0.23862638602675	-0.0361160061579954	church	NNP	fiction_gral	D	D	DE	CDE	group%1:03:00::	C	C	C	CDE	 high steeple and clock. There was no church like Drew <font color=green>Church</font> , no preacher like Papa, who was intimate with Him, and	NNP	imaginative	2	1	4.02	0.5	4	Church	imag	Church	c1	steeple;clock;Drew;there was		none	Drew	NA	yes	no	D	singular	yes	no	no	no	yes	no	no	no	no
church/NNP/br-k10/1229	0.23106205039334	-0.043525511824176	church	NNP	fiction_gral	B	B	AB	AB	group%1:03:00::	C	C	C	CDE	 smashing images and tearing down symbols sacred to the Old <font color=green>Church</font> . John found it difficult, but he held him in check	NNP	imaginative	4	3	3.82	0.75	5	Church	imag	Church	a1	symbols;sacred to;the Old	capital letter, definiteness, modifier; the modifier is ‘old’, which with all lower case tends to refer to the building	the	Old	NA	no	yes	B	singular	yes	no	no	no	no	yes	no	NA	yes
church/NNS/br-a09/1417	0.0717352452316981	0.200577823376445	church	NNS	press_reportage	D	D	DE	CDE	Z	Z	Z	Z	Z	 will feature row houses, garden apartments, four small parks, schools, <font color=green>churches</font> , a shopping center and several small clusters of stores. The	NNS	informative	7	3	3.28	0.43	3	churches	others	churches	c1	houses;apartments;parks;schools;shopping center;stores	lower case, no definiteness, plurality and contrast to other kinds of buildings	none	NA	NA	yes	no	D	plural	no	no	no	no	no	no	no	no	no
church/NNS/br-a10/1831	0.267840537854776	0.360399640385768	church	NNS	press_reportage	C	C	C	CDE	Z	Z	Z	Z	Z	 with this challenge''.`` In 35 years we have opened 7000 <font color=green>churches</font> '', the Rev. Mr. Brandt said, adding that the denomination had	NNS	informative	3	0	4.56	0	1	churches	others	churches	b	opened 7000;denomination		number	NA	NA	no	no	C	plural	no	no	no	no	no	no	yes	no	yes
church/NNS/br-a10/1918	0.267840537854783	0.36039964038578	church	NNS	press_reportage	C	C	C	CDE	Z	Z	Z	Z	Z	 Brandt suggested the vision of 8000 new Assemblies of God <font color=green>churches</font>  in the next 10 years. To accomplish this would necessitate	NNS	informative	3	0	4.56	0	1	churches	others	churches	b	new;Assemblies of God		number	new;Assemblies of God	NA	no	no	C	plural	no	no	yes	no	no	yes	yes	no	yes
church/NNS/br-a10/1980	0.0980133594088919	0.0224605424835795	church	NNS	press_reportage	C	C	C	CDE	Z	Z	Z	Z	Z	 includes: Encouraging by every means, all existing Assemblies of God <font color=green>churches</font>  to start new churches. Engaging mature, experienced men to pioneer	NNS	informative	6	0	4.07	0	5	churches	others	churches	b	Assemblies of God;start new churches		all	existing Assemblies of God	NA	no	yes	C	plural	no	no	yes	no	no	yes	yes	no	yes
church/NNS/br-a10/1984	0.0980133594088919	0.0224605424835795	church	NNS	press_reportage	C	C	C	CDE	Z	Z	Z	Z	Z	 means, all existing Assemblies of God churches to start new <font color=green>churches</font> . Engaging mature, experienced men to pioneer or open new churches	NNS	informative	6	1	4.07	0.17	5	churches	others	churches	b	Assemblies of God;start new;pioneer;open new		none	new	NA	no	no	C	plural	no	no	yes	no	no	no	yes	no	yes
church/NNS/br-a10/1996	0.187627989778836	0.119212133767508	church	NNS	press_reportage	C	C	C	CDE	Z	Z	Z	Z	Z	 churches. Engaging mature, experienced men to pioneer or open new <font color=green>churches</font>  in strategic population centers. Surrounding pioneer pastors with vocational volunteers	NNS	informative	7	0	4.25	0	5	churches	others	churches	b	pioneer;open new;population centers		none	new	NA	no	no	C	plural	no	no	yes	no	no	no	yes	no	yes
church/NNS/br-a10/2022	0.156455887744505	0.184855892760788	church	NNS	press_reportage	C	C	C	CDE	Z	Z	Z	Z	Z	 will be urged to move into the area of new <font color=green>churches</font>  in the interest of lending their support to the new	NNS	informative	2	0	3.3	0	2	churches	others	churches	b	new		none	new;Assemblies of God	NA	no	no	C	plural	no	no	yes	no	no	yes	yes	no	yes
church/NNS/br-a10/2051	0.0984263806328031	0.465330580578109	church	NNS	press_reportage	C	C	C	CDE	Z	Z	Z	Z	Z	 to spend from 6- 12 months as apprentices in well-established <font color=green>churches</font> . U. S. Dist. Judge Charles L. Powell denied all motions	NNS	informative	2	0	3.51	0	1	churches	others	churches	b	apprentices		none	well-established	NA	no	no	C	plural	no	no	yes	no	no	no	yes	no	yes
church/NNS/br-a31/1594	0.287823740242534	0.166135917779199	church	NNS	press_reportage	C	C	C	CDE	Z	Z	Z	Z	Z	 than 300 top teenagers and 65 adult advisers from Presbyterian <font color=green>churches</font>  of the area sat enthralled at the four-hour program. This	NNS	informative	4	1	3.57	0.25	2	churches	others	churches	b	Presbyterian;of the area;program;teenagers;adult advisers	modifier and plurality	none	Presbyterian	NA	no	no	C	plural	no	no	no	no	no	yes	yes	no	yes
church/NNS/br-a31/1806	0.0848667772889087	0.367797268023925	church	NNS	press_reportage	D	D	DE	CDE	Z	Z	Z	Z	Z	 special services marking National Christian Family Week in Miami area <font color=green>churches</font>  next week. Of particular meaning to the Charles MacWhorter family	NNS	informative	4	0	3.15	0	1	churches	others	churches	c2	Miami area;Chirstian Family Week		none	Miami area	NA	yes	no	D	plural	no	no	no	yes	no	no	yes	no	no
church/NNS/br-b04/1480	0.0351794119930709	0.181672796473201	church	NNS	press_editorial	C	C	C	CDE	Z	Z	Z	Z	Z	 his money and his name: Does it assail schools and <font color=green>churches</font>  with blanket accusations? Does it attack other traditional American institutions	NNS	informative	4	1	3.12	0.25	3	churches	others	churches	b	schools	lower case, no definiteness, plurality, contrasted to another organization (schools, which CAN ALSO BE A BUILDING)	none	NA	NA	no	no	C	plural	no	no	no	no	no	no	yes	no	yes
church/NNS/br-b12/2239	0.0444068192179624	-0.00738164068644149	church	NNS	press_editorial	B	B	AB	AB	Z	Z	Z	Z	Z	 Methodist Church, Congregational Union, Baptist Union, Presbyterian Church of England, <font color=green>Churches</font>  in Wales, Churches in Ireland, Society of Friends, British and	NNPS	informative	7	0	3.34	0	2	Churches	others	Churches	a2	in Wales		the	NA	in Wales	no	yes	B	plural	yes	yes	no	no	no	no	no	NA	yes
church/NNS/br-b12/2243	0.0444068192179624	-0.00738164068644149	church	NNS	press_editorial	B	B	AB	AB	Z	Z	Z	Z	Z	 Union, Baptist Union, Presbyterian Church of England, Churches in Wales, <font color=green>Churches</font>  in Ireland, Society of Friends, British and Foreign Bible Society	NNPS	informative	2	0	3.34	0	2	Churches	others	Churches	a2	in Ireland		none	NA	in Ireland	no	no	B	plural	yes	yes	no	no	no	no	no	NA	yes
church/NNS/br-b22/1233	0.168885509356596	0.0456029798170604	church	NNS	press_editorial	B	B	AB	AB	Z	Z	Z	Z	Z	 of five Catholic theologians to attend the World Council of <font color=green>Churches</font>  assembly in New Delhi as`` official'' observers reverses the Church	NNPS	informative	5	1	3.26	0.2	3	Churches	others	Churches	a2	Catholic theologians;World Council of;assembly		none	NA	NA	no	no	B	plural	yes	no	no	no	no	no	no	NA	yes
church/NNS/br-b22/1326	0.15121864106201	-0.15395102982374	church	NNS	press_editorial	B	B	AB	AB	Z	Z	Z	Z	Z	 pervades the Church 's stance toward the Protestant and Orthodox <font color=green>Churches</font> . Noting all the difficulties that stand in the way of	NNPS	informative	2	1	4.53	0.5	2	Churches	others	Churches	a2	Protestant;Orthodox	capital letter, definiteness, plurality	the	Protestant and Orthodox	NA	no	yes	B	plural	yes	no	no	no	no	no	no	NA	yes
church/NNS/br-c08/1853	0.228454713451468	0.124496972980716	church	NNS	press_reviews	C	C	C	CDE	Z	Z	Z	Z	Z	 the early jazz forms and the music of the Negro <font color=green>churches</font> . To help him on this religious aspect of primitive jazz	NNS	informative	4	0	3.1	0	2	churches	others	churches	c2	Negro;music;jazz		the	Negro	NA	yes	yes	C	plural	no	no	no	no	no	yes	yes	no	no
church/NNS/br-d02/548	0.4505507112563	-0.124953100050014	church	NNS	religion	B	B	AB	AB	church%1:14:00::	B	B	AB	AB	 observed to characterize the preaching and teaching of the American <font color=green>churches</font> . In the absence of a truly adequate conceptuality in which	NNS	informative	3	0	3.47	0	1	churches	others	churches	b	American;preaching;teaching		the	American	NA	no	yes	B	plural	no	no	yes	no	no	no	yes	no	yes
church/NNS/br-d03/1027	0.0359088242897936	-0.121568748756837	church	NNS	religion	D	D	DE	CDE	church%1:06:00::	D	D	DE	CDE	 as warehouses, but`` neither Anglicans nor Nonconformists object to selling <font color=green>churches</font>  to Roman Catholics'', and have done so. While it must	NNS	informative	2	0	3.95	0	2	churches	others	churches	c1	selling;warehouses		none	NA	NA	yes	no	D	plural	no	no	no	no	no	no	no	no	no
church/NNS/br-d03/1051	0.194560080996702	-0.0645721147762706	church	NNS	religion	D	D	DE	CDE	church%1:06:00::	D	D	DE	CDE	 be said that these same Protestants have built some new <font color=green>churches</font>  during this period, and that religious population shifts have emptied	NNS	informative	4	1	3.44	0.25	2	churches	others	churches	c1	Protestants;built;new;emptied		some	new	NA	yes	no	D	plural	no	no	yes	no	no	no	no	no	no
church/NNS/br-d03/1063	0.341475589899732	0.0419111094058125	church	NNS	religion	C	C	C	CDE	church%1:06:00::	D	D	DE	CDE	 during this period, and that religious population shifts have emptied <font color=green>churches</font> , a principal reason for this phenomenon of redundancy is that	NNS	informative	5	2	3.7	0.4	2	churches	others	churches	c3	religious population shifts;emptied;redundancy		none	NA	NA	yes	no	?	plural	no	no	no	no	no	no	no	yes	no
church/NNS/br-d03/110	0.156826642735708	0.020795896061696	church	NNS	religion	C	C	C	CDE	church%1:14:00::	B	B	AB	AB	 was enthusiastically devoted to prayer and discussion by the various <font color=green>churches</font> . Many people seem hopeful, yet it is difficult to predict	NNS	informative	5	2	3.45	0.4	2	churches	others	churches	a2	devoted to prayer;various		the	various	NA	no	yes	C	plural	no	no	yes	no	no	no	no	NA	yes
church/NNS/br-d03/1472	-0.126815740071223	-0.106310401072571	church	NNS	religion	E	E	DE	CDE	church%1:06:00::	D	D	DE	CDE	 thy Son''. A hymn often to be heard in Catholic <font color=green>churches</font>  is`` Faith of our Fathers'', which glories in England 's	NNS	informative	3	1	3.02	0.33	1	churches	others	churches	c3	hymn;heard in;Catholic;England		none	Catholic	NA	yes	no	D	plural	no	no	no	no	no	yes	no	yes	no
church/NNS/br-d03/1884	0.0325351813992941	-0.0331407834279023	church	NNS	religion	B	B	AB	AB	church%1:14:00::	B	B	AB	AB	 at least of equal stature in England with the Protestant <font color=green>churches</font> . On successive Sundays during October, 1960, Paul Ferris( a non-Catholic	NNS	informative	2	2	3.53	1	4	churches	others	churches	b	Protestant	I think this continues another occurrence, in which the Catholic church is compared to the protestant churches	the	Protestant	NA	no	yes	B	plural	no	no	no	no	no	yes	yes	no	yes
church/NNS/br-d03/313	0.00367215189053066	-0.0897009057498959	church	NNS	religion	B	B	AB	AB	anglican_church%1:14:00::	B2	B	AB	AB	 saying and writing and implying about the Roman and Anglican <font color=green>Churches</font>  and about the present religious state of England. Since the	NNPS	informative	5	2	3.76	0.4	2	Churches	others	Churches	a2	Roman and Anglican;religious state of England	capital letter, definiteness, plurality	the	Roman and Anglican	NA	no	yes	B	plural	yes	no	no	no	no	yes	no	NA	yes
church/NNS/br-d03/35	0.0292347488533627	-0.0487795393727204	church	NNS	religion	B	B	AB	AB	anglican_church%1:14:00::	B2	B	AB	AB	 efforts of only unauthorized individuals of the Roman and Anglican <font color=green>Churches</font> , and urging a communion of prayer unacceptable to Rome, this	NNPS	informative	5	2	3.81	0.4	3	Churches	others	Churches	a2	Roman;Anglican		the	Roman and Anglican	NA	no	yes	B	plural	yes	no	no	no	no	yes	no	NA	yes
church/NNS/br-d03/779	0.0798741977118576	-0.10462217250996	church	NNS	religion	D	D	DE	CDE	church%1:06:00::	D	D	DE	CDE	 less than ten. From many sides come remarks that Protestant <font color=green>churches</font>  are badly attended and the large medieval cathedrals look all	NNS	informative	4	1	3.99	0.25	2	churches	others	churches	c1	badly attended;large medieval cathedrals;Protestant	opposition to cathedrals	none	Protestant	NA	yes	no	D	plural	no	no	no	no	no	yes	no	no	no
church/NNS/br-d03/849	0.0462938161392601	0.0934294619011048	church	NNS	religion	C	C	C	CDE	church%1:06:00::	D	D	DE	CDE	 admit the great falling off in effective membership in their <font color=green>churches</font> . According to a newspaper report of the 1961 statistics of	NNS	informative	2	2	3.5	1	2	churches	others	churches	b	effective membership;their		their	NA	NA	no	yes	C	plural	no	no	no	no	no	no	yes	no	yes
church/NNS/br-d03/929	0.101801989331453	0.286476716216201	church	NNS	religion	C	C	C	CDE	church%1:06:00::	D	D	DE	CDE	 the Manchester Guardian of last November, entitled`` Fate of Redundant <font color=green>Churches</font> '', states than an Archbishops' Commission`` reported last month that in	NNPS	informative	2	0	3.35	0	2	Churches	others	Churches	c1	Redundant		the	Redundant	NA	yes	yes	D	plural	yes	no	yes	no	no	no	no	no	no
church/NNS/br-d03/952	-0.0652148768188583	-0.119622519009328	church	NNS	religion	C	C	C	CDE	church%1:06:00::	D	D	DE	CDE	 that in the Church of England alone there are 790 <font color=green>churches</font>  which are redundant now, or will be in 20 years	NNS	informative	3	1	3.12	0.33	1	churches	others	churches	c1	there are;redundant		number	NA	NA	yes	no	D	plural	no	no	no	no	no	no	no	no	no
church/NNS/br-d05/1536	0.41052055355006	-0.185433340194322	church	NNS	religion	C	C	C	CDE	Z	Z	Z	Z	Z	 descended from the founders( among which were still the Unitarian <font color=green>churches</font> ), made explicit from the beginning that the conflict between him	NNS	informative	1	0	3.64	0	1	churches	others	churches	a2	Unitarian		the	Unitarian	NA	no	yes	?	plural	no	no	no	no	no	yes	no	NA	yes
church/NNS/br-d09/1216	0.0785330084073903	0.160968728068228	church	NNS	religion	C	C	C	CDE	Z	Z	Z	Z	Z	 membership training, since this is a recent development in many <font color=green>churches</font> . Those coming from other denominations will welcome the opportunity to	NNS	informative	3	1	3.63	0.33	2	churches	others	churches	b	membership training;denominations		many	NA	NA	no	no	C	plural	no	no	no	no	no	no	yes	no	yes
church/NNS/br-d09/181	0.0224879811907752	0.123453864633182	church	NNS	religion	C	C	C	CDE	Z	Z	Z	Z	Z	 life of the Church. Neglect means spiritual paralysis or death. <font color=green>Churches</font>  that have a carefully planned program of membership preparation and	NNPS	informative	4	2	3.57	0.5	2	Churches	others	Churches	b	that have;planned program;membership		none	NA	NA	no	no	C	plural	yes	no	no	no	no	no	yes	no	yes
church/NNS/br-d09/1910	0.0334496429504735	0.119608985970518	church	NNS	religion	C	C	C	CDE	Z	Z	Z	Z	Z	 This problem is illustrated by the fact that many local <font color=green>churches</font>  drop from the active membership rolls each year as many	NNS	informative	4	1	3.68	0.25	1	churches	others	churches	b	local;membership rolls		many	local	NA	no	no	C	plural	no	no	yes	no	no	no	yes	no	yes
church/NNS/br-d09/1946	0.197722589830047	0.22935557647842	church	NNS	religion	C	C	C	CDE	Z	Z	Z	Z	Z	 some areas where population is expanding, show that numbers of <font color=green>churches</font>  have had little net increase, though many new members were	NNS	informative	5	1	3.1	0.2	2	churches	others	churches	b	numbers of;members;population		none	NA	NA	no	no	C	plural	no	no	no	no	no	no	yes	no	yes
church/NNS/br-d09/502	0.0366335062100043	0.114716659341997	church	NNS	religion	C	C	C	CDE	Z	Z	Z	Z	Z	 sessions of preparation for membership is necessary for adults. Some <font color=green>churches</font>  require more. None should ask less. Those who join the	NNS	informative	5	3	3.45	0.6	3	churches	others	churches	b	membership	plural	some	NA	NA	no	no	C	plural	no	no	no	no	no	no	yes	no	yes
church/NNS/br-d09/559	0.0334496429504735	0.119608985970518	church	NNS	religion	C	C	C	CDE	Z	Z	Z	Z	Z	 devotion to it if membership requires something of them. Many <font color=green>churches</font>  find the Sunday school hour to be the most practical	NNS	informative	4	1	3.68	0.25	1	churches	others	churches	b	Sunday school;membership		many	NA	NA	no	no	C	plural	no	no	no	no	no	no	yes	no	yes
church/NNS/br-d10/1095	0.15154074491069	0.0723912906610819	church	NNS	religion	C	C	C	CDE	Z	Z	Z	Z	Z	 Asians tend to consider not only missions but the local <font color=green>churches</font>  they have produced as centers and agents of Western culture	NNS	informative	4	2	3.61	0.5	3	churches	others	churches	b	local		the	local	NA	no	yes	C	plural	no	no	yes	no	no	no	yes	no	yes
church/NNS/br-d10/2114	0.143772734247362	0.0288548165853906	church	NNS	religion	B	B	AB	AB	Z	Z	Z	Z	Z	 Newbiggin reflects the dominant position within the World Council of <font color=green>Churches</font>  when he says,`` We must claim absoluteness and finality for	NNPS	informative	2	1	3.26	0.5	2	Churches	others	Churches	a2	World Council of		none	NA	NA	no	no	B	plural	yes	no	no	no	no	no	no	NA	yes
church/NNS/br-d14/1926	0.117106691993706	-0.0841718765982641	church	NNS	religion	B	B	AB	AB	Z	Z	Z	Z	Z	 John Greenleaf Whittier( 1807- 1892) he eventually attacked the orthodox <font color=green>churches</font>  for what he deemed their cowardly compromising on the slavery	NNS	informative	2	1	4.08	0.5	3	churches	others	churches	a2	attacked;orthodox		the	orthodox	NA	no	yes	B	plural	no	no	no	no	no	yes	no	NA	yes
church/NNS/br-d14/199	0.277361817566047	-0.0649112838187439	church	NNS	religion	C	C	C	CDE	Z	Z	Z	Z	Z	 proportion, although in 1914 still a minority, were members of <font color=green>churches</font> . Presumably those who did not have a formal church connexion	NNS	informative	2	0	3.28	0	2	churches	others	churches	b	members of		none	NA	NA	no	no	C	plural	no	no	no	no	no	no	yes	no	yes
church/NNS/br-d14/457	0.287500087648793	0.256739538760971	church	NNS	religion	C	C	C	CDE	Z	Z	Z	Z	Z	 church members mounted, the degree of discipline exercised by the <font color=green>churches</font>  lessened and the trend was towards conformity to the general	NNS	informative	3	1	3.46	0.33	1	churches	others	churches	a2	discipline;exercised by the	plural and agent	the	NA	NA	no	yes	C	plural	no	no	no	no	no	no	no	NA	yes
church/NNS/br-d14/507	0.13047647003749	0.0111013370837458	church	NNS	religion	C	C	C	CDE	Z	Z	Z	Z	Z	 the ethical codes to which the majority subscribed. Thus Baptist <font color=green>churches</font>  on the frontier took cognizance of charges against their members	NNS	informative	3	1	3.5	0.33	5	churches	others	churches	b	Baptist;on the frontier;their members	I’m assuming community level because of ‘their members’ and it talking about many Baptist ones	none	Baptist	NA	no	no	C	plural	no	no	no	no	no	yes	yes	no	yes
church/NNS/br-d17/569	0.357334387883595	0.237565299901544	church	NNS	religion	C	C	C	CDE	Z	Z	Z	Z	Z	 one of my editorial workers wanted to find out how <font color=green>churches</font>  and philanthropic organizations met the needs of New York 's	NNS	informative	2	0	3.12	0	1	churches	others	churches	a2	philantropic organizations	the opposition to ‘philantropic organizations’ points to the branch sense i think (could be b?)	none	NA	NA	no	no	C	plural	no	no	no	no	no	no	no	NA	yes
church/NNS/br-e12/1082	0.0725510634271674	0.421241508368688	church	NNS	skill_and_hobbies	D	D	DE	CDE	Z	Z	Z	Z	Z	 famous Alamo and photograph 18 th Century Spanish buildings and <font color=green>churches</font> . The Great Smoky Mountains is another area of the South	NNS	informative	3	1	3.84	0.33	2	churches	tech	churches	c1	buildings		none	NA	NA	yes	no	D	plural	no	no	no	no	no	no	no	no	no
church/NNS/br-e13/808	0.350431623946711	0.00394407720622976	church	NNS	skill_and_hobbies	D	D	DE	CDE	Z	Z	Z	Z	Z	 fell in. Nevertheless, it remained one of the most splendid <font color=green>churches</font>  of the Eastern Empire, where the Byzantine Emperors were crowned	NNS	informative	2	1	3.57	0.5	2	churches	tech	churches	c1	splendid		the	splendid	NA	yes	yes	D	plural	no	no	yes	no	no	no	no	no	no
church/NNS/br-f15/1245	0.0959234064149003	-0.0659617191067043	church	NNS	popular_lore	B	B	AB	AB	church%1:14:00::	B	B	AB	AB	 Consider what happened during World War 1,, when the Protestant <font color=green>churches</font>  united to push the Prohibition law through Congress. Many of	NNS	informative	2	2	3.92	1	3	churches	others	churches	a2	Protestant;united;push	definiteness, modifier, plural	the	Protestant	NA	no	yes	B	plural	no	no	no	no	no	yes	no	NA	yes
church/NNS/br-f15/1425	0.192558997784463	-0.106443618350957	church	NNS	popular_lore	B	B	AB	AB	christian_church%1:14:00::	B	B	AB	AB	 turn of the century, contraception was condemned by all Christian <font color=green>churches</font>  as immoral, unnatural and contrary to divine law. This was	NNS	informative	5	0	4.07	0	3	churches	others	churches	a2	condemned by;Chirstian;immoral	plural and agent	all	Christian	NA	no	yes	B	plural	no	no	no	no	no	yes	no	NA	yes
church/NNS/br-f15/1455	0.039280198559706	-0.109365756219626	church	NNS	popular_lore	B	B	AB	AB	orthodox_church%1:14:00::	B1	B	AB	AB	 laws of Christian countries. Today, the Roman Catholic and Orthodox <font color=green>Churches</font>  stand virtually alone in holding that conviction. The various Lambeth	NNPS	informative	5	3	4.7	0.6	3	Churches	others	Churches	a2	Roman Catholic;Orthodox;holding that conviction;stand	capital letter, definiteness, plurality, agent	the	Roman Catholic and Orthodox	NA	no	yes	B	plural	yes	no	no	no	no	yes	no	NA	yes
church/NNS/br-f15/1720	0.189409787439759	0.0643481026280713	church	NNS	popular_lore	B	B	AB	AB	group%1:03:00::	C	C	C	CDE	 28 members of a committee of the Federal Council of <font color=green>Churches</font>  ratified artificial methods of birth control.`` As to the necessity	NNPS	informative	4	1	3.34	0.25	2	Churches	others	Churches	a2	Federal Council of	the plural and capitalized wordform is the strongest key	none	NA	NA	no	no	B	plural	yes	no	no	no	no	no	no	NA	yes
church/NNS/br-f15/1887	0.0645333401442403	-0.0392262391259184	church	NNS	popular_lore	B	B	AB	AB	group%1:03:00::	C	C	C	CDE	 1961, by the general board of the National Council of <font color=green>Churches</font> , the largest Protestant organization in the US. The board approved	NNPS	informative	3	2	3.64	0.67	2	Churches	others	Churches	a2	National Council of;Protestant organization	the plural and capitalized wordform is the strongest key	none	NA	NA	no	no	B	plural	yes	no	no	no	no	no	no	NA	yes
church/NNS/br-f15/1944	0.228174775938298	-0.228190609095026	church	NNS	popular_lore	B	B	AB	AB	church%1:14:00::	B	B	AB	AB	 of contraceptives. The general board declared:`` Most of the Protestant <font color=green>churches</font>  hold contraception and periodic continence to be morally right when	NNS	informative	4	1	3.77	0.25	1	churches	others	churches	a2	Protestant;hold;morally right	plural and agent	the	Protestant	NA	no	yes	B	plural	no	no	no	no	no	yes	no	NA	yes
church/NNS/br-f15/1998	0.18458122796894	-0.111620664928402	church	NNS	popular_lore	B	B	AB	AB	christian_church%1:14:00::	B	B	AB	AB	 of conception''. An action once universally condemned by all Christian <font color=green>churches</font>  and forbidden by the civil law is now not only	NNS	informative	2	2	4.06	1	3	churches	others	churches	a2	all Christian;condemend		all	Christian	NA	no	yes	B	plural	no	no	no	no	no	yes	no	NA	yes
church/NNS/br-f15/821	0.0518945176164261	-0.0405192150076125	church	NNS	popular_lore	B	B	AB	AB	orthodox_catholic_church%1:14:00::	B1	B	AB	AB	 the exception of the Roman Catholic and the Orthodox Catholic <font color=green>Churches</font> , most churches make no moral distinction between rhythm and mechanical	NNPS	informative	6	5	4.27	0.83	7	Churches	others	Churches	a2	Roman Catholic;Orthodox Catholic;make no moral distinction		the	Orthodox Catholic	NA	no	yes	B	plural	yes	no	no	no	no	yes	no	NA	yes
church/NNS/br-f15/824	0.0566735038278188	-0.0344891693816216	church	NNS	popular_lore	B	B	AB	AB	church%1:14:00::	B	B	AB	AB	 of the Roman Catholic and the Orthodox Catholic Churches, most <font color=green>churches</font>  make no moral distinction between rhythm and mechanical or chemical	NNS	informative	5	5	4.05	1	9	churches	others	churches	a2	Roman Catholic;Orthodox Catholic Churches;make no moral distinction	plural and agent	most	NA	NA	no	no	B	plural	no	no	no	no	no	no	no	NA	yes
church/NNS/br-f44/1106	0.336220046128862	0.0664334624034337	church	NNS	popular_lore	C	C	C	CDE	church%1:14:00::	B	B	AB	AB	 who will strengthen the social class nucleus of the congregation. <font color=green>Churches</font>  can be strengthened through this process of co-optation so long	NNPS	informative	5	1	3.73	0.2	2	Churches	others	Churches	b	social class;co-optation;congregation		none	NA	NA	no	no	C	plural	yes	no	no	no	no	no	yes	no	yes
church/NNS/br-f44/1189	0.131385333073428	0.0884310593147329	church	NNS	popular_lore	C	C	C	CDE	church%1:14:00::	B	B	AB	AB	 and publicity in reaching new members. The proclamation of the <font color=green>churches</font>  is almost totally confined to pastoral contacts by the clergy	NNS	informative	7	2	3.36	0.29	4	churches	others	churches	a2	proclamation of the;members;pastoral contacts	I have the feeling that it’s changing levels from ‘members’ (and ‘co-optation’), could that be the case?	the	NA	NA	no	yes	C	plural	no	no	no	no	no	no	no	NA	yes
church/NNS/br-f44/124	0.456186900282781	0.0919449339583607	church	NNS	popular_lore	C	C	C	CDE	church%1:14:00::	B	B	AB	AB	 inner city blight account for the decline of central city <font color=green>churches</font> . Central cities reveal two adverse features for the major denominations	NNS	informative	4	1	3.52	0.25	1	churches	others	churches	b	decline;central city;denominations		none	central city	NA	no	no	C	plural	no	no	no	yes	no	no	yes	no	yes
church/NNS/br-f44/1427	0.102442524154602	0.0564069112828862	church	NNS	popular_lore	C	C	C	CDE	church%1:14:00::	B	B	AB	AB	 for more than a single generation. The fact that metropolitan <font color=green>churches</font>  of the major denominations have moved approximately every generation for	NNS	informative	4	2	3.75	0.5	4	churches	others	churches	b	metropolitan;denominations		none	metropolitan	NA	no	no	C	plural	no	no	no	yes	no	no	yes	no	yes
church/NNS/br-f44/1475	0.00375630047179272	0.427058041181576	church	NNS	popular_lore	D	D	DE	CDE	church%1:06:00::	D	D	DE	CDE	 in religious life, when one recalls the number of city <font color=green>churches</font>  which deteriorated beyond repair before being abandoned, raises fundamental questions	NNS	informative	4	1	3.57	0.25	1	churches	others	churches	c1	city;deteriorated;repair;abandoned		none	city	NA	yes	no	D	plural	no	no	no	yes	no	no	no	no	no
church/NNS/br-f44/1683	0.109870631785808	0.0637549670788443	church	NNS	popular_lore	C	C	C	CDE	church%1:14:00::	B	B	AB	AB	 hopelessly unstable environment. More than creatures of metropolitan forces, the <font color=green>churches</font>  have taken the lead in counteracting the interdependence of metropolitan	NNS	informative	2	2	3.7	1	4	churches	others	churches	b	metropolitan		the	NA	NA	no	yes	C	plural	no	no	no	no	no	no	yes	no	yes
church/NNS/br-f44/1802	0.193911345250414	0.0313020238463134	church	NNS	popular_lore	D	D	DE	CDE	church%1:14:00::	B	B	AB	AB	 fight their way into the lower middle-class suburbs, and the <font color=green>churches</font>  will experience the same decay and rebuilding cycle which has	NNS	informative	3	2	3.8	0.67	4	churches	others	churches	c1	middle-class suburbs;decay;rebuilding;cycle		the	NA	NA	yes	yes	?	plural	no	no	no	no	no	no	no	no	no
church/NNS/br-f44/1918	0.0578827763912071	0.0366555592203418	church	NNS	popular_lore	C	C	C	CDE	church%1:14:00::	B	B	AB	AB	 of middle-class culture could lead to various projections for the <font color=green>churches</font> . It could be argued that any fellowship which centers in	NNS	informative	3	3	3.47	1	3	churches	others	churches	b	middle-class culture;fellowship		the	NA	NA	no	yes	C	plural	no	no	no	no	no	no	yes	no	yes
church/NNS/br-f44/2201	0.16290006713315	0.34021806904133	church	NNS	popular_lore	C	C	C	CDE	church%1:14:00::	B	B	AB	AB	 remains as to why the middle classes turn to the <font color=green>churches</font>  as a vehicle of social identity when their clubs and	NNS	informative	5	1	3.17	0.2	1	churches	others	churches	b	middle classes;turn to the;social identity;clubs	opposition to clubs; reference to social identity	the	NA	NA	no	yes	C	plural	no	no	no	no	no	no	yes	no	yes
church/NNS/br-f44/343	0.132437259194362	0.1033137080612	church	NNS	popular_lore	C	C	C	CDE	church%1:14:00::	B	B	AB	AB	 moreover, residential mobility is so high in metropolitan areas that <font color=green>churches</font>  have to recruit constantly in their core stratum in order	NNS	informative	5	2	4.18	0.4	2	churches	others	churches	b	metropolitan areas;recruit	lower case, no definiteness, plurality	none	NA	NA	no	no	C	plural	no	no	no	no	no	no	yes	no	yes
church/NNS/br-f44/868	0.0847036871612533	0.117249752601617	church	NNS	popular_lore	C	C	C	CDE	church%1:14:00::	B	B	AB	AB	 and congregational outreach have not been carefully studied in the <font color=green>churches</font> ; one study in Pittsburgh, however, has illuminated the situation. In	NNS	informative	2	1	3.7	0.5	3	churches	others	churches	b	congregational outreach;Pittsburgh	definiteness and plural	the	NA	NA	no	yes	C	plural	no	no	no	no	no	no	yes	no	yes
church/NNS/br-f44/890	0.126705042331385	0.171100442388952	church	NNS	popular_lore	C	C	C	CDE	church%1:14:00::	B	B	AB	AB	 the situation. In a sample of new members of Pittsburgh <font color=green>churches</font> , almost 60 per cent were recruited by initial`` contacts with	NNS	informative	3	1	4	0.33	2	churches	others	churches	b	members of;Pittsburgh;recruited		none	Pittsburgh	NA	no	no	C	plural	no	no	no	yes	no	no	yes	no	yes
church/NNS/br-k06/1925	0.236250353434604	0.40746233097972	church	NNS	fiction_gral	D	D	DE	CDE	church%1:06:00::	D	D	DE	CDE	 them open. Lightning might strike the steeples of the other <font color=green>churches</font> ; not of Drew Church. A flash illumined the trees as	NNS	imaginative	2	0	3.78	0	2	churches	imag	churches	c1	steeples;Drew;trees		the	other	NA	yes	yes	D	plural	no	no	yes	no	no	no	no	no	no
