id	model.x	model.y	lemma	pos	marisense	mbroad	mari3	mari2	sensekey	wnsense	wnbroad	wn3	wn2	text	cues	cues_with_weight	mean_weight	weighted.cues_ratio	weighted_cw	genre	broad_genre
church/NN/br-a07/1325	-0.10293939211036	-0.144390646063084	church	NN	A	A	AB	AB	Z	Z	Z	Z	Z	 the Peace Corps will be able to prevent confusion for <font color=green>church</font>  and state over methods, means and goals. There are a	4	2	2.39560648483933	0.5	2	press_reportage	press
church/NN/br-a10/1769	-0.0373380624821524	-0.0511882649918736	church	NN	A	A	AB	AB	Z	Z	Z	Z	Z	 more than 100 million have no vital touch with the <font color=green>church</font>  or religious life'', he told delegates Friday. Talking of the	3	1	2.39598553113232	0.333333333333333	3	press_reportage	press
church/NN/br-a17/1636	0.1498442015742	0.0884346843368764	church	NN	D	D	DE	CDE	Z	Z	Z	Z	Z	 Gay, who were married Saturday at the Munger Place Methodist <font color=green>Church</font> . Parents of the bride are Mr. and Mrs. Ferris M.	4	3	2.5481958954878	0.75	3	press_reportage	press
church/NN/br-a17/1770	0.138576764302156	0.134082573161068	church	NN	D	D	DE	CDE	Z	Z	Z	Z	Z	 College of Technology, in the chapel of the First Presbyterian <font color=green>Church</font>  of Houston. The bride, daughter of Rhodes Semmes Baker Jr.	2	0	2.34208115819546	0	3	press_reportage	press
church/NN/br-a17/2233	0.0973025542930906	-0.0295125709024139	church	NN	D	D	DE	CDE	Z	Z	Z	Z	Z	 A reception was held at the church. The First Christian <font color=green>Church</font>  of Pampa was the setting for the wedding last Sunday	4	1	3.19717904654003	0.25	4	press_reportage	press
church/NN/br-a22/307	0.0572625840617597	-0.0247587252946201	church	NN	B	B	AB	AB	Z	Z	Z	Z	Z	 challenged by the state. Emory is affiliated with the Methodist <font color=green>Church</font> . Some church leaders, both clerical and lay, have criticized the	4	1	2.96487488590881	0.25	2	press_reportage	press
church/NN/br-a22/310	0.0474297795296351	-0.0221959072523723	church	NN	A	A	AB	AB	Z	Z	Z	Z	Z	 the state. Emory is affiliated with the Methodist Church. Some <font color=green>church</font>  leaders, both clerical and lay, have criticized the university for	5	1	2.89369637906625	0.2	3	press_reportage	press
church/NN/br-a31/1842	0.26718685165487	-0.138836504125078	church	NN	D	D	DE	CDE	Z	Z	Z	Z	Z	 planned for 10: 50 a. m. Sunday at First Christian <font color=green>Church</font> . It will be the second time the assistant manager of	3	0	3.20740587275114	0	2	press_reportage	press
church/NN/br-a31/2087	0.166798225964001	-0.0166941986487959	church	NN	D	D	DE	CDE	Z	Z	Z	Z	Z	 Family'' at 7: 30 p. m. Sunday at Christ Lutheran <font color=green>Church</font> . Mr. and Mrs. George Treadwell will be honored at a	3	0	2.56738844095307	0	2	press_reportage	press
church/NN/br-a31/2112	0.110964119744108	-0.0154414107896101	church	NN	D	D	DE	CDE	Z	Z	Z	Z	Z	 and program at 6 p. m. Sunday at Trinity Methodist <font color=green>Church</font> . He is the sexton of the church. A family worship	3	0	3.21671850354691	0	2	press_reportage	press
church/NN/br-a31/2120	0.0842996995583753	-0.0571397649277308	church	NN	D	D	DE	CDE	Z	Z	Z	Z	Z	 at Trinity Methodist Church. He is the sexton of the <font color=green>church</font> . A family worship service will follow the program at 7	4	0	3.52118305428487	0	2	press_reportage	press
church/NN/br-a31/2172	0.209049995425408	-0.0763416738306352	church	NN	C	C	C	CDE	Z	Z	Z	Z	Z	 service marking National Family Week. Every family of Riviera Presbyterian <font color=green>Church</font>  has been asked to read the Bible and pray together	6	2	2.22692286301387	0.333333333333333	2	press_reportage	press
church/NN/br-b08/1866	0.0712859681710058	-0.0456418895150867	church	NN	D	D	DE	CDE	Z	Z	Z	Z	Z	 wrote after almost a decade of service to this majestic <font color=green>church</font> .`` Such a church needs vigor and vitality in its rector	2	0	3.05758457346936	0	3	press_editorial	press
church/NN/br-b08/2245	0.240567454646825	-0.369661254915637	church	NN	E	E	DE	CDE	Z	Z	Z	Z	Z	 them to bestow saintliness upon us in return for ostentatious <font color=green>church</font>  attendance and a few bucks a week, American cash. If	1	0	2.35431312591885	0	1	press_editorial	press
church/NN/br-b12/2115	0.164114289445025	-0.261818842503983	church	NN	A	A	AB	AB	Z	Z	Z	Z	Z	 and Greek and other ancient writings, some by the early <font color=green>church</font>  fathers, in themselves called for a restudy of the Bible	5	0	2.8800524959404	0	2	press_editorial	press
church/NN/br-b15/1190	0.382240367708475	-0.0952026759007369	church	NN	C	C	C	CDE	Z	Z	Z	Z	Z	 El; Rev. DeWitt Clemens, pastor of the Mathewson Street Methodist <font color=green>Church</font> ; Mr. Felix Miranda, of the Imperial Knife Co.; and to	2	1	3.31833526061419	0.5	1	press_editorial	press
church/NN/br-b18/1829	0.239660329745379	0.318858700153386	church	NN	C	C	C	CDE	Z	Z	Z	Z	Z	 the Women 's Association of the Trumbull Ave. United Presbyterian <font color=green>Church</font> , considerable use was made of material from The Detroit News	4	0	2.39466442144241	0	1	press_editorial	press
church/NN/br-d02/786	0.00962333283633616	0.208727648814086	church	NN	A	A	AB	AB	church%1:14:00::	B	B	AB	AB	 longer afford the luxury of such smug indignation? Can the <font color=green>church</font>  risk assuming that the`` folly'' of men is as dear	3	0	2.80427872843094	0	3	religion	non-fiction
church/NN/br-d02/877	0.0842641608861263	-0.110454009475642	church	NN	A	A	AB	AB	church%1:14:00::	B	B	AB	AB	 precarious? There is an ancient and venerable tradition in the <font color=green>church</font> ( which derives, however, from the heritage of the Greeks rather	4	3	2.56413187014748	0.75	3	religion	non-fiction
church/NN/br-d02/949	-0.39653381684394	0.288776129230762	church	NN	A	A	AB	AB	church%1:14:00::	B	B	AB	AB	 of requiring nothing from it in order to be the <font color=green>church</font> . But, as Scripture everywhere reminds us, God does have need	2	0	2.98716807622267	0	1	religion	non-fiction
church/NN/br-d02/969	0.0341789582815599	-0.234791436438972	church	NN	A	A	AB	AB	church%1:14:00::	B	B	AB	AB	 us, God does have need of his creatures, and the <font color=green>church</font> , a fortiori, can ill afford to do without the talents	4	2	2.61597310831214	0.5	2	religion	non-fiction
church/NN/br-d03/1350	0.0380167576752803	-0.0284421137021704	church	NN	E	E	DE	CDE	church%1:06:00::	D	D	DE	CDE	 as women in church, and to hear almost everyone in <font color=green>church</font>  congregations reciting the Latin prayers and responses at Mass. They	5	4	2.81893035224512	0.8	7	religion	non-fiction
church/NN/br-d03/2336	0.0316024070910906	-0.0531801616483614	church	NN	D	D	DE	CDE	catholic_church%1:14:00::	B1	B	AB	AB	 a votive Mass offered for Christian unity at a Catholic <font color=green>church</font>  in Slough during the Church Unity Octave.	2	1	2.99059766646577	0.5	6	religion	non-fiction
church/NN/br-d03/2341	0.0416255125678891	-0.0626587892871153	church	NN	A	A	AB	AB	church%1:14:00::	B	B	AB	AB	 Christian unity at a Catholic church in Slough during the <font color=green>Church</font>  Unity Octave.	2	1	3.17197210239365	0.5	5	religion	non-fiction
church/NN/br-d03/945	0.0394927051537431	-0.0493163773211198	church	NN	B	B	AB	AB	church_of_england%1:14:00::	B2	B	AB	AB	 than an Archbishops' Commission`` reported last month that in the <font color=green>Church</font>  of England alone there are 790 churches which are redundant	1	0	2.72451058449298	0	2	religion	non-fiction
church/NN/br-d04/56	0.0392410319819415	-0.166661131059064	church	NN	A	A	AB	AB	church_father%1:18:00::	A	A	AB	AB	 Jesus Christ the unique and the universal concur. Perhaps no <font color=green>church</font>  father saw this concurrence of the unique and the universal	4	5	2.47040112380858	1.25	5	religion	non-fiction
church/NN/br-d06/2048	-0.0442766797242362	-0.385318968018189	church	NN	E	E	DE	CDE	Z	Z	Z	Z	Z	 not one of the 70000000 Americans who do not attend <font color=green>church</font> , but who feel that various forms of recreation are more	1	0	2.31552710088369	0	1	religion	non-fiction
church/NN/br-d07/1408	0.193155658467901	-0.129936173898531	church	NN	D	D	DE	CDE	Z	Z	Z	Z	Z	 then jumped; she was fatally injured. The entrance to a <font color=green>church</font>  has been walled up, so that the congregation, most of	2	0	2.76803330930191	0	2	religion	non-fiction
church/NN/br-d09/1054	0.0374618043201033	-0.0039577380792818	church	NN	C	C	C	CDE	Z	Z	Z	Z	Z	 Me'',`` What the Church Means to Me'',`` Why Join the <font color=green>Church</font> '',`` The Duties of Church Members'', etc.. Assign a series of	3	3	2.94235281299254	1	5	religion	non-fiction
church/NN/br-d09/1641	0.0615036938847587	0.0385174081754969	church	NN	C	C	C	CDE	Z	Z	Z	Z	Z	 fellowship luncheon or dinner with new members as guests. The <font color=green>church</font>  is`` the family of God''. The members of the`` family	3	2	2.63323532176062	0.666666666666667	4	religion	non-fiction
church/NN/br-d09/2040	-0.116668450743292	-0.286430556206246	church	NN	C	C	C	CDE	Z	Z	Z	Z	Z	 alerted to their part in this dynamic process. If the <font color=green>church</font>  has followed the plan of cultivation of prospects and carried	3	1	3.00283072645646	0.333333333333333	2	religion	non-fiction
church/NN/br-d09/2174	0.0375869762134776	0.0155538811077971	church	NN	C	C	C	CDE	Z	Z	Z	Z	Z	 members. The new members justifiably expect some things from their <font color=green>church</font>  family:	3	2	2.67522084599895	0.666666666666667	2	religion	non-fiction
church/NN/br-d09/724	0.0217103767423138	-0.0124899591746514	church	NN	C	C	C	CDE	Z	Z	Z	Z	Z	 as well as the program and activities of the local <font color=green>church</font> . The lay leadership of the church may be invited to	5	2	2.71419453928046	0.4	4	religion	non-fiction
church/NN/br-d09/731	0.033736102169099	-0.0154802467179543	church	NN	C	C	C	CDE	Z	Z	Z	Z	Z	 activities of the local church. The lay leadership of the <font color=green>church</font>  may be invited to speak on the various phases of	2	1	3.04980643417492	0.5	4	religion	non-fiction
church/NN/br-d09/742	0.0325313828689682	-0.0208359466291745	church	NN	C	C	C	CDE	Z	Z	Z	Z	Z	 may be invited to speak on the various phases of <font color=green>church</font>  life, service opportunities, the church school, missions, men 's work	6	1	3.12002240667993	0.166666666666667	5	religion	non-fiction
church/NN/br-d09/775	-0.192863967686721	-0.0370971880561018	church	NN	C	C	C	CDE	Z	Z	Z	Z	Z	 youth program, social activities, and finances. The budget of the <font color=green>church</font>  may be presented and pledges solicited at this session. An	5	1	2.15672885265988	0.2	1	religion	non-fiction
church/NN/br-d09/837	0.000597560214543778	0.0145409964755983	church	NN	C	C	C	CDE	Z	Z	Z	Z	Z	 facilities and refreshments. The social time gives an opportunity for <font color=green>church</font>  leaders to become acquainted with the new members. In conducting	5	2	2.57091182457903	0.4	2	religion	non-fiction
church/NN/br-d09/935	0.163735319732466	-0.297233030135315	church	NN	A	A	AB	AB	Z	Z	Z	Z	Z	 dramatization- for example, in discussing the Lord 's Supper or <font color=green>church</font>  symbolism. Use audio-visual aids. Some excellent filmstrips with recordings and	3	0	2.68655485046236	0	2	religion	non-fiction
church/NN/br-d10/1913	0.0788926703574925	-0.221390814695502	church	NN	A	A	AB	AB	Z	Z	Z	Z	Z	 impressive Roman Catholic defense of the practical autonomy of both <font color=green>church</font>  and state. The failure at that time of the Puerto	2	0	3.87076524704997	0	2	religion	non-fiction
church/NN/br-d10/2166	0.0835480714313374	-0.192626889993343	church	NN	B	B	AB	AB	Z	Z	Z	Z	Z	 the Christian claim is of considerable significance. The Roman Catholic <font color=green>Church</font>  has excommunicated one of its priests, Father Feeney, for insisting	6	3	3.62175803510946	0.5	3	religion	non-fiction
church/NN/br-d10/2187	0.139549858356067	-0.236048905980599	church	NN	A	A	AB	AB	Z	Z	Z	Z	Z	 for insisting that there is no salvation outside the visible <font color=green>church</font> . In mentioning this under`` salvation reconsidered'' I do not mean	1	2	3.04769584717247	2	3	religion	non-fiction
church/NN/br-d12/1462	0.110316792817873	-0.0795817548064764	church	NN	A	A	AB	AB	Z	Z	Z	Z	Z	 is discussed must surely be raised. The role of both <font color=green>church</font>  and university as sources of information and settings within which	3	0	2.15926268029823	0	2	religion	non-fiction
church/NN/br-d14/209	0.0275826534389289	-0.0808904362516768	church	NN	A	A	AB	AB	Z	Z	Z	Z	Z	 of churches. Presumably those who did not have a formal <font color=green>church</font>  connexion had also felt the influence of Christianity to a	3	1	2.56932412987493	0.333333333333333	3	religion	non-fiction
church/NN/br-d16/1602	-0.0231092063669428	-0.142068752617013	church	NN	C	C	C	CDE	Z	Z	Z	Z	Z	 1: 12, 13. You may be very religious, a good <font color=green>church</font>  member, an upright, honest and sincere person; you may be	4	1	2.45200299009866	0.25	2	religion	non-fiction
church/NN/br-d16/220	0.0731111075984431	-0.136235068808707	church	NN	B	B	AB	AB	Z	Z	Z	Z	Z	 a short reading of the Holy Scriptures''. Since the Catholic <font color=green>Church</font>  expresses such desire that the Sacred Scriptures be read, the	4	3	3.25743495487461	0.75	5	religion	non-fiction
church/NN/br-d17/1073	0.436934157237951	-0.203084653414911	church	NN	C	C	C	CDE	Z	Z	Z	Z	Z	 different, and something important: Ruth Peale, her wide experience in <font color=green>church</font>  work; Sidney Fields, years of experience as a New York	2	0	2.70214912119037	0	1	religion	non-fiction
church/NN/br-e13/272	0.140794829294817	-0.354731964598046	church	NN	B	B	AB	AB	Z	Z	Z	Z	Z	 shifted religions- although the Patriarch, or Pope, of the Orthodox <font color=green>Church</font>  continued to live there, and still does- and became the	3	1	2.76828892369492	0.333333333333333	1	skill_and_hobbies	non-fiction
church/NN/br-f15/713	0.0788926703574925	-0.221390814695502	church	NN	B	B	AB	AB	roman_catholic_church%1:14:00::	B1	B	AB	AB	 permit birth control only for medical reasons. The Roman Catholic <font color=green>Church</font> , however, sanctions a much more liberal policy on family planning	5	2	3.87076524704997	0.4	2	popular_lore	fiction
church/NN/br-f15/754	0.0241771088293673	-0.123939257080787	church	NN	B	B	AB	AB	roman_catholic_church%1:14:00::	B1	B	AB	AB	 disagree over the methods to be used. The Roman Catholic <font color=green>Church</font>  sanctions only abstention or the rhythm method, also known as	1	0	3.21005704088164	0	4	popular_lore	fiction
church/NN/br-f15/882	0.0605601472130175	-0.256697995487559	church	NN	A	A	AB	AB	roman_catholic_church%1:14:00::	B1	B	AB	AB	 the teachings of the fathers and doctors of the early <font color=green>Church</font> , the unbroken tradition of nineteen centuries, the decisions of the	4	1	2.48060685124314	0.25	1	popular_lore	fiction
church/NN/br-f44/1076	0.0547477513897892	-0.0872904764090198	church	NN	C	C	C	CDE	church%1:14:00::	B	B	AB	AB	 and economic level of the congregation; the mission of the <font color=green>church</font>  is actually a process of informal co-optation; the lay ministry	5	2	2.87796569654453	0.4	3	popular_lore	fiction
church/NN/br-f44/2150	-0.0475057178585956	-0.0794769915308209	church	NN	C	C	C	CDE	church%1:14:00::	B	B	AB	AB	 will occupy our attention under the rubric of the organization <font color=green>church</font> . An understanding of the new role of residential association in	3	1	2.26309649185286	0.333333333333333	2	popular_lore	fiction
church/NN/br-f44/368	0.0701245306767351	0.0124027001397683	church	NN	C	C	C	CDE	church%1:14:00::	B	B	AB	AB	 they can lose higher- and lower status members from the <font color=green>church</font>  without collapsing, but they need adequate recruits for the core	3	1	2.81548636299412	0.333333333333333	2	popular_lore	fiction
church/NN/br-f44/667	0.448247661895977	-0.106588583566188	church	NN	A	A	AB	AB	church%1:14:00::	B	B	AB	AB	 's Mission''; theologians have been stressing the fact that the <font color=green>Church</font>  does not exist for its own sake but as a	4	1	2.53325058472856	0.25	1	popular_lore	fiction
church/NN/br-f44/924	0.00242635409935905	-0.00944864628523633	church	NN	C	C	C	CDE	church%1:14:00::	B	B	AB	AB	 with friendly members the`` contacts with an organization of the <font color=green>church</font> ''( 11.2 per cent of the cases), then a substantial two	3	3	2.48861896209931	1	4	popular_lore	fiction
church/NN/br-f44/986	0.0520072333397648	0.00959891960081546	church	NN	C	C	C	CDE	church%1:14:00::	B	B	AB	AB	 people; the new people respond in kind by joining the <font color=green>church</font> . Missionary outreach by friendly contact looks somewhat different when one	4	2	2.27962118217019	0.5	3	popular_lore	fiction
church/NN/br-j57/2237	0.0291776169723637	-0.310126845281919	church	NN	A	A	AB	AB	church_father%1:18:00::	A	A	AB	AB	 which reached Christianity by the way of Stoicism through the <font color=green>Church</font>  Fathers of Late Antiquity.	3	1	3.06455473983809	0.333333333333333	1	learned	non-fiction
church/NN/br-j57/958	0.183370321226476	-0.220318708127953	church	NN	A	A	AB	AB	church_father%1:18:00::	A	A	AB	AB	 all possessions. This conception was taken up by the early <font color=green>Church</font>  Fathers and by canon lawyers and theologians in the Middle	5	1	2.45936813710958	0.2	2	learned	non-fiction
church/NN/br-k04/1076	0.0202516563194514	0.0740959369411716	church	NN	D	D	DE	CDE	church%1:06:00::	D	D	DE	CDE	 There were two liquor saloons not very far from the <font color=green>church</font> , one white, that is conducted for white people with a	4	1	2.306659109428	0.25	3	fiction_gral	fiction
church/NN/br-k04/1117	0.302650110510443	0.0701706711795397	church	NN	D	D	DE	CDE	church%1:06:00::	D	D	DE	CDE	 of gambling in both. On the other side of the <font color=green>church</font>  was a quiet, well-kept house with shutters and recently painted	4	0	2.9248928324193	0	2	fiction_gral	fiction
church/NN/br-k04/1419	-0.00874607366278314	0.160855768335975	church	NN	C	C	C	CDE	church%1:06:00::	D	D	DE	CDE	 stress, and that was that the contribution to the general <font color=green>church</font>  expenses, the dollar money, had been seriously falling behind in	3	0	2.39623262207121	0	2	fiction_gral	fiction
church/NN/br-k04/1433	-0.0087460736627831	0.160855768335975	church	NN	C	C	C	CDE	church%1:06:00::	D	D	DE	CDE	 the dollar money, had been seriously falling behind in this <font color=green>church</font> , and that must be looked after immediately. In fact, he	1	0	2.39623262207121	0	2	fiction_gral	fiction
church/NN/br-k04/1634	0.138323666110428	0.119853015252507	church	NN	D	D	DE	CDE	church%1:06:00::	D	D	DE	CDE	 to colored folk. When it was proposed to rebuild the <font color=green>church</font> , Wilson found that the terms for a new mortgage were	2	0	2.25570003093811	0	2	fiction_gral	fiction
church/NN/br-k04/1874	0.321175282673748	-0.0365720089575857	church	NN	D	D	DE	CDE	church%1:06:00::	D	D	DE	CDE	 were you I would just plan to repair the old <font color=green>church</font>  so it would last for five or ten years. By	3	2	2.4333179823306	0.666666666666667	2	fiction_gral	fiction
church/NN/br-k04/356	0.134046940800961	0.0532056460491864	church	NN	C	C	C	CDE	church%1:06:00::	D	D	DE	CDE	 with the whites, especially the rich who partly supported the <font color=green>church</font> . The Deacon Board, headed by a black man named Carlson	7	2	2.21299464619528	0.285714285714286	3	fiction_gral	fiction
church/NN/br-k04/877	0.0471100008617389	0.0540717077346611	church	NN	C	C	C	CDE	church%1:14:00::	B	B	AB	AB	 never married, conducting a spotless home and devoted to her <font color=green>church</font> , but a perpetual dissenter and born critic. She soared over	2	1	2.36778958859435	0.5	4	fiction_gral	fiction
church/NN/br-k06/1473	0.0876999191574616	-0.399172019849444	church	NN	D	D	DE	CDE	church%1:06:00::	D	D	DE	CDE	 hands tucked under his coattails, and staring into the dark <font color=green>church</font> . The figure was wreathed in an extraordinary luminescence. The boy	3	0	2.17387658382066	0	1	fiction_gral	fiction
church/NN/br-k06/528	0.323861825684699	0.107023156946155	church	NN	D	D	DE	CDE	church%1:06:00::	D	D	DE	CDE	 his head out. There was the slate roof of the <font color=green>church</font> ; ivy climbed the red brick walls like a green scaled	5	1	2.63119105011092	0.2	2	fiction_gral	fiction
church/NN/br-k06/571	0.349046783915575	0.0354737222416426	church	NN	D	D	DE	CDE	church%1:06:00::	D	D	DE	CDE	 cupboards.`` There 's a tower and a steeple on the <font color=green>church</font>  a million feet high. And the loudest clock in the	3	2	3.54448853810278	0.666666666666667	2	fiction_gral	fiction
church/NN/br-k06/659	-0.0710694169486571	-0.28727094046467	church	NN	D	D	DE	CDE	church%1:06:00::	D	D	DE	CDE	 Street to Orange Square. The steeple leaned backward, while the <font color=green>church</font>  advanced like a headless creature in a long, shapeless coat	5	0	2.44838382062215	0	2	fiction_gral	fiction
church/NN/br-k06/852	0.277601491761142	-0.0215367892015728	church	NN	D	D	DE	CDE	church%1:06:00::	D	D	DE	CDE	 Church with its high steeple and clock. There was no <font color=green>church</font>  like Drew Church, no preacher like Papa, who was intimate	3	1	2.73741353761488	0.333333333333333	3	fiction_gral	fiction
church/NN/br-k10/1445	0.3460743884559	-0.206862933325577	church	NN	A	A	AB	AB	church%1:14:00::	B	B	AB	AB	 same:`` Anything that affects souls is the concern of the <font color=green>Church</font> ! We will have righteousness''! Tears burned behind his eyes as	3	1	2.92210286902256	0.333333333333333	2	fiction_gral	fiction
church/NN/br-k10/205	-0.168356636032406	-0.390041424001401	church	NN	A	A	AB	AB	church%1:14:00::	B	B	AB	AB	 that the couple would have to be punished if the <font color=green>Church</font>  was to be respected.`` I have told you before, and	2	1	2.6476609359063	0.5	1	fiction_gral	fiction
church/NN/br-k10/257	0.0696029926446824	-0.337463778020708	church	NN	A	A	AB	AB	church%1:14:00::	B	B	AB	AB	 is the answer the ungodly will always make when the <font color=green>Church</font>  points its fingers at their sins. I say to you	3	1	2.7401971888279	0.333333333333333	1	fiction_gral	fiction
church/NN/br-k10/271	0.133710097327976	-0.200896287081118	church	NN	A	A	AB	AB	church%1:14:00::	B	B	AB	AB	 fingers at their sins. I say to you that the <font color=green>Church</font>  will ever decry evil''! John 's reply was like a	3	2	2.96531664020996	0.666666666666667	3	fiction_gral	fiction
church/NN/br-k10/588	0.17839854420165	-0.156565817731472	church	NN	A	A	AB	AB	church%1:14:00::	B	B	AB	AB	 to let them give him the last rites of the <font color=green>Church</font> , but he had died still proclaiming salvation by faith. Burial	3	1	3.14526757564034	0.333333333333333	3	fiction_gral	fiction
church/NN/br-k10/967	0.35563050435539	0.0687149721260145	church	NN	D	D	DE	CDE	church%1:06:00::	D	D	DE	CDE	 all the time. Quickening his steps, John entered the vast <font color=green>church</font>  and climbed the tower steps to the bells. Underneath the	6	2	3.2411776229471	0.333333333333333	2	fiction_gral	fiction
church/NN/br-k14/826	-0.0695673227790299	0.427019847322268	church	NN	D	D	DE	CDE	church%1:06:00::	D	D	DE	CDE	 Jewish section was in Trastevere, near the Tiber at the <font color=green>church</font>  of San Francesco a Ripa. The colony had been small	4	0	2.61048193266455	0	1	fiction_gral	fiction
church/NN/br-k16/1431	0.504800991436928	0.0339108315471998	church	NN	D	D	DE	CDE	church%1:06:00::	D	D	DE	CDE	 thickets. Along Wappinger Creek in Dutchess County, past the white <font color=green>church</font>  at Fishkill, past Verplanck 's Point on the east bank	6	1	3.08781160200236	0.166666666666667	1	fiction_gral	fiction
church/NN/br-k19/213	-0.000448088377845483	-0.178083532172693	church	NN	A	A	AB	AB	church%1:14:00::	B	B	AB	AB	 of this desire was due to his devotion to the <font color=green>church</font>  and how much was his own ego, demanding to be	1	1	2.50316061121197	1	3	fiction_gral	fiction
church/NN/br-p01/21	0.207934465617678	0.00520134254058794	church	NN	D	D	DE	CDE	church_tower%1:06:00::	D	D	DE	CDE	 them he could have been the broken bell in the <font color=green>church</font>  tower which rang before and after Mass, and at noon	4	3	2.807689985914	0.75	4	fiction_romance	fiction
church/NN/br-p01/829	0.245316496403476	0.0844822409132136	church	NN	D	D	DE	CDE	church%1:06:00::	D	D	DE	CDE	 to Drexel Street and his back in opposition to the <font color=green>church</font>  behind him. For all he saw or cared to see	5	1	2.68177012495429	0.2	2	fiction_romance	fiction
church/NN/br-p04/2406	0.483432106456763	-0.0315830230925427	church	NN	D	D	DE	CDE	Z	Z	Z	Z	Z	 sky. She felt mindless, walking, and almost easy until the <font color=green>church</font>  spire told her she was near the cemetery, and she	3	1	4.08578036489078	0.333333333333333	1	fiction_romance	fiction
church/NN/br-p06/425	0.183772467446781	0.0480933059669301	church	NN	C	C	C	CDE	Z	Z	Z	Z	Z	 yellow moons.`` How do you do''? she said, semi-professionally.`` Our <font color=green>church</font>  is sponsoring a group of very courageous women up in	2	1	2.0519094416417	0.5	1	fiction_romance	fiction
church/NN/br-p12/1014	0.520198498550505	0.138932654385467	church	NN	D	D	DE	CDE	church%1:06:00::	D	D	DE	CDE	 Then they took a taxi to Trastevere.`` There 's a <font color=green>church</font>  you should see'', she said. And when they stood by	3	1	3.16101500602565	0.333333333333333	1	fiction_romance	fiction
church/NN/br-p12/1260	0.0976324457197693	-0.0339390998019924	church	NN	E	E	DE	CDE	church%1:04:00::	E	E	DE	CDE	 snuggled against him, he wondered if she ever went to <font color=green>church</font> . Why did he want her to go to church? he	2	0	2.78359622898791	0	2	fiction_romance	fiction
church/NN/br-r05/1163	0.193536310162814	0.150801650682214	church	NN	C	C	C	CDE	church%1:06:00::	D	D	DE	CDE	 While Henry Morgan was escorting Miss Vera Green from the <font color=green>church</font>  social last Saturday night, a savage dog attacked them and	3	1	2.76445023800357	0.333333333333333	2	humor	fiction
church/NNP/br-a31/2143	0.081049815479163	0.0480758983796436	church	NNP	C	C	C	CDE	Z	Z	Z	Z	Z	 7: 45 p. m.. The outstanding family of Central Nazarene <font color=green>Church</font>  will be picked by ballot from among eight families during	3	1	3.0547421592996	0.333333333333333	5	press_reportage	press
church/NNP/br-a35/810	0.000235618004554072	0.113092278040837	church	NNP	A	A	AB	AB	Z	Z	Z	Z	Z	 deserves closer scrutiny. For while the past needs of the <font color=green>Church</font>  in this country may have been adequately met by collegiate	2	0	3.59058376317807	0	3	press_reportage	press
church/NNP/br-b08/1804	0.151132520813038	0.0378575940992562	church	NNP	C	C	C	CDE	Z	Z	Z	Z	Z	 his letter of resignation as rector of St. Luke 's <font color=green>Church</font>  in Atlanta. It was the cry of not just one	3	1	3.28241451335465	0.333333333333333	3	press_editorial	press
church/NNP/br-b12/2221	0.0517751673524496	-0.0226998662260483	church	NNP	B	B	AB	AB	Z	Z	Z	Z	Z	 committee made up of representatives of the Church of England, <font color=green>Church</font>  of Scotland, Methodist Church, Congregational Union, Baptist Union, Presbyterian Church	9	5	3.56915505064773	0.555555555555556	5	press_editorial	press
church/NNP/br-b22/1005	-0.0331247606392731	-0.012472911786313	church	NNP	A	A	AB	AB	Z	Z	Z	Z	Z	 concern itself directly only with the internal affairs of the <font color=green>Church</font> . As it has turned out, however, the excessive enthusiasm in	2	2	2.69351952681979	1	4	press_editorial	press
church/NNP/br-b22/1077	0.0377679296598338	-0.142408049838699	church	NNP	A	A	AB	AB	Z	Z	Z	Z	Z	 that Pope John sees the renewal and purification of the <font color=green>Church</font>  as an absolutely necessary step toward Christian unity. Far from	5	1	3.72546271408525	0.2	3	press_editorial	press
church/NNP/br-b22/1318	0.022869552602421	-0.042516301882403	church	NNP	B	B	AB	AB	Z	Z	Z	Z	Z	 as directly as anyone the new spirit that pervades the <font color=green>Church</font>  's stance toward the Protestant and Orthodox Churches. Noting all	3	1	3.31196183671407	0.333333333333333	5	press_editorial	press
church/NNP/br-d03/2022	0.08051071876908	-0.0724117118975783	church	NNP	B	B	AB	AB	group%1:03:00::	C	C	C	CDE	 comments were equally made by an Anglican parson, a Free <font color=green>Church</font>  minister and a Catholic priest. Catholic priests have frequently appeared	3	2	4.16712721836267	0.666666666666667	7	religion	non-fiction
church/NNP/br-d05/1515	0.178093800491587	-0.0976234108711213	church	NNP	C	C	C	CDE	Z	Z	Z	Z	Z	 the world-at-large, disguised as the minister of a`` twenty-eighth Congregational <font color=green>Church</font> '' which bore no resemblance to the Congregational polities descended from	2	3	4.41581460478317	1.5	6	religion	non-fiction
church/NNP/br-d05/207	-0.0151522550600272	-0.206754784598949	church	NNP	C	C	C	CDE	Z	Z	Z	Z	Z	 existed for their returning the Public Lecture to the First <font color=green>Church</font> , and so to suppress it, rather than let Parker use	2	1	3.12398000417923	0.5	2	religion	non-fiction
church/NNP/br-d09/1127	0.191892651675071	-0.0951548552524336	church	NNP	C	C	C	CDE	Z	Z	Z	Z	Z	 that all those who come into the fellowship of the <font color=green>Church</font>  need preparatory training, including those coming by transfer of membership	3	1	4.1287825292584	0.333333333333333	2	religion	non-fiction
church/NNP/br-d09/1297	0.0459873344078159	-0.03154261142825	church	NNP	B	B	AB	AB	Z	Z	Z	Z	Z	 faith and to be received into the fellowship of the <font color=green>Church</font> . This should be a high moment in their lives, a	2	2	3.75524371598779	1	4	religion	non-fiction
church/NNP/br-d09/1404	-0.0288677709857732	-0.0108418678990643	church	NNP	A	A	AB	AB	Z	Z	Z	Z	Z	 to determine the attitude of the new members toward the <font color=green>Church</font> . It can mean the difference between participation and inaction, spiritual	5	3	2.66127194064433	0.6	4	religion	non-fiction
church/NNP/br-d09/1436	0.000538762234637807	0.00119387881351668	church	NNP	A	A	AB	AB	Z	Z	Z	Z	Z	 natural and logical time to receive new members into the <font color=green>Church</font> . The atmosphere for this momentous experience can be created most	3	2	2.57955204364443	0.666666666666667	5	religion	non-fiction
church/NNP/br-d09/172	-0.0180150145903244	-0.0410134106122401	church	NNP	A	A	AB	AB	Z	Z	Z	Z	Z	 determine their interest and participation in the life of the <font color=green>Church</font> . Neglect means spiritual paralysis or death. Churches that have a	3	2	3.07344169057991	0.666666666666667	4	religion	non-fiction
church/NNP/br-d09/2155	-0.0136511080417755	-0.0157923571107664	church	NNP	A	A	AB	AB	Z	Z	Z	Z	Z	 needs or they will never mature into effective Christians. The <font color=green>Church</font>  expects certain things of those who become members. The new	5	4	3.02125130359241	0.8	4	religion	non-fiction
church/NNP/br-d09/231	-0.00864175239929471	-0.0298879477663888	church	NNP	A	A	AB	AB	Z	Z	Z	Z	Z	 It is important that persons desiring to unite with the <font color=green>Church</font>  be prepared for this experience so that it may be	3	2	3.4460541375277	0.666666666666667	4	religion	non-fiction
church/NNP/br-d09/262	0.0334579257659116	-0.0724195945905394	church	NNP	A	A	AB	AB	Z	Z	Z	Z	Z	 to ask a person to take the sacred vows of <font color=green>Church</font>  membership before he has been carefully instructed concerning their implications	5	4	4.35085804539655	0.8	5	religion	non-fiction
church/NNP/br-d09/276	0.0136144590556252	-0.016305682890408	church	NNP	B	B	AB	AB	Z	Z	Z	Z	Z	 he has been carefully instructed concerning their implications. Preparation for <font color=green>Church</font>  membership begins immediately after the commitment is received. The pastor	4	1	3.62102746081662	0.25	8	religion	non-fiction
church/NNP/br-d09/39	-0.00731289315247303	-0.11818691719707	church	NNP	A	A	AB	AB	Z	Z	Z	Z	Z	 to achieve Christian stature, it is an indictment of the <font color=green>Church</font> . These fatalities are dramatic evidence of`` halfway evangelism'', a failure	4	2	3.3646402788863	0.5	4	religion	non-fiction
church/NNP/br-d09/6	0.0208511805220122	0.0353574684580324	church	NNP	A	A	AB	AB	Z	Z	Z	Z	Z	 Few persons who join the <font color=green>Church</font>  are insincere. They earnestly desire to do the will of	2	1	3.42378995346544	0.5	3	religion	non-fiction
church/NNP/br-d09/624	-0.00594723298412434	-0.0132766945829054	church	NNP	C	C	C	CDE	Z	Z	Z	Z	Z	 cover four major areas: The Christian Faith History of the <font color=green>Church</font>  Duties of Church Membership The Local Church and Its Program	4	4	3.30443665172676	1	6	religion	non-fiction
church/NNP/br-d09/627	-0.00532737764970713	-0.00957159936946695	church	NNP	C	C	C	CDE	Z	Z	Z	Z	Z	 areas: The Christian Faith History of the Church Duties of <font color=green>Church</font>  Membership The Local Church and Its Program Following each instruction	4	4	3.38506841183239	1	8	religion	non-fiction
church/NNP/br-d09/631	-0.00821914164506541	-0.00535016154598065	church	NNP	C	C	C	CDE	Z	Z	Z	Z	Z	 History of the Church Duties of Church Membership The Local <font color=green>Church</font>  and Its Program Following each instruction period a piece of	4	4	3.34847053810519	1	7	religion	non-fiction
church/NNP/br-g02/1539	0.00154598219488737	-0.107908894006763	church	NNP	A	A	AB	AB	Z	Z	Z	Z	Z	 and influence of such other claimants for loyalty as the <font color=green>Church</font> . The breakup of the Holy Roman Empire and the downfall	4	2	3.06648212402149	0.5	3	belles_lettres	fiction
church/NNP/br-j25/691	-0.0527944728893381	-0.12937793529428	church	NNP	B	B	AB	AB	Z	Z	Z	Z	Z	 indicators of expected adherence to group norms. However, because of <font color=green>Church</font>  laws, lately more stringently enforced, which forbid the marriage of	5	4	3.41315092250054	0.8	4	learned	non-fiction
church/NNP/br-k04/233	0.0484135674528939	0.0438538945674224	church	NNP	D	D	DE	CDE	group%1:03:00::	C	C	C	CDE	 of this crowded region was the Allen African Methodist Episcopal <font color=green>Church</font> . It was an old and dirty wooden structure, sadly in	4	3	3.14222616394731	0.75	6	fiction_gral	fiction
church/NNP/br-k06/698	0.197474749253299	-0.173019039084112	church	NNP	D	D	DE	CDE	group%1:03:00::	C	C	C	CDE	 the foothills, was the city of God. The Dutch Reformed <font color=green>Church</font> , with two steeples and its own school was on Main	4	0	2.59437691365385	0	1	fiction_gral	fiction
church/NNP/br-k06/726	0.144388886135113	-0.0616771908214129	church	NNP	D	D	DE	CDE	group%1:03:00::	C	C	C	CDE	 was one block down Sussex Street; the Catholic Saint Mary's <font color=green>Church</font> , with an even taller steeple and a cross on top	5	1	4.10176907869684	0.2	3	fiction_gral	fiction
church/NNP/br-k06/841	0.115585829588323	-0.0575375328324015	church	NNP	D	D	DE	CDE	group%1:03:00::	C	C	C	CDE	 became familiar with God, who resided chiefly in Drew Centennial <font color=green>Church</font>  with its high steeple and clock. There was no church	3	1	3.43281726206981	0.333333333333333	4	fiction_gral	fiction
church/NNP/br-k06/855	0.125256519585945	-0.0267036928619084	church	NNP	D	D	DE	CDE	group%1:03:00::	C	C	C	CDE	 high steeple and clock. There was no church like Drew <font color=green>Church</font> , no preacher like Papa, who was intimate with Him, and	2	1	3.76473133724878	0.5	5	fiction_gral	fiction
church/NNP/br-k10/1229	0.0671648825552924	-0.120122695404512	church	NNP	B	B	AB	AB	group%1:03:00::	C	C	C	CDE	 smashing images and tearing down symbols sacred to the Old <font color=green>Church</font> . John found it difficult, but he held him in check	4	3	3.60506000655835	0.75	6	fiction_gral	fiction
church/NNS/br-a10/1674	0.0979674032655222	0.0816952623667972	church	NNS	D	D	DE	CDE	Z	Z	Z	Z	Z	 need for their forthcoming program,`` Breakthrough'' scheduled to fill the <font color=green>churches</font>  for the next two years. In his opening address Wednesday	5	2	2.61381180534161	0.4	3	press_reportage	press
church/NNS/br-a10/1863	-0.0549560120354416	0.304318315608862	church	NNS	C	C	C	CDE	Z	Z	Z	Z	Z	 for every 10000 persons.`` In this light we need 1000 <font color=green>churches</font>  in Illinois, where we have 200; 800 in Southern New	3	1	2.80213514402226	0.333333333333333	1	press_reportage	press
church/NNS/br-a10/1918	0.185684717914921	-0.0160415094950333	church	NNS	C	C	C	CDE	Z	Z	Z	Z	Z	 Brandt suggested the vision of 8000 new Assemblies of God <font color=green>churches</font>  in the next 10 years. To accomplish this would necessitate	3	1	3.30734421744864	0.333333333333333	3	press_reportage	press
church/NNS/br-a10/1980	-0.0240747099549753	-0.0412103514839373	church	NNS	C	C	C	CDE	Z	Z	Z	Z	Z	 includes: Encouraging by every means, all existing Assemblies of God <font color=green>churches</font>  to start new churches. Engaging mature, experienced men to pioneer	6	0	3.83612370120059	0	6	press_reportage	press
church/NNS/br-a10/1996	-0.0160661546807093	0.00558617721300608	church	NNS	C	C	C	CDE	Z	Z	Z	Z	Z	 churches. Engaging mature, experienced men to pioneer or open new <font color=green>churches</font>  in strategic population centers. Surrounding pioneer pastors with vocational volunteers	7	2	3.76376261671529	0.285714285714286	7	press_reportage	press
church/NNS/br-a10/2051	0.24299028780365	0.0519508979923961	church	NNS	C	C	C	CDE	Z	Z	Z	Z	Z	 to spend from 6- 12 months as apprentices in well-established <font color=green>churches</font> . U. S. Dist. Judge Charles L. Powell denied all motions	2	0	3.11111114390784	0	2	press_reportage	press
church/NNS/br-a31/1594	-0.0684548054447942	0.0511744423611459	church	NNS	C	C	C	CDE	Z	Z	Z	Z	Z	 than 300 top teenagers and 65 adult advisers from Presbyterian <font color=green>churches</font>  of the area sat enthralled at the four-hour program. This	4	2	3.04361483890285	0.5	3	press_reportage	press
church/NNS/br-a31/1753	-0.133215091663837	0.0227092988380458	church	NNS	C	C	C	CDE	Z	Z	Z	Z	Z	 Auditorium may be set up soon. And to encourage other <font color=green>churches</font>  to try their own programs, Kern said this Sunday 's	3	2	2.49237083335176	0.666666666666667	2	press_reportage	press
church/NNS/br-b04/1480	0.0254086763928879	0.0252929453183564	church	NNS	C	C	C	CDE	Z	Z	Z	Z	Z	 his money and his name: Does it assail schools and <font color=green>churches</font>  with blanket accusations? Does it attack other traditional American institutions	4	2	2.90183612960681	0.5	4	press_editorial	press
church/NNS/br-d03/1051	-0.0353059427553122	-0.0565438859270688	church	NNS	D	D	DE	CDE	church%1:06:00::	D	D	DE	CDE	 be said that these same Protestants have built some new <font color=green>churches</font>  during this period, and that religious population shifts have emptied	4	2	3.14518794507178	0.5	4	religion	non-fiction
church/NNS/br-d03/929	0.0334908294375621	0.0941346291711512	church	NNS	C	C	C	CDE	church%1:06:00::	D	D	DE	CDE	 the Manchester Guardian of last November, entitled`` Fate of Redundant <font color=green>Churches</font> '', states than an Archbishops' Commission`` reported last month that in	2	0	2.81552286483522	0	4	religion	non-fiction
church/NNS/br-d03/952	0.0415864403985671	-0.0152078893149503	church	NNS	C	C	C	CDE	church%1:06:00::	D	D	DE	CDE	 that in the Church of England alone there are 790 <font color=green>churches</font>  which are redundant now, or will be in 20 years	3	2	2.62033423788637	0.666666666666667	3	religion	non-fiction
church/NNS/br-d05/1536	-0.139748406795026	-0.22591539233056	church	NNS	C	C	C	CDE	Z	Z	Z	Z	Z	 descended from the founders( among which were still the Unitarian <font color=green>churches</font> ), made explicit from the beginning that the conflict between him	1	0	3.2593209691398	0	2	religion	non-fiction
church/NNS/br-d09/181	0.0191839189228579	-0.0378252403472437	church	NNS	C	C	C	CDE	Z	Z	Z	Z	Z	 life of the Church. Neglect means spiritual paralysis or death. <font color=green>Churches</font>  that have a carefully planned program of membership preparation and	4	2	3.10445197841004	0.5	4	religion	non-fiction
church/NNS/br-d09/1910	-0.00705273501780629	-0.0422830019773757	church	NNS	C	C	C	CDE	Z	Z	Z	Z	Z	 This problem is illustrated by the fact that many local <font color=green>churches</font>  drop from the active membership rolls each year as many	4	2	2.80225334224044	0.5	3	religion	non-fiction
church/NNS/br-d09/1946	-0.0236487226174787	0.000388799764161703	church	NNS	C	C	C	CDE	Z	Z	Z	Z	Z	 some areas where population is expanding, show that numbers of <font color=green>churches</font>  have had little net increase, though many new members were	5	4	2.77820815341666	0.8	5	religion	non-fiction
church/NNS/br-d09/502	0.0221202282364896	-0.0845930401892539	church	NNS	C	C	C	CDE	Z	Z	Z	Z	Z	 sessions of preparation for membership is necessary for adults. Some <font color=green>churches</font>  require more. None should ask less. Those who join the	5	3	3.44529833445276	0.6	3	religion	non-fiction
church/NNS/br-d09/559	0.00705576832383845	-0.0135588357584647	church	NNS	C	C	C	CDE	Z	Z	Z	Z	Z	 devotion to it if membership requires something of them. Many <font color=green>churches</font>  find the Sunday school hour to be the most practical	4	2	2.86167552248647	0.5	5	religion	non-fiction
church/NNS/br-d10/1095	-0.045336886550309	-0.0407472580646712	church	NNS	C	C	C	CDE	Z	Z	Z	Z	Z	 Asians tend to consider not only missions but the local <font color=green>churches</font>  they have produced as centers and agents of Western culture	4	3	3.21906479938063	0.75	5	religion	non-fiction
church/NNS/br-d10/305	-0.260097075911481	-0.284216965327376	church	NNS	C	C	C	CDE	Z	Z	Z	Z	Z	 may have a certain justification, we ought to dispense with <font color=green>churches</font> . The suggestion is naive. Man is at once a gregarious	1	0	2.9415254082664	0	1	religion	non-fiction
church/NNS/br-d14/1926	-0.00289950998588577	-0.079449476972056	church	NNS	B	B	AB	AB	Z	Z	Z	Z	Z	 John Greenleaf Whittier( 1807- 1892) he eventually attacked the orthodox <font color=green>churches</font>  for what he deemed their cowardly compromising on the slavery	2	1	3.5591681633623	0.5	5	religion	non-fiction
church/NNS/br-d14/199	0.015228749012834	-0.00946206532087445	church	NNS	C	C	C	CDE	Z	Z	Z	Z	Z	 proportion, although in 1914 still a minority, were members of <font color=green>churches</font> . Presumably those who did not have a formal church connexion	2	1	2.91846525282958	0.5	5	religion	non-fiction
church/NNS/br-d14/507	0.00834934874114708	-0.00152366809422803	church	NNS	C	C	C	CDE	Z	Z	Z	Z	Z	 the ethical codes to which the majority subscribed. Thus Baptist <font color=green>churches</font>  on the frontier took cognizance of charges against their members	3	2	3.22381327002461	0.666666666666667	7	religion	non-fiction
church/NNS/br-d17/569	-0.0554296723012866	0.0788189819909228	church	NNS	C	C	C	CDE	Z	Z	Z	Z	Z	 one of my editorial workers wanted to find out how <font color=green>churches</font>  and philanthropic organizations met the needs of New York 's	2	1	2.84183876241835	0.5	3	religion	non-fiction
church/NNS/br-f15/1245	-0.00874522032950094	-0.0653870189098631	church	NNS	B	B	AB	AB	church%1:14:00::	B	B	AB	AB	 Consider what happened during World War 1,, when the Protestant <font color=green>churches</font>  united to push the Prohibition law through Congress. Many of	2	2	3.49881741460129	1	5	popular_lore	fiction
church/NNS/br-f15/1887	-0.020891428651552	-0.0334832533345079	church	NNS	B	B	AB	AB	group%1:03:00::	C	C	C	CDE	 1961, by the general board of the National Council of <font color=green>Churches</font> , the largest Protestant organization in the US. The board approved	3	2	3.15074059609539	0.666666666666667	3	popular_lore	fiction
church/NNS/br-f15/1944	-0.0243024908138911	-0.0581633393532188	church	NNS	B	B	AB	AB	church%1:14:00::	B	B	AB	AB	 of contraceptives. The general board declared:`` Most of the Protestant <font color=green>churches</font>  hold contraception and periodic continence to be morally right when	4	1	2.74695319572317	0.25	3	popular_lore	fiction
church/NNS/br-f15/821	0.0148331559202456	-0.0666862731373927	church	NNS	B	B	AB	AB	orthodox_catholic_church%1:14:00::	B1	B	AB	AB	 the exception of the Roman Catholic and the Orthodox Catholic <font color=green>Churches</font> , most churches make no moral distinction between rhythm and mechanical	6	6	3.92728011125074	1	9	popular_lore	fiction
church/NNS/br-f44/1189	0.0162238264011259	0.0082651234257817	church	NNS	C	C	C	CDE	church%1:14:00::	B	B	AB	AB	 and publicity in reaching new members. The proclamation of the <font color=green>churches</font>  is almost totally confined to pastoral contacts by the clergy	7	3	3.21645861586986	0.428571428571429	5	popular_lore	fiction
church/NNS/br-f44/124	-0.0372351370659978	-0.0179861435603056	church	NNS	C	C	C	CDE	church%1:14:00::	B	B	AB	AB	 inner city blight account for the decline of central city <font color=green>churches</font> . Central cities reveal two adverse features for the major denominations	4	2	2.58627925989293	0.5	6	popular_lore	fiction
church/NNS/br-f44/1683	0.0796307086276327	-0.0390751916633574	church	NNS	C	C	C	CDE	church%1:14:00::	B	B	AB	AB	 hopelessly unstable environment. More than creatures of metropolitan forces, the <font color=green>churches</font>  have taken the lead in counteracting the interdependence of metropolitan	2	2	3.49717170750286	1	5	popular_lore	fiction
church/NNS/br-f44/1918	0.00153167965153944	-0.051225017263297	church	NNS	C	C	C	CDE	church%1:14:00::	B	B	AB	AB	 of middle-class culture could lead to various projections for the <font color=green>churches</font> . It could be argued that any fellowship which centers in	3	3	3.04795441299106	1	5	popular_lore	fiction
church/NNS/br-f44/2015	-0.0275695738435388	-0.103227015379841	church	NNS	C	C	C	CDE	church%1:14:00::	B	B	AB	AB	 next chapter to the style of association in the denominational <font color=green>churches</font> ; this style is characteristically an expression of the communal style	3	0	2.45169440028571	0	4	popular_lore	fiction
church/NNS/br-f44/2181	0.000612468867769974	0.0745643432312471	church	NNS	C	C	C	CDE	church%1:14:00::	B	B	AB	AB	 have fashioned the iron cage of conformity which imprisons the <font color=green>churches</font>  in their suburban captivity. The perplexing question still remains as	2	1	2.57993234186034	0.5	3	popular_lore	fiction
church/NNS/br-f44/2201	-0.00264022001413848	-0.0179373870167055	church	NNS	C	C	C	CDE	church%1:14:00::	B	B	AB	AB	 remains as to why the middle classes turn to the <font color=green>churches</font>  as a vehicle of social identity when their clubs and	5	3	2.70458907788663	0.6	5	popular_lore	fiction
church/NNS/br-f44/343	0.0231338267613814	-0.0568239989335447	church	NNS	C	C	C	CDE	church%1:14:00::	B	B	AB	AB	 moreover, residential mobility is so high in metropolitan areas that <font color=green>churches</font>  have to recruit constantly in their core stratum in order	5	3	3.34297827941728	0.6	5	popular_lore	fiction
church/NNS/br-f44/868	0.111420653826453	-0.0381411468949564	church	NNS	C	C	C	CDE	church%1:14:00::	B	B	AB	AB	 and congregational outreach have not been carefully studied in the <font color=green>churches</font> ; one study in Pittsburgh, however, has illuminated the situation. In	2	1	3.48671046072042	0.5	4	popular_lore	fiction
church/NNS/br-g13/1130	-0.0919003807121874	0.12661335436754	church	NNS	D	D	DE	CDE	Z	Z	Z	Z	Z	 holy barbarians; they will destroy the shrines, temples, museums, and <font color=green>churches</font>  of the state that is the implacable enemy of the	3	0	2.02189281217255	0	2	belles_lettres	fiction
church/NNS/br-k06/1925	0.359818000404523	-0.284690184500044	church	NNS	D	D	DE	CDE	church%1:06:00::	D	D	DE	CDE	 them open. Lightning might strike the steeples of the other <font color=green>churches</font> ; not of Drew Church. A flash illumined the trees as	2	0	3.77670279945204	0	2	fiction_gral	fiction
country/NN/br-a06/106	0.114681258238448	0.136647660844481	country	NN	A	A	A	A	Z	Z	Z	Z	Z	 Westfield Young Democratic Club cocktail party at the Scotch Plains <font color=green>Country</font>  Club. It was greeted with a chorus of boos by	4	2	2.63090315437401	0.5	4	press_reportage	press
country/NN/br-a07/1688	-0.261985403344729	0.33616975826211	country	NN	B	B	B14	B	Z	Z	Z	Z	Z	 those countries. A committee of experts has recommended that a <font color=green>country</font>  's population be considered in the distribution of professional posts	2	0	2.42582201621876	0	1	press_reportage	press
country/NN/br-a08/443	-0.094788542296516	-0.0610709678440175	country	NN	B4	B	B14	B	Z	Z	Z	Z	Z	 the National Archives building where hundreds of thousands of this <font color=green>country</font>  's most valuable records are kept. Also the department of	2	0	2.0886736013312	0	1	press_reportage	press
country/NN/br-a17/346	0.120391746979454	0.164367958644087	country	NN	A	A	A	A	Z	Z	Z	Z	Z	 will be a stag dinner Friday evening at the Denver <font color=green>Country</font>  Club which will precede the opening of the 1961 golf	2	1	2.66608744895436	0.5	3	press_reportage	press
country/NN/br-a18/24	0.106316162768042	0.189070631226598	country	NN	A	A	A	A	Z	Z	Z	Z	Z	 of the Thrift Shop Committee for May 6 at Philmont <font color=green>Country</font>  Club. The women have a reputation for giving parties that	3	1	3.30736050467298	0.333333333333333	2	press_reportage	press
country/NN/br-a18/734	0.0982489673000273	0.188487039585163	country	NN	A	A	A	A	Z	Z	Z	Z	Z	 contributions may be made there will be facilities at Philmont <font color=green>Country</font>  Club for those who would like to bring the bundles	2	1	2.65739210837914	0.5	2	press_reportage	press
country/NN/br-a20/641	0.00766126087487552	0.361235522921558	country	NN	B2	B	B23	B	Z	Z	Z	Z	Z	 and the two civil servants the recipients for selling their <font color=green>country</font>  's secrets. The fact that secrets of the Dreadnought, and	3	3	2.93606379563848	1	3	press_reportage	press
country/NN/br-a26/490	0.15824082359595	0.0975768194984445	country	NN	B1	B	B14	B	Z	Z	Z	Z	Z	 price would be quoted regularly in newspapers all over the <font color=green>country</font> . He was also pleased with the wide distribution because he	5	1	2.49701892869506	0.2	3	press_reportage	press
country/NN/br-a27/436	-0.240496958773736	-0.38208261132336	country	NN	B2	B	B23	B	Z	Z	Z	Z	Z	 the steel strike. Draper declared,`` As I see it, this <font color=green>country</font>  has never faced such great dangers as threaten us today	4	1	2.74427574733729	0.25	1	press_reportage	press
country/NN/br-a29/2062	0.0704426839345299	0.123451319417946	country	NN	A	A	A	A	Z	Z	Z	Z	Z	 weekend they have reserved the entire Stagecoach Inn and adjoining <font color=green>country</font>  club, Saledo, for festivities. Invitations have been extended to some	3	1	2.7821356239935	0.333333333333333	4	press_reportage	press
country/NN/br-a30/1777	-0.146993818666272	0.19885582113535	country	NN	B1	B	B14	B	Z	Z	Z	Z	Z	 Longinotti. Newcomers of social note from other parts of the <font color=green>country</font>  are the Ray Carbones, formerly of Panama; the Geddes MacGregors	3	1	2.59162604267357	0.333333333333333	2	press_reportage	press
country/NN/br-a30/292	0.11805695666412	0.182295003699427	country	NN	A	A	A	A	Z	Z	Z	Z	Z	 three-building complex. Fall foliage and flowers will decorate Los Angeles <font color=green>Country</font>  Club for the annual formal party Saturday evening. More than	3	1	2.6786010339771	0.333333333333333	3	press_reportage	press
country/NN/br-a30/380	0.08640419612845	0.0773444243469728	country	NN	A	A	A	A	Z	Z	Z	Z	Z	 A. Swim celebrated his 75 th birthday at the Wilshire <font color=green>Country</font>  Club, guests came by chartered plane from all over the	4	2	2.63299150175708	0.5	5	press_reportage	press
country/NN/br-a33/399	-0.0253068275963948	0.136890048845735	country	NN	B1	B	B14	B	Z	Z	Z	Z	Z	 Regional representatives appointed to serve from each section of the <font color=green>country</font>  include Frank E. Barnes of Boston. President Kennedy could n't	3	1	2.39003181321308	0.333333333333333	3	press_reportage	press
country/NN/br-a33/754	-0.094788542296516	-0.0610709678440175	country	NN	B1	B	B14	B	Z	Z	Z	Z	Z	 serious music''. He added`` I think that sometimes in this <font color=green>country</font>  we are not aware as we should be of the	3	1	2.0886736013312	0.333333333333333	1	press_reportage	press
country/NN/br-a41/1455	-0.415613447633156	-0.00860703604840236	country	NN	B1	B	B14	B	Z	Z	Z	Z	Z	 the thousands of Belgian civilians who had remained in the <font color=green>country</font> . The Belgian government decided to act, and on July 10	2	0	3.26557267097058	0	2	press_reportage	press
country/NN/br-b01/1784	0.0685677193411985	0.403771600401972	country	NN	B2	B	B23	B	Z	Z	Z	Z	Z	 character. Tardily the Government here came to understand how this <font color=green>country</font>  's own reputation was tarnished by the association with repression	3	1	3.47276229434255	0.333333333333333	1	press_editorial	press
country/NN/br-b05/2202	-0.311746058686567	-0.0991024464378995	country	NN	B3	B	B23	B	Z	Z	Z	Z	Z	 day. Then off to a remote place in an underdeveloped <font color=green>country</font>  where the diet, culture, language and living conditions will be	7	2	2.60801962143583	0.285714285714286	2	press_editorial	press
country/NN/br-b05/482	0.214907665564745	-0.207764469883576	country	NN	B	B	B14	B	Z	Z	Z	Z	Z	 for world trade as a condition of national survival, this <font color=green>country</font>  can have little patience with labor 's family feuds. The	7	2	2.68041765876585	0.285714285714286	2	press_editorial	press
country/NN/br-b10/2098	-0.0136441162216808	-0.00649805198535334	country	NN	B1	B	B14	B	Z	Z	Z	Z	Z	 in the past few years is still available in this <font color=green>country</font> . The work is executed in England( by hand) and can	3	1	2.27319336174677	0.333333333333333	3	press_editorial	press
country/NN/br-b11/1896	0.396926897218403	0.178518685995164	country	NN	B1	B	B14	B	Z	Z	Z	Z	Z	 made its first appearance as the Saturday Evening Post. The <font color=green>country</font>  was now full of Gazettes and Samuel C. Atkinson and	2	0	2.14383796488162	0	1	press_editorial	press
country/NN/br-b16/1464	-0.0462615702998278	0.190414561351541	country	NN	B4	B	B14	B	Z	Z	Z	Z	Z	 perhaps, one of the things that is wrong with our <font color=green>country</font> ? Engineering graduates of Illinois Institute of Technology are reported receiving	3	1	2.48352497123702	0.333333333333333	3	press_editorial	press
country/NN/br-b16/2025	-0.199102573534047	0.224803292555953	country	NN	B4	B	B14	B	Z	Z	Z	Z	Z	 in London while they finished their drinks. They do our <font color=green>country</font>  great harm by such actions. Those in the public eye	4	1	2.26055860960415	0.25	2	press_editorial	press
country/NN/br-b16/284	-0.252897253231449	0.27002263076133	country	NN	B3	B	B23	B	Z	Z	Z	Z	Z	 in world peace, increased world trade, and prosperity for every <font color=green>country</font>  on the globe. Let us prepare for peace, instead of	5	2	2.79873143367757	0.4	2	press_editorial	press
country/NN/br-b17/1988	-0.0369705917982846	-0.08745487925201	country	NN	B4	B	B14	B	Z	Z	Z	Z	Z	 Humphrey be serious in his proposal? Is nothing in this <font color=green>country</font>  more sacred than the tourists' comfort? Perhaps the idea of	3	1	2.09940025443525	0.333333333333333	2	press_editorial	press
country/NN/br-b18/873	-0.350671701761746	0.0794248555959451	country	NN	B2	B	B23	B	Z	Z	Z	Z	Z	 did not include repeal of the Connally amendment to this <font color=green>country</font>  's domestic jurisdiction reservation to its Adherence to the Statute	4	1	2.51753406258779	0.25	2	press_editorial	press
country/NN/br-b19/286	-0.133167779188904	0.117073751779713	country	NN	B2	B	B23	B	Z	Z	Z	Z	Z	 wrongs can make a right! I am referring to this <font color=green>country</font>  conducting atmosphere tests of nuclear bombs just because Russia is	3	1	2.3477278269668	0.333333333333333	3	press_editorial	press
country/NN/br-b20/2202	-0.327200856612159	0.179217991463466	country	NN	B2	B	B23	B	country%1:14:00::	B2	B	BB2	B	 more serious should the cold war mount in frenzy. The <font color=green>country</font>  is committed to the doctrine of security by military means	5	0	2.48031020150283	0	1	press_editorial	press
country/NN/br-b20/308	-0.131292718573017	0.147190380602924	country	NN	B4	B	B14	B	country%1:15:00::	B1	B	B1	B	 that of diplomatic policy''. Morrison points out that since our <font color=green>country</font>  is more urbanized than the Soviet Union or Red China	5	2	2.33750842367562	0.4	3	press_editorial	press
country/NN/br-b21/1487	-0.112991000577546	-0.0306923964142199	country	NN	B1	B	B14	B	Z	Z	Z	Z	Z	 far more important as a potential health hazard in this <font color=green>country</font>  and throughout the world''. Dr. Linus Pauling, a Nobel Prize	4	1	2.2997492453649	0.25	3	press_editorial	press
country/NN/br-b23/2111	-0.44707489494653	0.131390730366536	country	NN	B2	B	B23	B	Z	Z	Z	Z	Z	 with the Communist bloc, and is busily turning his own <font color=green>country</font>  into a totalitarian dictatorship. As our planes land the war	4	1	2.76532915653513	0.25	1	press_editorial	press
country/NN/br-b24/1149	0.125482257013403	0.114648124553861	country	NN	B1	B	B14	B	Z	Z	Z	Z	Z	 them can bolt one down in mid-shimmy. All over the <font color=green>country</font> , belly clubs have never been bigger, especially in Detroit, Boston	5	2	2.13768918262451	0.4	3	press_editorial	press
country/NN/br-b27/1175	0.153539957570373	0.152469194895775	country	NN	B1	B	B14	B	Z	Z	Z	Z	Z	 to know he is getting mail from all over the <font color=green>country</font>  about the`` abuse'' he is being subjected to. We out	3	1	2.13443042571215	0.333333333333333	2	press_editorial	press
country/NN/br-b27/1218	-0.277763456051145	0.188417766390648	country	NN	B1	B	B14	B	Z	Z	Z	Z	Z	 if this is the situation in other parts of the <font color=green>country</font> ; apparently it is not. It also happened with the Inauguration	2	1	3.1373183354469	0.5	1	press_editorial	press
country/NN/br-c01/944	0.196968184861911	0.297075685517608	country	NN	B1	B	B14	B	country%1:15:00::	B1	B	B1	B	 bookers, cancellation of one of the richest bookings in the <font color=green>country</font> . Will somebody please reopen the Auditorium? Paintings and drawings by	2	0	2.73971221823663	0	2	press_reviews	press
country/NN/br-c10/1333	0.170487976870359	0.348616966892324	country	NN	B1	B	B14	B	Z	Z	Z	Z	Z	 although I saw Jouvet as Arnolphe when he visited this <font color=green>country</font>  shortly before his death; by that time, he seemed to	1	0	2.1495686395906	0	1	press_reviews	press
country/NN/br-c14/1501	-0.143684771855308	0.342044055069096	country	NN	A	A	A	A	Z	Z	Z	Z	Z	 best essays Mr. Sansom expresses his enthusiasm for the many <font color=green>country</font>  mansions designed by Andrea Palladio himself that dot the environs	3	0	2.16112946199168	0	1	press_reviews	press
country/NN/br-c14/2215	0.347455495578571	0.238088169017478	country	NN	B	B	B14	B	Z	Z	Z	Z	Z	 particular type of music or the music of a given <font color=green>country</font> . It is commendable that a regularly scheduled hour is set	2	0	3.14974085544546	0	1	press_reviews	press
country/NN/br-d03/1509	0.256552940962825	-0.30838942768518	country	NN	B4	B	B14	B	country%1:14:01::	B	B	BB2	B	 Faith of our Fathers: Mary 's prayers/ Shall win our <font color=green>country</font>  back to thee''. The English saints are widely venerated, quite	3	1	2.84271582015055	0.333333333333333	1	religion	non-fiction
country/NN/br-d07/523	-0.225247975104605	0.354508428527158	country	NN	B	B	B14	B	Z	Z	Z	Z	Z	 are tearing us apart. A visitor from a more peaceful <font color=green>country</font>  across the sea was taken to one of our amusement	4	1	2.32501731709679	0.25	1	religion	non-fiction
country/NN/br-d10/1879	-0.094788542296516	-0.0610709678440175	country	NN	B4	B	B14	B	Z	Z	Z	Z	Z	 the secularists are less disposed to compromise. And in this <font color=green>country</font>  Gustave Weigel 's delineation of the line between the sacral	4	0	2.0886736013312	0	1	religion	non-fiction
country/NN/br-d11/1770	-0.0866117129845187	-0.0403356879978827	country	NN	B1	B	B14	B	Z	Z	Z	Z	Z	 would far rather die after a Russian occupation of this <font color=green>country</font> - by some deliberate act of refusal- than die uselessly by	1	1	2.40416988235706	1	3	religion	non-fiction
country/NN/br-d14/772	-0.00838451501139843	-0.362552224544377	country	NN	B4	B	B14	B	Z	Z	Z	Z	Z	 the Protestantism of the nineteenth-century immigration. The ideals of the <font color=green>country</font>  were deeply indebted to the Protestantism of the older stock	3	3	3.1266845752108	1	3	religion	non-fiction
country/NN/br-d17/1276	0.158014494876369	0.0205276636082845	country	NN	B1	B	B14	B	Z	Z	Z	Z	Z	 during surgery, we asked others to pray; all over the <font color=green>country</font>  a massive shield of prayer was thrown around him. Today	4	1	2.2623968253453	0.25	4	religion	non-fiction
country/NN/br-d17/859	-0.0020752314283032	0.0382340250166271	country	NN	B4	B	B14	B	Z	Z	Z	Z	Z	 into schools the spiritual and moral values on which this <font color=green>country</font>  was built. Thousands of free copies are sent each month	4	1	2.22567608873353	0.25	3	religion	non-fiction
country/NN/br-e06/1085	-0.351551862821588	0.152733802809689	country	NN	B1	B	B14	B	Z	Z	Z	Z	Z	 making life easier for the growing boating population of the <font color=green>country</font> ; and to making the owning of a boat simpler. There	2	0	3.39660093337698	0	1	skill_and_hobbies	non-fiction
country/NN/br-e06/952	-0.0697930206174914	0.0757061590782578	country	NN	B3	B	B23	B	Z	Z	Z	Z	Z	 comes to boats and their motors, Americans excel over any <font color=green>country</font>  in the world in the long run. Russia, whose technology	3	2	2.23474329833774	0.666666666666667	2	skill_and_hobbies	non-fiction
country/NN/br-e12/1718	-0.0140223568342852	0.262301550467367	country	NN	A1	A	A	A	Z	Z	Z	Z	Z	 hatched his boyish mischief. Similarly in Illinois there is Lincoln <font color=green>country</font>  to be seen- his tomb and other landmarks. Minnesota, fabled	3	2	2.57566774355026	0.666666666666667	2	skill_and_hobbies	non-fiction
country/NN/br-e12/175	-0.464134638593732	0.0863951030735194	country	NN	B1	B	B14	B	Z	Z	Z	Z	Z	 this special U. S. A. vacation feature. We divided the <font color=green>country</font>  into five regions plus Hawaii and Alaska and in each	2	0	2.23206532426205	0	2	skill_and_hobbies	non-fiction
country/NN/br-e12/2274	0.00577157901846807	0.476024864106289	country	NN	A	A	A	A	Z	Z	Z	Z	Z	 formations of eroded rock which loom out of the semiarid <font color=green>country</font>  in both parks. Colorado 's Grand Canyon, probably the most	4	0	2.65466358864761	0	1	skill_and_hobbies	non-fiction
country/NN/br-e17/338	-0.204206997318611	-0.144694625800009	country	NN	B1	B	B14	B	Z	Z	Z	Z	Z	 that building codes and regulations vary so much throughout the <font color=green>country</font> , the first thing to do is to find out what	4	2	2.40541101895863	0.5	2	skill_and_hobbies	non-fiction
country/NN/br-e20/6	0.179625117632104	0.187135697793093	country	NN	B1	B	B14	B	Z	Z	Z	Z	Z	 Draw a line across the <font color=green>country</font>  at the latitude of lower Pennsylvania. Any house built now	3	2	2.34806458568409	0.666666666666667	2	skill_and_hobbies	non-fiction
country/NN/br-e30/1177	-0.1655220796619	0.10381959613131	country	NN	B1	B	B14	B	country%1:15:00::	B1	B	B1	B	 What 's your profit margin? In what section of the <font color=green>country</font>  are you located? Are you in a rural or urban	4	1	2.29559438634298	0.25	2	skill_and_hobbies	non-fiction
country/NN/br-e31/1819	-0.0934155774156979	0.167882616961241	country	NN	B1	B	B14	B	country%1:15:00::	B1	B	B1	B	 and it is helping more Americans see more of the <font color=green>country</font>  than they ever saw before. But make no mistake about	2	1	2.1184487308768	0.5	1	skill_and_hobbies	non-fiction
country/NN/br-f03/2248	0.176810752941186	0.134332743056537	country	NN	A	A	A	A	country%1:15:01::	A	A	A	A	 the convention, Depew was seated on the porch of a <font color=green>country</font>  home on the Hudson, gazing at the opposite shore.	4	2	2.36561457597741	0.5	4	popular_lore	fiction
country/NN/br-f04/202	-0.173514978068944	-0.242122939173731	country	NN	A	A	A	A	Z	Z	Z	Z	Z	 These contemporary structures, beautifully adapted to a school in the <font color=green>country</font> , are home to 60 children, ages eight to fourteen, grades	3	0	2.93739700793132	0	3	popular_lore	fiction
country/NN/br-f05/2164	-0.104825396936948	-0.448853185937328	country	NN	B1	B	B14	B	Z	Z	Z	Z	Z	 stubby plane as their link with the rest of the <font color=green>country</font> . The flyer had his share of near-misses. At Fort Ethan	3	1	2.5295004456936	0.333333333333333	1	popular_lore	fiction
country/NN/br-f09/444	-0.277763456051145	0.188417766390648	country	NN	B1	B	B14	B	Z	Z	Z	Z	Z	 parts of Europe and Egypt and finally back into this <font color=green>country</font> . She has been acting as a prostitute.`` Our information is	3	0	3.1373183354469	0	1	popular_lore	fiction
country/NN/br-f11/1531	-0.277763456051145	0.188417766390648	country	NN	B1	B	B14	B	Z	Z	Z	Z	Z	 a complete full-banded job differs in various parts of the <font color=green>country</font> . Work that might cost$ 500 to$ 750 in the South	3	1	3.1373183354469	0.333333333333333	1	popular_lore	fiction
country/NN/br-f13/701	-0.084017962954526	0.308574504446741	country	NN	A	A	A	A	country%1:15:01::	A	A	A	A	 similar municipal services are of equal quality in city and <font color=green>country</font> , real estate taxes are usually about the same. A part-time	4	0	2.09913778596371	0	1	popular_lore	fiction
country/NN/br-f15/2048	-0.0538374701990412	-0.0104038929530855	country	NN	B1	B	B14	B	country%1:14:00::	B2	B	BB2	B	 translated into action by the majority of people in this <font color=green>country</font> . Repeated polls have disclosed that most married couples are now	4	0	2.33464678123383	0	4	popular_lore	fiction
country/NN/br-f15/235	-0.094788542296516	-0.0610709678440175	country	NN	B4	B	B14	B	country%1:14:00::	B2	B	BB2	B	 more tension, rancor and strife among religious groups in this <font color=green>country</font>  than the birth-control issue. It has flared up periodically on	3	0	2.0886736013312	0	1	popular_lore	fiction
country/NN/br-f17/2140	-0.153485656653534	0.339295658158644	country	NN	A1	A	A	A	country%1:15:02::	A1	A	A	A	 three men to cart goods to them from the Mississippi <font color=green>country</font> . Others carried pemmican from`` the Forks'' to St. Paul and	4	0	2.4923827827371	0	1	popular_lore	fiction
country/NN/br-f19/140	-0.101176171581376	-0.118434636532883	country	NN	B2	B	B23	B	country%1:14:00::	B2	B	BB2	B	 a given generation feels must have occurred. 2) As a <font color=green>country</font>  superimposes its cultural and political attitudes on others, it searches	4	1	2.26772339483886	0.25	2	popular_lore	fiction
country/NN/br-g06/2329	-0.283898575769985	-0.320395674229155	country	NN	B2	B	B23	B	Z	Z	Z	Z	Z	 feared most was war or political instability in their own <font color=green>country</font> . The ideal home, they agreed, would be a small private	4	0	2.05112856677735	0	1	belles_lettres	fiction
country/NN/br-g10/530	0.286927587700188	-0.104476769485753	country	NN	B	B	B14	B	Z	Z	Z	Z	Z	 it comes to this, I shall prefer emigrating to some <font color=green>country</font>  where they make no pretence of loving liberty- to Russia	2	0	2.13530306243178	0	1	belles_lettres	fiction
country/NN/br-g17/767	-0.267597792098091	0.111211823965354	country	NN	B4	B	B14	B	country%1:14:01::	B	B	BB2	B	 all partial or local legislation''. Who will say that our <font color=green>country</font>  is even now a homogeneous community? that regional peculiarities do	4	1	2.13530306243178	0.25	1	belles_lettres	fiction
country/NN/br-g18/1754	-0.176277205038862	0.123139557891064	country	NN	B4	B	B14	B	country%1:14:01::	B	B	BB2	B	 an invasion of Russia and each brought ruin on the <font color=green>country</font>  that worshipped him. Each is still glorified as a national	3	0	2.49341648507096	0	2	belles_lettres	fiction
country/NN/br-g21/605	-0.094788542296516	-0.0610709678440175	country	NN	B4	B	B14	B	country%1:14:00::	B2	B	BB2	B	 man? French Egalitarianism had had only nominal influence in this <font color=green>country</font>  before the days of Popularism. The riotous onrush of industrialism	4	0	2.0886736013312	0	1	belles_lettres	fiction
country/NN/br-g28/1507	-0.154941804641826	0.449190398112624	country	NN	A	A	A	A	back_country%1:15:00::	A	A	A	A	 William Byrd described the Lubberlanders he encountered in the back <font color=green>country</font>  of Virginia and North Carolina. The chief literary antecedents of	3	0	2.51283339320839	0	1	belles_lettres	fiction
country/NN/br-g28/2097	0.148468722654488	0.394810001737628	country	NN	A1	A	A	A	country%1:15:00::	B1	B	B1	B	 as a young man prepared to find in the new <font color=green>country</font>  the setting of romantic adventure and idealized beauty. But Thorpe	3	0	2.5295004456936	0	1	belles_lettres	fiction
country/NN/br-h02/105	-0.304687259205978	-0.213369173193318	country	NN	B2	B	B23	B	Z	Z	Z	Z	Z	 growth nor a development program can be imposed on a <font color=green>country</font> ; it must express the nation 's own will and goal	4	0	2.06687692374549	0	1	miscellaneous	non-fiction
country/NN/br-h02/1401	-0.0840743127299499	-0.0219711656269603	country	NN	B3	B	B23	B	Z	Z	Z	Z	Z	 show substantial success in this effort will vary greatly from <font color=green>country</font>  to country. In several significant cases, such as India, a	4	1	2.17304548409046	0.25	3	miscellaneous	non-fiction
country/NN/br-h02/1403	-0.0727454356113595	-0.0122752430250996	country	NN	B3	B	B23	B	Z	Z	Z	Z	Z	 success in this effort will vary greatly from country to <font color=green>country</font> . In several significant cases, such as India, a decade of	4	2	2.13236075613212	0.5	4	miscellaneous	non-fiction
country/NN/br-h02/1763	-0.24715776042524	-0.000707950933770168	country	NN	B3	B	B23	B	Z	Z	Z	Z	Z	 firms involve multi-year budgeting and the same is true of <font color=green>country</font>  development programs. More importantly, several of the more advanced of	3	1	2.3136664574281	0.333333333333333	1	miscellaneous	non-fiction
country/NN/br-h02/206	-0.230014119819175	-0.0214888167105986	country	NN	B3	B	B23	B	Z	Z	Z	Z	Z	 formulation of programs for development which are adapted to the <font color=green>country</font>  's objectives and resources. This includes assistance in- assembling the	5	1	2.82130437116564	0.2	2	miscellaneous	non-fiction
country/NN/br-h02/351	-0.390126804649631	-0.0678338062037758	country	NN	B3	B	B23	B	Z	Z	Z	Z	Z	 programing and budgeting completely beyond the capabilities of the recipient <font color=green>country</font>  would result in the frustration of the basic objective of	3	1	3.65364603636687	0.333333333333333	1	miscellaneous	non-fiction
country/NN/br-h02/572	-0.332226381932433	0.0180352189057945	country	NN	B3	B	B23	B	Z	Z	Z	Z	Z	 developed countries, of the essential foreign exchange requirements of the <font color=green>country</font>  's development program. A systematic approach to development budgeting and	5	1	2.0964092713105	0.2	1	miscellaneous	non-fiction
country/NN/br-h02/801	-0.353057738068419	-0.0607357186957535	country	NN	B3	B	B23	B	Z	Z	Z	Z	Z	 have made clear that we are genuinely concerned with a <font color=green>country</font>  's development potential, we can be blunt in suggesting the	2	1	2.4923827827371	0.5	1	miscellaneous	non-fiction
country/NN/br-h03/1107	-0.0240327815435965	0.00676418443921947	country	NN	B4	B	B14	B	Z	Z	Z	Z	Z	 be reflected in the devotion of our services to our <font color=green>country</font> . For what Sam Rayburn 's life in this House teaches	2	1	2.14071282970205	0.5	3	miscellaneous	non-fiction
country/NN/br-h03/1589	-0.0390047511515747	0.0787494525650314	country	NN	B4	B	B14	B	Z	Z	Z	Z	Z	 all the Americans who have played a part in the <font color=green>country</font>  's history since the beginning. I pay my personal tribute	4	1	2.06814178477734	0.25	2	miscellaneous	non-fiction
country/NN/br-h03/1847	0.279332755176918	0.174354707737079	country	NN	B4	B	B14	B	Z	Z	Z	Z	Z	 the greatest American public figures in the history of our <font color=green>country</font>  and I consider that I have been signally honored in	4	0	2.81998756907299	0	1	miscellaneous	non-fiction
country/NN/br-h08/2000	-0.094788542296516	-0.0610709678440175	country	NN	B4	B	B14	B	Z	Z	Z	Z	Z	 and high standard of living we enjoy in this great <font color=green>country</font>  with the oppression and frugality of other nations to realize	6	0	2.0886736013312	0	1	miscellaneous	non-fiction
country/NN/br-h18/1847	-0.0856683905170917	-0.152682636487224	country	NN	B3	B	B23	B	country%1:14:01::	B	B	BB2	B	 of policy will be conditioned by the readiness of the <font color=green>country</font>  to sustain it. He is interested in public opinion for	5	3	2.45897594228528	0.6	3	miscellaneous	non-fiction
country/NN/br-h18/2142	-0.144590909452966	0.232725473951933	country	NN	B4	B	B14	B	country%1:14:01::	B	B	BB2	B	 Marshall plan, any public-opinion expert would have said that the <font color=green>country</font>  would have accepted such proposals. The problem in the policy	4	1	2.19374136743149	0.25	2	miscellaneous	non-fiction
country/NN/br-j37/958	-0.268326180229774	-0.165079901101148	country	NN	B2	B	B23	B	country%1:14:00::	B2	B	BB2	B	 a developing country and evaluating their results. In the new <font color=green>country</font>  the electoral process is considered as a means of resolving	4	1	2.31562955178119	0.25	2	learned	non-fiction
country/NN/br-j38/1233	-0.12744622086225	-0.0623527648257446	country	NN	B1	B	B14	B	country%1:14:00::	B2	B	BB2	B	 inherent in the system of local school districts in this <font color=green>country</font> . Planning of vocational education programs and courses is oriented to	3	0	2.26874256788733	0	2	learned	non-fiction
country/NN/br-k03/1240	0.393158897808832	0.236243093666626	country	NN	A	A	A	A	country%5:00:01:rural:00	A	A	A	A	 sit in the back seat of cars along a dark <font color=green>country</font>  lane. No, they must look the other way and climb	5	0	2.01531911408064	0	1	fiction_gral	fiction
country/NN/br-k25/869	-0.20043025638821	0.210827232988241	country	NN	B1	B	B14	B	country%1:15:00::	B1	B	B1	B	 shawl over her head, which she had bought in that <font color=green>country</font>  during one of their trips abroad, and handed him a	4	1	2.68365112552086	0.25	1	fiction_gral	fiction
country/NN/br-l04/2288	0.283068340012089	0.302421942442945	country	NN	A1	A	A	A	Z	Z	Z	Z	Z	 should never have come out here alone. This is redneck <font color=green>country</font> . Every man in every one of these houses is a	5	1	2.26519882188588	0.2	1	fiction_mystery	fiction
country/NN/br-n01/1082	0.282174348459988	0.432872304769114	country	NN	A	A	A	A	Z	Z	Z	Z	Z	 He had seen a few nester wagons go through the <font color=green>country</font> , the families almost starving to death, but he had never	4	1	2.68365112552086	0.25	1	fiction_adventure	fiction
country/NN/br-n01/1326	0.136828533340592	0.40829652118649	country	NN	A	A	A	A	Z	Z	Z	Z	Z	 want town work'', Jones said.`` This is a mighty empty <font color=green>country</font> '', Morgan said.`` There 's only one more ranch three miles	5	1	2.49643958343271	0.2	1	fiction_adventure	fiction
country/NN/br-n04/448	-0.094788542296516	-0.0610709678440175	country	NN	B1	B	B14	B	Z	Z	Z	Z	Z	 no war on now''.`` You 're wrong, Matt. In this <font color=green>country</font>  there 's a war on every time the grass turns	1	0	2.0886736013312	0	1	fiction_adventure	fiction
country/NN/br-n04/831	-0.0490043084937954	-0.026151650914687	country	NN	B1	B	B14	B	Z	Z	Z	Z	Z	 calmly,`` Trouble ai n't easy to dodge out in this <font color=green>country</font> , rev ' rend''. Gray Eyes attacked our camp just as	1	0	2.1007833811817	0	2	fiction_adventure	fiction
country/NN/br-n07/907	0.00175771723530755	-0.314319031655474	country	NN	B1	B	B14	B	Z	Z	Z	Z	Z	 to set out to attack the largest mining combination the <font color=green>country</font>  had ever seen if all they wanted was adventure. But	3	1	2.11289316103219	0.333333333333333	1	fiction_adventure	fiction
country/NN/br-n09/492	-0.0637328090655542	0.0186249788407393	country	NN	B1	B	B14	B	country%1:15:00::	B1	B	B1	B	 gun- a strange ommission for a peace officer in this <font color=green>country</font> . Never, he 'd once told Joyce, had he encountered any	3	0	2.16419666895805	0	2	fiction_adventure	fiction
country/NN/br-n11/2133	0.0718053838611354	0.347167365083997	country	NN	A1	A	A	A	country%1:15:02::	A1	A	A	A	 to frighten three rustling homesteaders out of the Upper Laramie <font color=green>country</font>  in a single week.`` My reputation 's my stock in	3	0	3.04045293367763	0	2	fiction_adventure	fiction
country/NN/br-p02/1422	0.289419689914316	0.276494380226833	country	NN	B2	B	B23	B	Z	Z	Z	Z	Z	 rates. The East was popularly supposed to have got the <font color=green>country</font>  into war and into depression, dragging the west along; and	4	1	2.17872522388206	0.25	1	fiction_romance	fiction
country/NN/br-p05/1375	-0.094788542296516	-0.0610709678440175	country	NN	B1	B	B14	B	Z	Z	Z	Z	Z	 was learning that so long as she was in this <font color=green>country</font> , and wore civilian dress in the Club, there would always	1	0	2.0886736013312	0	1	fiction_romance	fiction
country/NN/br-p08/1312	0.286927587700188	-0.104476769485753	country	NN	A	A	A	A	Z	Z	Z	Z	Z	 to take them away and put them out in the <font color=green>country</font> , in the kibbutzim. She loved the children. She was a	3	0	2.13530306243178	0	1	fiction_romance	fiction
country/NN/br-p12/2090	0.0963137717223357	0.266334268325069	country	NN	B1	B	B14	B	country%1:15:00::	B1	B	B1	B	 him she had met a nice man from his adopted <font color=green>country</font> . And Sam thanked her, and hoped he might meet her	2	0	2.08108675431814	0	1	fiction_romance	fiction
country/NNS/br-a04/1454	-0.0786604655715254	0.0775035522924849	country	NNS	B3	B	B23	B	Z	Z	Z	Z	Z	 did recommend that President Kennedy state clearly that if Communist <font color=green>countries</font>  shipped any further arms to Cuba that it would not	3	2	2.33167473939639	0.666666666666667	3	press_reportage	press
country/NNS/br-a07/1587	-0.197038417432455	0.108125499712743	country	NNS	B3	B	B23	B	Z	Z	Z	Z	Z	 the successful banker. Indonesia is one of the twenty under-developed <font color=green>countries</font>  of Asia, Africa and Latin America that are receiving Soviet	4	0	3.27643793349998	0	3	press_reportage	press
country/NNS/br-a07/1659	-0.187215966367852	0.0651565858183037	country	NNS	B3	B	B23	B	Z	Z	Z	Z	Z	 biggest annual outlay since the Communist program for the under-developed <font color=green>countries</font>  made its modest beginning in 1954. In 1960 more than	3	0	2.51068774285297	0	2	press_reportage	press
country/NNS/br-a10/231	-0.0638614611323705	-0.21921452180205	country	NNS	B4	B	B14	B	Z	Z	Z	Z	Z	 want it will lack ritiuality and loyalty. Insuring that the <font color=green>countries</font>  have a freedom of choice, he said, was the biggest	2	0	2.90567551267229	0	2	press_reportage	press
country/NNS/br-a10/89	-0.0330157956166246	0.0189179671352977	country	NNS	B2	B	B23	B	Z	Z	Z	Z	Z	 is married and the father of three children. Helping foreign <font color=green>countries</font>  to build a sound political structure is more important than	3	1	2.51495874214369	0.333333333333333	4	press_reportage	press
country/NNS/br-a26/1144	-0.0929254630725599	0.0345757503940322	country	NNS	B3	B	B23	B	Z	Z	Z	Z	Z	 percentage of new gins in the U. S. and foreign <font color=green>countries</font>  contain machinery made in this area. The Murray Co. of	3	0	2.57734466434558	0	3	press_reportage	press
country/NNS/br-a34/1679	-0.0731713551443312	0.00213164030226699	country	NNS	B2	B	B23	B	Z	Z	Z	Z	Z	 major international problems that involve the interest of many other <font color=green>countries</font> . The meeting will, however, afford a timely and convenient opportunity	3	2	2.31417356338191	0.666666666666667	3	press_reportage	press
country/NNS/br-a34/1717	-0.179013312527365	-0.0947394555988759	country	NNS	B2	B	B23	B	Z	Z	Z	Z	Z	 the major issues which affect the relationships between the two <font color=green>countries</font> ''. The Vienna meeting will bring together a seasoned, 67- year-old	2	0	2.83917418803468	0	3	press_reportage	press
country/NNS/br-a43/1609	-0.0253020136675634	0.0448040950211921	country	NNS	B3	B	B23	B	Z	Z	Z	Z	Z	 these: An international conference of the big textile-importing and textile-exporting <font color=green>countries</font>  will be called shortly by President Kennedy. Chief aims of	4	2	2.70576514839273	0.5	4	press_reportage	press
country/NNS/br-a43/1639	-0.186399410055422	0.00676459811432315	country	NNS	B3	B	B23	B	Z	Z	Z	Z	Z	 U. S. will try to get agreement among the industrialized <font color=green>countries</font>  to take more textile imports from the less-developed countries over	5	2	3.79097174549849	0.4	3	press_reportage	press
country/NNS/br-a43/1648	-0.186399410055422	0.00676459811432313	country	NNS	B3	B	B23	B	Z	Z	Z	Z	Z	 industrialized countries to take more textile imports from the less-developed <font color=green>countries</font>  over the years. Point is that developing countries often build	5	2	3.48705078511057	0.4	4	press_reportage	press
country/NNS/br-a43/1738	-0.0640093002693533	0.0130919311921067	country	NNS	B3	B	B23	B	Z	Z	Z	Z	Z	 textile exports- especially dumping of specific products- to high-wage textile-producing <font color=green>countries</font> . Japan, since 1957, has been`` voluntarily'' curbing exports of textiles	4	0	2.37657526433021	0	4	press_reportage	press
country/NNS/br-b25/1744	-0.128666634160851	0.239117479706889	country	NNS	B1	B	B14	B	Z	Z	Z	Z	Z	 and North Vietnamese liberating the southern half of their respective <font color=green>countries</font> . Perhaps Khrushchev is in a more difficult position than any	2	1	2.98896245553966	0.5	2	press_editorial	press
country/NNS/br-c07/1967	0.0454849442401532	0.152270713205133	country	NNS	B	B	B14	B	Z	Z	Z	Z	Z	 were accompanied by Anna Mi Lee, pianist. Selections from fifteen <font color=green>countries</font>  were sung as solos and duets in a broad range	1	0	2.49409592295	0	3	press_reviews	press
country/NNS/br-c16/1019	-0.0532360382113774	0.0568384998367546	country	NNS	B	B	B14	B	Z	Z	Z	Z	Z	 is Field Marshal Montgomery 's belief that in most Western <font color=green>countries</font>  about 60 per cent of the people do not really	2	1	2.72267076666013	0.5	4	press_reviews	press
country/NNS/br-c16/1072	-0.0854853561861733	0.00245608357911716	country	NNS	B4	B	B14	B	Z	Z	Z	Z	Z	 are genuine Christians and believers in democracy. But these Western <font color=green>countries</font>  do care about themselves. Each feels intensely national. If, say	5	2	3.04393307633146	0.4	4	press_reviews	press
country/NNS/br-f14/1851	-0.0427426493395044	-0.0128316997134017	country	NNS	B1	B	B14	B	country%1:15:00::	B1	B	B1	B	 of the Jews in Germany and later in the occupied <font color=green>countries</font>  contributed to terrorizing the populations, splitting apart individuals and groups	4	2	2.6274379141383	0.5	5	popular_lore	fiction
country/NNS/br-f14/2151	-0.265305205385815	-0.143316593036328	country	NNS	B1	B	B14	B	country%1:14:00::	B2	B	BB2	B	 Was n't this meaning of Eichmann 's experience in various <font color=green>countries</font>  worth highlighting? As the first collective confrontation of the Nazi	3	0	3.24806497811701	0	2	popular_lore	fiction
country/NNS/br-f15/1446	0.0191172173837298	-0.106975686460954	country	NNS	B4	B	B14	B	country%1:14:00::	B2	B	BB2	B	 This was generally reflected in the civil laws of Christian <font color=green>countries</font> . Today, the Roman Catholic and Orthodox Churches stand virtually alone	4	1	2.5115255287704	0.25	5	popular_lore	fiction
country/NNS/br-f15/290	-0.111579495773697	0.0253361183518601	country	NNS	B3	B	B23	B	country%1:14:00::	B2	B	BB2	B	 including birth-control information and material in foreign aid to underdeveloped <font color=green>countries</font> . Where it is not actually erupting, it rumbles and smolders	3	2	3.38975488438437	0.666666666666667	3	popular_lore	fiction
country/NNS/br-f23/2029	-0.0714292894784546	0.15029527887386	country	NNS	B2	B	B23	B	country%1:14:00::	B2	B	BB2	B	 a Soviet bridgehead ninety miles off our coast. In some <font color=green>countries</font>  the trend has gone further than others: Mexico, Panama, and	4	2	2.74473618585452	0.5	3	popular_lore	fiction
country/NNS/br-g18/2235	-0.037100252784114	-0.112714588599904	country	NNS	B	B	B14	B	country%1:14:01::	B	B	BB2	B	 a perfect introduction to Swedish history for readers of other <font color=green>countries</font> . Some of the earlier episodes have touches of the supernatural	3	0	2.55556964115087	0	4	belles_lettres	fiction
country/NNS/br-h02/1193	-0.0956617605331634	0.0330094239033487	country	NNS	B2	B	B23	B	Z	Z	Z	Z	Z	 not yet willing to make such efforts. There are other <font color=green>countries</font>  where, with skillful diplomacy, we may be able by our	2	1	2.79650853283732	0.5	3	miscellaneous	non-fiction
country/NNS/br-h02/1335	-0.0656106346415325	-0.0106810024259149	country	NNS	B3	B	B23	B	Z	Z	Z	Z	Z	 promote the economic and social development of the less developed <font color=green>countries</font> . This is not a short-run goal. To have any success	5	4	2.91279735668033	0.8	6	miscellaneous	non-fiction
country/NNS/br-h02/1422	-0.0442617345868565	0.0308260917403986	country	NNS	B3	B	B23	B	Z	Z	Z	Z	Z	 as India, a decade of concentrated effort can launch these <font color=green>countries</font>  into a stage in which they can carry forward their	4	3	2.969317712105	0.75	6	miscellaneous	non-fiction
country/NNS/br-h02/1779	-0.165239321929464	-0.0335345468091959	country	NNS	B3	B	B23	B	Z	Z	Z	Z	Z	 importantly, several of the more advanced of the less developed <font color=green>countries</font>  have found through experience that they must plan their own	3	2	3.85175470748572	0.666666666666667	3	miscellaneous	non-fiction
country/NNS/br-h02/1885	-0.0972431053790931	0.0109729887390547	country	NNS	B3	B	B23	B	Z	Z	Z	Z	Z	 can be employed. Most important of all, the less developed <font color=green>countries</font>  must be persuaded to take the necessary steps to allocate	4	4	3.36065651474672	1	5	miscellaneous	non-fiction
country/NNS/br-h02/2052	-0.109723698746517	0.00390013876112399	country	NNS	B3	B	B23	B	Z	Z	Z	Z	Z	 The extent to which we can persuade the less developed <font color=green>countries</font>  to appraise their own resources, to set targets toward which	4	3	3.53258447819168	0.75	5	miscellaneous	non-fiction
country/NNS/br-h02/2175	-0.141772191668678	-0.0231155627827573	country	NNS	B2	B	B23	B	Z	Z	Z	Z	Z	 incentive for them will be clear evidence that where other <font color=green>countries</font>  have done this kind of home work we have responded	2	0	2.72842507965505	0	3	miscellaneous	non-fiction
country/NNS/br-h02/318	-0.11433662125014	-0.00115771611196014	country	NNS	B3	B	B23	B	Z	Z	Z	Z	Z	 cannot, of course, be mechanical. It must be recognized that <font color=green>countries</font>  at different stages of development have very different capabilities of	3	2	2.8484034600922	0.666666666666667	3	miscellaneous	non-fiction
country/NNS/br-h02/562	-0.0866477418076918	-0.00818775249509842	country	NNS	B3	B	B23	B	Z	Z	Z	Z	Z	 to move toward long-term support, in cooperation with other developed <font color=green>countries</font> , of the essential foreign exchange requirements of the country 's	6	4	3.28248315434257	0.666666666666667	5	miscellaneous	non-fiction
country/NNS/br-h02/681	-0.217391025685157	0.0344481536958535	country	NNS	B3	B	B23	B	Z	Z	Z	Z	Z	 aid, therefore, should increasingly be designed to provide incentives for <font color=green>countries</font>  to take the steps that only they themselves can take	3	1	2.7216636017986	0.333333333333333	2	miscellaneous	non-fiction
country/NNS/br-h02/7	-0.124879891756878	-0.03316280436265	country	NNS	B3	B	B23	B	Z	Z	Z	Z	Z	 In most of the less developed <font color=green>countries</font> , however, such programing is at best inadequate and at worst	4	4	3.2832402090725	1	5	miscellaneous	non-fiction
country/NNS/br-h02/706	-0.243989576769872	-0.0833390532889783	country	NNS	B2	B	B23	B	Z	Z	Z	Z	Z	 conditions of self-help, it is important that we not expect <font color=green>countries</font>  to remake themselves in our image. Open societies can take	3	2	3.8714754147926	0.666666666666667	2	miscellaneous	non-fiction
country/NNS/br-h06/901	-0.0341961025846105	0.0449965296814975	country	NNS	B2	B	B23	B	Z	Z	Z	Z	Z	 followed by California, New Jersey, Massachusetts, and Pennsylvania. Among foreign <font color=green>countries</font>  responding were Germany, Canada, Brazil and India. An important operation	5	4	2.97459255194381	0.8	7	miscellaneous	non-fiction
country/NNS/br-h13/2195	-0.446616679460723	-0.111870173279391	country	NNS	B2	B	B23	B	country%1:14:00::	B2	B	BB2	B	 without discrimination. Once these conditions of international law are met, <font color=green>countries</font>  that try to run to blockade do so at their	4	1	3.26241701218118	0.25	1	miscellaneous	non-fiction
country/NNS/br-j10/1243	-0.155092031600853	-0.16508287648147	country	NNS	B2	B	B23	B	european_country%1:15:00::	B1	B	B1	B	 the`` cuckoo bumblebee'' as it is called in some European <font color=green>countries</font> . Female individuals of Psithyrus look deceptively like the workers and	2	0	2.96741380136097	0	2	learned	non-fiction
country/NNS/br-j22/2116	0.0468067834900392	0.27788103940652	country	NNS	B3	B	B23	B	country%1:14:00::	B2	B	BB2	B	 generate. It follows that any effective policy toward the underdeveloped <font color=green>countries</font>  must have a realistically long working horizon. It must be	3	0	2.79683285726905	0	2	learned	non-fiction
country/NNS/br-j22/257	-0.186732084130318	-0.121091078677469	country	NNS	B3	B	B23	B	country%1:14:00::	B2	B	BB2	B	 and the lack of cohesion and stability which characterize these <font color=green>countries</font>  may make them particularly prone to diversions and external adventures	2	0	3.33149793875722	0	4	learned	non-fiction
country/NNS/br-j22/347	-0.162651271885223	-0.0578003586704349	country	NNS	B2	B	B23	B	country%1:14:00::	B2	B	BB2	B	 world scene. When necessary, we should make it clear that <font color=green>countries</font>  which choose to derive marginal advantages from the cold war	5	3	2.79456002392058	0.6	4	learned	non-fiction
country/NNS/br-j22/397	-0.124257795459461	-0.00298703451075949	country	NNS	B3	B	B23	B	country%1:14:00::	B2	B	BB2	B	 As a nation, we feel an obligation to assist other <font color=green>countries</font>  in their development; but this obligation pertains only to countries	2	2	3.534542420064	1	4	learned	non-fiction
country/NNS/br-j22/408	-0.105343406248563	-0.00308356650097787	country	NNS	B2	B	B23	B	country%1:14:00::	B2	B	BB2	B	 countries in their development; but this obligation pertains only to <font color=green>countries</font>  which are honestly seeking to become responsible members of a	4	3	2.99099665952339	0.75	3	learned	non-fiction
country/NNS/br-j22/429	-0.370885240053973	-0.177628462610603	country	NNS	B2	B	B23	B	country%1:14:00::	B2	B	BB2	B	 a stable and forward-moving world community. When we look at <font color=green>countries</font>  like Iran, Iraq, Pakistan, and Burma, where substantial progress has	8	1	2.93743915498571	0.125	1	learned	non-fiction
country/NNS/br-j22/892	-0.069598587425002	0.0115667450864935	country	NNS	B2	B	B23	B	country%1:14:00::	B2	B	BB2	B	 performance can we provide telling assistance. With respect to those <font color=green>countries</font>  whose leaders prefer to live with their illusions, we can	2	2	2.49710777165481	1	4	learned	non-fiction
country/NNS/br-j22/929	-0.13450008008849	-0.00317806029494494	country	NNS	B3	B	B23	B	country%1:14:00::	B2	B	BB2	B	 clear for all to see. Our technical assistance to these <font color=green>countries</font>  should place special emphasis on inducing the central governments to	4	2	2.47651997093587	0.5	3	learned	non-fiction
country/NNS/br-j37/1682	-0.12980408675397	-0.0676248087679955	country	NNS	B2	B	B23	B	country%1:14:00::	B2	B	BB2	B	 solutions devised in the electoral experiences of the rapidly changing <font color=green>countries</font>  are often of comparative value and essential to evaluating election	4	2	3.024561717401	0.5	6	learned	non-fiction
country/NNS/br-j42/1418	-0.147520058763067	-0.0890162641887894	country	NNS	B2	B	B23	B	country%1:14:00::	B2	B	BB2	B	 the Common Law in England. Codification was followed in all <font color=green>countries</font>  by a growing amount of legislation, some changing and adjusting	4	1	2.23427323977469	0.25	2	learned	non-fiction
country/NNS/br-j42/665	-0.11307103355176	-0.130879639050219	country	NNS	B2	B	B23	B	country%1:14:00::	B2	B	BB2	B	 civilization must formally enter into the circle of law governed <font color=green>countries</font> . They must do something with the acquiescence of the latter	3	2	2.85429166851836	0.666666666666667	4	learned	non-fiction
