id	model.x	model.y	lemma	pos	genre	broadGenre.x	marisense	mbroad	mari3	mari2	sensekey	wnsense	wnbroad	wn3	wn2	text	newPos	newBroadGenre	cues	cuesWithWeight	meanWeight	weightedCuesRatio	weightedCW	wf	broadGenre.y
country/NN/br-a06/106	-0.227475101760816	-0.077699068922238	country	NN	press_reportage	press	A	A	A	A	Z	Z	Z	Z	Z	 Westfield Young Democratic Club cocktail party at the Scotch Plains <font color=green>Country</font>  Club. It was greeted with a chorus of boos by	NNP	informative	4	1	3.1	0.25	2	Country	others
country/NN/br-a10/426	0.0513989740258199	-0.366656708974988	country	NN	press_reportage	press	B3	B	B23	B	Z	Z	Z	Z	Z	 States must plan to absorb the exported goods of the <font color=green>country</font> , at what he termed a`` social cost''. Martin said the	NN	informative	4	1	2.53	0.25	1	country	others
country/NN/br-a17/346	-0.231750993433417	-0.0690300066199136	country	NN	press_reportage	press	A	A	A	A	Z	Z	Z	Z	Z	 will be a stag dinner Friday evening at the Denver <font color=green>Country</font>  Club which will precede the opening of the 1961 golf	NNP	informative	2	1	2.88	0.5	2	Country	others
country/NN/br-a18/1063	-0.298754166782509	-0.320264842419433	country	NN	press_reportage	press	A	A	A	A	Z	Z	Z	Z	Z	 Mrs. John Charles Cotty is chairman of publicity for the <font color=green>country</font>  fair and Mrs. Francis G. Felske and Mrs. Francis Smythe	NN	informative	1	0	3.14	0	2	country	others
country/NN/br-a18/1123	-0.158448613421248	-0.0288552309650346	country	NN	press_reportage	press	A	A	A	A	Z	Z	Z	Z	Z	 exhibit and sale of paintings and sculpture at the Philmont <font color=green>Country</font>  Club on April 8 and 9. A preview party for	NNP	informative	2	1	2.83	0.5	4	Country	others
country/NN/br-a18/24	-0.194765582088179	-0.0205730840750176	country	NN	press_reportage	press	A	A	A	A	Z	Z	Z	Z	Z	 of the Thrift Shop Committee for May 6 at Philmont <font color=green>Country</font>  Club. The women have a reputation for giving parties that	NNP	informative	3	1	3.33	0.33	2	Country	others
country/NN/br-a18/734	-0.254908623936035	-0.0724800846908284	country	NN	press_reportage	press	A	A	A	A	Z	Z	Z	Z	Z	 contributions may be made there will be facilities at Philmont <font color=green>Country</font>  Club for those who would like to bring the bundles	NNP	informative	2	1	3.2	0.5	1	Country	others
country/NN/br-a20/641	-0.274587753145755	0.118793889288322	country	NN	press_reportage	press	B2	B	B23	B	Z	Z	Z	Z	Z	 and the two civil servants the recipients for selling their <font color=green>country</font>  's secrets. The fact that secrets of the Dreadnought, and	NN	informative	3	3	2.92	1	3	country	others
country/NN/br-a26/490	-0.387658766251225	0.142831833550865	country	NN	press_reportage	press	B1	B	B14	B	Z	Z	Z	Z	Z	 price would be quoted regularly in newspapers all over the <font color=green>country</font> . He was also pleased with the wide distribution because he	NN	informative	5	0	3.2	0	1	country	others
country/NN/br-a27/436	-0.0442630333113019	0.429169418025553	country	NN	press_reportage	press	B2	B	B23	B	Z	Z	Z	Z	Z	 the steel strike. Draper declared,`` As I see it, this <font color=green>country</font>  has never faced such great dangers as threaten us today	NN	informative	4	1	2.71	0.25	1	country	others
country/NN/br-a28/645	0.143745985420271	-0.159999760464355	country	NN	press_reportage	press	B3	B	B23	B	Z	Z	Z	Z	Z	 the rural recovery are being felt almost immediately by the <font color=green>country</font>  's farm equipment manufacturers. For example, farm equipment shipments of	NN	informative	3	0	2.54	0	1	country	others
country/NN/br-a29/2062	-0.157233312891495	-0.0567235098353653	country	NN	press_reportage	press	A	A	A	A	Z	Z	Z	Z	Z	 weekend they have reserved the entire Stagecoach Inn and adjoining <font color=green>country</font>  club, Saledo, for festivities. Invitations have been extended to some	NN	informative	3	1	3.02	0.33	3	country	others
country/NN/br-a29/2109	-0.254908623936035	-0.0724800846908284	country	NN	press_reportage	press	A	A	A	A	Z	Z	Z	Z	Z	 The get-together Friday night will be a banquet at the <font color=green>country</font>  club patio and pool, and an orchestra will play for	NN	informative	4	1	3.2	0.25	1	country	others
country/NN/br-a30/1777	0.132415801464236	-0.252219938854899	country	NN	press_reportage	press	B1	B	B14	B	Z	Z	Z	Z	Z	 Longinotti. Newcomers of social note from other parts of the <font color=green>country</font>  are the Ray Carbones, formerly of Panama; the Geddes MacGregors	NN	informative	3	1	3.11	0.33	1	country	others
country/NN/br-a30/292	-0.232322783218624	-0.0478410053719168	country	NN	press_reportage	press	A	A	A	A	Z	Z	Z	Z	Z	 three-building complex. Fall foliage and flowers will decorate Los Angeles <font color=green>Country</font>  Club for the annual formal party Saturday evening. More than	NNP	informative	3	1	3.06	0.33	2	Country	others
country/NN/br-a30/380	-0.178550584120384	-0.0507467873009846	country	NN	press_reportage	press	A	A	A	A	Z	Z	Z	Z	Z	 A. Swim celebrated his 75 th birthday at the Wilshire <font color=green>Country</font>  Club, guests came by chartered plane from all over the	NNP	informative	4	1	2.95	0.25	3	Country	others
country/NN/br-a30/392	-0.345334612829834	-0.0716907806254645	country	NN	press_reportage	press	B1	B	B14	B	Z	Z	Z	Z	Z	 Club, guests came by chartered plane from all over the <font color=green>country</font> . A flight originating in Florida picked up guests on the	NN	informative	4	0	3	0	2	country	others
country/NN/br-a33/399	-0.0535414384854687	-0.302660850332704	country	NN	press_reportage	press	B1	B	B14	B	Z	Z	Z	Z	Z	 Regional representatives appointed to serve from each section of the <font color=green>country</font>  include Frank E. Barnes of Boston. President Kennedy could n't	NN	informative	3	1	3.01	0.33	1	country	others
country/NN/br-a35/813	0.372446427837171	-0.175305740647379	country	NN	press_reportage	press	B4	B	B14	B	Z	Z	Z	Z	Z	 For while the past needs of the Church in this <font color=green>country</font>  may have been adequately met by collegiate institutions, which in	NN	informative	2	0	2.53	0	1	country	others
country/NN/br-a41/1107	0.258354577960377	0.326582933219847	country	NN	press_reportage	press	B	B	B14	B	Z	Z	Z	Z	Z	 those Congolese( among them Joseph Kasavubu) who favored splitting the <font color=green>country</font>  into small independent states, Balkanizing it. Second, there were those	NN	informative	2	0	2.7	0	1	country	others
country/NN/br-a41/1455	0.23393761589588	-0.254865169422757	country	NN	press_reportage	press	B1	B	B14	B	Z	Z	Z	Z	Z	 the thousands of Belgian civilians who had remained in the <font color=green>country</font> . The Belgian government decided to act, and on July 10	NN	informative	2	0	3.22	0	2	country	others
country/NN/br-a41/1497	-0.25658419211579	0.176533269783758	country	NN	press_reportage	press	B	B	B14	B	Z	Z	Z	Z	Z	 Moise Tshombe, announced that his province had seceded from the <font color=green>country</font> . Confusion became chaos; each succeeding day brought new acts of	NN	informative	2	2	2.72	1	2	country	others
country/NN/br-a41/2101	-0.257157486035388	-0.427248525544604	country	NN	press_reportage	press	B1	B	B14	B	Z	Z	Z	Z	Z	 Tshombe, holds 65% of the mineral wealth of the entire <font color=green>country</font> . From October 1960 to February 1961, the U. N. forces	NN	informative	3	1	3.05	0.33	1	country	others
country/NN/br-a44/235	0.132415801464236	-0.252219938854899	country	NN	press_reportage	press	B1	B	B14	B	Z	Z	Z	Z	Z	 to supplement their annual funds. In some parts of the <font color=green>country</font> , however, a co-operative movement has begun to grow, under the	NN	informative	2	1	3.11	0.5	1	country	others
country/NN/br-b01/1784	-0.336828616751273	0.101411392112452	country	NN	press_editorial	press	B2	B	B23	B	Z	Z	Z	Z	Z	 character. Tardily the Government here came to understand how this <font color=green>country</font>  's own reputation was tarnished by the association with repression	NN	informative	3	1	3.46	0.33	1	country	others
country/NN/br-b02/2021	0.0908159640897825	0.510255862716051	country	NN	press_editorial	press	B	B	B14	B	Z	Z	Z	Z	Z	 in the fighting- this last big effort to seal that <font color=green>country</font>  from the cold war had to be made. The world	NN	informative	3	1	2.77	0.33	1	country	others
country/NN/br-b05/2003	0.334503444822786	0.238587339452382	country	NN	press_editorial	press	B1	B	B14	B	Z	Z	Z	Z	Z	 it the recreation spot of people from all over the <font color=green>country</font> . By comparison, Stone Harbor bird sanctuary 's allies seem less	NN	informative	6	0	2.65	0	1	country	others
country/NN/br-b05/2202	-0.0646932991905667	0.30384139431822	country	NN	press_editorial	press	B3	B	B23	B	Z	Z	Z	Z	Z	 day. Then off to a remote place in an underdeveloped <font color=green>country</font>  where the diet, culture, language and living conditions will be	NN	informative	7	1	2.77	0.14	1	country	others
country/NN/br-b05/482	-0.149030169773025	0.256813072360044	country	NN	press_editorial	press	B	B	B14	B	Z	Z	Z	Z	Z	 for world trade as a condition of national survival, this <font color=green>country</font>  can have little patience with labor 's family feuds. The	NN	informative	7	1	3.29	0.14	1	country	others
country/NN/br-b10/2098	-0.229703251520912	0.310843284411507	country	NN	press_editorial	press	B1	B	B14	B	Z	Z	Z	Z	Z	 in the past few years is still available in this <font color=green>country</font> . The work is executed in England( by hand) and can	NN	informative	3	0	2.69	0	1	country	others
country/NN/br-b16/1464	-0.146437186638477	-0.340738549929721	country	NN	press_editorial	press	B4	B	B14	B	Z	Z	Z	Z	Z	 perhaps, one of the things that is wrong with our <font color=green>country</font> ? Engineering graduates of Illinois Institute of Technology are reported receiving	NN	informative	3	0	2.77	0	1	country	others
country/NN/br-b16/284	-0.0090095183287189	-0.258204052826468	country	NN	press_editorial	press	B3	B	B23	B	Z	Z	Z	Z	Z	 in world peace, increased world trade, and prosperity for every <font color=green>country</font>  on the globe. Let us prepare for peace, instead of	NN	informative	5	2	2.76	0.4	2	country	others
country/NN/br-b16/85	0.0409615605225579	-0.170122159679515	country	NN	press_editorial	press	B4	B	B14	B	Z	Z	Z	Z	Z	 win his present position, Mr. Kennedy was vitriolic about this <font color=green>country</font>  's`` prestige'' abroad. What does he think a remark like	NN	informative	2	1	2.72	0.5	1	country	others
country/NN/br-b18/873	-0.0873144915922055	-0.464359242719003	country	NN	press_editorial	press	B2	B	B23	B	Z	Z	Z	Z	Z	 did not include repeal of the Connally amendment to this <font color=green>country</font>  's domestic jurisdiction reservation to its Adherence to the Statute	NN	informative	4	1	2.74	0.25	1	country	others
country/NN/br-b19/286	-0.223290622211238	0.419860355610717	country	NN	press_editorial	press	B2	B	B23	B	Z	Z	Z	Z	Z	 wrongs can make a right! I am referring to this <font color=green>country</font>  conducting atmosphere tests of nuclear bombs just because Russia is	NN	informative	3	0	2.67	0	1	country	others
country/NN/br-b20/308	0.01585951650385	-0.280517896017338	country	NN	press_editorial	press	B4	B	B14	B	country%1:15:00::	B1	B	B1	B	 that of diplomatic policy''. Morrison points out that since our <font color=green>country</font>  is more urbanized than the Soviet Union or Red China	NN	informative	5	0	2.6	0	1	country	others
country/NN/br-b21/1131	-0.158448921238993	0.145918740614535	country	NN	press_editorial	press	B2	B	B23	B	Z	Z	Z	Z	Z	 devices, Ambassador Stevenson warned the UN General Assembly that this <font color=green>country</font> , in`` self protection'', might have to resume above-ground tests. More	NN	informative	3	1	2.74	0.33	2	country	others
country/NN/br-b21/1487	0.121998834556401	0.307945893408926	country	NN	press_editorial	press	B1	B	B14	B	Z	Z	Z	Z	Z	 far more important as a potential health hazard in this <font color=green>country</font>  and throughout the world''. Dr. Linus Pauling, a Nobel Prize	NN	informative	4	0	2.51	0	1	country	others
country/NN/br-b21/49	-0.282092115983662	0.310547652850307	country	NN	press_editorial	press	B1	B	B14	B	Z	Z	Z	Z	Z	 But there is reason in all things, and in this <font color=green>country</font>  the heathenish cult of the motor-car is exceeding all bounds	NN	informative	3	1	2.86	0.33	1	country	others
country/NN/br-b23/2111	-0.0455253912126441	-0.435900514558273	country	NN	press_editorial	press	B2	B	B23	B	Z	Z	Z	Z	Z	 with the Communist bloc, and is busily turning his own <font color=green>country</font>  into a totalitarian dictatorship. As our planes land the war	NN	informative	4	1	2.86	0.25	1	country	others
country/NN/br-b27/1218	0.132415801464236	-0.252219938854899	country	NN	press_editorial	press	B1	B	B14	B	Z	Z	Z	Z	Z	 if this is the situation in other parts of the <font color=green>country</font> ; apparently it is not. It also happened with the Inauguration	NN	informative	2	1	3.11	0.5	1	country	others
country/NN/br-b27/1414	-0.447416748790266	-0.0827356396443755	country	NN	press_editorial	press	B1	B	B14	B	Z	Z	Z	Z	Z	 in between. We had a couple of schools in this <font color=green>country</font> , the principal one being on the Marshall Field estate out	NN	informative	3	0	2.58	0	1	country	others
country/NN/br-b27/595	-0.308529942371961	0.226154329606075	country	NN	press_editorial	press	B4	B	B14	B	Z	Z	Z	Z	Z	 and personal opinion called yellow journalism which flourished in this <font color=green>country</font>  more than a generation ago. We do n't need this	NN	informative	3	1	2.72	0.33	2	country	others
country/NN/br-c01/621	-0.254031871348902	-0.14719148036742	country	NN	press_reviews	press	B1	B	B14	B	country%1:15:00::	B1	B	B1	B	 extraordinary, considers the finest house of its kind in the <font color=green>country</font> - and of course he does n't weep at the capacity	NN	informative	3	0	2.52	0	2	country	others
country/NN/br-c01/944	-0.306006269277251	-0.0364246171807572	country	NN	press_reviews	press	B1	B	B14	B	country%1:15:00::	B1	B	B1	B	 bookers, cancellation of one of the richest bookings in the <font color=green>country</font> . Will somebody please reopen the Auditorium? Paintings and drawings by	NN	informative	2	0	2.78	0	2	country	others
country/NN/br-c08/1831	0.0041970173755603	-0.409365489032631	country	NN	press_reviews	press	B1	B	B14	B	Z	Z	Z	Z	Z	 African roots among the slaves who were brought to this <font color=green>country</font>  and the West Indies, he stressed the close relationship between	NN	informative	4	0	2.54	0	1	country	others
country/NN/br-c14/2215	-0.387658766251225	0.142831833550865	country	NN	press_reviews	press	B	B	B14	B	Z	Z	Z	Z	Z	 particular type of music or the music of a given <font color=green>country</font> . It is commendable that a regularly scheduled hour is set	NN	informative	2	0	3.2	0	1	country	others
country/NN/br-c15/2033	-0.209988974326147	-0.243795332107497	country	NN	press_reviews	press	A1	A	A	A	Z	Z	Z	Z	Z	 buoys in dozens of frostbite races. Some pleasant fall cruising <font color=green>country</font>  is mapped out below. Pleasure boating is just scooting into	NN	informative	3	0	3.44	0	1	country	others
country/NN/br-d03/1509	-0.33449647788087	0.181288268055784	country	NN	religion	non-fiction	B4	B	B14	B	country%1:14:01::	B	B	BB2	B	 Faith of our Fathers: Mary 's prayers/ Shall win our <font color=green>country</font>  back to thee''. The English saints are widely venerated, quite	NN	informative	3	1	2.8	0.33	1	country	others
country/NN/br-d03/249	-0.40308602374405	0.112833897069024	country	NN	religion	non-fiction	B4	B	B14	B	country%1:14:01::	B	B	BB2	B	 century literature of England, I knew only a Protestant dominated <font color=green>country</font> . Since arriving here, however, I have formed a far different	NN	informative	3	1	2.65	0.33	1	country	others
country/NN/br-d06/2068	-0.21681433067396	-0.172648186391002	country	NN	religion	non-fiction	B4	B	B14	B	Z	Z	Z	Z	Z	 are more important than worshipping the God who made our <font color=green>country</font>  great. Is forgiveness of past sins, assurance of present help	NN	informative	2	0	2.63	0	2	country	others
country/NN/br-d11/1770	-0.193584665707769	0.361207817614947	country	NN	religion	non-fiction	B1	B	B14	B	Z	Z	Z	Z	Z	 would far rather die after a Russian occupation of this <font color=green>country</font> - by some deliberate act of refusal- than die uselessly by	NN	informative	1	0	2.87	0	1	country	others
country/NN/br-d12/128	-0.0257447490778054	0.431192904379429	country	NN	religion	non-fiction	B4	B	B14	B	Z	Z	Z	Z	Z	 for the human aspirations of racial minority groups in this <font color=green>country</font> . It is not surprising that, as spokesman for real estate	NN	informative	3	0	2.84	0	1	country	others
country/NN/br-d14/772	-0.236250916368022	0.248963657267074	country	NN	religion	non-fiction	B4	B	B14	B	Z	Z	Z	Z	Z	 the Protestantism of the nineteenth-century immigration. The ideals of the <font color=green>country</font>  were deeply indebted to the Protestantism of the older stock	NN	informative	3	3	3.14	1	3	country	others
country/NN/br-d17/1276	0.128904822296736	0.462750580822697	country	NN	religion	non-fiction	B1	B	B14	B	Z	Z	Z	Z	Z	 during surgery, we asked others to pray; all over the <font color=green>country</font>  a massive shield of prayer was thrown around him. Today	NN	informative	4	0	2.54	0	1	country	others
country/NN/br-d17/859	0.009137711867147	-0.439493164789581	country	NN	religion	non-fiction	B4	B	B14	B	Z	Z	Z	Z	Z	 into schools the spiritual and moral values on which this <font color=green>country</font>  was built. Thousands of free copies are sent each month	NN	informative	4	0	2.7	0	1	country	others
country/NN/br-e06/1085	-0.209988974338665	-0.243795333456576	country	NN	skill_and_hobbies	non-fiction	B1	B	B14	B	Z	Z	Z	Z	Z	 making life easier for the growing boating population of the <font color=green>country</font> ; and to making the owning of a boat simpler. There	NN	informative	2	0	3.44	0	1	country	tech
country/NN/br-e06/237	-0.209988974338665	-0.243795333456576	country	NN	skill_and_hobbies	non-fiction	B1	B	B14	B	Z	Z	Z	Z	Z	 fringe benefit, providing boating and fishing havens all over the <font color=green>country</font> . No matter how determined or wealthy boating lovers of the	NN	informative	3	0	3.44	0	2	country	tech
country/NN/br-e06/608	-0.137204636647009	0.280040907938202	country	NN	skill_and_hobbies	non-fiction	B1	B	B14	B	Z	Z	Z	Z	Z	 hauled to new horizons. The variety of craft on the <font color=green>country</font>  's waters today is overwhelming. They range from an eight-foot	NN	informative	3	1	2.91	0.33	2	country	tech
country/NN/br-e12/1718	-0.321391739585668	0.294123977014208	country	NN	skill_and_hobbies	non-fiction	A1	A	A	A	Z	Z	Z	Z	Z	 hatched his boyish mischief. Similarly in Illinois there is Lincoln <font color=green>country</font>  to be seen- his tomb and other landmarks. Minnesota, fabled	NN	informative	3	1	2.7	0.33	1	country	tech
country/NN/br-e12/2274	-0.369521557920803	-0.236814517116945	country	NN	skill_and_hobbies	non-fiction	A	A	A	A	Z	Z	Z	Z	Z	 formations of eroded rock which loom out of the semiarid <font color=green>country</font>  in both parks. Colorado 's Grand Canyon, probably the most	NN	informative	4	0	2.77	0	1	country	tech
country/NN/br-e12/31	-0.110252752135694	0.346255555116853	country	NN	skill_and_hobbies	non-fiction	B1	B	B14	B	Z	Z	Z	Z	Z	 textbook description alone, the overwhelming space and variety of this <font color=green>country</font>  held together under one government. The miracle of democratic America	NN	informative	6	1	2.98	0.17	1	country	tech
country/NN/br-e17/338	-0.0870979282651823	0.40804236015752	country	NN	skill_and_hobbies	non-fiction	B1	B	B14	B	Z	Z	Z	Z	Z	 that building codes and regulations vary so much throughout the <font color=green>country</font> , the first thing to do is to find out what	NN	informative	4	1	2.55	0.25	1	country	tech
country/NN/br-e18/632	-0.215509989445512	0.265458951804257	country	NN	skill_and_hobbies	non-fiction	B1	B	B14	B	Z	Z	Z	Z	Z	 Newburyport was the inventor of the arched bridges in this <font color=green>country</font> . As Mr. Palmer was educated to house-building only, and had	NN	informative	3	0	2.74	0	1	country	tech
country/NN/br-e30/1177	0.143745985420271	-0.159999760464355	country	NN	skill_and_hobbies	non-fiction	B1	B	B14	B	country%1:15:00::	B1	B	B1	B	 What 's your profit margin? In what section of the <font color=green>country</font>  are you located? Are you in a rural or urban	NN	informative	4	1	2.54	0.25	1	country	tech
country/NN/br-f03/2248	-0.438732752899397	-0.112968573008131	country	NN	popular_lore	fiction	A	A	A	A	country%1:15:01::	A	A	A	A	 the convention, Depew was seated on the porch of a <font color=green>country</font>  home on the Hudson, gazing at the opposite shore.	NN	informative	4	0	2.96	0	1	country	others
country/NN/br-f04/177	-0.220492588095943	-0.277534474565125	country	NN	popular_lore	fiction	B1	B	B14	B	Z	Z	Z	Z	Z	 region of some of the loveliest mountain scenery in the <font color=green>country</font> , the school buildings are located amid open fields and farm	NN	informative	6	2	2.66	0.33	2	country	others
country/NN/br-f04/202	-0.212852795259149	0.0501570123396132	country	NN	popular_lore	fiction	A	A	A	A	Z	Z	Z	Z	Z	 These contemporary structures, beautifully adapted to a school in the <font color=green>country</font> , are home to 60 children, ages eight to fourteen, grades	NN	informative	3	0	2.92	0	3	country	others
country/NN/br-f09/444	0.132415801464236	-0.252219938854899	country	NN	popular_lore	fiction	B1	B	B14	B	Z	Z	Z	Z	Z	 parts of Europe and Egypt and finally back into this <font color=green>country</font> . She has been acting as a prostitute.`` Our information is	NN	informative	3	0	3.11	0	1	country	others
country/NN/br-f11/1531	0.132415801464236	-0.252219938854899	country	NN	popular_lore	fiction	B1	B	B14	B	Z	Z	Z	Z	Z	 a complete full-banded job differs in various parts of the <font color=green>country</font> . Work that might cost$ 500 to$ 750 in the South	NN	informative	3	1	3.11	0.33	1	country	others
country/NN/br-f13/1645	0.143745985420271	-0.159999760464355	country	NN	popular_lore	fiction	A	A	A	A	country%1:15:01::	A	A	A	A	 a neighborhood of well-kept homes. There are slums in the <font color=green>country</font>  as well as in the city. Few rural areas are	NN	informative	5	1	2.54	0.2	1	country	others
country/NN/br-f15/2048	-0.411833611837359	0.00248812921300747	country	NN	popular_lore	fiction	B1	B	B14	B	country%1:14:00::	B2	B	BB2	B	 translated into action by the majority of people in this <font color=green>country</font> . Repeated polls have disclosed that most married couples are now	NN	informative	4	0	2.56	0	1	country	others
country/NN/br-f17/2140	0.0513989740258199	-0.366656708974988	country	NN	popular_lore	fiction	A1	A	A	A	country%1:15:02::	A1	A	A	A	 three men to cart goods to them from the Mississippi <font color=green>country</font> . Others carried pemmican from`` the Forks'' to St. Paul and	NN	informative	4	0	2.53	0	1	country	others
country/NN/br-f23/1643	-0.423889658027773	0.0465045634057438	country	NN	popular_lore	fiction	B2	B	B23	B	country%1:14:00::	B2	B	BB2	B	 first stage of a Communist takeover is to`` neutralize'' a <font color=green>country</font> . The second stage is to retain the nominal classification of	NN	informative	3	0	2.67	0	1	country	others
country/NN/br-g03/84	-0.38046359802958	0.248133774022445	country	NN	belles_lettres	fiction	B1	B	B14	B	Z	Z	Z	Z	Z	 the White House, in offices of key scientists across the <font color=green>country</font>  and aboard the submarines that prowl for months underwater, with	NN	informative	3	0	2.68	0	1	country	others
country/NN/br-g18/1249	-0.115760665578237	0.113489417897128	country	NN	belles_lettres	fiction	B4	B	B14	B	country%1:14:01::;1:15:00::	B	B	BB2	B	 little patience with collective mediocrity. He saw Sweden as a <font color=green>country</font>  of smug and narrow provincialism, indifferent to the heroic spirit	NN	informative	3	0	2.93	0	3	country	others
country/NN/br-g18/1754	-0.164751246260076	-0.334525476974683	country	NN	belles_lettres	fiction	B4	B	B14	B	country%1:14:01::	B	B	BB2	B	 an invasion of Russia and each brought ruin on the <font color=green>country</font>  that worshipped him. Each is still glorified as a national	NN	informative	3	0	2.64	0	1	country	others
country/NN/br-g23/17	0.01585951650385	-0.280517896017338	country	NN	belles_lettres	fiction	B4	B	B14	B	country%1:14:00::	B2	B	BB2	B	 Woodrow Wilson 's administration, a red scare developed in our <font color=green>country</font> . Many Americans reacted irrationally to the challenge of Russia and	NN	informative	5	0	2.6	0	1	country	others
country/NN/br-g28/1507	-0.165584896109095	0.380181760679926	country	NN	belles_lettres	fiction	A	A	A	A	back_country%1:15:00::	A	A	A	A	 William Byrd described the Lubberlanders he encountered in the back <font color=green>country</font>  of Virginia and North Carolina. The chief literary antecedents of	NN	informative	3	0	2.51	0	1	country	others
country/NN/br-h02/206	-0.343637918202015	-0.208863118800472	country	NN	miscellaneous	non-fiction	B3	B	B23	B	Z	Z	Z	Z	Z	 formulation of programs for development which are adapted to the <font color=green>country</font>  's objectives and resources. This includes assistance in- assembling the	NN	informative	5	0	3.33	0	1	country	tech
country/NN/br-h02/351	0.273919010808175	-0.0329286800021973	country	NN	miscellaneous	non-fiction	B3	B	B23	B	Z	Z	Z	Z	Z	 programing and budgeting completely beyond the capabilities of the recipient <font color=green>country</font>  would result in the frustration of the basic objective of	NN	informative	3	1	3.65	0.33	1	country	tech
country/NN/br-h02/454	0.273919010808175	-0.0329286800021973	country	NN	miscellaneous	non-fiction	B3	B	B23	B	Z	Z	Z	Z	Z	 In such a case, however, we would encourage the recipient <font color=green>country</font>  to get on with its programing task, supply it with	NN	informative	5	1	3.65	0.2	1	country	tech
country/NN/br-h02/490	0.273919010808175	-0.0329286800021973	country	NN	miscellaneous	non-fiction	B3	B	B23	B	Z	Z	Z	Z	Z	 expansion or even a continuation of our assistance to the <font color=green>country</font>  's development was conditional upon programing progress being made. At	NN	informative	4	1	3.65	0.25	1	country	tech
country/NN/br-h02/801	0.121998834556401	0.307945893408926	country	NN	miscellaneous	non-fiction	B3	B	B23	B	Z	Z	Z	Z	Z	 have made clear that we are genuinely concerned with a <font color=green>country</font>  's development potential, we can be blunt in suggesting the	NN	informative	2	1	2.51	0.5	1	country	tech
country/NN/br-h03/1847	-0.333355684076905	0.0286298853362307	country	NN	miscellaneous	non-fiction	B4	B	B14	B	Z	Z	Z	Z	Z	 the greatest American public figures in the history of our <font color=green>country</font>  and I consider that I have been signally honored in	NN	informative	4	0	2.92	0	1	country	tech
country/NN/br-h03/351	-0.333355684076905	0.0286298853362307	country	NN	miscellaneous	non-fiction	B4	B	B14	B	Z	Z	Z	Z	Z	 alone his own district but all the people of our <font color=green>country</font> . To honor him is to honor ourselves. In this my	NN	informative	3	0	2.92	0	2	country	tech
country/NN/br-h03/688	-0.0171374599268659	0.363609574927877	country	NN	miscellaneous	non-fiction	B4	B	B14	B	Z	Z	Z	Z	Z	 honesty- all dedicated to secure the best interests of the <font color=green>country</font>  he has loved and served so long. May the Divine	NN	informative	3	0	2.53	0	1	country	tech
country/NN/br-h08/2028	0.20281620773597	0.362517138568421	country	NN	miscellaneous	non-fiction	B4	B	B14	B	Z	Z	Z	Z	Z	 has been with us since the very beginning of our <font color=green>country</font> . And yet, accompanying our gratitude is the realization that we	NN	informative	3	0	2.66	0	1	country	tech
country/NN/br-h18/1813	0.0409615605225579	-0.170122159679515	country	NN	miscellaneous	non-fiction	B4	B	B14	B	country%1:14:00::	B2	B	BB2	B	 action can hope to win public support, first in this <font color=green>country</font>  and then abroad? For the policy officer will know that	NN	informative	5	1	2.72	0.2	1	country	tech
country/NN/br-h18/1847	0.291935859386703	0.252959180142048	country	NN	miscellaneous	non-fiction	B3	B	B23	B	country%1:14:01::	B	B	BB2	B	 of policy will be conditioned by the readiness of the <font color=green>country</font>  to sustain it. He is interested in public opinion for	NN	informative	5	1	2.56	0.2	1	country	tech
country/NN/br-h18/857	-0.0535414384854687	-0.302660850332704	country	NN	miscellaneous	non-fiction	B1	B	B14	B	country%1:15:00::	B1	B	B1	B	 the representatives of other agencies who are stationed in his <font color=green>country</font> . He is expected to supervise, to encourage, to direct, to	NN	informative	2	0	3.01	0	1	country	tech
country/NN/br-j26/1711	0.0344580556011499	0.416403955952858	country	NN	learned	non-fiction	B1	B	B14	B	Z	Z	Z	Z	Z	 Uniform questions, definitions, and procedures were enforced throughout the whole <font color=green>country</font> . Data were obtained, separately, on three classes of persons:( a	NN	informative	2	0	2.85	0	1	country	tech
country/NN/br-j37/1184	-0.0646932991905667	0.30384139431822	country	NN	learned	non-fiction	B1	B	B14	B	country%1:15:00::	B1	B	B1	B	 communication and understanding in the more remote areas of the <font color=green>country</font> , but it also served to minimize the national political value	NN	informative	3	1	2.77	0.33	1	country	tech
country/NN/br-j56/1063	-0.254908623936035	-0.0724800846908284	country	NN	learned	non-fiction	A	A	A	A	country_club%1:14:00::	A	A	A	A	 had come into vogue, but also to witness the Ekwanok <font color=green>Country</font>  Club tournaments. New Yorkers were kept informed of scores by	NNP	informative	2	1	3.2	0.5	1	Country	tech
country/NN/br-k03/444	0.0021857013792631	-0.0915468545956965	country	NN	fiction_gral	fiction	A	A	A	A	country%5:00:01:rural:00	A	A	A	A	 or his own sentry. He was a wiry, inscrutable, silent <font color=green>country</font>  boy from the red clay of rural Alabama, and he	NN	imaginative	4	2	2.58	0.5	3	country	imag
country/NN/br-k08/558	-0.147000615543463	-0.398563344399623	country	NN	fiction_gral	fiction	A	A	A	A	country%1:15:00::	B1	B	B1	B	 one day, while on a week 's visit to the <font color=green>country</font>  home of a retired Swiss jeweler, Rousseau amused the company	NN	imaginative	3	0	2.69	0	1	country	imag
country/NN/br-k08/973	-0.332892748742959	-0.120672389449531	country	NN	fiction_gral	fiction	A	A	A	A	country%1:15:01::	A	A	A	A	 just for this once, for this one weekend in the <font color=green>country</font> , he would make a little piece out of his melodies	NN	imaginative	3	1	3.14	0.33	1	country	imag
country/NN/br-k17/1981	-0.442140647746913	0.166725258953099	country	NN	fiction_gral	fiction	B4	B	B14	B	country%1:15:00::	B1	B	B1	B	 I 've lost faith, Styka. I used to love this <font color=green>country</font>  and believe that someday we 'd win our battle for	NN	imaginative	2	0	2.78	0	1	country	imag
country/NN/br-k25/869	0.0409615605225579	-0.170122159679515	country	NN	fiction_gral	fiction	B1	B	B14	B	country%1:15:00::	B1	B	B1	B	 shawl over her head, which she had bought in that <font color=green>country</font>  during one of their trips abroad, and handed him a	NN	imaginative	4	1	2.72	0.25	1	country	imag
country/NN/br-l11/1246	-0.332892748742959	-0.120672389449531	country	NN	fiction_mystery	fiction	A	A	A	A	country%1:15:01::	A	A	A	A	 a manner Esquire might suggest for the outdoor man 's <font color=green>country</font>  weekend. Dark gray sports jacket, lighter gray slacks, pink flannel	NN	imaginative	2	1	3.14	0.5	1	country	imag
country/NN/br-n01/1082	-0.331851371756292	-0.353385298354838	country	NN	fiction_adventure	fiction	A	A	A	A	Z	Z	Z	Z	Z	 He had seen a few nester wagons go through the <font color=green>country</font> , the families almost starving to death, but he had never	NN	imaginative	4	1	2.63	0.25	1	country	imag
country/NN/br-n01/1326	-0.367584791486319	-0.154302180753924	country	NN	fiction_adventure	fiction	A	A	A	A	Z	Z	Z	Z	Z	 want town work'', Jones said.`` This is a mighty empty <font color=green>country</font> '', Morgan said.`` There 's only one more ranch three miles	NN	imaginative	5	1	2.52	0.2	1	country	imag
country/NN/br-n09/1051	0.12569853081149	-0.383799851255556	country	NN	fiction_adventure	fiction	A	A	A	A	country%1:15:01::	A	A	A	A	 distant derrick of the wildcat- a test well in unexplored <font color=green>country</font> . And even with her limited knowledge of such things, she	NN	imaginative	2	0	2.56	0	2	country	imag
country/NN/br-n11/2133	-0.259429420217605	0.0927242734459176	country	NN	fiction_adventure	fiction	A1	A	A	A	country%1:15:02::	A1	A	A	A	 to frighten three rustling homesteaders out of the Upper Laramie <font color=green>country</font>  in a single week.`` My reputation 's my stock in	NN	imaginative	3	0	3.04	0	2	country	imag
country/NNS/br-a04/1454	-0.0970723394331361	-0.215626674467979	country	NNS	press_reportage	press	B3	B	B23	B	Z	Z	Z	Z	Z	 did recommend that President Kennedy state clearly that if Communist <font color=green>countries</font>  shipped any further arms to Cuba that it would not	NNS	informative	3	0	2.72	0	1	countries	others
country/NNS/br-a04/766	0.11112570525472	-0.0326042419934377	country	NNS	press_reportage	press	B3	B	B23	B	Z	Z	Z	Z	Z	 ratified) as a method of coordinating aid to the underdeveloped <font color=green>countries</font> , and the need for strengthening conventional forces as well as	NNS	informative	4	2	3.07	0.5	3	countries	others
country/NNS/br-a04/938	0.0593177802423216	-0.0253987410452621	country	NNS	press_reportage	press	B2	B	B23	B	Z	Z	Z	Z	Z	 Viet Nam. They count on the aid of the neutral <font color=green>countries</font>  attending the Geneva conference to achieve this. The United States	NNS	informative	4	3	3.06	0.75	5	countries	others
country/NNS/br-a07/1587	0.14618744363684	-0.0567161471122904	country	NNS	press_reportage	press	B3	B	B23	B	Z	Z	Z	Z	Z	 the successful banker. Indonesia is one of the twenty under-developed <font color=green>countries</font>  of Asia, Africa and Latin America that are receiving Soviet	NNS	informative	4	0	3.26	0	3	countries	others
country/NNS/br-a07/1628	0.115209665930036	-0.0621348229674566	country	NNS	press_reportage	press	B3	B	B23	B	Z	Z	Z	Z	Z	 technical and military assistance to the uncommitted nations. The Communist <font color=green>countries</font>  allocated more than$ 1000000000 in economic aid alone last year	NNS	informative	5	2	3.12	0.4	2	countries	others
country/NNS/br-a07/1659	0.371954152840348	-0.0978505480612631	country	NNS	press_reportage	press	B3	B	B23	B	Z	Z	Z	Z	Z	 biggest annual outlay since the Communist program for the under-developed <font color=green>countries</font>  made its modest beginning in 1954. In 1960 more than	NNS	informative	3	0	2.92	0	1	countries	others
country/NNS/br-a07/1678	-0.0174352145901197	0.00592315167729429	country	NNS	press_reportage	press	B1	B	B14	B	Z	Z	Z	Z	Z	 1960 more than 6000 Communist technicians were present in those <font color=green>countries</font> . A committee of experts has recommended that a country 's	NNS	informative	1	0	2.82	0	3	countries	others
country/NNS/br-a07/1769	0.292515165138391	-0.0968301178901748	country	NNS	press_reportage	press	B2	B	B23	B	Z	Z	Z	Z	Z	 take jobs from European nations and give more to such <font color=green>countries</font>  as India. India is the most populous United Nations member	NNS	informative	5	2	4.45	0.4	2	countries	others
country/NNS/br-a10/167	0.126469709426512	0.0408151738330817	country	NNS	press_reportage	press	B4	B	B14	B	Z	Z	Z	Z	Z	 350 persons that the United States' challenge was to help <font color=green>countries</font>  build their own societies their own ways, following their own	NNS	informative	4	1	3.15	0.25	2	countries	others
country/NNS/br-a10/231	0.0323476963821456	0.12008054536972	country	NNS	press_reportage	press	B4	B	B14	B	Z	Z	Z	Z	Z	 want it will lack ritiuality and loyalty. Insuring that the <font color=green>countries</font>  have a freedom of choice, he said, was the biggest	NNS	informative	2	0	2.9	0	2	countries	others
country/NNS/br-a10/304	-0.0789654875207314	0.0563722831818015	country	NNS	press_reportage	press	B4	B	B14	B	Z	Z	Z	Z	Z	 Martin called for patience on the part of Americans.`` The <font color=green>countries</font>  are trying to build in a decade the kind of	NNS	informative	2	0	3.46	0	2	countries	others
country/NNS/br-a10/384	0.0361973740168497	-0.0505663051531066	country	NNS	press_reportage	press	B3	B	B23	B	Z	Z	Z	Z	Z	 Economically, Martin said, the United States could best help foreign <font color=green>countries</font>  by helping them help themselves. Private business is more effective	NNS	informative	5	1	2.94	0.2	2	countries	others
country/NNS/br-a10/89	0.0754051132739416	-0.0697767885138876	country	NNS	press_reportage	press	B2	B	B23	B	Z	Z	Z	Z	Z	 is married and the father of three children. Helping foreign <font color=green>countries</font>  to build a sound political structure is more important than	NNS	informative	3	1	3.3	0.33	1	countries	others
country/NNS/br-a26/1144	0.0754051132739416	-0.0697767885138876	country	NNS	press_reportage	press	B3	B	B23	B	Z	Z	Z	Z	Z	 percentage of new gins in the U. S. and foreign <font color=green>countries</font>  contain machinery made in this area. The Murray Co. of	NNS	informative	3	0	3.3	0	1	countries	others
country/NNS/br-a34/1104	0.0727337903086725	0.237945522599581	country	NNS	press_reportage	press	B	B	B14	B	Z	Z	Z	Z	Z	 would mean an unchecked spread of nuclear weapons to other <font color=green>countries</font>  as well as a fatal blow to any hope for	NNS	informative	4	1	3.02	0.25	3	countries	others
country/NNS/br-a34/1717	0.0835354572830807	0.0685432314724323	country	NNS	press_reportage	press	B2	B	B23	B	Z	Z	Z	Z	Z	 the major issues which affect the relationships between the two <font color=green>countries</font> ''. The Vienna meeting will bring together a seasoned, 67- year-old	NNS	informative	2	0	2.84	0	3	countries	others
country/NNS/br-a43/1609	-0.00632884037862267	-0.0133423526284996	country	NNS	press_reportage	press	B3	B	B23	B	Z	Z	Z	Z	Z	 these: An international conference of the big textile-importing and textile-exporting <font color=green>countries</font>  will be called shortly by President Kennedy. Chief aims of	NNS	informative	4	1	2.82	0.25	3	countries	others
country/NNS/br-a43/1639	0.113582996027276	-0.0156656243728624	country	NNS	press_reportage	press	B3	B	B23	B	Z	Z	Z	Z	Z	 U. S. will try to get agreement among the industrialized <font color=green>countries</font>  to take more textile imports from the less-developed countries over	NNS	informative	5	2	3.82	0.4	3	countries	others
country/NNS/br-a43/1648	0.113582996027276	-0.0156656243728624	country	NNS	press_reportage	press	B3	B	B23	B	Z	Z	Z	Z	Z	 industrialized countries to take more textile imports from the less-developed <font color=green>countries</font>  over the years. Point is that developing countries often build	NNS	informative	5	2	3.51	0.4	4	countries	others
country/NNS/br-a43/1657	0.099561485392013	-0.000510913782396368	country	NNS	press_reportage	press	B3	B	B23	B	Z	Z	Z	Z	Z	 the less-developed countries over the years. Point is that developing <font color=green>countries</font>  often build up a textile industry first, need encouragement to	NNS	informative	4	1	3.55	0.25	3	countries	others
country/NNS/br-a43/1723	-0.00368684134205054	-0.0562238168674382	country	NNS	press_reportage	press	B3	B	B23	B	Z	Z	Z	Z	Z	 purpose of the conference will be to get certain low-wage <font color=green>countries</font>  to control textile exports- especially dumping of specific products- to	NNS	informative	3	1	3.8	0.33	2	countries	others
country/NNS/br-a43/1738	0.371399759325533	0.0544917859639421	country	NNS	press_reportage	press	B3	B	B23	B	Z	Z	Z	Z	Z	 textile exports- especially dumping of specific products- to high-wage textile-producing <font color=green>countries</font> . Japan, since 1957, has been`` voluntarily'' curbing exports of textiles	NNS	informative	4	0	2.8	0	1	countries	others
country/NNS/br-a43/1789	0.0790047842198928	0.145912899467864	country	NNS	press_reportage	press	B2	B	B23	B	Z	Z	Z	Z	Z	 for several years under the`` Lancashire Pact''. None of these <font color=green>countries</font>  is happy with these arrangements. The Japanese want to increase	NNS	informative	3	2	2.62	0.67	2	countries	others
country/NNS/br-a43/1888	0.061452901105102	-0.067765927928227	country	NNS	press_reportage	press	B3	B	B23	B	Z	Z	Z	Z	Z	 at the conference or through bilateral talks, the low-wage textile-producing <font color=green>countries</font>  in Asia and Europe will see that`` dumping'' practices cause	NNS	informative	4	1	3.54	0.25	3	countries	others
country/NNS/br-a43/2111	0.0788288072308762	-0.00746207661066407	country	NNS	press_reportage	press	B3	B	B23	B	Z	Z	Z	Z	Z	 for other lines having difficulty competing with imports from low-wage <font color=green>countries</font> . Among the highest-paid workers in the world are U. S.	NNS	informative	4	2	3.15	0.5	4	countries	others
country/NNS/br-b01/1558	-0.0984335849120562	-0.152418623902336	country	NNS	press_editorial	press	B2	B	B23	B	Z	Z	Z	Z	Z	 countless schemes to do away with democratic leaders in neighboring <font color=green>countries</font>  such as President Romulo Betancourt of Venezuela. It was a	NNS	informative	4	1	3.33	0.25	2	countries	others
country/NNS/br-b07/252	0.0509275422151827	-0.000919631450538051	country	NNS	press_editorial	press	B	B	B14	B	Z	Z	Z	Z	Z	 from the Secretary down into political agents of the respective <font color=green>countries</font>  from which they come. The controversy now revolves mainly around	NNS	informative	4	1	3.12	0.25	4	countries	others
country/NNS/br-b11/1001	0.134721597250783	0.187862102817039	country	NNS	press_editorial	press	B3	B	B23	B	Z	Z	Z	Z	Z	 as part of the world menace allegedly looming over the <font color=green>countries</font>  of capitalism. Evidently the war drum beating and hysteria so	NNS	informative	3	1	3.18	0.33	3	countries	others
country/NNS/br-b13/1273	0.35278797491147	-0.311443873448517	country	NNS	press_editorial	press	B1	B	B14	B	country%1:15:00::	B1	B	B1	B	 desire to visit the`` smaller, less traveled and relatively inexpensive <font color=green>countries</font> '', and is now prepared to teach modern Greek and Portuguese	NNS	informative	4	0	3.5	0	1	countries	others
country/NNS/br-b16/263	0.293840532468158	0.102815147941553	country	NNS	press_editorial	press	B3	B	B23	B	Z	Z	Z	Z	Z	 any other program to solve the problems of the underdeveloped <font color=green>countries</font>  would be an investment that would pay off in world	NNS	informative	6	1	3	0.17	1	countries	others
country/NNS/br-b19/664	0.0393640961195875	0.0658661885897053	country	NNS	press_editorial	press	B2	B	B23	B	Z	Z	Z	Z	Z	 formed so that intelligent men with good intentions from all <font color=green>countries</font>  could meet and solve problems without resorting to war. Russia	NNS	informative	3	0	2.99	0	3	countries	others
country/NNS/br-b25/1744	0.310756916439658	-0.262586719806104	country	NNS	press_editorial	press	B1	B	B14	B	Z	Z	Z	Z	Z	 and North Vietnamese liberating the southern half of their respective <font color=green>countries</font> . Perhaps Khrushchev is in a more difficult position than any	NNS	informative	2	0	4.01	0	1	countries	others
country/NNS/br-c07/1056	0.279984103135069	-0.173115397445366	country	NNS	press_reviews	press	B4	B	B14	B	Z	Z	Z	Z	Z	 century in England, much ahead of similar revivals in other <font color=green>countries</font> . As a result no comparable literature of the period is	NNS	informative	4	0	2.57	0	1	countries	others
country/NNS/br-c07/1967	0.233616779297099	-0.335456546110083	country	NNS	press_reviews	press	B	B	B14	B	Z	Z	Z	Z	Z	 were accompanied by Anna Mi Lee, pianist. Selections from fifteen <font color=green>countries</font>  were sung as solos and duets in a broad range	NNS	informative	1	0	3.12	0	1	countries	others
country/NNS/br-c16/1019	0.00558062591016939	0.0260781251950689	country	NNS	press_reviews	press	B	B	B14	B	Z	Z	Z	Z	Z	 is Field Marshal Montgomery 's belief that in most Western <font color=green>countries</font>  about 60 per cent of the people do not really	NNS	informative	2	1	3.02	0.5	3	countries	others
country/NNS/br-c16/1072	0.039742756212611	0.0108317944482104	country	NNS	press_reviews	press	B4	B	B14	B	Z	Z	Z	Z	Z	 are genuine Christians and believers in democracy. But these Western <font color=green>countries</font>  do care about themselves. Each feels intensely national. If, say	NNS	informative	5	2	3.04	0.4	4	countries	others
country/NNS/br-f04/226	0.0754051132739416	-0.0697767885138876	country	NNS	popular_lore	fiction	B	B	B14	B	Z	Z	Z	Z	Z	 grades four through eight. From fourteen states and three foreign <font color=green>countries</font>  they come to spend the months from mid-September to June	NNS	informative	4	1	3.3	0.25	1	countries	others
country/NNS/br-f14/1851	0.0550306434353163	0.025892181125415	country	NNS	popular_lore	fiction	B1	B	B14	B	country%1:15:00::	B1	B	B1	B	 of the Jews in Germany and later in the occupied <font color=green>countries</font>  contributed to terrorizing the populations, splitting apart individuals and groups	NNS	informative	4	2	2.93	0.5	3	countries	others
country/NNS/br-f14/2054	0.0566023691210802	0.199582369088053	country	NNS	popular_lore	fiction	B	B	B14	B	country%1:14:00::	B2	B	BB2	B	 to post before the world the contrasting fates of the <font color=green>countries</font>  in which the Final Solution was aided by native Jew	NNS	informative	4	1	2.8	0.25	2	countries	others
country/NNS/br-f14/2151	0.168789628907604	0.154197881792121	country	NNS	popular_lore	fiction	B1	B	B14	B	country%1:14:00::	B2	B	BB2	B	 Was n't this meaning of Eichmann 's experience in various <font color=green>countries</font>  worth highlighting? As the first collective confrontation of the Nazi	NNS	informative	3	0	3.27	0	2	countries	others
country/NNS/br-f15/1446	-0.0221820507814906	0.232864647534008	country	NNS	popular_lore	fiction	B4	B	B14	B	country%1:14:00::	B2	B	BB2	B	 This was generally reflected in the civil laws of Christian <font color=green>countries</font> . Today, the Roman Catholic and Orthodox Churches stand virtually alone	NNS	informative	4	0	2.91	0	2	countries	others
country/NNS/br-f15/290	0.0786899659701294	-0.0381837683436712	country	NNS	popular_lore	fiction	B3	B	B23	B	country%1:14:00::	B2	B	BB2	B	 including birth-control information and material in foreign aid to underdeveloped <font color=green>countries</font> . Where it is not actually erupting, it rumbles and smolders	NNS	informative	3	2	3.39	0.67	3	countries	others
country/NNS/br-f23/2029	-0.128342351827126	0.0217868659206062	country	NNS	popular_lore	fiction	B2	B	B23	B	country%1:14:00::	B2	B	BB2	B	 a Soviet bridgehead ninety miles off our coast. In some <font color=green>countries</font>  the trend has gone further than others: Mexico, Panama, and	NNS	informative	4	1	2.94	0.25	2	countries	others
country/NNS/br-g12/2313	0.156961841693439	-0.0311405361083625	country	NNS	belles_lettres	fiction	B4	B	B14	B	country%1:14:00::	B2	B	BB2	B	 the technological and economic revolutions now going on in the <font color=green>countries</font>  of Asia and Africa, and also of course on how	NNS	informative	5	3	3.44	0.6	3	countries	others
country/NNS/br-g18/2235	-0.0543284874744666	-0.0512277089186955	country	NNS	belles_lettres	fiction	B	B	B14	B	country%1:14:01::	B	B	BB2	B	 a perfect introduction to Swedish history for readers of other <font color=green>countries</font> . Some of the earlier episodes have touches of the supernatural	NNS	informative	3	0	2.82	0	2	countries	others
country/NNS/br-h02/1163	0.178909381613657	-0.0191767919862097	country	NNS	miscellaneous	non-fiction	B3	B	B23	B	Z	Z	Z	Z	Z	 on a sustained basis, tailored to priority needs, to those <font color=green>countries</font>  making serious efforts in self-help. In many instances it can	NNS	informative	3	1	3.92	0.33	3	countries	tech
country/NNS/br-h02/1181	0.052518736451885	-0.019261365880836	country	NNS	miscellaneous	non-fiction	B2	B	B23	B	Z	Z	Z	Z	Z	 many instances it can withhold or limit its aid to <font color=green>countries</font>  not yet willing to make such efforts. There are other	NNS	informative	1	1	2.95	1	4	countries	tech
country/NNS/br-h02/1193	0.0717600326517186	0.115098548412934	country	NNS	miscellaneous	non-fiction	B2	B	B23	B	Z	Z	Z	Z	Z	 not yet willing to make such efforts. There are other <font color=green>countries</font>  where, with skillful diplomacy, we may be able by our	NNS	informative	2	1	3.01	0.5	2	countries	tech
country/NNS/br-h02/1242	0.207132731163958	0.011709449959611	country	NNS	miscellaneous	non-fiction	B3	B	B23	B	Z	Z	Z	Z	Z	 Governments are rarely monolithic. But there will be still other <font color=green>countries</font>  where, despite the inadequacy of the level of self-help, we	NNS	informative	4	1	3.56	0.25	2	countries	tech
country/NNS/br-h02/1335	0.175675131976702	0.0272093100816795	country	NNS	miscellaneous	non-fiction	B3	B	B23	B	Z	Z	Z	Z	Z	 promote the economic and social development of the less developed <font color=green>countries</font> . This is not a short-run goal. To have any success	NNS	informative	5	2	4.02	0.4	2	countries	tech
country/NNS/br-h02/1422	0.0383153082199674	-0.0218574059260367	country	NNS	miscellaneous	non-fiction	B3	B	B23	B	Z	Z	Z	Z	Z	 as India, a decade of concentrated effort can launch these <font color=green>countries</font>  into a stage in which they can carry forward their	NNS	informative	4	2	3.4	0.5	4	countries	tech
country/NNS/br-h02/1480	0.101277224320157	-0.0231574333874953	country	NNS	miscellaneous	non-fiction	B	B	B14	B	Z	Z	Z	Z	Z	 absorb the bulk of our capital assistance. The number of <font color=green>countries</font>  thus favorably situated is small, but their peoples constitute over	NNS	informative	3	1	2.98	0.33	4	countries	tech
country/NNS/br-h02/1779	0.140262627544923	0.0236520140053184	country	NNS	miscellaneous	non-fiction	B3	B	B23	B	Z	Z	Z	Z	Z	 importantly, several of the more advanced of the less developed <font color=green>countries</font>  have found through experience that they must plan their own	NNS	informative	3	2	3.85	0.67	3	countries	tech
country/NNS/br-h02/1885	0.108839866165857	0.0211266730354633	country	NNS	miscellaneous	non-fiction	B3	B	B23	B	Z	Z	Z	Z	Z	 can be employed. Most important of all, the less developed <font color=green>countries</font>  must be persuaded to take the necessary steps to allocate	NNS	informative	4	4	3.68	1	4	countries	tech
country/NNS/br-h02/1983	0.0870202319725572	0.00238506285921364	country	NNS	miscellaneous	non-fiction	B3	B	B23	B	Z	Z	Z	Z	Z	 be related to long-range development plans. If the less developed <font color=green>countries</font>  are to be persuaded to adopt a long-term approach, the	NNS	informative	5	3	3.69	0.6	5	countries	tech
country/NNS/br-h02/2052	0.09659044458435	0.0121713013403844	country	NNS	miscellaneous	non-fiction	B3	B	B23	B	Z	Z	Z	Z	Z	 The extent to which we can persuade the less developed <font color=green>countries</font>  to appraise their own resources, to set targets toward which	NNS	informative	4	3	3.52	0.75	5	countries	tech
country/NNS/br-h02/2175	0.342620042609906	0.00738612000336706	country	NNS	miscellaneous	non-fiction	B2	B	B23	B	Z	Z	Z	Z	Z	 incentive for them will be clear evidence that where other <font color=green>countries</font>  have done this kind of home work we have responded	NNS	informative	2	0	3.5	0	1	countries	tech
country/NNS/br-h02/318	0.247590126617436	0.0857803562815152	country	NNS	miscellaneous	non-fiction	B3	B	B23	B	Z	Z	Z	Z	Z	 cannot, of course, be mechanical. It must be recognized that <font color=green>countries</font>  at different stages of development have very different capabilities of	NNS	informative	3	1	3	0.33	2	countries	tech
country/NNS/br-h02/513	0.153055705816333	0.0668640329541374	country	NNS	miscellaneous	non-fiction	B3	B	B23	B	Z	Z	Z	Z	Z	 the other end of the spectrum, where the more advanced <font color=green>countries</font>  can be relied upon to make well thought through decisions	NNS	informative	3	2	3.35	0.67	3	countries	tech
country/NNS/br-h02/562	0.104870570512681	-0.0331928034204232	country	NNS	miscellaneous	non-fiction	B3	B	B23	B	Z	Z	Z	Z	Z	 to move toward long-term support, in cooperation with other developed <font color=green>countries</font> , of the essential foreign exchange requirements of the country 's	NNS	informative	6	3	3.92	0.5	3	countries	tech
country/NNS/br-h02/626	0.0891067965212127	0.0148394138881582	country	NNS	miscellaneous	non-fiction	B3	B	B23	B	Z	Z	Z	Z	Z	 main thrust for development must come from the less developed <font color=green>countries</font>  themselves. External aid can only be marginal, although the margin	NNS	informative	4	2	3.55	0.5	5	countries	tech
country/NNS/br-h02/681	0.308307797874061	0.0630293385074229	country	NNS	miscellaneous	non-fiction	B3	B	B23	B	Z	Z	Z	Z	Z	 aid, therefore, should increasingly be designed to provide incentives for <font color=green>countries</font>  to take the steps that only they themselves can take	NNS	informative	3	1	2.98	0.33	1	countries	tech
country/NNS/br-h02/7	0.116730261475167	0.0159576842517785	country	NNS	miscellaneous	non-fiction	B3	B	B23	B	Z	Z	Z	Z	Z	 In most of the less developed <font color=green>countries</font> , however, such programing is at best inadequate and at worst	NNS	informative	4	4	3.49	1	4	countries	tech
country/NNS/br-h02/706	0.193531697016755	-0.00434392534462143	country	NNS	miscellaneous	non-fiction	B2	B	B23	B	Z	Z	Z	Z	Z	 conditions of self-help, it is important that we not expect <font color=green>countries</font>  to remake themselves in our image. Open societies can take	NNS	informative	3	2	3.85	0.67	2	countries	tech
country/NNS/br-h06/876	0.0621310102610706	-0.0543455643860258	country	NNS	miscellaneous	non-fiction	B	B	B14	B	Z	Z	Z	Z	Z	 of our 50 United States and 11 came from foreign <font color=green>countries</font> . New York led in the number of inquiries, followed by	NNS	informative	2	1	3.2	0.5	2	countries	tech
country/NNS/br-h06/901	0.0312459453032225	-0.0184928106824789	country	NNS	miscellaneous	non-fiction	B2	B	B23	B	Z	Z	Z	Z	Z	 followed by California, New Jersey, Massachusetts, and Pennsylvania. Among foreign <font color=green>countries</font>  responding were Germany, Canada, Brazil and India. An important operation	NNS	informative	5	4	3.14	0.8	6	countries	tech
country/NNS/br-h08/1935	0.165081200124243	0.37241649318748	country	NNS	miscellaneous	non-fiction	B4	B	B14	B	Z	Z	Z	Z	Z	 years would be the symbol of hope to the oppressed <font color=green>countries</font>  of the world. They simply turned to God filled with	NNS	informative	2	0	2.55	0	1	countries	tech
country/NNS/br-h09/1266	0.0754051132739416	-0.0697767885138876	country	NNS	miscellaneous	non-fiction	B1	B	B14	B	country%1:14:00::	B2	B	BB2	B	 expended in cooperation with public or private agencies in foreign <font color=green>countries</font>  in the development of processes useful to the program in	NNS	informative	5	1	3.3	0.2	1	countries	tech
country/NNS/br-h13/1532	-0.014840469508097	0.148942847862555	country	NNS	miscellaneous	non-fiction	B2	B	B23	B	country%1:14:00::	B2	B	BB2	B	 years the United States had been trying to get these <font color=green>countries</font>  to exclude Castro 's representative from secret military talks. But	NNS	informative	5	1	2.57	0.2	2	countries	tech
country/NNS/br-h13/2195	0.37713570340007	0.151366575284864	country	NNS	miscellaneous	non-fiction	B2	B	B23	B	country%1:14:00::	B2	B	BB2	B	 without discrimination. Once these conditions of international law are met, <font color=green>countries</font>  that try to run to blockade do so at their	NNS	informative	4	1	3.21	0.25	1	countries	tech
country/NNS/br-h13/2315	0.00403613684873844	0.00315729801281558	country	NNS	miscellaneous	non-fiction	B3	B	B23	B	country%1:14:00::	B2	B	BB2	B	 coming from Russia and Czechoslovakia. Shipments of arms from Western <font color=green>countries</font>  could similarly be seized as contraband. In a total blockade	NNS	informative	5	1	2.73	0.2	3	countries	tech
country/NNS/br-h21/1267	0.0615373082361637	0.0185166230326989	country	NNS	miscellaneous	non-fiction	B1	B	B14	B	country%1:14:00::	B2	B	BB2	B	 a rider which limits competitive bidding by firms in other <font color=green>countries</font>  on certain military supply items. As I have repeatedly stated	NNS	informative	2	0	3.11	0	5	countries	tech
country/NNS/br-j10/1243	0.109544318594437	0.0871744947569997	country	NNS	learned	non-fiction	B2	B	B23	B	european_country%1:15:00::	B1	B	B1	B	 the`` cuckoo bumblebee'' as it is called in some European <font color=green>countries</font> . Female individuals of Psithyrus look deceptively like the workers and	NNS	informative	2	0	2.94	0	2	countries	tech
country/NNS/br-j22/1309	0.210450323195774	0.0355264110000608	country	NNS	learned	non-fiction	B3	B	B23	B	country%1:14:00::	B2	B	BB2	B	 At a third stage in the modernization process are such <font color=green>countries</font>  as India, Brazil, the Philippines, and Taiwan, which are ready	NNS	informative	6	2	4.28	0.33	2	countries	tech
country/NNS/br-j22/1375	0.471182146729891	0.0166071057426278	country	NNS	learned	non-fiction	B3	B	B23	B	country%1:14:00::	B2	B	BB2	B	 in the program to wider and wider groups. But these <font color=green>countries</font>  have made big strides toward developing the necessary human and	NNS	informative	4	1	3.34	0.25	1	countries	tech
country/NNS/br-j22/1437	0.164887872459206	-0.0315104581865396	country	NNS	learned	non-fiction	B3	B	B23	B	country%1:14:00::	B2	B	BB2	B	 economies. On the economic front, the first priority of these <font color=green>countries</font>  is to mobilize a vastly increased volume of resources. Several	NNS	informative	4	2	3.26	0.5	2	countries	tech
country/NNS/br-j22/1464	0.133092671653373	-0.0186819663134667	country	NNS	learned	non-fiction	B3	B	B23	B	country%1:14:00::	B2	B	BB2	B	 carried out if self-sustaining growth is to be achieved. These <font color=green>countries</font>  must formulate a comprehensive, long-term program covering the objectives of	NNS	informative	4	1	3.2	0.25	4	countries	tech
country/NNS/br-j22/171	0.109005244023373	0.185946271684328	country	NNS	learned	non-fiction	B2	B	B23	B	country%1:14:00::	B2	B	BB2	B	 and dangerous consequences of social change which have troubled other <font color=green>countries</font>  passing through this stage can be escaped. The United States	NNS	informative	4	0	3.01	0	2	countries	tech
country/NNS/br-j22/194	0.115448542282701	0.123717279268633	country	NNS	learned	non-fiction	B2	B	B23	B	country%1:14:00::	B2	B	BB2	B	 help by communicating a genuine concern with the problems these <font color=green>countries</font>  face and a readiness to provide technical and other appropriate	NNS	informative	3	0	3.24	0	3	countries	tech
country/NNS/br-j22/1968	0.239296334420435	0.259557964827187	country	NNS	learned	non-fiction	B4	B	B14	B	country%1:14:00::	B2	B	BB2	B	 to take seriously their claims to being democratic and free <font color=green>countries</font> ; we also have, in consequence, the duty to appraise realistically	NNS	informative	2	0	3.06	0	1	countries	tech
country/NNS/br-j22/2116	0.00512187763016367	0.198094979296178	country	NNS	learned	non-fiction	B3	B	B23	B	country%1:14:00::	B2	B	BB2	B	 generate. It follows that any effective policy toward the underdeveloped <font color=green>countries</font>  must have a realistically long working horizon. It must be	NNS	informative	3	0	2.78	0	2	countries	tech
country/NNS/br-j22/257	0.137520481404005	0.0996708655487593	country	NNS	learned	non-fiction	B3	B	B23	B	country%1:14:00::	B2	B	BB2	B	 and the lack of cohesion and stability which characterize these <font color=green>countries</font>  may make them particularly prone to diversions and external adventures	NNS	informative	2	0	3.32	0	4	countries	tech
country/NNS/br-j22/347	0.193252968096834	0.116679537420022	country	NNS	learned	non-fiction	B2	B	B23	B	country%1:14:00::	B2	B	BB2	B	 world scene. When necessary, we should make it clear that <font color=green>countries</font>  which choose to derive marginal advantages from the cold war	NNS	informative	5	2	3.24	0.4	2	countries	tech
country/NNS/br-j22/397	0.213804117669683	-0.0622050566597	country	NNS	learned	non-fiction	B3	B	B23	B	country%1:14:00::	B2	B	BB2	B	 As a nation, we feel an obligation to assist other <font color=green>countries</font>  in their development; but this obligation pertains only to countries	NNS	informative	2	1	3.87	0.5	3	countries	tech
country/NNS/br-j22/408	0.372862414081825	-0.030235552402874	country	NNS	learned	non-fiction	B2	B	B23	B	country%1:14:00::	B2	B	BB2	B	 countries in their development; but this obligation pertains only to <font color=green>countries</font>  which are honestly seeking to become responsible members of a	NNS	informative	4	1	4.43	0.25	1	countries	tech
country/NNS/br-j22/429	0.319339909267038	-0.191519116513652	country	NNS	learned	non-fiction	B2	B	B23	B	country%1:14:00::	B2	B	BB2	B	 a stable and forward-moving world community. When we look at <font color=green>countries</font>  like Iran, Iraq, Pakistan, and Burma, where substantial progress has	NNS	informative	8	1	2.89	0.12	1	countries	tech
country/NNS/br-j22/474	0.366118167827535	0.21556367744378	country	NNS	learned	non-fiction	B2	B	B23	B	country%1:14:00::	B2	B	BB2	B	 of centralized government exist, we find a second category of <font color=green>countries</font>  with a different set of problems and hence different priorities	NNS	informative	4	0	3.64	0	1	countries	tech
country/NNS/br-j22/603	0.0819066823440834	0.0536801520950113	country	NNS	learned	non-fiction	B2	B	B23	B	country%1:14:00::	B2	B	BB2	B	 achieve the national goals of modernization already symbolically accepted. Most <font color=green>countries</font>  in this second category share the difficulty of having many	NNS	informative	3	2	3.28	0.67	4	countries	tech
country/NNS/br-j22/892	0.176337129635955	-0.0893076092390845	country	NNS	learned	non-fiction	B2	B	B23	B	country%1:14:00::	B2	B	BB2	B	 performance can we provide telling assistance. With respect to those <font color=green>countries</font>  whose leaders prefer to live with their illusions, we can	NNS	informative	2	1	3.04	0.5	1	countries	tech
country/NNS/br-j22/929	0.176337129635955	-0.0893076092390845	country	NNS	learned	non-fiction	B3	B	B23	B	country%1:14:00::	B2	B	BB2	B	 clear for all to see. Our technical assistance to these <font color=green>countries</font>  should place special emphasis on inducing the central governments to	NNS	informative	4	1	3.04	0.25	1	countries	tech
country/NNS/br-j26/1235	0.293863409228888	0.228183261946212	country	NNS	learned	non-fiction	B2	B	B23	B	Z	Z	Z	Z	Z	 long-term economic and social programs. The AIMO organizations of both <font color=green>countries</font> , which maintain administrative services throughout the territories, retained immediate responsibility	NNS	informative	6	0	2.67	0	1	countries	tech
country/NNS/br-j37/1682	0.111862004213137	0.056353339231853	country	NNS	learned	non-fiction	B2	B	B23	B	country%1:14:00::	B2	B	BB2	B	 solutions devised in the electoral experiences of the rapidly changing <font color=green>countries</font>  are often of comparative value and essential to evaluating election	NNS	informative	4	2	3.11	0.5	5	countries	tech
country/NNS/br-j42/428	0.264870366959159	-0.113425938352256	country	NNS	learned	non-fiction	B2	B	B23	B	country%1:14:00::	B2	B	BB2	B	 from the North) was the neutralization of the Latin American <font color=green>countries</font> ; out of the question was the neutralization of Asia and	NNS	informative	3	1	3.9	0.33	1	countries	tech
country/NNS/br-j42/665	-0.0156914187171787	0.0280382678245597	country	NNS	learned	non-fiction	B2	B	B23	B	country%1:14:00::	B2	B	BB2	B	 civilization must formally enter into the circle of law governed <font color=green>countries</font> . They must do something with the acquiescence of the latter	NNS	informative	3	2	2.82	0.67	4	countries	tech
