id	model.x	model.y	lemma	wf	pos	newPos	genre	broadGenre	newBroadGenre	marisense	mbroad	mari3	mari2	sensekey	wnsense	wnbroad	wn3	wn2	text	cues	cuesWithWeight	meanWeight	weightedCuesRatio	weightedCW	wordform	msOct	determiner	building	definiteness	dgsense	number	capital	has_posm	prem_adj	prem_place	prem_name	prem_kind	comm	activity	organization	msOct4
church/NN/br-a01/2073	-0.05665904810711	-0.361080166221897	church	church	NN	NN	press_reportage	others	informative	E	E	DE	CDE	church%1:04:00::	E	E	DE	CDE	 said.`` Being at the polls was just like being at <font color=green>church</font> . I did n't smell a drop of liquor, and we	1	0	0.95	0	9	church	c3	none	yes	no	E	singular	no	no	no	no	no	no	no	yes	no	c
church/NN/br-a07/1303	-0.105982178152435	-0.0444391546666043	church	church	NN	NN	press_reportage	others	informative	A	A	AB	AB	Z	Z	Z	Z	Z	 Africa, the Middle East and Latin America. Interviews with several <font color=green>church</font>  leaders have disclosed that this development has raised the question	3	1	1.72	0.33	7	church	a2	NA	no	NA	A	singular	no	no	no	no	no	no	no	NA	yes	a
church/NN/br-a07/1325	-0.074287186007146	0.0430210369460879	church	church	NN	NN	press_reportage	others	informative	A	A	AB	AB	Z	Z	Z	Z	Z	 the Peace Corps will be able to prevent confusion for <font color=green>church</font>  and state over methods, means and goals. There are a	4	4	1.1	1	9	church	a1	none	no	no	A	singular	no	no	no	no	no	no	no	NA	yes	a
church/NN/br-a07/1487	-0.0850179805213034	-0.0198447028174102	church	church	NN	NN	press_reportage	others	informative	A	A	AB	AB	Z	Z	Z	Z	Z	 projects and still preserve the constitutional requirement on separation of <font color=green>church</font>  and state? R. Sargent Shriver Jr., director of the corps	4	2	1.46	0.5	8	church	a1	none	no	no	A	singular	no	no	no	no	no	no	no	NA	yes	a
church/NN/br-a10/1754	-0.066326733616478	0.06526668350408	church	church	NN	NN	press_reportage	others	informative	A	A	AB	AB	Z	Z	Z	Z	Z	 one out of three Americans has vital contact with the <font color=green>church</font> . This means that more than 100 million have no vital	1	1	1.32	1	6	church	d	the	no	yes	A	singular	no	no	no	no	no	no	no	NA	no	d
church/NN/br-a10/1769	0.00306085255937194	0.0106486742381318	church	church	NN	NN	press_reportage	others	informative	A	A	AB	AB	Z	Z	Z	Z	Z	 more than 100 million have no vital touch with the <font color=green>church</font>  or religious life'', he told delegates Friday. Talking of the	3	3	1.49	1	8	church	d	the	no	yes	A	singular	no	no	no	no	no	no	no	NA	no	d
church/NN/br-a10/1850	-0.141920664601423	0.0100544221540681	church	church	NN	NN	press_reportage	others	informative	C	C	C	CDE	Z	Z	Z	Z	Z	 adding that the denomination had a national goal of one <font color=green>church</font>  for every 10000 persons.`` In this light we need 1000	3	2	0.52	0.67	6	church	b	number	no	no	C	singular	no	no	no	no	no	no	yes	no	yes	b
church/NN/br-a10/1940	-0.0954876431926058	0.0659530718630709	church	church	NN	NN	press_reportage	others	informative	A	A	AB	AB	Z	Z	Z	Z	Z	 this would necessitate some changes in methods, he said.`` The <font color=green>church</font>  's ability to change her methods is going to determine	1	0	1.22	0	8	church	a2	the	no	yes	A	singular	no	no	no	no	no	no	no	NA	yes	a
church/NN/br-a16/453	0.108709581664388	-0.198287296089005	church	church	NN	NN	press_reportage	others	informative	D	D	DE	CDE	Z	Z	Z	Z	Z	 a small one at noon tomorrow in St. Bernadine 's <font color=green>church</font> , Forest Park. A small reception will follow in the Oak	4	2	1.57	0.5	6	church	c1	none	yes	no	D	singular	no	no	no	no	yes	no	no	no	no	c
church/NN/br-a17/1636	0.159107298486241	-0.171093886177207	church	Church	NN	NNP	press_reportage	others	informative	D	D	DE	CDE	Z	Z	Z	Z	Z	 Gay, who were married Saturday at the Munger Place Methodist <font color=green>Church</font> . Parents of the bride are Mr. and Mrs. Ferris M.	4	3	1.17	0.75	8	Church	c1	the	yes	yes	D	singular	yes	no	no	yes	no	yes	no	no	no	c
church/NN/br-a17/1770	0.0917440536501869	-0.204918345730369	church	Church	NN	NNP	press_reportage	others	informative	D	D	DE	CDE	Z	Z	Z	Z	Z	 College of Technology, in the chapel of the First Presbyterian <font color=green>Church</font>  of Houston. The bride, daughter of Rhodes Semmes Baker Jr.	2	0	2.16	0	4	Church	c1	the	yes	yes	D	singular	yes	no	no	no	no	yes	no	no	no	c
church/NN/br-a17/2228	0.109729960944844	-0.0533319551368514	church	church	NN	NN	press_reportage	others	informative	D	D	DE	CDE	Z	Z	Z	Z	Z	 Burgher Jr. seated guests. A reception was held at the <font color=green>church</font> . The First Christian Church of Pampa was the setting for	5	4	2.15	0.8	9	church	c1	the	yes	yes	D	singular	no	no	no	no	no	no	no	no	no	c
church/NN/br-a17/2233	0.112560788229861	-0.0468317063527116	church	Church	NN	NNP	press_reportage	others	informative	D	D	DE	CDE	Z	Z	Z	Z	Z	 A reception was held at the church. The First Christian <font color=green>Church</font>  of Pampa was the setting for the wedding last Sunday	4	2	1.97	0.5	8	Church	c1	the	yes	yes	D	singular	yes	yes	no	no	no	yes	no	no	no	c
church/NN/br-a21/677	0.259149192594518	-0.0126444563154564	church	Church	NN	NNP	press_reportage	others	informative	D	D	DE	CDE	Z	Z	Z	Z	Z	 for 10 a. m. tomorrow in St. Anne 's Catholic <font color=green>Church</font> , 31978 Mound, in Warren. The mother and daughter, who will	4	1	2.63	0.25	4	Church	c1	none	yes	no	D	singular	yes	no	no	no	yes	yes	no	no	no	c
church/NN/br-a22/1206	-0.00352962983081111	-0.218503367906917	church	church	NN	NN	press_reportage	others	informative	B	B	AB	AB	Z	Z	Z	Z	Z	 World War 1,. He was a member of the Baptist <font color=green>church</font> . Survivors include two brothers, C. E. Killingsworth, Atlanta, and John	2	1	1.79	0.5	4	church	a2	the	no	yes	B	singular	no	no	no	no	no	yes	no	NA	yes	a
church/NN/br-a22/1283	0.0188464229101725	-0.133452456629651	church	Church	NN	NNP	press_reportage	others	informative	C	C	C	CDE	Z	Z	Z	Z	Z	 painter. He was a member of the Oakland City Methodist <font color=green>Church</font>  and a native of Atlanta. Funeral services will be at	2	1	1.72	0.5	7	Church	c2	the	yes	yes	C	singular	yes	no	no	yes	no	yes	yes	no	no	c
church/NN/br-a22/307	0.0892517842840233	-0.0239276338437752	church	Church	NN	NNP	press_reportage	others	informative	B	B	AB	AB	Z	Z	Z	Z	Z	 challenged by the state. Emory is affiliated with the Methodist <font color=green>Church</font> . Some church leaders, both clerical and lay, have criticized the	4	1	1.99	0.25	3	Church	a2	the	no	yes	B	singular	yes	no	no	no	no	yes	no	NA	yes	a
church/NN/br-a22/310	0.0907484255574615	-0.0155191028312241	church	church	NN	NN	press_reportage	others	informative	A	A	AB	AB	Z	Z	Z	Z	Z	 the state. Emory is affiliated with the Methodist Church. Some <font color=green>church</font>  leaders, both clerical and lay, have criticized the university for	5	1	2.9	0.2	3	church	a2	none	no	no	A	singular	no	no	no	no	no	no	no	NA	yes	a
church/NN/br-a31/1395	0.168088505420989	-0.122176377358072	church	Church	NN	NNP	press_reportage	others	informative	D	D	DE	CDE	Z	Z	Z	Z	Z	 from 4 to 8 p. m. Sunday at First Presbyterian <font color=green>Church</font> . At that time the second half of the Christian Youth	5	1	1.03	0.2	8	Church	c1	none	yes	no	D	singular	yes	no	no	no	no	yes	no	no	no	c
church/NN/br-a31/1542	0.15776150843216	-0.153066710887029	church	Church	NN	NNP	press_reportage	others	informative	C	C	C	CDE	Z	Z	Z	Z	Z	 he and his wife serve as advisors at First Presbyterian <font color=green>Church</font> . And he wanted to be careful that the kids not	3	1	0.59	0.33	7	Church	c2	none	yes	no	C	singular	yes	no	no	no	no	yes	yes	no	no	c
church/NN/br-a31/1842	0.155419100578007	-0.278753659060527	church	Church	NN	NNP	press_reportage	others	informative	D	D	DE	CDE	Z	Z	Z	Z	Z	 planned for 10: 50 a. m. Sunday at First Christian <font color=green>Church</font> . It will be the second time the assistant manager of	3	1	1.56	0.33	6	Church	c1	none	yes	no	D	singular	yes	no	no	no	no	yes	no	no	no	c
church/NN/br-a31/2087	0.260706266959187	-0.0864957155687392	church	Church	NN	NNP	press_reportage	others	informative	D	D	DE	CDE	Z	Z	Z	Z	Z	 Family'' at 7: 30 p. m. Sunday at Christ Lutheran <font color=green>Church</font> . Mr. and Mrs. George Treadwell will be honored at a	3	0	1.25	0	7	Church	c1	none	yes	no	D	singular	yes	no	no	no	yes	yes	no	no	no	c
church/NN/br-a31/2112	0.20203636315239	-0.0575876210655751	church	Church	NN	NNP	press_reportage	others	informative	D	D	DE	CDE	Z	Z	Z	Z	Z	 and program at 6 p. m. Sunday at Trinity Methodist <font color=green>Church</font> . He is the sexton of the church. A family worship	3	0	1.81	0	4	Church	c1	none	yes	no	D	singular	yes	no	no	no	yes	yes	no	no	no	c
church/NN/br-a31/2120	0.0615310078460845	0.011996520534406	church	church	NN	NN	press_reportage	others	informative	D	D	DE	CDE	Z	Z	Z	Z	Z	 at Trinity Methodist Church. He is the sexton of the <font color=green>church</font> . A family worship service will follow the program at 7	4	2	1.74	0.5	7	church	c2	the	yes	yes	D	singular	no	no	no	no	no	no	yes	no	no	c
church/NN/br-a31/2172	0.0679323758073137	-0.0314742014182521	church	Church	NN	NNP	press_reportage	others	informative	C	C	C	CDE	Z	Z	Z	Z	Z	 service marking National Family Week. Every family of Riviera Presbyterian <font color=green>Church</font>  has been asked to read the Bible and pray together	6	6	1.09	1	12	Church	c2	none	yes	no	C	singular	yes	no	no	yes	no	yes	yes	no	no	c
church/NN/br-a31/2212	0.0054803294475239	-0.107490071936165	church	church	NN	NN	press_reportage	others	informative	C	C	C	CDE	Z	Z	Z	Z	Z	 participate. To start the week of special programs at the <font color=green>church</font> , the Rev. John D. Henderson will preach on`` A Successful	4	2	1.28	0.5	7	church	c3	the	yes	yes	C	singular	no	no	no	no	no	no	no	yes	no	c
church/NN/br-a31/2241	-0.2834159167933	-0.283922646247609	church	church	NN	NN	press_reportage	others	informative	C	C	C	CDE	Z	Z	Z	Z	Z	 40 and 11 a. m. Sunday. New officers of the <font color=green>church</font>  will be ordained and installed at the 7: 30 p.	4	2	1.11	0.5	3	church	a2	the	no	yes	C	singular	no	no	no	no	no	no	no	NA	yes	a
church/NN/br-a31/2280	0.0791214202686228	-0.152583855603967	church	church	NN	NN	press_reportage	others	informative	C	C	C	CDE	Z	Z	Z	Z	Z	 held at 6: 15 p. m. Monday and the annual <font color=green>church</font>  picnic at 4 p. m. next Saturday. The week will	3	3	2.23	1	7	church	b1	NA	no	NA	C	singular	no	no	no	no	no	no	yes	yes	no	b
church/NN/br-b08/1866	0.0365121921338573	-0.000469253722974044	church	church	NN	NN	press_editorial	others	informative	D	D	DE	CDE	Z	Z	Z	Z	Z	 wrote after almost a decade of service to this majestic <font color=green>church</font> .`` Such a church needs vigor and vitality in its rector	2	0	2.03	0	7	church	c1	this	yes	yes	D	singular	no	no	yes	no	no	no	no	no	no	c
church/NN/br-b08/1871	0.111659382809793	0.000357547975944172	church	church	NN	NN	press_editorial	others	informative	C	C	C	CDE	Z	Z	Z	Z	Z	 a decade of service to this majestic church.`` Such a <font color=green>church</font>  needs vigor and vitality in its rector and one man	4	2	2.45	0.5	4	church	c2	a	yes	no	C	singular	no	no	no	no	no	no	yes	no	no	c
church/NN/br-b08/1912	-0.0501788200400866	0.0393112483848663	church	church	NN	NN	press_editorial	others	informative	C	C	C	CDE	Z	Z	Z	Z	Z	 stay`` beyond the time that his leadership should benefit'' his <font color=green>church</font> , he wrote,`` for he becomes ordinary''. And so the young	2	1	1.72	0.5	5	church	b	his	no	yes	C	singular	no	no	no	no	no	no	yes	no	yes	b
church/NN/br-b08/2063	0.0702533816955699	0.200664388197294	church	church	NN	NN	press_editorial	others	informative	C	C	C	CDE	Z	Z	Z	Z	Z	 gives himself to God and to the believers of his <font color=green>church</font>  takes upon himself a life of giving. He does not	4	1	0.92	0.25	4	church	a2	his	no	yes	A	singular	no	no	no	no	no	no	no	NA	yes	a
church/NN/br-b08/2245	-0.110770862697943	-0.25412998239292	church	church	NN	NN	press_editorial	others	informative	E	E	DE	CDE	Z	Z	Z	Z	Z	 them to bestow saintliness upon us in return for ostentatious <font color=green>church</font>  attendance and a few bucks a week, American cash. If	1	0	1.3	0	3	church	c3	NA	yes	NA	E	singular	no	no	no	no	no	no	no	yes	no	c
church/NN/br-b08/2363	0.0970330243488558	-0.0551454036791505	church	church	NN	NN	press_editorial	others	informative	D	D	DE	CDE	Z	Z	Z	Z	Z	 through him. But how little love we give him. The <font color=green>church</font>  truly is not a rest home for saints, but a	3	2	0.96	0.67	6	church	c1	the	yes	yes	D	singular	no	no	no	no	no	no	no	no	no	c
church/NN/br-b12/2009	0.01016486956879	0.0972055897743946	church	church	NN	NN	press_editorial	others	informative	A	A	AB	AB	Z	Z	Z	Z	Z	 new version retains, however, the old phrase`` angel of the <font color=green>church</font> '' which Biblical scholars have previously interpreted as meaning bishop. This	4	2	1.8	0.5	8	church	a1	the	no	yes	A	singular	no	no	no	no	no	no	no	NA	yes	a
church/NN/br-b12/2115	0.120391652220592	0.201359576293089	church	church	NN	NN	press_editorial	others	informative	A	A	AB	AB	Z	Z	Z	Z	Z	 and Greek and other ancient writings, some by the early <font color=green>church</font>  fathers, in themselves called for a restudy of the Bible	5	1	2.42	0.2	3	church	a1	NA	no	NA	A	singular	no	no	no	no	no	yes	no	NA	yes	a
church/NN/br-b12/2217	0.0228024500838488	-0.028279920290957	church	Church	NN	NNP	press_editorial	others	informative	B	B	AB	AB	Z	Z	Z	Z	Z	 of a joint committee made up of representatives of the <font color=green>Church</font>  of England, Church of Scotland, Methodist Church, Congregational Union, Baptist	6	1	2.17	0.17	6	Church	a2	the	no	yes	B	singular	yes	yes	no	no	no	no	no	NA	yes	a
church/NN/br-b12/2226	0.18589335150091	-0.0229694494329312	church	Church	NN	NNP	press_editorial	others	informative	B	B	AB	AB	Z	Z	Z	Z	Z	 representatives of the Church of England, Church of Scotland, Methodist <font color=green>Church</font> , Congregational Union, Baptist Union, Presbyterian Church of England, Churches in	7	2	3.39	0.29	4	Church	a2	the	no	yes	B	singular	yes	no	no	no	no	yes	no	NA	yes	a
church/NN/br-b12/2235	0.143172458114535	-0.0116616574453306	church	Church	NN	NNP	press_editorial	others	informative	B	B	AB	AB	Z	Z	Z	Z	Z	 Church of Scotland, Methodist Church, Congregational Union, Baptist Union, Presbyterian <font color=green>Church</font>  of England, Churches in Wales, Churches in Ireland, Society of	9	3	3.04	0.33	5	Church	a2	the	no	yes	B	singular	yes	yes	no	no	no	yes	no	NA	yes	a
church/NN/br-b15/1190	0.434941233619072	-0.217616715619094	church	Church	NN	NNP	press_editorial	others	informative	C	C	C	CDE	Z	Z	Z	Z	Z	 El; Rev. DeWitt Clemens, pastor of the Mathewson Street Methodist <font color=green>Church</font> ; Mr. Felix Miranda, of the Imperial Knife Co.; and to	2	1	1.78	0.5	3	Church	c2	the	yes	yes	C	singular	yes	no	no	yes	no	yes	yes	no	no	c
church/NN/br-b18/1829	-0.0674561236070688	-0.0562925940268046	church	Church	NN	NNP	press_editorial	others	informative	C	C	C	CDE	Z	Z	Z	Z	Z	 the Women 's Association of the Trumbull Ave. United Presbyterian <font color=green>Church</font> , considerable use was made of material from The Detroit News	4	1	1.18	0.25	6	Church	c2	the	yes	yes	C	singular	yes	no	no	yes	no	yes	yes	no	no	c
church/NN/br-b24/1259	-0.0394064684170792	0.0626559478213954	church	church	NN	NN	press_editorial	others	informative	C	C	C	CDE	Z	Z	Z	Z	Z	 or less native. Sometimes they get their initial experience in <font color=green>church</font>  haflis, conducted by Lebanese and Syrians in the U. S.	2	1	1.21	0.5	7	church	b1	NA	no	NA	?	singular	no	no	no	no	no	no	yes	yes	no	b
church/NN/br-d01/1628	-0.269046162226937	-0.00219557174323713	church	church	NN	NN	religion	others	informative	B	B	AB	AB	church%1:14:00::	B	B	AB	AB	 age to whip men into a surrender to a particular <font color=green>church</font>  or church-state''. Apparently he does not intend that those who	3	2	1.45	0.67	7	church	a2	a	no	no	B	singular	no	no	no	no	no	no	no	NA	yes	a
church/NN/br-d02/1641	-0.167660573615166	0.197826185563226	church	church	NN	NN	religion	others	informative	B	B	AB	AB	church%1:14:00::	B	B	AB	AB	 concerned to stand squarely within the tradition of the apostolic <font color=green>church</font> , they have exhibited no willingness whatever to sacrifice their modernity	2	1	2.37	0.5	4	church	a2	the	no	yes	B	singular	no	no	no	no	no	yes	no	NA	yes	a
church/NN/br-d02/706	0.00756061295623385	0.0771248119878903	church	church	NN	NN	religion	others	informative	A	A	AB	AB	church%1:14:00::	B	B	AB	AB	 there tends to be an almost complete indifference to the <font color=green>church</font>  and its traditional message of sin and grace. To be	4	4	1.69	1	9	church	a2	the	no	yes	A	singular	no	no	no	no	no	no	no	NA	yes	a
church/NN/br-d02/786	-0.274025579717116	0.0754177490898881	church	church	NN	NN	religion	others	informative	A	A	AB	AB	church%1:14:00::	B	B	AB	AB	 longer afford the luxury of such smug indignation? Can the <font color=green>church</font>  risk assuming that the`` folly'' of men is as dear	3	0	1.9	0	5	church	a2	the	no	yes	A	singular	no	no	no	no	no	no	no	NA	yes	a
church/NN/br-d02/877	0.0377818071092634	0.145483183201753	church	church	NN	NN	religion	others	informative	A	A	AB	AB	church%1:14:00::	B	B	AB	AB	 precarious? There is an ancient and venerable tradition in the <font color=green>church</font> ( which derives, however, from the heritage of the Greeks rather	4	3	1.68	0.75	5	church	a2	the	no	yes	A	singular	no	no	no	no	no	no	no	NA	yes	a
church/NN/br-d02/923	-0.114701862893922	0.158641796100688	church	church	NN	NN	religion	others	informative	A	A	AB	AB	church%1:14:00::	B	B	AB	AB	 for accomplishing his work in the world. by analogy, the <font color=green>church</font>  also has been regarded as entirely independent of the`` world	3	2	1.15	0.67	7	church	a1	the	no	yes	A	singular	no	no	no	no	no	no	no	NA	yes	a
church/NN/br-d02/949	-0.181951927782103	0.0752975811518398	church	church	NN	NN	religion	others	informative	A	A	AB	AB	church%1:14:00::	B	B	AB	AB	 of requiring nothing from it in order to be the <font color=green>church</font> . But, as Scripture everywhere reminds us, God does have need	2	1	1.2	0.5	6	church	a1	the	no	yes	A	singular	no	no	no	no	no	no	no	NA	yes	a
church/NN/br-d02/969	0.0613212972945667	0.262496193622642	church	church	NN	NN	religion	others	informative	A	A	AB	AB	church%1:14:00::	B	B	AB	AB	 us, God does have need of his creatures, and the <font color=green>church</font> , a fortiori, can ill afford to do without the talents	4	3	1.48	0.75	5	church	a1	the	no	yes	A	singular	no	no	no	no	no	no	no	NA	yes	a
church/NN/br-d03/1080	-0.056495491026343	0.170105424165195	church	church	NN	NN	religion	others	informative	E	E	DE	CDE	church%1:04:00::	E	E	DE	CDE	 phenomenon of redundancy is that fewer Protestants are going to <font color=green>church</font> . It should be admitted, too, that there is a good	2	2	1.32	1	7	church	c3	none	yes	no	E	singular	no	no	no	no	no	no	no	yes	no	c
church/NN/br-d03/1342	0.0920498856295856	-0.0082033741181265	church	church	NN	NN	religion	others	informative	E	E	DE	CDE	church%1:06:00::	D	D	DE	CDE	 my experience to find as many men as women in <font color=green>church</font> , and to hear almost everyone in church congregations reciting the	5	2	2.05	0.4	7	church	c3	none	yes	no	?	singular	no	no	no	no	no	no	no	yes	no	c
church/NN/br-d03/1350	0.070344563568902	0.00883767773159894	church	church	NN	NN	religion	others	informative	E	E	DE	CDE	church%1:06:00::	D	D	DE	CDE	 as women in church, and to hear almost everyone in <font color=green>church</font>  congregations reciting the Latin prayers and responses at Mass. They	5	4	2.38	0.8	10	church	c3	NA	yes	NA	?	singular	no	no	no	no	no	no	no	yes	no	c
church/NN/br-d03/1871	0.0228211088608865	0.0485256282266728	church	Church	NN	NNP	religion	others	informative	B	B	AB	AB	catholic_church%1:14:00::	B1	B	AB	AB	 the Sunday Observer implies a kindly recognition that the Catholic <font color=green>Church</font>  is now at least of equal stature in England with	2	2	2.11	1	10	Church	a2	the	no	yes	B	singular	yes	no	no	no	no	yes	no	NA	yes	a
church/NN/br-d03/1909	0.0851408683477617	0.013730857291872	church	Church	NN	NNP	religion	others	informative	B	B	AB	AB	church_of_england%1:14:00::	B2	B	AB	AB	 non-Catholic) wrote articles in the Observer depicting clergymen of the <font color=green>Church</font>  of England, the Church of Rome and the Nonconformist Church	6	2	2.49	0.33	5	Church	a2	the	no	yes	B	singular	yes	yes	no	no	no	no	no	NA	yes	a
church/NN/br-d03/2097	0.0239402721902437	0.0166097394373682	church	church	NN	NN	religion	others	informative	A	A	AB	AB	church%1:14:00::	B	B	AB	AB	 Canterbury. The good feeling which exists between these two important <font color=green>church</font>  figures is now well known in England. The Holy Sacrifice	4	2	1.23	0.5	9	church	a2	NA	no	NA	A	singular	no	no	no	no	no	no	no	NA	yes	a
church/NN/br-d03/2336	0.0701438214747838	0.0328128735220097	church	church	NN	NN	religion	others	informative	D	D	DE	CDE	catholic_church%1:14:00::	B1	B	AB	AB	 a votive Mass offered for Christian unity at a Catholic <font color=green>church</font>  in Slough during the Church Unity Octave.	2	1	2.61	0.5	7	church	c1	a	yes	no	D	singular	no	no	no	no	no	yes	no	no	no	c
church/NN/br-d03/2341	0.105760116606585	0.0429241849695021	church	Church	NN	NNP	religion	others	informative	A	A	AB	AB	church%1:14:00::	B	B	AB	AB	 Christian unity at a Catholic church in Slough during the <font color=green>Church</font>  Unity Octave.	2	1	3.17	0.5	5	Church	a1	NA	no	NA	A	singular	yes	no	no	no	no	no	no	NA	yes	a
church/NN/br-d03/721	0.135702137671811	-0.0962968420868447	church	Church	NN	NNP	religion	others	informative	B	B	AB	AB	church%1:06:00::	D	D	DE	CDE	 crowds going in and out of the Birmingham Oratory( Catholic) <font color=green>Church</font>  on Sunday mornings. She found this a marvel because, as	1	0	2.85	0	3	Church	c1	the	yes	yes	D	singular	yes	no	no	yes	no	yes	no	no	no	c
church/NN/br-d03/862	-0.00990238419199405	-0.0310098674519743	church	Church	NN	NNP	religion	others	informative	B	B	AB	AB	church_of_england%1:14:00::	B2	B	AB	AB	 to a newspaper report of the 1961 statistics of the <font color=green>Church</font>  of England, the`` total of confirmed members is 9748000, but	3	2	1.86	0.67	7	Church	a2	the	no	yes	B	singular	yes	yes	no	no	no	no	no	NA	yes	a
church/NN/br-d03/883	-0.349984227407598	-0.153557473201103	church	church	NN	NN	religion	others	informative	C	C	C	CDE	church_roll%1:10:00::	C	C	C	CDE	 is 9748000, but only 2887671 are registered on the parochial <font color=green>church</font>  rolls'', and`` over 27 million people in England are baptized	4	3	2	0.75	4	church	b	NA	no	NA	C	singular	no	no	no	no	no	no	yes	no	yes	b
church/NN/br-d03/899	0.203195677765875	-0.0117011208001273	church	Church	NN	NNP	religion	others	informative	B	B	AB	AB	church_of_england%1:14:00::	B2	B	AB	AB	 over 27 million people in England are baptized into the <font color=green>Church</font>  of England, but roughly only a tenth of them continue	3	2	2.22	0.67	4	Church	a2	the	no	yes	B	singular	yes	yes	no	no	no	no	no	NA	yes	a
church/NN/br-d03/945	0.0147797100136472	-0.0319171484256471	church	Church	NN	NNP	religion	others	informative	B	B	AB	AB	church_of_england%1:14:00::	B2	B	AB	AB	 than an Archbishops' Commission`` reported last month that in the <font color=green>Church</font>  of England alone there are 790 churches which are redundant	1	0	1.3	0	8	Church	a2	the	no	yes	B	singular	yes	yes	no	no	no	no	no	NA	yes	a
church/NN/br-d04/56	0.0776057106638636	0.134157320866103	church	church	NN	NN	religion	others	informative	A	A	AB	AB	church_father%1:18:00::	A	A	AB	AB	 Jesus Christ the unique and the universal concur. Perhaps no <font color=green>church</font>  father saw this concurrence of the unique and the universal	4	6	2.11	1.5	7	church	a1	NA	no	NA	A	singular	no	no	no	no	no	no	no	NA	yes	a
church/NN/br-d05/1163	-0.269263891547836	-0.196236009191157	church	church	NN	NN	religion	others	informative	B	B	AB	AB	Z	Z	Z	Z	Z	 Parker as the ultra-liberal minister within the pale of a <font color=green>church</font>  which had proclaimed itself the repository of liberality poses a	2	0	1.96	0	5	church	a2	a	no	no	?	singular	no	no	no	no	no	no	no	NA	yes	a
church/NN/br-d06/2048	-0.0311335180003072	0.0318104449251834	church	church	NN	NN	religion	others	informative	E	E	DE	CDE	Z	Z	Z	Z	Z	 not one of the 70000000 Americans who do not attend <font color=green>church</font> , but who feel that various forms of recreation are more	1	1	1.37	1	7	church	c3	none	yes	no	E	singular	no	no	no	no	no	no	no	yes	no	c
church/NN/br-d06/2174	0.0451288772074303	0.0241802926312162	church	church	NN	NN	religion	others	informative	C	C	C	CDE	Z	Z	Z	Z	Z	 spiritually. No amount of religious ceremonies or even joining a <font color=green>church</font>  will relieve the gnawing of your`` inner'' space. Why? Because	3	3	1.81	1	7	church	b	a	no	no	C	singular	no	no	no	no	no	no	yes	no	yes	b
church/NN/br-d07/1408	0.34546044348626	-0.0224529908801716	church	church	NN	NN	religion	others	informative	D	D	DE	CDE	Z	Z	Z	Z	Z	 then jumped; she was fatally injured. The entrance to a <font color=green>church</font>  has been walled up, so that the congregation, most of	2	1	1.1	0.5	8	church	c1	a	yes	no	D	singular	no	no	no	no	no	no	no	no	no	c
church/NN/br-d07/216	-0.257453764812453	-0.0876316389634414	church	church	NN	NN	religion	others	informative	C	C	C	CDE	Z	Z	Z	Z	Z	 of the most wholesome things you could schedule in your <font color=green>church</font>  would thus be a group confessional where people could admit	4	2	1.23	0.5	5	church	b1	your	no	yes	C	singular	no	no	no	no	no	no	yes	yes	no	b
church/NN/br-d09/1054	0.0290427852996706	-0.0273535868922214	church	Church	NN	NNP	religion	others	informative	C	C	C	CDE	Z	Z	Z	Z	Z	 Me'',`` What the Church Means to Me'',`` Why Join the <font color=green>Church</font> '',`` The Duties of Church Members'', etc.. Assign a series of	3	3	2.73	1	6	Church	a2	the	no	yes	?	singular	yes	no	no	no	no	no	no	NA	yes	a
church/NN/br-d09/1061	0.0183301010253653	-0.021969563311903	church	Church	NN	NNP	religion	others	informative	C	C	C	CDE	Z	Z	Z	Z	Z	 Means to Me'',`` Why Join the Church'',`` The Duties of <font color=green>Church</font>  Members'', etc.. Assign a series of catechism questions to be	4	3	2.3	0.75	6	Church	b	NA	no	NA	C	singular	yes	no	no	no	no	no	yes	no	yes	b
church/NN/br-d09/1260	-0.0420965564950176	0.0230774679165977	church	church	NN	NN	religion	others	informative	C	C	C	CDE	Z	Z	Z	Z	Z	 provides a natural transition into the life of the local <font color=green>church</font>  and its organizations. The total process of evangelism reaches the	4	3	1.27	0.75	9	church	b	the	no	yes	C	singular	no	no	yes	no	no	no	yes	no	yes	b
church/NN/br-d09/1619	-0.0792777666292048	-0.091410828945592	church	church	NN	NN	religion	others	informative	C	C	C	CDE	Z	Z	Z	Z	Z	 the group of new members to be put in the <font color=green>church</font>  paper or placed on the bulletin board. Have a fellowship	5	4	1.1	0.8	7	church	b1	NA	no	NA	C	singular	no	no	no	no	no	no	yes	yes	no	b
church/NN/br-d09/1641	0.0268005057401309	-0.0959894154508462	church	church	NN	NN	religion	others	informative	C	C	C	CDE	Z	Z	Z	Z	Z	 fellowship luncheon or dinner with new members as guests. The <font color=green>church</font>  is`` the family of God''. The members of the`` family	3	4	1.87	1.33	8	church	a1	the	no	yes	C	singular	no	no	no	no	no	no	no	NA	yes	a
church/NN/br-d09/1829	-0.0639179253889848	-0.0259768905447305	church	church	NN	NN	religion	others	informative	C	C	C	CDE	Z	Z	Z	Z	Z	 during the same period there were 1080062 additions. Another major <font color=green>church</font>  body had 4499608 members and twenty years later its membership	5	4	1.13	0.8	7	church	b	NA	no	NA	?	singular	no	no	no	no	no	no	yes	no	yes	b
church/NN/br-d09/2026	-0.0724582449114782	0.0280500013854344	church	church	NN	NN	religion	others	informative	C	C	C	CDE	Z	Z	Z	Z	Z	 planned and carefully developed. The entire membership of the local <font color=green>church</font>  must be alerted to their part in this dynamic process	3	3	1.09	1	11	church	b	the	no	yes	C	singular	no	no	yes	no	no	no	yes	no	yes	b
church/NN/br-d09/2040	-0.111410101827831	0.0500173953410949	church	church	NN	NN	religion	others	informative	C	C	C	CDE	Z	Z	Z	Z	Z	 alerted to their part in this dynamic process. If the <font color=green>church</font>  has followed the plan of cultivation of prospects and carried	3	2	1.1	0.67	10	church	b	the	no	yes	?	singular	no	no	no	no	no	no	yes	no	yes	b
church/NN/br-d09/2084	0.0880371351011562	-0.117217957289789	church	church	NN	NN	religion	others	informative	A	A	AB	AB	Z	Z	Z	Z	Z	 under way. Those who enter the front door of the <font color=green>church</font>  intelligently and with Christian dedication will not so easily step	2	1	1.32	0.5	6	church	a2	the	no	yes	A	singular	no	no	no	no	no	no	no	NA	yes	a
church/NN/br-d09/2174	-0.0157438018105055	-0.03899225441499	church	church	NN	NN	religion	others	informative	C	C	C	CDE	Z	Z	Z	Z	Z	 members. The new members justifiably expect some things from their <font color=green>church</font>  family:	3	4	1.47	1.33	6	church	b	their	no	yes	C	singular	no	no	no	no	no	no	yes	no	yes	b
church/NN/br-d09/724	0.0119263710856582	-0.00842366470801043	church	church	NN	NN	religion	others	informative	C	C	C	CDE	Z	Z	Z	Z	Z	 as well as the program and activities of the local <font color=green>church</font> . The lay leadership of the church may be invited to	5	4	1.82	0.8	7	church	b	the	no	yes	C	singular	no	no	yes	no	no	no	yes	no	yes	b
church/NN/br-d09/731	0.0109388384294187	0.00270295354985952	church	church	NN	NN	religion	others	informative	C	C	C	CDE	Z	Z	Z	Z	Z	 activities of the local church. The lay leadership of the <font color=green>church</font>  may be invited to speak on the various phases of	2	2	2.04	1	8	church	b	the	no	yes	C	singular	no	no	no	no	no	no	yes	no	yes	b
church/NN/br-d09/742	0.00695464835050694	0.0026529876943701	church	church	NN	NN	religion	others	informative	C	C	C	CDE	Z	Z	Z	Z	Z	 may be invited to speak on the various phases of <font color=green>church</font>  life, service opportunities, the church school, missions, men 's work	6	3	2.11	0.5	10	church	d	NA	no	NA	C	singular	no	no	no	no	no	no	no	NA	no	d
church/NN/br-d09/749	0.00629128337684102	0.00615895710110142	church	church	NN	NN	religion	others	informative	C	C	C	CDE	Z	Z	Z	Z	Z	 on the various phases of church life, service opportunities, the <font color=green>church</font>  school, missions, men 's work, women 's work, youth program	9	5	2.15	0.56	9	church	b	NA	no	NA	C	singular	no	no	no	no	no	no	yes	no	yes	b
church/NN/br-d09/775	-0.0689447046739282	4.3029630467325e-05	church	church	NN	NN	religion	others	informative	C	C	C	CDE	Z	Z	Z	Z	Z	 youth program, social activities, and finances. The budget of the <font color=green>church</font>  may be presented and pledges solicited at this session. An	5	4	1.32	0.8	6	church	b	the	no	yes	C	singular	no	no	no	no	no	no	yes	no	yes	b
church/NN/br-d09/825	-0.0207026290660438	0.000271692785539176	church	church	NN	NN	religion	others	informative	D	D	DE	CDE	Z	Z	Z	Z	Z	 fourth session may be concluded with a tour of the <font color=green>church</font>  facilities and refreshments. The social time gives an opportunity for	4	3	1.5	0.75	8	church	c1	NA	yes	NA	D	singular	no	no	no	no	no	no	no	no	no	c
church/NN/br-d09/837	-0.0184907331461096	0.00654421251388626	church	church	NN	NN	religion	others	informative	C	C	C	CDE	Z	Z	Z	Z	Z	 facilities and refreshments. The social time gives an opportunity for <font color=green>church</font>  leaders to become acquainted with the new members. In conducting	5	4	1.84	0.8	6	church	b	NA	no	NA	C	singular	no	no	no	no	no	no	yes	no	yes	b
church/NN/br-d09/935	-0.148838721379139	-0.127092027641688	church	church	NN	NN	religion	others	informative	A	A	AB	AB	Z	Z	Z	Z	Z	 dramatization- for example, in discussing the Lord 's Supper or <font color=green>church</font>  symbolism. Use audio-visual aids. Some excellent filmstrips with recordings and	3	1	1.59	0.33	6	church	a1	none	no	no	A	singular	no	no	no	no	no	no	no	NA	yes	a
church/NN/br-d10/1913	0.0644131005556268	0.0708235987541923	church	church	NN	NN	religion	others	informative	A	A	AB	AB	Z	Z	Z	Z	Z	 impressive Roman Catholic defense of the practical autonomy of both <font color=green>church</font>  and state. The failure at that time of the Puerto	2	1	1.5	0.5	10	church	a1	none	no	no	A	singular	no	no	no	no	no	no	no	NA	yes	a
church/NN/br-d10/2166	0.0873305636102358	0.0793529698812655	church	Church	NN	NNP	religion	others	informative	B	B	AB	AB	Z	Z	Z	Z	Z	 the Christian claim is of considerable significance. The Roman Catholic <font color=green>Church</font>  has excommunicated one of its priests, Father Feeney, for insisting	6	4	2.06	0.67	8	Church	a2	the	no	yes	B	singular	yes	no	no	no	no	yes	no	NA	yes	a
church/NN/br-d10/2187	0.103357642798811	0.434712733228142	church	church	NN	NN	religion	others	informative	A	A	AB	AB	Z	Z	Z	Z	Z	 for insisting that there is no salvation outside the visible <font color=green>church</font> . In mentioning this under`` salvation reconsidered'' I do not mean	1	2	2.34	2	4	church	a1	the	no	yes	A	singular	no	no	no	no	no	yes	no	NA	yes	a
church/NN/br-d12/1462	-0.00949052796588723	-0.00926090492008969	church	church	NN	NN	religion	others	informative	A	A	AB	AB	Z	Z	Z	Z	Z	 is discussed must surely be raised. The role of both <font color=green>church</font>  and university as sources of information and settings within which	3	1	1.41	0.33	7	church	a1	none	no	no	A	singular	no	no	no	no	no	no	no	NA	yes	a
church/NN/br-d12/233	-0.0461265288078026	0.12246727432926	church	church	NN	NN	religion	others	informative	A	A	AB	AB	Z	Z	Z	Z	Z	 social change? What social, ethical and theological insights can the <font color=green>church</font>  and university help him bring to bear upon his situation	5	6	1.87	1.2	8	church	a1	the	no	yes	A	singular	no	no	no	no	no	no	no	NA	yes	a
church/NN/br-d12/976	-0.0173549897606875	-0.0202056023650494	church	church	NN	NN	religion	others	informative	C	C	C	CDE	Z	Z	Z	Z	Z	 social and professional organizations, as citizens and civic leaders, as <font color=green>church</font>  laymen, as university alumni, as newspaper readers, etc.. From such	4	3	1.99	0.75	8	church	a1	none	no	no	C	singular	no	no	no	no	no	no	no	NA	yes	a
church/NN/br-d14/209	0.0120511739466477	0.0384555864879564	church	church	NN	NN	religion	others	informative	A	A	AB	AB	Z	Z	Z	Z	Z	 of churches. Presumably those who did not have a formal <font color=green>church</font>  connexion had also felt the influence of Christianity to a	3	3	1.49	1	9	church	a1	NA	no	NA	A	singular	no	no	no	no	no	no	no	NA	yes	a
church/NN/br-d14/234	-0.0205123840419431	0.0654990169990163	church	church	NN	NN	religion	others	informative	C	C	C	CDE	Z	Z	Z	Z	Z	 extent. Many of them had once been members of a <font color=green>church</font>  or at least had been given instruction in Christianity but	3	3	1.18	1	10	church	b	a	no	no	C	singular	no	no	no	no	no	no	yes	no	yes	b
church/NN/br-d14/410	-0.0491753175371658	0.0346523748516242	church	church	NN	NN	religion	others	informative	A	A	AB	AB	Z	Z	Z	Z	Z	 be absurd. For instance, we cannot know whether even for <font color=green>church</font>  members the degree of conformity to Christian standards of morality	5	3	1.9	0.6	6	church	b	NA	no	NA	A	singular	no	no	no	no	no	no	yes	no	yes	b
church/NN/br-d14/428	-0.0692915069282266	0.023640941408181	church	church	NN	NN	religion	others	informative	C	C	C	CDE	Z	Z	Z	Z	Z	 standards of morality increased or declined as the proportion of <font color=green>church</font>  members in the population rose. The temptation is to say	2	2	1.71	1	9	church	b	NA	no	NA	C	singular	no	no	no	no	no	no	yes	no	yes	b
church/NN/br-d14/446	-0.0663692982836168	0.0107062869863976	church	church	NN	NN	religion	others	informative	C	C	C	CDE	Z	Z	Z	Z	Z	 The temptation is to say that, as the percentage of <font color=green>church</font>  members mounted, the degree of discipline exercised by the churches	3	3	1.42	1	9	church	b	none	no	no	C	singular	no	no	no	no	no	no	yes	no	yes	b
church/NN/br-d14/557	-0.198694788332741	0.0186526370517274	church	church	NN	NN	religion	others	informative	A	A	AB	AB	Z	Z	Z	Z	Z	 If guilty, the offender might be excluded from membership. As <font color=green>church</font>  membership burgeoned, such measures faded into desuetude. But whether this	2	3	1.98	1.5	5	church	b	NA	no	NA	A	singular	no	no	no	no	no	no	yes	no	yes	b
church/NN/br-d14/726	0.183139579886417	0.116858993935179	church	Church	NN	NNP	religion	others	informative	B	B	AB	AB	Z	Z	Z	Z	Z	 stock. By the end of the century the Roman Catholic <font color=green>Church</font>  was beginning to make itself felt, mainly through such institutions	3	2	1.51	0.67	8	Church	a2	the	no	yes	B	singular	yes	no	no	no	no	yes	no	NA	yes	a
church/NN/br-d16/1602	0.0241300097858181	0.0614133935803791	church	church	NN	NN	religion	others	informative	C	C	C	CDE	Z	Z	Z	Z	Z	 1: 12, 13. You may be very religious, a good <font color=green>church</font>  member, an upright, honest and sincere person; you may be	4	3	1.26	0.75	8	church	b	NA	no	NA	C	singular	no	no	no	no	no	no	yes	no	yes	b
church/NN/br-d16/1644	0.441016801764346	0.125493099050602	church	church	NN	NN	religion	others	informative	A	A	AB	AB	Z	Z	Z	Z	Z	 and zealously keep all the sacraments and ceremonies of the <font color=green>church</font> ; you may have the final and extreme unction but if	5	1	2.1	0.2	2	church	a2	the	no	yes	A	singular	no	no	no	no	no	no	no	NA	yes	a
church/NN/br-d16/1947	0.172453023875129	0.253229694187294	church	church	NN	NN	religion	others	informative	A	A	AB	AB	Z	Z	Z	Z	Z	 Him. You can ignore His Book, the Bible, and His <font color=green>church</font> . You can laugh at His blood-bought salvation, curse His followers	6	2	2.24	0.33	5	church	a1	His	no	yes	A	singular	no	no	no	no	no	no	no	NA	yes	a
church/NN/br-d16/220	0.140409518927659	0.10448194898306	church	Church	NN	NNP	religion	others	informative	B	B	AB	AB	Z	Z	Z	Z	Z	 a short reading of the Holy Scriptures''. Since the Catholic <font color=green>Church</font>  expresses such desire that the Sacred Scriptures be read, the	4	3	2.36	0.75	8	Church	a2	the	no	yes	B	singular	yes	no	no	no	no	yes	no	NA	yes	a
church/NN/br-d17/1073	0.213171446298491	0.085531420599495	church	church	NN	NN	religion	others	informative	C	C	C	CDE	Z	Z	Z	Z	Z	 different, and something important: Ruth Peale, her wide experience in <font color=green>church</font>  work; Sidney Fields, years of experience as a New York	2	3	1.02	1.5	7	church	b	NA	no	NA	C	singular	no	no	no	no	no	no	yes	no	yes	b
church/NN/br-f15/713	0.0943299404468188	0.0886434535479772	church	Church	NN	NNP	popular_lore	others	informative	B	B	AB	AB	roman_catholic_church%1:14:00::	B1	B	AB	AB	 permit birth control only for medical reasons. The Roman Catholic <font color=green>Church</font> , however, sanctions a much more liberal policy on family planning	5	4	1.24	0.8	11	Church	a2	the	no	yes	B	singular	yes	no	no	no	no	yes	no	NA	yes	a
church/NN/br-f15/754	0.0754637925854015	0.113176033702688	church	Church	NN	NNP	popular_lore	others	informative	B	B	AB	AB	roman_catholic_church%1:14:00::	B1	B	AB	AB	 disagree over the methods to be used. The Roman Catholic <font color=green>Church</font>  sanctions only abstention or the rhythm method, also known as	1	0	2.12	0	7	Church	a2	the	no	yes	B	singular	yes	no	no	no	no	yes	no	NA	yes	a
church/NN/br-f15/776	-0.0803277496606522	0.0538341934749304	church	Church	NN	NNP	popular_lore	others	informative	A	A	AB	AB	roman_catholic_church%1:14:00::	B1	B	AB	AB	 as the use of the infertile or safe period. The <font color=green>Church</font>  considers this to be the method provided by nature and	3	3	1.1	1	8	Church	a2	the	no	yes	A	singular	yes	no	no	no	no	no	no	NA	yes	a
church/NN/br-f15/862	0.0634080306774389	0.161381423936473	church	Church	NN	NNP	popular_lore	others	informative	A	A	AB	AB	roman_catholic_church%1:14:00::	B1	B	AB	AB	 there seems little chance of agreement. The grounds for the <font color=green>Church</font>  's position are Scriptural( Old Testament), the teachings of the	3	1	0.78	0.33	8	Church	a2	the	no	yes	A	singular	yes	no	no	no	no	no	no	NA	yes	a
church/NN/br-f15/882	0.00556042874004302	0.0560184245648965	church	Church	NN	NNP	popular_lore	others	informative	A	A	AB	AB	roman_catholic_church%1:14:00::	B1	B	AB	AB	 the teachings of the fathers and doctors of the early <font color=green>Church</font> , the unbroken tradition of nineteen centuries, the decisions of the	4	3	1.67	0.75	5	Church	a1	the	no	yes	A	singular	yes	no	no	no	no	yes	no	NA	yes	a
church/NN/br-f44/1076	-0.00467977642430464	0.0200620327767952	church	church	NN	NN	popular_lore	others	informative	C	C	C	CDE	church%1:14:00::	B	B	AB	AB	 and economic level of the congregation; the mission of the <font color=green>church</font>  is actually a process of informal co-optation; the lay ministry	5	2	1.54	0.4	8	church	b	the	no	yes	C	singular	no	no	no	no	no	no	yes	no	yes	b
church/NN/br-f44/1122	-0.071007908601415	0.0482002371870765	church	church	NN	NN	popular_lore	others	informative	D	D	DE	CDE	church%1:14:00::	B	B	AB	AB	 process of co-optation so long as the environs of the <font color=green>church</font>  provide a sufficient pool of people who can fit the	1	0	1.19	0	6	church	c2	the	yes	yes	?	singular	no	no	no	no	no	no	yes	no	no	c
church/NN/br-f44/1285	-0.0406460924746813	0.0289239569118037	church	church	NN	NN	popular_lore	others	informative	C	C	C	CDE	church%1:14:00::	B	B	AB	AB	 co-optation is the principal form of mission in the contemporary <font color=green>church</font> ; economic integration and co-optation are the two methods by which	3	2	1.48	0.67	8	church	b	the	no	yes	?	singular	no	no	yes	no	no	no	yes	no	yes	b
church/NN/br-f44/1618	-0.0530500177646965	0.0656405984266454	church	church	NN	NN	popular_lore	others	informative	C	C	C	CDE	church%1:14:00::	B	B	AB	AB	 in the metropolis. It now becomes evident that the denominational <font color=green>church</font>  is intimately involved with the economy of middle-class culture, for	5	3	1.72	0.6	6	church	b	the	no	yes	C	singular	no	no	no	no	no	yes	yes	no	yes	b
church/NN/br-f44/2150	-0.045186030090938	-0.00236665641120597	church	church	NN	NN	popular_lore	others	informative	C	C	C	CDE	church%1:14:00::	B	B	AB	AB	 will occupy our attention under the rubric of the organization <font color=green>church</font> . An understanding of the new role of residential association in	3	3	1.46	1	8	church	a2	the	no	yes	?	singular	no	no	no	no	no	no	no	NA	yes	a
church/NN/br-f44/368	-0.0775664418807689	-0.0114985067225988	church	church	NN	NN	popular_lore	others	informative	C	C	C	CDE	church%1:14:00::	B	B	AB	AB	 they can lose higher- and lower status members from the <font color=green>church</font>  without collapsing, but they need adequate recruits for the core	3	2	1.5	0.67	8	church	b	the	no	yes	C	singular	no	no	no	no	no	no	yes	no	yes	b
church/NN/br-f44/647	0.0603355673746173	-0.0093380026308366	church	Church	NN	NNP	popular_lore	others	informative	A	A	AB	AB	church%1:14:00::	B	B	AB	AB	 denominations. There is much talk in theological circles about the`` <font color=green>Church</font>  as Mission'' and the`` Church 's Mission''; theologians have been	4	4	2.45	1	7	Church	a1	the	no	yes	A	singular	yes	no	no	no	no	no	no	NA	yes	a
church/NN/br-f44/654	0.110714115112565	-0.0159606226560869	church	Church	NN	NNP	popular_lore	others	informative	A	A	AB	AB	church%1:14:00::	B	B	AB	AB	 in theological circles about the`` Church as Mission'' and the`` <font color=green>Church</font>  's Mission''; theologians have been stressing the fact that the	4	2	2.31	0.5	5	Church	a2	the	no	yes	A	singular	yes	no	no	no	no	no	no	NA	yes	a
church/NN/br-f44/667	0.0234955595061884	0.218219194980268	church	Church	NN	NNP	popular_lore	others	informative	A	A	AB	AB	church%1:14:00::	B	B	AB	AB	 's Mission''; theologians have been stressing the fact that the <font color=green>Church</font>  does not exist for its own sake but as a	4	2	1.2	0.5	5	Church	a1	the	no	yes	A	singular	yes	no	no	no	no	no	no	NA	yes	a
church/NN/br-f44/924	-0.0488125627210369	-0.023755241269093	church	church	NN	NN	popular_lore	others	informative	C	C	C	CDE	church%1:14:00::	B	B	AB	AB	 with friendly members the`` contacts with an organization of the <font color=green>church</font> ''( 11.2 per cent of the cases), then a substantial two	3	3	1.82	1	6	church	b	the	no	yes	C	singular	no	no	no	no	no	no	yes	no	yes	b
church/NN/br-f44/986	0.00746502295266365	-0.0103583161168028	church	church	NN	NN	popular_lore	others	informative	C	C	C	CDE	church%1:14:00::	B	B	AB	AB	 people; the new people respond in kind by joining the <font color=green>church</font> . Missionary outreach by friendly contact looks somewhat different when one	4	2	1.32	0.5	12	church	b	the	no	yes	C	singular	no	no	no	no	no	no	yes	no	yes	b
church/NN/br-g05/1358	0.284621993854954	-0.144452801909174	church	church	NN	NN	belles_lettres	others	informative	D	D	DE	CDE	Z	Z	Z	Z	Z	 which contain nine greater alcoves as frescoed and capacious as <font color=green>church</font>  apses. Here, in the old days- when they had come	3	0	0.96	0	2	church	c1	NA	yes	NA	D	singular	no	no	no	no	no	no	no	no	no	c
church/NN/br-g12/1271	0.253956928549609	0.17274520785232	church	church	NN	NN	belles_lettres	others	informative	D	D	DE	CDE	church%1:06:00::	D	D	DE	CDE	 and gestured toward the Madeleine. The classical lines of the <font color=green>church</font>  which Napoleon thought of as a Temple of Glory, dominated	5	2	2.65	0.4	3	church	c1	the	yes	yes	D	singular	no	no	no	no	no	no	no	no	no	c
church/NN/br-g12/1807	0.122703532288549	-0.291408225527365	church	church	NN	NN	belles_lettres	others	informative	D	D	DE	CDE	church%1:06:00::	D	D	DE	CDE	 not attractive, but it is deeper. When you pass a <font color=green>church</font>  on an Irish bus, all the hands flurry in the	2	2	1.14	1	4	church	c1	a	yes	no	D	singular	no	no	no	no	no	no	no	no	no	c
church/NN/br-g12/544	0.197456667852588	-0.215893940392136	church	church	NN	NN	belles_lettres	others	informative	D	D	DE	CDE	church%1:06:00::	D	D	DE	CDE	 the Madeleine and across to a sidewalk cafe opposite that <font color=green>church</font> . The conversation that ensued may have been engrossing but it	4	3	1.89	0.75	6	church	c1	that	yes	yes	D	singular	no	no	no	no	no	no	no	no	no	c
church/NNS/br-a09/1417	-0.00286199404652827	-0.151060604246069	church	churches	NNS	NNS	press_reportage	others	informative	D	D	DE	CDE	Z	Z	Z	Z	Z	 will feature row houses, garden apartments, four small parks, schools, <font color=green>churches</font> , a shopping center and several small clusters of stores. The	7	4	1.99	0.57	8	churches	c1	none	yes	no	D	plural	no	no	no	no	no	no	no	no	no	c
church/NNS/br-a10/1674	-0.045738675353871	-0.128301949873321	church	churches	NNS	NNS	press_reportage	others	informative	D	D	DE	CDE	Z	Z	Z	Z	Z	 need for their forthcoming program,`` Breakthrough'' scheduled to fill the <font color=green>churches</font>  for the next two years. In his opening address Wednesday	5	4	2	0.8	6	churches	c3	the	yes	yes	D	plural	no	no	no	no	no	no	no	yes	no	c
church/NNS/br-a10/1831	-0.14517998143378	-0.348573063903699	church	churches	NNS	NNS	press_reportage	others	informative	C	C	C	CDE	Z	Z	Z	Z	Z	 with this challenge''.`` In 35 years we have opened 7000 <font color=green>churches</font> '', the Rev. Mr. Brandt said, adding that the denomination had	3	1	1.85	0.33	5	churches	b	number	no	no	C	plural	no	no	no	no	no	no	yes	no	yes	b
church/NNS/br-a10/1863	-0.0756775215093803	-0.130106014047527	church	churches	NNS	NNS	press_reportage	others	informative	C	C	C	CDE	Z	Z	Z	Z	Z	 for every 10000 persons.`` In this light we need 1000 <font color=green>churches</font>  in Illinois, where we have 200; 800 in Southern New	3	3	1.2	1	5	churches	b	number	no	no	C	plural	no	no	no	no	no	no	yes	no	yes	b
church/NNS/br-a10/1918	-0.166372944145701	0.068290716917166	church	churches	NNS	NNS	press_reportage	others	informative	C	C	C	CDE	Z	Z	Z	Z	Z	 Brandt suggested the vision of 8000 new Assemblies of God <font color=green>churches</font>  in the next 10 years. To accomplish this would necessitate	3	2	2.42	0.67	6	churches	b	number	no	no	C	plural	no	no	yes	no	no	yes	yes	no	yes	b
church/NNS/br-a10/1980	-0.03354803738403	0.0184432538691253	church	churches	NNS	NNS	press_reportage	others	informative	C	C	C	CDE	Z	Z	Z	Z	Z	 includes: Encouraging by every means, all existing Assemblies of God <font color=green>churches</font>  to start new churches. Engaging mature, experienced men to pioneer	6	2	2.94	0.33	10	churches	b	all	no	yes	C	plural	no	no	yes	no	no	yes	yes	no	yes	b
church/NNS/br-a10/1984	-0.0166025382385794	-0.00569396178886114	church	churches	NNS	NNS	press_reportage	others	informative	C	C	C	CDE	Z	Z	Z	Z	Z	 means, all existing Assemblies of God churches to start new <font color=green>churches</font> . Engaging mature, experienced men to pioneer or open new churches	6	4	3.06	0.67	9	churches	b	none	no	no	C	plural	no	no	yes	no	no	no	yes	no	yes	b
church/NNS/br-a10/1996	-0.0713378852070102	0.00616511672561692	church	churches	NNS	NNS	press_reportage	others	informative	C	C	C	CDE	Z	Z	Z	Z	Z	 churches. Engaging mature, experienced men to pioneer or open new <font color=green>churches</font>  in strategic population centers. Surrounding pioneer pastors with vocational volunteers	7	3	3.17	0.43	10	churches	b	none	no	no	C	plural	no	no	yes	no	no	no	yes	no	yes	b
church/NNS/br-a10/2022	-0.0829559046631839	-0.0360024370905762	church	churches	NNS	NNS	press_reportage	others	informative	C	C	C	CDE	Z	Z	Z	Z	Z	 will be urged to move into the area of new <font color=green>churches</font>  in the interest of lending their support to the new	2	3	1.97	1.5	8	churches	b	none	no	no	C	plural	no	no	yes	no	no	yes	yes	no	yes	b
church/NNS/br-a10/2051	0.0391054259868658	-0.181073794732578	church	churches	NNS	NNS	press_reportage	others	informative	C	C	C	CDE	Z	Z	Z	Z	Z	 to spend from 6- 12 months as apprentices in well-established <font color=green>churches</font> . U. S. Dist. Judge Charles L. Powell denied all motions	2	0	2.18	0	5	churches	b	none	no	no	C	plural	no	no	yes	no	no	no	yes	no	yes	b
church/NNS/br-a31/1594	-0.0783348416265011	-0.0314245833586235	church	churches	NNS	NNS	press_reportage	others	informative	C	C	C	CDE	Z	Z	Z	Z	Z	 than 300 top teenagers and 65 adult advisers from Presbyterian <font color=green>churches</font>  of the area sat enthralled at the four-hour program. This	4	3	2.18	0.75	6	churches	b	none	no	no	C	plural	no	no	no	no	no	yes	yes	no	yes	b
church/NNS/br-a31/1753	-0.104829415303556	-0.0123061980218267	church	churches	NNS	NNS	press_reportage	others	informative	C	C	C	CDE	Z	Z	Z	Z	Z	 Auditorium may be set up soon. And to encourage other <font color=green>churches</font>  to try their own programs, Kern said this Sunday 's	3	2	1.04	0.67	8	churches	b	other	no	no	C	plural	no	no	no	no	no	no	yes	no	yes	b
church/NNS/br-a31/1806	-0.0011216904946684	-0.0229011247970719	church	churches	NNS	NNS	press_reportage	others	informative	D	D	DE	CDE	Z	Z	Z	Z	Z	 special services marking National Christian Family Week in Miami area <font color=green>churches</font>  next week. Of particular meaning to the Charles MacWhorter family	4	3	1.78	0.75	12	churches	c2	none	yes	no	D	plural	no	no	no	yes	no	no	yes	no	no	c
church/NNS/br-b04/1480	-0.00990424974825459	-0.0374695107125125	church	churches	NNS	NNS	press_editorial	others	informative	C	C	C	CDE	Z	Z	Z	Z	Z	 his money and his name: Does it assail schools and <font color=green>churches</font>  with blanket accusations? Does it attack other traditional American institutions	4	3	1.78	0.75	9	churches	b	none	no	no	C	plural	no	no	no	no	no	no	yes	no	yes	b
church/NNS/br-b12/2239	0.0529322597091496	-0.00436171848095855	church	Churches	NNS	NNPS	press_editorial	others	informative	B	B	AB	AB	Z	Z	Z	Z	Z	 Methodist Church, Congregational Union, Baptist Union, Presbyterian Church of England, <font color=green>Churches</font>  in Wales, Churches in Ireland, Society of Friends, British and	7	0	2.75	0	6	Churches	a2	the	no	yes	B	plural	yes	yes	no	no	no	no	no	NA	yes	a
church/NNS/br-b12/2243	0.0348430160835837	-0.00565642642173987	church	Churches	NNS	NNPS	press_editorial	others	informative	B	B	AB	AB	Z	Z	Z	Z	Z	 Union, Baptist Union, Presbyterian Church of England, Churches in Wales, <font color=green>Churches</font>  in Ireland, Society of Friends, British and Foreign Bible Society	2	0	2.73	0	6	Churches	a2	none	no	no	B	plural	yes	yes	no	no	no	no	no	NA	yes	a
church/NNS/br-b22/1233	-0.0483091091345063	-0.0525572277555723	church	Churches	NNS	NNPS	press_editorial	others	informative	B	B	AB	AB	Z	Z	Z	Z	Z	 of five Catholic theologians to attend the World Council of <font color=green>Churches</font>  assembly in New Delhi as`` official'' observers reverses the Church	5	2	2.9	0.4	6	Churches	a2	none	no	no	B	plural	yes	no	no	no	no	no	no	NA	yes	a
church/NNS/br-b22/1326	-0.0236752936578555	0.218499983694439	church	Churches	NNS	NNPS	press_editorial	others	informative	B	B	AB	AB	Z	Z	Z	Z	Z	 pervades the Church 's stance toward the Protestant and Orthodox <font color=green>Churches</font> . Noting all the difficulties that stand in the way of	2	1	2.7	0.5	5	Churches	a2	the	no	yes	B	plural	yes	no	no	no	no	no	no	NA	yes	a
church/NNS/br-c08/1853	-0.00367352574257309	0.0703063217702594	church	churches	NNS	NNS	press_reviews	others	informative	C	C	C	CDE	Z	Z	Z	Z	Z	 the early jazz forms and the music of the Negro <font color=green>churches</font> . To help him on this religious aspect of primitive jazz	4	3	2.06	0.75	8	churches	c2	the	yes	yes	C	plural	no	no	no	no	no	yes	yes	no	no	c
church/NNS/br-d02/548	-0.0484843538067651	0.0584779935242209	church	churches	NNS	NNS	religion	others	informative	B	B	AB	AB	church%1:14:00::	B	B	AB	AB	 observed to characterize the preaching and teaching of the American <font color=green>churches</font> . In the absence of a truly adequate conceptuality in which	3	1	2.32	0.33	7	churches	b	the	no	yes	B	plural	no	no	yes	no	no	no	yes	no	yes	b
church/NNS/br-d03/1011	-0.0980457448042373	-0.19806328712289	church	churches	NNS	NNS	religion	others	informative	D	D	DE	CDE	church%1:06:00::	D	D	DE	CDE	 often, the sale of 764 chapels''. Most of these former <font color=green>churches</font>  are now used as warehouses, but`` neither Anglicans nor Nonconformists	3	1	1.24	0.33	4	churches	c1	these	yes	yes	D	plural	no	no	yes	no	no	no	no	no	no	c
church/NNS/br-d03/1027	0.201879624642906	0.191026734471287	church	churches	NNS	NNS	religion	others	informative	D	D	DE	CDE	church%1:06:00::	D	D	DE	CDE	 as warehouses, but`` neither Anglicans nor Nonconformists object to selling <font color=green>churches</font>  to Roman Catholics'', and have done so. While it must	2	1	2.61	0.5	5	churches	c1	none	yes	no	D	plural	no	no	no	no	no	no	no	no	no	c
church/NNS/br-d03/1051	-0.0172216878513019	0.0375596317696661	church	churches	NNS	NNS	religion	others	informative	D	D	DE	CDE	church%1:06:00::	D	D	DE	CDE	 be said that these same Protestants have built some new <font color=green>churches</font>  during this period, and that religious population shifts have emptied	4	4	2.19	1	8	churches	c1	some	yes	no	D	plural	no	no	yes	no	no	no	no	no	no	c
church/NNS/br-d03/1063	-0.0290998386498429	0.0414529470118856	church	churches	NNS	NNS	religion	others	informative	C	C	C	CDE	church%1:06:00::	D	D	DE	CDE	 during this period, and that religious population shifts have emptied <font color=green>churches</font> , a principal reason for this phenomenon of redundancy is that	5	4	2.61	0.8	8	churches	c3	none	yes	no	?	plural	no	no	no	no	no	no	no	yes	no	c
church/NNS/br-d03/110	-0.00520042064918556	0.0310482982567681	church	churches	NNS	NNS	religion	others	informative	C	C	C	CDE	church%1:14:00::	B	B	AB	AB	 was enthusiastically devoted to prayer and discussion by the various <font color=green>churches</font> . Many people seem hopeful, yet it is difficult to predict	5	5	1.86	1	9	churches	a2	the	no	yes	C	plural	no	no	yes	no	no	no	no	NA	yes	a
church/NNS/br-d03/1472	0.127743715027867	0.0519447733524672	church	churches	NNS	NNS	religion	others	informative	E	E	DE	CDE	church%1:06:00::	D	D	DE	CDE	 thy Son''. A hymn often to be heard in Catholic <font color=green>churches</font>  is`` Faith of our Fathers'', which glories in England 's	3	2	1.54	0.67	4	churches	c3	none	yes	no	D	plural	no	no	no	no	no	yes	no	yes	no	c
church/NNS/br-d03/1884	0.0334926409455484	-0.0133480756506204	church	churches	NNS	NNS	religion	others	informative	B	B	AB	AB	church%1:14:00::	B	B	AB	AB	 at least of equal stature in England with the Protestant <font color=green>churches</font> . On successive Sundays during October, 1960, Paul Ferris( a non-Catholic	2	2	2.47	1	8	churches	b	the	no	yes	B	plural	no	no	no	no	no	yes	yes	no	yes	b
church/NNS/br-d03/313	0.089456974009377	0.0688969739139008	church	Churches	NNS	NNPS	religion	others	informative	B	B	AB	AB	anglican_church%1:14:00::	B2	B	AB	AB	 saying and writing and implying about the Roman and Anglican <font color=green>Churches</font>  and about the present religious state of England. Since the	5	4	1.78	0.8	7	Churches	a2	the	no	yes	B	plural	yes	no	no	no	no	yes	no	NA	yes	a
church/NNS/br-d03/35	0.0617972861669178	0.0515529598120983	church	Churches	NNS	NNPS	religion	others	informative	B	B	AB	AB	anglican_church%1:14:00::	B2	B	AB	AB	 efforts of only unauthorized individuals of the Roman and Anglican <font color=green>Churches</font> , and urging a communion of prayer unacceptable to Rome, this	5	3	2.66	0.6	7	Churches	a2	the	no	yes	B	plural	yes	no	no	no	no	yes	no	NA	yes	a
church/NNS/br-d03/779	0.0513300799547646	-0.00375882353142385	church	churches	NNS	NNS	religion	others	informative	D	D	DE	CDE	church%1:06:00::	D	D	DE	CDE	 less than ten. From many sides come remarks that Protestant <font color=green>churches</font>  are badly attended and the large medieval cathedrals look all	4	3	2.45	0.75	8	churches	c1	none	yes	no	D	plural	no	no	no	no	no	yes	no	no	no	c
church/NNS/br-d03/849	-0.0354476468862311	-0.0180055447244581	church	churches	NNS	NNS	religion	others	informative	C	C	C	CDE	church%1:06:00::	D	D	DE	CDE	 admit the great falling off in effective membership in their <font color=green>churches</font> . According to a newspaper report of the 1961 statistics of	2	2	2.22	1	8	churches	b	their	no	yes	C	plural	no	no	no	no	no	no	yes	no	yes	b
church/NNS/br-d03/929	-0.0770213843974204	-0.062836836799759	church	Churches	NNS	NNPS	religion	others	informative	C	C	C	CDE	church%1:06:00::	D	D	DE	CDE	 the Manchester Guardian of last November, entitled`` Fate of Redundant <font color=green>Churches</font> '', states than an Archbishops' Commission`` reported last month that in	2	0	2.42	0	6	Churches	c1	the	yes	yes	D	plural	yes	no	yes	no	no	no	no	no	no	c
church/NNS/br-d03/952	0.0980920019550396	-0.0222939832592729	church	churches	NNS	NNS	religion	others	informative	C	C	C	CDE	church%1:06:00::	D	D	DE	CDE	 that in the Church of England alone there are 790 <font color=green>churches</font>  which are redundant now, or will be in 20 years	3	2	2.11	0.67	4	churches	c1	number	yes	no	D	plural	no	no	no	no	no	no	no	no	no	c
church/NNS/br-d03/971	-0.0109982756361523	-0.357386376572351	church	churches	NNS	NNS	religion	others	informative	D	D	DE	CDE	church%1:06:00::	D	D	DE	CDE	 will be in 20 years' time. A further 260 Anglican <font color=green>churches</font>  have been demolished since 1948''. And in the last five	1	0	1.1	0	1	churches	c1	number	yes	no	D	plural	no	no	no	no	no	yes	no	no	no	c
church/NNS/br-d05/1536	-0.10292640572359	0.212196101788317	church	churches	NNS	NNS	religion	others	informative	C	C	C	CDE	Z	Z	Z	Z	Z	 descended from the founders( among which were still the Unitarian <font color=green>churches</font> ), made explicit from the beginning that the conflict between him	1	0	1.85	0	5	churches	a2	the	no	yes	?	plural	no	no	no	no	no	yes	no	NA	yes	a
church/NNS/br-d05/1935	-0.402091042836923	-0.0349395671242481	church	churches	NNS	NNS	religion	others	informative	C	C	C	CDE	Z	Z	Z	Z	Z	 his colleagues know that he intended them:`` Even the Unitarian <font color=green>churches</font>  have caught the malaria, and are worse than those who	2	0	2.16	0	2	churches	b	the	no	yes	C	plural	no	no	no	no	no	yes	yes	no	yes	b
church/NNS/br-d09/1216	-0.047643182204397	-0.039936287915569	church	churches	NNS	NNS	religion	others	informative	C	C	C	CDE	Z	Z	Z	Z	Z	 membership training, since this is a recent development in many <font color=green>churches</font> . Those coming from other denominations will welcome the opportunity to	3	2	1.82	0.67	8	churches	b	many	no	no	C	plural	no	no	no	no	no	no	yes	no	yes	b
church/NNS/br-d09/181	-0.0299068220906012	0.00148662912603368	church	Churches	NNS	NNPS	religion	others	informative	C	C	C	CDE	Z	Z	Z	Z	Z	 life of the Church. Neglect means spiritual paralysis or death. <font color=green>Churches</font>  that have a carefully planned program of membership preparation and	4	3	1.93	0.75	8	Churches	b	none	no	no	C	plural	yes	no	no	no	no	no	yes	no	yes	b
church/NNS/br-d09/1910	-0.0629671021327126	0.00795306228567666	church	churches	NNS	NNS	religion	others	informative	C	C	C	CDE	Z	Z	Z	Z	Z	 This problem is illustrated by the fact that many local <font color=green>churches</font>  drop from the active membership rolls each year as many	4	3	1.99	0.75	7	churches	b	many	no	no	C	plural	no	no	yes	no	no	no	yes	no	yes	b
church/NNS/br-d09/1946	-0.0728417313938335	-0.0140105957275999	church	churches	NNS	NNS	religion	others	informative	C	C	C	CDE	Z	Z	Z	Z	Z	 some areas where population is expanding, show that numbers of <font color=green>churches</font>  have had little net increase, though many new members were	5	5	1.75	1	11	churches	b	none	no	no	C	plural	no	no	no	no	no	no	yes	no	yes	b
church/NNS/br-d09/502	-0.0914874954323663	0.00782524140548896	church	churches	NNS	NNS	religion	others	informative	C	C	C	CDE	Z	Z	Z	Z	Z	 sessions of preparation for membership is necessary for adults. Some <font color=green>churches</font>  require more. None should ask less. Those who join the	5	4	2.14	0.8	7	churches	b	some	no	no	C	plural	no	no	no	no	no	no	yes	no	yes	b
church/NNS/br-d09/559	-0.0111701142775912	-0.00439103120941154	church	churches	NNS	NNS	religion	others	informative	C	C	C	CDE	Z	Z	Z	Z	Z	 devotion to it if membership requires something of them. Many <font color=green>churches</font>  find the Sunday school hour to be the most practical	4	3	1.52	0.75	13	churches	b	many	no	no	C	plural	no	no	no	no	no	no	yes	no	yes	b
church/NNS/br-d09/891	-0.0518212963326978	-0.0160245737091372	church	churches	NNS	NNS	religion	others	informative	C	C	C	CDE	Z	Z	Z	Z	Z	 have been found effective. Extend the number of classes. Some <font color=green>churches</font>  have six or more training sessions of two hours each	3	3	1.84	1	8	churches	b	some	no	no	C	plural	no	no	no	no	no	no	yes	no	yes	b
church/NNS/br-d10/1095	-0.0476316648358012	0.0197471702288325	church	churches	NNS	NNS	religion	others	informative	C	C	C	CDE	Z	Z	Z	Z	Z	 Asians tend to consider not only missions but the local <font color=green>churches</font>  they have produced as centers and agents of Western culture	4	4	2.16	1	10	churches	b	the	no	yes	C	plural	no	no	yes	no	no	no	yes	no	yes	b
church/NNS/br-d10/2114	-0.061140623046392	0.0257415521629383	church	Churches	NNS	NNPS	religion	others	informative	B	B	AB	AB	Z	Z	Z	Z	Z	 Newbiggin reflects the dominant position within the World Council of <font color=green>Churches</font>  when he says,`` We must claim absoluteness and finality for	2	1	2.16	0.5	6	Churches	a2	none	no	no	B	plural	yes	no	no	no	no	no	no	NA	yes	a
church/NNS/br-d10/305	-0.146548374941029	0.215569533163858	church	churches	NNS	NNS	religion	others	informative	C	C	C	CDE	Z	Z	Z	Z	Z	 may have a certain justification, we ought to dispense with <font color=green>churches</font> . The suggestion is naive. Man is at once a gregarious	1	0	1	0	5	churches	b	none	no	no	?	plural	no	no	no	no	no	no	yes	no	yes	b
church/NNS/br-d14/1926	-0.0212522269699679	0.196970392834715	church	churches	NNS	NNS	religion	others	informative	B	B	AB	AB	Z	Z	Z	Z	Z	 John Greenleaf Whittier( 1807- 1892) he eventually attacked the orthodox <font color=green>churches</font>  for what he deemed their cowardly compromising on the slavery	2	1	3.54	0.5	5	churches	a2	the	no	yes	B	plural	no	no	no	no	no	yes	no	NA	yes	a
church/NNS/br-d14/199	0.00132669457214964	-0.00903931721090932	church	churches	NNS	NNS	religion	others	informative	C	C	C	CDE	Z	Z	Z	Z	Z	 proportion, although in 1914 still a minority, were members of <font color=green>churches</font> . Presumably those who did not have a formal church connexion	2	1	2.24	0.5	7	churches	b	none	no	no	C	plural	no	no	no	no	no	no	yes	no	yes	b
church/NNS/br-d14/2203	-0.0462160387506381	0.0888330442313273	church	churches	NNS	NNS	religion	others	informative	B	B	AB	AB	Z	Z	Z	Z	Z	 preaching of Lyman Beecher. Although he later broke with the <font color=green>churches</font>  because he believed that they were insufficiently outspoken against social	3	2	1.3	0.67	3	churches	a2	the	no	yes	B	plural	no	no	no	no	no	no	no	NA	yes	a
church/NNS/br-d14/457	-0.0572580758581884	0.00981609566584385	church	churches	NNS	NNS	religion	others	informative	C	C	C	CDE	Z	Z	Z	Z	Z	 church members mounted, the degree of discipline exercised by the <font color=green>churches</font>  lessened and the trend was towards conformity to the general	3	2	2.6	0.67	7	churches	a2	the	no	yes	C	plural	no	no	no	no	no	no	no	NA	yes	a
church/NNS/br-d14/507	-0.0266917324040612	-0.0151352321798924	church	churches	NNS	NNS	religion	others	informative	C	C	C	CDE	Z	Z	Z	Z	Z	 the ethical codes to which the majority subscribed. Thus Baptist <font color=green>churches</font>  on the frontier took cognizance of charges against their members	3	2	2.69	0.67	9	churches	b	none	no	no	C	plural	no	no	no	no	no	yes	yes	no	yes	b
church/NNS/br-d17/569	-0.0629368177745238	-0.035047263018712	church	churches	NNS	NNS	religion	others	informative	C	C	C	CDE	Z	Z	Z	Z	Z	 one of my editorial workers wanted to find out how <font color=green>churches</font>  and philanthropic organizations met the needs of New York 's	2	1	1.55	0.5	8	churches	a2	none	no	no	C	plural	no	no	no	no	no	no	no	NA	yes	a
church/NNS/br-f15/1245	-0.0251534868811817	0.0200272722888111	church	churches	NNS	NNS	popular_lore	others	informative	B	B	AB	AB	church%1:14:00::	B	B	AB	AB	 Consider what happened during World War 1,, when the Protestant <font color=green>churches</font>  united to push the Prohibition law through Congress. Many of	2	2	2.79	1	8	churches	a2	the	no	yes	B	plural	no	no	no	no	no	yes	no	NA	yes	a
church/NNS/br-f15/1425	-0.0816088585211131	0.269610776424611	church	churches	NNS	NNS	popular_lore	others	informative	B	B	AB	AB	christian_church%1:14:00::	B	B	AB	AB	 turn of the century, contraception was condemned by all Christian <font color=green>churches</font>  as immoral, unnatural and contrary to divine law. This was	5	1	3.21	0.2	5	churches	a2	all	no	yes	B	plural	no	no	no	no	no	yes	no	NA	yes	a
church/NNS/br-f15/1455	0.0202765538099779	0.0213845872387289	church	Churches	NNS	NNPS	popular_lore	others	informative	B	B	AB	AB	orthodox_church%1:14:00::	B1	B	AB	AB	 laws of Christian countries. Today, the Roman Catholic and Orthodox <font color=green>Churches</font>  stand virtually alone in holding that conviction. The various Lambeth	5	5	2.59	1	12	Churches	a2	the	no	yes	B	plural	yes	no	no	no	no	yes	no	NA	yes	a
church/NNS/br-f15/1720	-0.0322661053544951	-0.00467309636245864	church	Churches	NNS	NNPS	popular_lore	others	informative	B	B	AB	AB	group%1:03:00::	C	C	C	CDE	 28 members of a committee of the Federal Council of <font color=green>Churches</font>  ratified artificial methods of birth control.`` As to the necessity	4	2	2.44	0.5	7	Churches	a2	none	no	no	B	plural	yes	no	no	no	no	no	no	NA	yes	a
church/NNS/br-f15/1887	-0.0246331324473957	-0.0394912844016987	church	Churches	NNS	NNPS	popular_lore	others	informative	B	B	AB	AB	group%1:03:00::	C	C	C	CDE	 1961, by the general board of the National Council of <font color=green>Churches</font> , the largest Protestant organization in the US. The board approved	3	3	2.38	1	6	Churches	a2	none	no	no	B	plural	yes	no	no	no	no	no	no	NA	yes	a
church/NNS/br-f15/1944	-0.0198162406160619	-0.0988855832407635	church	churches	NNS	NNS	popular_lore	others	informative	B	B	AB	AB	church%1:14:00::	B	B	AB	AB	 of contraceptives. The general board declared:`` Most of the Protestant <font color=green>churches</font>  hold contraception and periodic continence to be morally right when	4	3	1.86	0.75	7	churches	a2	the	no	yes	B	plural	no	no	no	no	no	yes	no	NA	yes	a
church/NNS/br-f15/1998	-0.158582475296099	0.129867689191482	church	churches	NNS	NNS	popular_lore	others	informative	B	B	AB	AB	christian_church%1:14:00::	B	B	AB	AB	 of conception''. An action once universally condemned by all Christian <font color=green>churches</font>  and forbidden by the civil law is now not only	2	2	2.08	1	9	churches	a2	all	no	yes	B	plural	no	no	no	no	no	yes	no	NA	yes	a
church/NNS/br-f15/821	0.0441542940848263	0.0560155201867784	church	Churches	NNS	NNPS	popular_lore	others	informative	B	B	AB	AB	orthodox_catholic_church%1:14:00::	B1	B	AB	AB	 the exception of the Roman Catholic and the Orthodox Catholic <font color=green>Churches</font> , most churches make no moral distinction between rhythm and mechanical	6	6	3.58	1	10	Churches	a2	the	no	yes	B	plural	yes	no	no	no	no	yes	no	NA	yes	a
church/NNS/br-f15/824	0.0239990557654814	0.0517061790628107	church	churches	NNS	NNS	popular_lore	others	informative	B	B	AB	AB	church%1:14:00::	B	B	AB	AB	 of the Roman Catholic and the Orthodox Catholic Churches, most <font color=green>churches</font>  make no moral distinction between rhythm and mechanical or chemical	5	6	3.61	1.2	11	churches	a2	most	no	no	B	plural	no	no	no	no	no	no	no	NA	yes	a
church/NNS/br-f44/1106	-0.0384768940059982	0.0933414160942915	church	Churches	NNS	NNPS	popular_lore	others	informative	C	C	C	CDE	church%1:14:00::	B	B	AB	AB	 who will strengthen the social class nucleus of the congregation. <font color=green>Churches</font>  can be strengthened through this process of co-optation so long	5	4	2.47	0.8	6	Churches	b	none	no	no	C	plural	yes	no	no	no	no	no	yes	no	yes	b
church/NNS/br-f44/1189	-0.0611964211003554	-0.00609827226207425	church	churches	NNS	NNS	popular_lore	others	informative	C	C	C	CDE	church%1:14:00::	B	B	AB	AB	 and publicity in reaching new members. The proclamation of the <font color=green>churches</font>  is almost totally confined to pastoral contacts by the clergy	7	5	2.48	0.71	8	churches	a2	the	no	yes	C	plural	no	no	no	no	no	no	no	NA	yes	a
church/NNS/br-f44/124	-0.0427081314381938	0.00347309295193746	church	churches	NNS	NNS	popular_lore	others	informative	C	C	C	CDE	church%1:14:00::	B	B	AB	AB	 inner city blight account for the decline of central city <font color=green>churches</font> . Central cities reveal two adverse features for the major denominations	4	4	2.21	1	10	churches	b	none	no	no	C	plural	no	no	no	yes	no	no	yes	no	yes	b
church/NNS/br-f44/1262	-0.0872908384126771	0.0160838299640693	church	churches	NNS	NNS	popular_lore	others	informative	C	C	C	CDE	church%1:14:00::	B	B	AB	AB	 will account for a major share of recruitment by the <font color=green>churches</font> , making it quite evident that the extension of economic integration	2	0	1.88	0	8	churches	b	the	no	yes	C	plural	no	no	no	no	no	no	yes	no	yes	b
church/NNS/br-f44/1427	-0.0401170633767266	-0.00699314875522848	church	churches	NNS	NNS	popular_lore	others	informative	C	C	C	CDE	church%1:14:00::	B	B	AB	AB	 for more than a single generation. The fact that metropolitan <font color=green>churches</font>  of the major denominations have moved approximately every generation for	4	4	2.43	1	10	churches	b	none	no	no	C	plural	no	no	no	yes	no	no	yes	no	yes	b
church/NNS/br-f44/1475	-0.0243759203330053	0.0328801035819983	church	churches	NNS	NNS	popular_lore	others	informative	D	D	DE	CDE	church%1:06:00::	D	D	DE	CDE	 in religious life, when one recalls the number of city <font color=green>churches</font>  which deteriorated beyond repair before being abandoned, raises fundamental questions	4	3	1.84	0.75	9	churches	c1	none	yes	no	D	plural	no	no	no	yes	no	no	no	no	no	c
church/NNS/br-f44/1683	-0.141770434502227	6.14733152075636e-05	church	churches	NNS	NNS	popular_lore	others	informative	C	C	C	CDE	church%1:14:00::	B	B	AB	AB	 hopelessly unstable environment. More than creatures of metropolitan forces, the <font color=green>churches</font>  have taken the lead in counteracting the interdependence of metropolitan	2	2	2.66	1	7	churches	b	the	no	yes	C	plural	no	no	no	no	no	no	yes	no	yes	b
church/NNS/br-f44/1802	-0.226550049541572	0.13380348858484	church	churches	NNS	NNS	popular_lore	others	informative	D	D	DE	CDE	church%1:14:00::	B	B	AB	AB	 fight their way into the lower middle-class suburbs, and the <font color=green>churches</font>  will experience the same decay and rebuilding cycle which has	3	2	3.01	0.67	7	churches	c1	the	yes	yes	?	plural	no	no	no	no	no	no	no	no	no	c
church/NNS/br-f44/1918	-0.0594136558410311	0.0890884800426363	church	churches	NNS	NNS	popular_lore	others	informative	C	C	C	CDE	church%1:14:00::	B	B	AB	AB	 of middle-class culture could lead to various projections for the <font color=green>churches</font> . It could be argued that any fellowship which centers in	3	3	2.69	1	6	churches	b	the	no	yes	C	plural	no	no	no	no	no	no	yes	no	yes	b
church/NNS/br-f44/2015	-0.0125149591542929	0.0622301104957878	church	churches	NNS	NNS	popular_lore	others	informative	C	C	C	CDE	church%1:14:00::	B	B	AB	AB	 next chapter to the style of association in the denominational <font color=green>churches</font> ; this style is characteristically an expression of the communal style	3	1	2.31	0.33	5	churches	b	the	no	yes	C	plural	no	no	no	no	no	yes	yes	no	yes	b
church/NNS/br-f44/2181	-0.0610543258169608	-0.118422523639939	church	churches	NNS	NNS	popular_lore	others	informative	C	C	C	CDE	church%1:14:00::	B	B	AB	AB	 have fashioned the iron cage of conformity which imprisons the <font color=green>churches</font>  in their suburban captivity. The perplexing question still remains as	2	1	1.91	0.5	5	churches	b	the	no	yes	C	plural	no	no	no	no	no	no	yes	no	yes	b
church/NNS/br-f44/2201	-0.0105899637442152	0.00788987707994753	church	churches	NNS	NNS	popular_lore	others	informative	C	C	C	CDE	church%1:14:00::	B	B	AB	AB	 remains as to why the middle classes turn to the <font color=green>churches</font>  as a vehicle of social identity when their clubs and	5	5	2.15	1	8	churches	b	the	no	yes	C	plural	no	no	no	no	no	no	yes	no	yes	b
church/NNS/br-f44/343	-0.132660401562987	-0.035833908413406	church	churches	NNS	NNS	popular_lore	others	informative	C	C	C	CDE	church%1:14:00::	B	B	AB	AB	 moreover, residential mobility is so high in metropolitan areas that <font color=green>churches</font>  have to recruit constantly in their core stratum in order	5	3	2.34	0.6	8	churches	b	none	no	no	C	plural	no	no	no	no	no	no	yes	no	yes	b
church/NNS/br-f44/868	0.0101805746797091	-0.178941423566314	church	churches	NNS	NNS	popular_lore	others	informative	C	C	C	CDE	church%1:14:00::	B	B	AB	AB	 and congregational outreach have not been carefully studied in the <font color=green>churches</font> ; one study in Pittsburgh, however, has illuminated the situation. In	2	1	2.38	0.5	7	churches	b	the	no	yes	C	plural	no	no	no	no	no	no	yes	no	yes	b
church/NNS/br-f44/890	-0.056282004999034	-0.0480129284791542	church	churches	NNS	NNS	popular_lore	others	informative	C	C	C	CDE	church%1:14:00::	B	B	AB	AB	 the situation. In a sample of new members of Pittsburgh <font color=green>churches</font> , almost 60 per cent were recruited by initial`` contacts with	3	2	2.29	0.67	9	churches	b	none	no	no	C	plural	no	no	no	yes	no	no	yes	no	yes	b
church/NNS/br-g13/1130	-0.213729210808571	0.189585568781605	church	churches	NNS	NNS	belles_lettres	others	informative	D	D	DE	CDE	Z	Z	Z	Z	Z	 holy barbarians; they will destroy the shrines, temples, museums, and <font color=green>churches</font>  of the state that is the implacable enemy of the	3	0	1.4	0	3	churches	c1	none	yes	no	D	plural	no	no	no	no	no	no	no	no	no	c
