_id	model.x	model.y	lemma	wf	pos	genre	broad_genre	marisense	mbroad	mari3	mari2	sensekey	wnsense	wnbroad	wn3	wn2	text	cues	cues_with_weight	mean_weight	weighted.cues_ratio	weighted_cw
country/NN/br-b20/2202	-0.0263617410887544	-0.0569183140522768	country	country	NN	press_editorial	press	B2	B	B23	B	country%1:14:00::	B2	B	BB2	B	 more serious should the cold war mount in frenzy. The <font color=green>country</font>  is committed to the doctrine of security by military means	5	3	1.31	0.6	9
country/NN/br-b20/308	-0.050025079670637	-0.0751354077511777	country	country	NN	press_editorial	press	B4	B	B14	B	country%1:15:00::	B1	B	B1	B	 that of diplomatic policy''. Morrison points out that since our <font color=green>country</font>  is more urbanized than the Soviet Union or Red China	5	3	1.68	0.6	8
country/NN/br-c01/2379	-0.0246623841282976	0.0108703907274953	country	country	NN	press_reviews	press	B	B	B14	B	country%1:14:00::	B2	B	BB2	B	 in this last of the Russian films to reach this <font color=green>country</font>  in the program of joint cultural exchange. Also on the	4	3	1.45	0.75	9
country/NN/br-c01/621	0.159223284590719	0.421503568690858	country	country	NN	press_reviews	press	B1	B	B14	B	country%1:15:00::	B1	B	B1	B	 extraordinary, considers the finest house of its kind in the <font color=green>country</font> - and of course he does n't weep at the capacity	3	1	1.21	0.33	5
country/NN/br-c01/944	0.444906251982396	-0.184540496294893	country	country	NN	press_reviews	press	B1	B	B14	B	country%1:15:00::	B1	B	B1	B	 bookers, cancellation of one of the richest bookings in the <font color=green>country</font> . Will somebody please reopen the Auditorium? Paintings and drawings by	2	0	1.74	0	5
country/NN/br-c02/2222	0.00569718355304922	-0.244385086962075	country	country	NN	press_reviews	press	B4	B	B14	B	country%1:14:00::	B2	B	BB2	B	 storylines too. He intimated that they were n't doing the <font color=green>country</font>  much good in the Cold War. And to an industry	2	0	1.29	0	4
country/NN/br-c02/2265	0.139082757101425	-0.0134049172311163	country	country	NN	press_reviews	press	B4	B	B14	B	country%1:14:00::	B2	B	BB2	B	 globe'', he said,`` the major source of impressions about this <font color=green>country</font>  are in the movies they meet. Would we want a	1	0	0.98	0	7
country/NN/br-d03/1224	-0.00422666699337128	0.0706676595139072	country	country	NN	religion	non-fiction	B4	B	B14	B	country%1:14:01::	B	B	BB2	B	 seems no longer very meaningful to call England a`` Protestant <font color=green>country</font> ''. One of the ironies of the present crusade for Christian	2	2	1.26	1	7
country/NN/br-d03/1509	0.130153079201006	-0.104705750642803	country	country	NN	religion	non-fiction	B4	B	B14	B	country%1:14:01::	B	B	BB2	B	 Faith of our Fathers: Mary 's prayers/ Shall win our <font color=green>country</font>  back to thee''. The English saints are widely venerated, quite	3	1	1.56	0.33	6
country/NN/br-d03/249	0.0425034787962339	0.0457573024075964	country	country	NN	religion	non-fiction	B4	B	B14	B	country%1:14:01::	B	B	BB2	B	 century literature of England, I knew only a Protestant dominated <font color=green>country</font> . Since arriving here, however, I have formed a far different	3	3	1.26	1	7
country/NN/br-e28/1281	-0.0174594136810768	0.051466115496291	country	country	NN	skill_and_hobbies	non-fiction	B1	B	B14	B	country%1:15:00::	B1	B	B1	B	 some benefit they can share? In one company covering the <font color=green>country</font>  with a high quality sales force of 10 men, the	2	2	0.94	1	8
country/NN/br-e29/1920	-0.0183059273878753	0.078512768513159	country	country	NN	skill_and_hobbies	non-fiction	B1	B	B14	B	country%1:15:00::	B1	B	B1	B	 a candidate. Since there are almost no schools in the <font color=green>country</font>  offering graduate work in interior design this rule cannot at	2	1	0.67	0.5	9
country/NN/br-e30/1177	-0.0911324357114378	0.141994245526606	country	country	NN	skill_and_hobbies	non-fiction	B1	B	B14	B	country%1:15:00::	B1	B	B1	B	 What 's your profit margin? In what section of the <font color=green>country</font>  are you located? Are you in a rural or urban	4	2	1.14	0.5	6
country/NN/br-e31/1795	0.0373466231935352	0.106743591544534	country	country	NN	skill_and_hobbies	non-fiction	B4	B	B14	B	country%1:15:00::;1:14:00::	B1	B	B1	B	 and( 6) more education. The more people learn about their <font color=green>country</font> , the more they want to learn. Camping is family fun	3	4	1.01	1.33	7
country/NN/br-e31/1819	0.0553737560753324	-0.017050842218724	country	country	NN	skill_and_hobbies	non-fiction	B1	B	B14	B	country%1:15:00::	B1	B	B1	B	 and it is helping more Americans see more of the <font color=green>country</font>  than they ever saw before. But make no mistake about	2	2	0.89	1	9
country/NN/br-f03/2248	0.255041121180333	-0.00941091571470495	country	country	NN	popular_lore	fiction	A	A	A	A	country%1:15:01::	A	A	A	A	 the convention, Depew was seated on the porch of a <font color=green>country</font>  home on the Hudson, gazing at the opposite shore.	4	4	1.87	1	7
country/NN/br-f13/1645	-0.0570058988041004	0.144265896141265	country	country	NN	popular_lore	fiction	A	A	A	A	country%1:15:01::	A	A	A	A	 a neighborhood of well-kept homes. There are slums in the <font color=green>country</font>  as well as in the city. Few rural areas are	5	4	0.93	0.8	7
country/NN/br-f13/637	0.00212813703361745	0.219992549451888	country	country	NN	popular_lore	fiction	A	A	A	A	country%1:15:01::	A	A	A	A	 Generally, the same level of living costs less in the <font color=green>country</font>  than in the city. The savings are not as great	3	3	1.13	1	6
country/NN/br-f13/701	-0.0396371951548789	0.0627451278022375	country	country	NN	popular_lore	fiction	A	A	A	A	country%1:15:01::	A	A	A	A	 similar municipal services are of equal quality in city and <font color=green>country</font> , real estate taxes are usually about the same. A part-time	4	2	0.96	0.5	10
country/NN/br-f15/2048	0.0135152752348557	0.0349920617236234	country	country	NN	popular_lore	fiction	B1	B	B14	B	country%1:14:00::	B2	B	BB2	B	 translated into action by the majority of people in this <font color=green>country</font> . Repeated polls have disclosed that most married couples are now	4	3	1.82	0.75	8
country/NN/br-f15/235	-0.0170469647727825	0.0316977572765479	country	country	NN	popular_lore	fiction	B4	B	B14	B	country%1:14:00::	B2	B	BB2	B	 more tension, rancor and strife among religious groups in this <font color=green>country</font>  than the birth-control issue. It has flared up periodically on	3	2	0.98	0.67	6
country/NN/br-f15/664	-0.099260862508139	0.0885061157715597	country	country	NN	popular_lore	fiction	B	B	B14	B	country%1:14:00::	B2	B	BB2	B	 necessities of life, the degree of population density of a <font color=green>country</font>  and the shortage of housing facilities may legitimately be taken	4	4	1.19	1	9
country/NN/br-f17/2140	-0.043704797420519	0.27267997170195	country	country	NN	popular_lore	fiction	A1	A	A	A	country%1:15:02::	A1	A	A	A	 three men to cart goods to them from the Mississippi <font color=green>country</font> . Others carried pemmican from`` the Forks'' to St. Paul and	4	2	1.43	0.5	4
country/NN/br-f18/2329	0.175019901219156	0.163703385470795	country	country	NN	popular_lore	fiction	B1	B	B14	B	country%1:15:00::	B1	B	B1	B	 have been satisfied to have staid at home when my <font color=green>country</font>  is invaded by a thievin foe By a set of	3	1	0.75	0.33	7
country/NN/br-f19/1206	0.00885771445425518	0.000933111605243105	country	country	NN	popular_lore	fiction	B1	B	B14	B	country%1:14:00::	B2	B	BB2	B	 and seldom taught properly to American undergraduates. In addition, this <font color=green>country</font>  has been settled by many peoples of many heritages and	3	3	1.14	1	9
country/NN/br-f19/140	-0.0760170778136898	-0.0325534779288286	country	country	NN	popular_lore	fiction	B2	B	B23	B	country%1:14:00::	B2	B	BB2	B	 a given generation feels must have occurred. 2) As a <font color=green>country</font>  superimposes its cultural and political attitudes on others, it searches	4	3	1.18	0.75	8
country/NN/br-f19/350	-0.0965739993852571	-0.0850285413639694	country	country	NN	popular_lore	fiction	B4	B	B14	B	country%1:14:00::	B2	B	BB2	B	 Of course, nationalism has really outlived its usefulness in a <font color=green>country</font>  as world oriented as ours, and its continued existence reflects	3	2	1	0.67	6
country/NN/br-f23/1615	0.0493157858670399	-0.117291664502501	country	country	NN	popular_lore	fiction	B2	B	B23	B	country%1:14:00::	B2	B	BB2	B	 Soviets understand, moreover, that the first step in turning a <font color=green>country</font>  toward Communism is to turn it against the West. Thus	5	3	0.8	0.6	7
country/NN/br-f23/1643	-0.27992275561758	-0.33078449696703	country	country	NN	popular_lore	fiction	B2	B	B23	B	country%1:14:00::	B2	B	BB2	B	 first stage of a Communist takeover is to`` neutralize'' a <font color=green>country</font> . The second stage is to retain the nominal classification of	3	1	1.04	0.33	7
country/NN/br-f23/1664	-0.0210706889962848	-0.0292671791718721	country	country	NN	popular_lore	fiction	B2	B	B23	B	country%1:14:00::	B2	B	BB2	B	 the nominal classification of`` neutralist'', while in fact turning the <font color=green>country</font>  into an active advocate and adherent of Soviet policy. And	5	2	1.4	0.4	5
country/NN/br-f23/2012	-0.0220676995110539	-0.0820270257750546	country	country	NN	popular_lore	fiction	B2	B	B23	B	country%1:14:00::	B2	B	BB2	B	 Nixon. Today it is up for grabs. One Latin American <font color=green>country</font> , Cuba, has become a Soviet bridgehead ninety miles off our	4	3	0.65	0.75	8
country/NN/br-f23/2055	0.0490500649304022	-0.0510321529377651	country	country	NN	popular_lore	fiction	B2	B	B23	B	country%1:14:00::	B2	B	BB2	B	 are displaying open sympathy for Castroism, and there is no <font color=green>country</font> - save the Dominican Republic whose funeral services we recently arranged	2	0	1.46	0	9
country/NN/br-g01/1421	0.0915802105912255	-0.140544561972087	country	country	NN	belles_lettres	fiction	B4	B	B14	B	mother_country%1:15:00::	B1	B	B1	B	 the sympathy they felt extended to them by the mother <font color=green>country</font> . And no doubt many people in states like the Carolinas	2	1	1.04	0.5	7
country/NN/br-g01/1864	0.143950181333406	0.0155900088374553	country	country	NN	belles_lettres	fiction	B4	B	B14	B	country%1:15:00::	B1	B	B1	B	 the South was more belligerent than the rest of the <font color=green>country</font> . So instead of being tests of the South 's loyalty	3	3	0.68	1	7
country/NN/br-g11/1229	-0.0316861216435362	-0.0470379295885813	country	country	NN	belles_lettres	fiction	B4	B	B14	B	country%1:14:00::	B2	B	BB2	B	 shorter and our present fear of war. We, in our <font color=green>country</font> , think of war as an external threat which, if it	5	4	1.18	0.8	8
country/NN/br-g17/2183	0.0697955456047445	0.0708592688652727	country	country	NN	belles_lettres	fiction	B1	B	B14	B	country%1:15:00::	B1	B	B1	B	 New England as it did in other parts of the <font color=green>country</font> ? Is n't it a bit odd that the three states	3	1	1.13	0.33	6
country/NN/br-g17/767	-0.177272968321289	0.146583873012167	country	country	NN	belles_lettres	fiction	B4	B	B14	B	country%1:14:01::	B	B	BB2	B	 all partial or local legislation''. Who will say that our <font color=green>country</font>  is even now a homogeneous community? that regional peculiarities do	4	2	0.75	0.5	6
country/NN/br-g18/1249	0.0863057384132124	-0.294801041662902	country	country	NN	belles_lettres	fiction	B4	B	B14	B	country%1:14:01::;1:15:00::	B	B	BB2	B	 little patience with collective mediocrity. He saw Sweden as a <font color=green>country</font>  of smug and narrow provincialism, indifferent to the heroic spirit	3	0	1.97	0	7
country/NN/br-g18/1754	-0.0135561724757607	-0.213611522187551	country	country	NN	belles_lettres	fiction	B4	B	B14	B	country%1:14:01::	B	B	BB2	B	 an invasion of Russia and each brought ruin on the <font color=green>country</font>  that worshipped him. Each is still glorified as a national	3	0	1.6	0	4
country/NN/br-g21/1021	0.00251204767489782	-0.0153242081915594	country	country	NN	belles_lettres	fiction	B4	B	B14	B	country%1:15:00::	B1	B	B1	B	 by the time the war ended, liberal leadership in this <font color=green>country</font>  was spiritually Marxist. We will recall that the still confident	3	2	1.27	0.67	8
country/NN/br-g21/106	-0.0143215415507713	2.21007377695239e-05	country	country	NN	belles_lettres	fiction	B4	B	B14	B	country%1:14:01::	B	B	BB2	B	 relationship that he found between religion and politics in this <font color=green>country</font>  and what happened to it. He points out that from	2	2	1.31	1	8
country/NN/br-g21/15	-0.0281334491710943	0.00706010840491693	country	country	NN	belles_lettres	fiction	B4	B	B14	B	country%1:14:01::	B	B	BB2	B	 pointed up the relation between the Protestant movement in this <font color=green>country</font>  and the development of a social religion, which he called	4	4	1.68	1	9
country/NN/br-g21/605	0.00951031579089642	0.00982873182313229	country	country	NN	belles_lettres	fiction	B4	B	B14	B	country%1:14:00::	B2	B	BB2	B	 man? French Egalitarianism had had only nominal influence in this <font color=green>country</font>  before the days of Popularism. The riotous onrush of industrialism	4	1	1.02	0.25	6
country/NN/br-g21/964	-0.0108437976990828	0.00120372150520415	country	country	NN	belles_lettres	fiction	B4	B	B14	B	country%1:14:01::	B	B	BB2	B	 peace. The long road that had taken liberals in this <font color=green>country</font>  into the social religion of democracy, into a worship of	5	5	1.53	1	9
country/NN/br-g23/17	-0.00368886348236122	-0.104220932151663	country	country	NN	belles_lettres	fiction	B4	B	B14	B	country%1:14:00::	B2	B	BB2	B	 Woodrow Wilson 's administration, a red scare developed in our <font color=green>country</font> . Many Americans reacted irrationally to the challenge of Russia and	5	2	1.66	0.4	8
country/NN/br-g28/1507	0.0731195921024122	0.0110460949069655	country	country	NN	belles_lettres	fiction	A	A	A	A	back_country%1:15:00::	A	A	A	A	 William Byrd described the Lubberlanders he encountered in the back <font color=green>country</font>  of Virginia and North Carolina. The chief literary antecedents of	3	2	1.24	0.67	11
country/NN/br-g28/2097	0.0879751352633347	0.0627827347321842	country	country	NN	belles_lettres	fiction	A1	A	A	A	country%1:15:00::	B1	B	B1	B	 as a young man prepared to find in the new <font color=green>country</font>  the setting of romantic adventure and idealized beauty. But Thorpe	3	1	1.14	0.33	7
country/NN/br-g43/348	0.0496211326600558	-0.00738304849004148	country	country	NN	belles_lettres	fiction	A	A	A	A	country_doctor%1:18:00::	A	A	A	A	 most unforgettable character I ever met'' deals with village grocers, <font color=green>country</font>  doctors, favorite if illiterate aunts, and so forth. Scientists often	2	1	1.34	0.5	8
country/NN/br-h09/1301	-0.0371073654546184	0.00486096834494042	country	country	NN	miscellaneous	non-fiction	B1	B	B14	B	country%1:14:00::	B2	B	BB2	B	 made with any public or private agency in a foreign <font color=green>country</font>  shall contain provisions effective to insure that the results or	2	2	1.22	1	11
country/NN/br-h18/1493	-0.0329228393157978	-0.00858978945792607	country	country	NN	miscellaneous	non-fiction	B2	B	B23	B	country%1:14:00::	B2	B	BB2	B	 we are to conduct ourselves, in policy literature such as <font color=green>country</font>  papers and National Security Council papers accumulated in the Department	5	6	1.13	1.2	9
country/NN/br-h18/1813	-0.00385731755424919	-0.00819935905780679	country	country	NN	miscellaneous	non-fiction	B4	B	B14	B	country%1:14:00::	B2	B	BB2	B	 action can hope to win public support, first in this <font color=green>country</font>  and then abroad? For the policy officer will know that	5	5	1.64	1	9
country/NN/br-h18/1847	-0.0602606146313095	-0.000268740240681891	country	country	NN	miscellaneous	non-fiction	B3	B	B23	B	country%1:14:01::	B	B	BB2	B	 of policy will be conditioned by the readiness of the <font color=green>country</font>  to sustain it. He is interested in public opinion for	5	5	1.46	1	9
country/NN/br-h18/2087	-0.100443406880416	0.115578720721085	country	country	NN	miscellaneous	non-fiction	B2	B	B23	B	country%1:14:00::	B2	B	BB2	B	 public opinion until the President and the leaders of the <font color=green>country</font>  have gone to the public to explain what is required	3	4	0.98	1.33	8
country/NN/br-h18/2142	-0.412141481225157	0.00162055440356653	country	country	NN	miscellaneous	non-fiction	B4	B	B14	B	country%1:14:01::	B	B	BB2	B	 Marshall plan, any public-opinion expert would have said that the <font color=green>country</font>  would have accepted such proposals. The problem in the policy	4	2	0.87	0.5	6
country/NN/br-h18/857	-0.227422999134611	0.118287042215437	country	country	NN	miscellaneous	non-fiction	B1	B	B14	B	country%1:15:00::	B1	B	B1	B	 the representatives of other agencies who are stationed in his <font color=green>country</font> . He is expected to supervise, to encourage, to direct, to	2	1	1.6	0.5	4
country/NN/br-j22/38	-0.136280047018555	-0.194196930937611	country	country	NN	learned	non-fiction	A	A	A	A	country%1:14:00::	B2	B	BB2	B	 divisive forces, the gaps between rulers and subjects, town and <font color=green>country</font> , will widen; new aspirants for power will emerge whose ambitions	4	0	0.59	0	4
country/NN/br-j37/1184	-0.0483685643460133	0.00791798895856758	country	country	NN	learned	non-fiction	B1	B	B14	B	country%1:15:00::	B1	B	B1	B	 communication and understanding in the more remote areas of the <font color=green>country</font> , but it also served to minimize the national political value	3	3	1.31	1	9
country/NN/br-j37/949	-0.0292540514235406	0.0220333827143402	country	country	NN	learned	non-fiction	B3	B	B23	B	country%1:14:00::	B2	B	BB2	B	 important point emerges concerning the first elections in a developing <font color=green>country</font>  and evaluating their results. In the new country the electoral	4	2	0.9	0.5	6
country/NN/br-j37/958	-0.043389094332726	0.0209013885930049	country	country	NN	learned	non-fiction	B2	B	B23	B	country%1:14:00::	B2	B	BB2	B	 a developing country and evaluating their results. In the new <font color=green>country</font>  the electoral process is considered as a means of resolving	4	3	1.07	0.75	9
country/NN/br-j38/1233	-0.0397449907848672	0.0375829435507869	country	country	NN	learned	non-fiction	B1	B	B14	B	country%1:14:00::	B2	B	BB2	B	 inherent in the system of local school districts in this <font color=green>country</font> . Planning of vocational education programs and courses is oriented to	3	3	0.93	1	12
country/NN/br-j42/2159	-0.0550178327498828	-0.0155076977906906	country	country	NN	learned	non-fiction	B2	B	B23	B	country%1:14:00::	B2	B	BB2	B	 in private litigation because of some contact with a foreign <font color=green>country</font>  were all severed from the older Law of Nations and	3	2	1.38	0.67	5
country/NN/br-j56/1063	0.296845884275207	0.0472277257219199	country	Country	NN	learned	non-fiction	A	A	A	A	country_club%1:14:00::	A	A	A	A	 had come into vogue, but also to witness the Ekwanok <font color=green>Country</font>  Club tournaments. New Yorkers were kept informed of scores by	2	1	1.39	0.5	5
country/NN/br-j58/690	0.140029880183829	0.241102726948239	country	country	NN	learned	non-fiction	B4	B	B14	B	country%1:14:00::	B2	B	BB2	B	 commuted to imprisonment, it would be well- well for the <font color=green>country</font>  and for Virginia''. Despite the excitement being caused by the	1	0	1.39	0	7
country/NN/br-k03/1240	0.158576272383676	0.0306760419254233	country	country	NN	fiction_gral	fiction	A	A	A	A	country%5:00:01:rural:00	A	A	A	A	 sit in the back seat of cars along a dark <font color=green>country</font>  lane. No, they must look the other way and climb	5	2	1.16	0.4	8
country/NN/br-k03/444	-0.0795753573919334	0.28032956533495	country	country	NN	fiction_gral	fiction	A	A	A	A	country%5:00:01:rural:00	A	A	A	A	 or his own sentry. He was a wiry, inscrutable, silent <font color=green>country</font>  boy from the red clay of rural Alabama, and he	4	3	1.67	0.75	6
country/NN/br-k08/28	0.519383777914887	-0.00502487486758383	country	country	NN	fiction_gral	fiction	A	A	A	A	country%1:15:00::	B1	B	B1	B	 too. But while the two men are riding into the <font color=green>country</font> , where they are going to dinner, they are attacked in	3	2	1.24	0.67	2
country/NN/br-k08/558	0.199457915848214	-0.0259421616087862	country	country	NN	fiction_gral	fiction	A	A	A	A	country%1:15:00::	B1	B	B1	B	 one day, while on a week 's visit to the <font color=green>country</font>  home of a retired Swiss jeweler, Rousseau amused the company	3	3	1.54	1	7
country/NN/br-k08/973	0.465349957887154	0.223664268893347	country	country	NN	fiction_gral	fiction	A	A	A	A	country%1:15:01::	A	A	A	A	 just for this once, for this one weekend in the <font color=green>country</font> , he would make a little piece out of his melodies	3	1	0.81	0.33	5
country/NN/br-k17/1967	0.0691488707840469	-0.0235252783892545	country	country	NN	fiction_gral	fiction	B4	B	B14	B	country%1:15:00::	B1	B	B1	B	 wanted was to be a free man in my own <font color=green>country</font> . I 've lost faith, Styka. I used to love this	4	2	0.69	0.5	8
country/NN/br-k17/1981	0.112611042966566	-0.0483997553306964	country	country	NN	fiction_gral	fiction	B4	B	B14	B	country%1:15:00::	B1	B	B1	B	 I 've lost faith, Styka. I used to love this <font color=green>country</font>  and believe that someday we 'd win our battle for	2	2	1.48	1	8
country/NN/br-k22/1652	0.0427774849612321	-0.132615372690101	country	country	NN	fiction_gral	fiction	A	A	A	A	country%1:15:01::	A	A	A	A	 where she had many friends, but Mr. Flannagan thought the <font color=green>country</font>  would be safer in case of war. She would rather	2	1	0.53	0.5	6
country/NN/br-k23/1336	0.165231788123009	0.0556428465425451	country	country	NN	fiction_gral	fiction	A1	A	A	A	country%1:15:01::	A	A	A	A	 wheel. They rarely spoke. Abel sat and regarded the farm <font color=green>country</font>  which, spreading out from both sides of the road, rolled	3	2	1.03	0.67	8
country/NN/br-k25/869	0.169020712618078	-0.212210028035619	country	country	NN	fiction_gral	fiction	B1	B	B14	B	country%1:15:00::	B1	B	B1	B	 shawl over her head, which she had bought in that <font color=green>country</font>  during one of their trips abroad, and handed him a	4	3	1.21	0.75	5
country/NN/br-l11/1246	0.239896417192316	0.0914323282609688	country	country	NN	fiction_mystery	fiction	A	A	A	A	country%1:15:01::	A	A	A	A	 a manner Esquire might suggest for the outdoor man 's <font color=green>country</font>  weekend. Dark gray sports jacket, lighter gray slacks, pink flannel	2	2	1.66	1	10
country/NN/br-n09/1051	-0.261942963010015	0.237811371261096	country	country	NN	fiction_adventure	fiction	A	A	A	A	country%1:15:01::	A	A	A	A	 distant derrick of the wildcat- a test well in unexplored <font color=green>country</font> . And even with her limited knowledge of such things, she	2	0	1.6	0	5
country/NN/br-n09/492	0.0203341709775352	-0.00785275466960349	country	country	NN	fiction_adventure	fiction	B1	B	B14	B	country%1:15:00::	B1	B	B1	B	 gun- a strange ommission for a peace officer in this <font color=green>country</font> . Never, he 'd once told Joyce, had he encountered any	3	3	1.3	1	8
country/NN/br-n11/1733	0.0800785966595965	0.181883887333219	country	country	NN	fiction_adventure	fiction	B1	B	B14	B	country%1:15:02::	A1	A	A	A	 on a first notice: If you do n't leave this <font color=green>country</font>  within 3 days, your life will be taken the same	1	1	0.61	1	6
country/NN/br-n11/2133	0.281711555845869	-0.430580439874525	country	country	NN	fiction_adventure	fiction	A1	A	A	A	country%1:15:02::	A1	A	A	A	 to frighten three rustling homesteaders out of the Upper Laramie <font color=green>country</font>  in a single week.`` My reputation 's my stock in	3	0	1.37	0	5
country/NN/br-p01/180	0.0983283830260241	0.147562021457858	country	country	NN	fiction_romance	fiction	A1	A	A	A	old_country%1:15:00::	B1	B	B1	B	 Rossi, that 's what he was called in the old <font color=green>country</font> ; but here he was just Signore or the Old Man	1	0	0.57	0	5
country/NN/br-p01/465	0.0266044923800754	0.012043478196457	country	country	NN	fiction_romance	fiction	A1	A	A	A	old_country%1:15:00::	B1	B	B1	B	 she had a part on the stage in the old <font color=green>country</font> , she thought she could carry her head higher than ours	1	0	0.42	0	7
country/NN/br-p09/1816	0.178831578466632	-0.0738221136250502	country	country	NN	fiction_romance	fiction	B4	B	B14	B	country%1:14:00::	B2	B	BB2	B	 arm. He hit the theme about dying to defend your <font color=green>country</font> , and you were ready to do it right then, without	3	2	0.89	0.67	7
country/NN/br-p12/2090	0.13032436516986	-0.0445833913284552	country	country	NN	fiction_romance	fiction	B1	B	B14	B	country%1:15:00::	B1	B	B1	B	 him she had met a nice man from his adopted <font color=green>country</font> . And Sam thanked her, and hoped he might meet her	2	0	1.41	0	6
country/NN/br-r06/1538	0.183087342752015	-0.107744903451746	country	country	NN	humor	fiction	B4	B	B14	B	country%1:15:00::	B1	B	B1	B	 too, has undergone a change. It now means, in my <font color=green>country</font> , homosexual'', I said.`` Oh, I forgot to say that if	3	1	0.21	0.33	2
country/NN/br-r08/1810	0.0534134301409916	0.0302100600155423	country	country	NN	humor	fiction	B4	B	B14	B	country%1:15:00::	B1	B	B1	B	 seems to be staging a well deserved comeback. In this <font color=green>country</font> , the two guiding lights are, without doubt, Felix Fing and	2	0	1.43	0	7
country/NNS/br-b13/1273	0.12525096204455	0.116474389802844	country	countries	NNS	press_editorial	press	B1	B	B14	B	country%1:15:00::	B1	B	B1	B	 desire to visit the`` smaller, less traveled and relatively inexpensive <font color=green>countries</font> '', and is now prepared to teach modern Greek and Portuguese	4	1	1.65	0.25	7
country/NNS/br-f14/1851	-0.136457389813409	-0.0818319513192663	country	countries	NNS	popular_lore	fiction	B1	B	B14	B	country%1:15:00::	B1	B	B1	B	 of the Jews in Germany and later in the occupied <font color=green>countries</font>  contributed to terrorizing the populations, splitting apart individuals and groups	4	2	2.47	0.5	6
country/NNS/br-f14/2054	-0.119574197539137	-0.138121027027555	country	countries	NNS	popular_lore	fiction	B	B	B14	B	country%1:14:00::	B2	B	BB2	B	 to post before the world the contrasting fates of the <font color=green>countries</font>  in which the Final Solution was aided by native Jew	4	3	2.37	0.75	5
country/NNS/br-f14/2151	-0.195724077897122	-0.0315585743594702	country	countries	NNS	popular_lore	fiction	B1	B	B14	B	country%1:14:00::	B2	B	BB2	B	 Was n't this meaning of Eichmann 's experience in various <font color=green>countries</font>  worth highlighting? As the first collective confrontation of the Nazi	3	2	2.08	0.67	5
country/NNS/br-f15/1446	-0.109356330022937	-0.0286609379183388	country	countries	NNS	popular_lore	fiction	B4	B	B14	B	country%1:14:00::	B2	B	BB2	B	 This was generally reflected in the civil laws of Christian <font color=green>countries</font> . Today, the Roman Catholic and Orthodox Churches stand virtually alone	4	4	1.73	1	11
country/NNS/br-f15/290	-0.115293071438394	-0.0204064469675879	country	countries	NNS	popular_lore	fiction	B3	B	B23	B	country%1:14:00::	B2	B	BB2	B	 including birth-control information and material in foreign aid to underdeveloped <font color=green>countries</font> . Where it is not actually erupting, it rumbles and smolders	3	2	1.89	0.67	7
country/NNS/br-f23/1716	-0.0109286250237285	0.0210258487138634	country	countries	NNS	popular_lore	fiction	B2	B	B23	B	country%1:14:00::	B2	B	BB2	B	 States- and this purpose may be served very well by <font color=green>countries</font>  that masquerade under a`` neutralist'' mask, yet in fact are	2	0	0.86	0	6
country/NNS/br-f23/2029	0.0160094400692925	-0.134116837706365	country	countries	NNS	popular_lore	fiction	B2	B	B23	B	country%1:14:00::	B2	B	BB2	B	 a Soviet bridgehead ninety miles off our coast. In some <font color=green>countries</font>  the trend has gone further than others: Mexico, Panama, and	4	3	1.77	0.75	7
country/NNS/br-f23/942	0.03882876435776	-0.0184734776421905	country	countries	NNS	popular_lore	fiction	B1	B	B14	B	country%1:14:00::	B2	B	BB2	B	 feed the people''. Add this to the unrest in the <font color=green>countries</font>  around us where oppressed peoples would be ready to turn	5	2	0.64	0.4	7
country/NNS/br-g12/2313	-0.181566535320935	-0.100048929597029	country	countries	NNS	belles_lettres	fiction	B4	B	B14	B	country%1:14:00::	B2	B	BB2	B	 the technological and economic revolutions now going on in the <font color=green>countries</font>  of Asia and Africa, and also of course on how	5	4	2.35	0.8	6
country/NNS/br-g18/2235	0.0225205741474902	0.0788187557140509	country	countries	NNS	belles_lettres	fiction	B	B	B14	B	country%1:14:01::	B	B	BB2	B	 a perfect introduction to Swedish history for readers of other <font color=green>countries</font> . Some of the earlier episodes have touches of the supernatural	3	2	1.86	0.67	7
country/NNS/br-h09/1266	-0.0657605138771203	0.00890939791162539	country	countries	NNS	miscellaneous	non-fiction	B1	B	B14	B	country%1:14:00::	B2	B	BB2	B	 expended in cooperation with public or private agencies in foreign <font color=green>countries</font>  in the development of processes useful to the program in	5	5	1.96	1	8
country/NNS/br-h13/1532	-0.00854595947326047	-0.053923087197206	country	countries	NNS	miscellaneous	non-fiction	B2	B	B23	B	country%1:14:00::	B2	B	BB2	B	 years the United States had been trying to get these <font color=green>countries</font>  to exclude Castro 's representative from secret military talks. But	5	4	1.75	0.8	10
country/NNS/br-h13/2195	0.00827690957499405	-0.0350787274756073	country	countries	NNS	miscellaneous	non-fiction	B2	B	B23	B	country%1:14:00::	B2	B	BB2	B	 without discrimination. Once these conditions of international law are met, <font color=green>countries</font>  that try to run to blockade do so at their	4	3	1.17	0.75	8
country/NNS/br-h13/2315	-0.0274929760904299	-0.154482334827204	country	countries	NNS	miscellaneous	non-fiction	B3	B	B23	B	country%1:14:00::	B2	B	BB2	B	 coming from Russia and Czechoslovakia. Shipments of arms from Western <font color=green>countries</font>  could similarly be seized as contraband. In a total blockade	5	2	1.76	0.4	7
country/NNS/br-h21/1267	-0.0794960041568155	0.0344726716099051	country	countries	NNS	miscellaneous	non-fiction	B1	B	B14	B	country%1:14:00::	B2	B	BB2	B	 a rider which limits competitive bidding by firms in other <font color=green>countries</font>  on certain military supply items. As I have repeatedly stated	2	1	2.42	0.5	11
country/NNS/br-j10/1243	-0.0202804906050121	0.125894961225761	country	countries	NNS	learned	non-fiction	B2	B	B23	B	european_country%1:15:00::	B1	B	B1	B	 the`` cuckoo bumblebee'' as it is called in some European <font color=green>countries</font> . Female individuals of Psithyrus look deceptively like the workers and	2	0	1.46	0	8
country/NNS/br-j22/1149	-0.041233640009437	-0.0102376055603996	country	countries	NNS	learned	non-fiction	B4	B	B14	B	country%1:14:00::	B2	B	BB2	B	 likely to be a pressing issue in many of these <font color=green>countries</font> . It should be American policy not only to encourage effective	3	3	0.97	1	9
country/NNS/br-j22/1309	-0.276332103336906	-0.0978847045051851	country	countries	NNS	learned	non-fiction	B3	B	B23	B	country%1:14:00::	B2	B	BB2	B	 At a third stage in the modernization process are such <font color=green>countries</font>  as India, Brazil, the Philippines, and Taiwan, which are ready	6	3	2.47	0.5	5
country/NNS/br-j22/1375	-0.0539642096236054	0.0447398270193715	country	countries	NNS	learned	non-fiction	B3	B	B23	B	country%1:14:00::	B2	B	BB2	B	 in the program to wider and wider groups. But these <font color=green>countries</font>  have made big strides toward developing the necessary human and	4	4	1.56	1	7
country/NNS/br-j22/1437	-0.134846998477707	0.017837422356862	country	countries	NNS	learned	non-fiction	B3	B	B23	B	country%1:14:00::	B2	B	BB2	B	 economies. On the economic front, the first priority of these <font color=green>countries</font>  is to mobilize a vastly increased volume of resources. Several	4	4	1.99	1	7
country/NNS/br-j22/1464	-0.129730214893911	0.047514224889914	country	countries	NNS	learned	non-fiction	B3	B	B23	B	country%1:14:00::	B2	B	BB2	B	 carried out if self-sustaining growth is to be achieved. These <font color=green>countries</font>  must formulate a comprehensive, long-term program covering the objectives of	4	3	2.13	0.75	9
country/NNS/br-j22/171	-0.0115657398833133	0.00828807684545538	country	countries	NNS	learned	non-fiction	B2	B	B23	B	country%1:14:00::	B2	B	BB2	B	 and dangerous consequences of social change which have troubled other <font color=green>countries</font>  passing through this stage can be escaped. The United States	4	3	1.76	0.75	10
country/NNS/br-j22/194	-0.0382347345355826	0.00883668259470905	country	countries	NNS	learned	non-fiction	B2	B	B23	B	country%1:14:00::	B2	B	BB2	B	 help by communicating a genuine concern with the problems these <font color=green>countries</font>  face and a readiness to provide technical and other appropriate	3	3	2.2	1	11
country/NNS/br-j22/1968	-0.00611883382621575	-0.0451358214387061	country	countries	NNS	learned	non-fiction	B4	B	B14	B	country%1:14:00::	B2	B	BB2	B	 to take seriously their claims to being democratic and free <font color=green>countries</font> ; we also have, in consequence, the duty to appraise realistically	2	2	1.7	1	8
country/NNS/br-j22/2116	-0.142675672988553	-0.0674697629172558	country	countries	NNS	learned	non-fiction	B3	B	B23	B	country%1:14:00::	B2	B	BB2	B	 generate. It follows that any effective policy toward the underdeveloped <font color=green>countries</font>  must have a realistically long working horizon. It must be	3	2	2.07	0.67	5
country/NNS/br-j22/257	-0.211449989732547	0.0458998839288842	country	countries	NNS	learned	non-fiction	B3	B	B23	B	country%1:14:00::	B2	B	BB2	B	 and the lack of cohesion and stability which characterize these <font color=green>countries</font>  may make them particularly prone to diversions and external adventures	2	0	2.44	0	7
country/NNS/br-j22/347	-0.05071000016308	-0.0345083239268839	country	countries	NNS	learned	non-fiction	B2	B	B23	B	country%1:14:00::	B2	B	BB2	B	 world scene. When necessary, we should make it clear that <font color=green>countries</font>  which choose to derive marginal advantages from the cold war	5	5	2.04	1	9
country/NNS/br-j22/397	-0.0709574529276172	0.0275070207149781	country	countries	NNS	learned	non-fiction	B3	B	B23	B	country%1:14:00::	B2	B	BB2	B	 As a nation, we feel an obligation to assist other <font color=green>countries</font>  in their development; but this obligation pertains only to countries	2	2	2.22	1	8
country/NNS/br-j22/408	-0.115499260957739	0.0270014513104039	country	countries	NNS	learned	non-fiction	B2	B	B23	B	country%1:14:00::	B2	B	BB2	B	 countries in their development; but this obligation pertains only to <font color=green>countries</font>  which are honestly seeking to become responsible members of a	4	4	1.84	1	6
country/NNS/br-j22/429	-0.0965016297708871	-0.127517857771703	country	countries	NNS	learned	non-fiction	B2	B	B23	B	country%1:14:00::	B2	B	BB2	B	 a stable and forward-moving world community. When we look at <font color=green>countries</font>  like Iran, Iraq, Pakistan, and Burma, where substantial progress has	8	3	1.44	0.38	4
country/NNS/br-j22/474	-0.0641633175641386	0.032886766336452	country	countries	NNS	learned	non-fiction	B2	B	B23	B	country%1:14:00::	B2	B	BB2	B	 of centralized government exist, we find a second category of <font color=green>countries</font>  with a different set of problems and hence different priorities	4	2	1.68	0.5	9
country/NNS/br-j22/603	-0.0927239418025864	-0.00166449109951976	country	countries	NNS	learned	non-fiction	B2	B	B23	B	country%1:14:00::	B2	B	BB2	B	 achieve the national goals of modernization already symbolically accepted. Most <font color=green>countries</font>  in this second category share the difficulty of having many	3	3	2.12	1	9
country/NNS/br-j22/892	-0.0938717381933654	0.0501945436737212	country	countries	NNS	learned	non-fiction	B2	B	B23	B	country%1:14:00::	B2	B	BB2	B	 performance can we provide telling assistance. With respect to those <font color=green>countries</font>  whose leaders prefer to live with their illusions, we can	2	2	1.73	1	7
country/NNS/br-j22/929	-0.12106429633545	0.0403908323996796	country	countries	NNS	learned	non-fiction	B3	B	B23	B	country%1:14:00::	B2	B	BB2	B	 clear for all to see. Our technical assistance to these <font color=green>countries</font>  should place special emphasis on inducing the central governments to	4	4	1.71	1	7
country/NNS/br-j37/1682	-0.104407532771915	0.0172119624041487	country	countries	NNS	learned	non-fiction	B2	B	B23	B	country%1:14:00::	B2	B	BB2	B	 solutions devised in the electoral experiences of the rapidly changing <font color=green>countries</font>  are often of comparative value and essential to evaluating election	4	4	2.1	1	12
country/NNS/br-j42/1418	-0.0208191073646458	0.0203327673910683	country	countries	NNS	learned	non-fiction	B2	B	B23	B	country%1:14:00::	B2	B	BB2	B	 the Common Law in England. Codification was followed in all <font color=green>countries</font>  by a growing amount of legislation, some changing and adjusting	4	3	1.54	0.75	8
country/NNS/br-j42/428	-0.0524134819632615	-0.187243489179791	country	countries	NNS	learned	non-fiction	B2	B	B23	B	country%1:14:00::	B2	B	BB2	B	 from the North) was the neutralization of the Latin American <font color=green>countries</font> ; out of the question was the neutralization of Asia and	3	1	1.34	0.33	7
country/NNS/br-j42/665	-0.192041387974357	0.00927243312496162	country	countries	NNS	learned	non-fiction	B2	B	B23	B	country%1:14:00::	B2	B	BB2	B	 civilization must formally enter into the circle of law governed <font color=green>countries</font> . They must do something with the acquiescence of the latter	3	3	1.83	1	8
