id	model.x	model.y	lemma	wf	pos	newPos	genre	broadGenre	newBroadGenre	marisense	mbroad	mari3	mari2	sensekey	wnsense	wnbroad	wn3	wn2	text	cues	cuesWithWeight	meanWeight	weightedCuesRatio	weightedCW
church/NN/br-e13/272	-0.0805983347387394	0.209733745780766	church	Church	NN	NNP	skill_and_hobbies	tech	informative	B	B	AB	AB	Z	Z	Z	Z	Z	 shifted religions- although the Patriarch, or Pope, of the Orthodox <font color=green>Church</font>  continued to live there, and still does- and became the	3	1	1.25	0.33	4
church/NN/br-e13/754	-0.0800136300209255	-0.214882999056787	church	church	NN	NN	skill_and_hobbies	tech	informative	D	D	DE	CDE	Z	Z	Z	Z	Z	 the first of which was begun by Constantine, this fourth <font color=green>church</font>  was started by Justinian in 532 and completed twenty years	4	4	0.36	1	6
church/NN/br-h17/1199	-0.0725846539394723	0.110352765408538	church	church	NN	NN	miscellaneous	tech	informative	C	C	C	CDE	church%1:14:00::	B	B	AB	AB	 because of his willingness to kill in defense of his <font color=green>church</font>  and home. Upon administrative approval of the reclassification, he was	2	1	1.75	0.5	6
church/NN/br-h17/1434	0.0441430530170556	-0.0740065407869207	church	church	NN	NN	miscellaneous	tech	informative	C	C	C	CDE	church%1:14:00::	B	B	AB	AB	 preaching and from 20 to 25 hours per month to <font color=green>church</font>  activities. His claim was therefore`` so highly exaggerated'', the Department	1	1	1.33	1	8
church/NN/br-j23/1105	-0.0323959938092898	0.0780770394988698	church	church	NN	NN	learned	tech	informative	C	C	C	CDE	church_member%1:18:00::	C	C	C	CDE	 which is reflective of our common religion. Even the non <font color=green>church</font>  members- the freewheelers, marginal religionists and so on- have the	2	2	1.18	1	6
church/NN/br-j57/2237	-0.224673080137238	0.0884866951058164	church	Church	NN	NNP	learned	tech	informative	A	A	AB	AB	church_father%1:18:00::	A	A	AB	AB	 which reached Christianity by the way of Stoicism through the <font color=green>Church</font>  Fathers of Late Antiquity.	3	2	1.58	0.67	4
church/NN/br-j57/958	-0.162030552924399	0.0563144798525931	church	Church	NN	NNP	learned	tech	informative	A	A	AB	AB	church_father%1:18:00::	A	A	AB	AB	 all possessions. This conception was taken up by the early <font color=green>Church</font>  Fathers and by canon lawyers and theologians in the Middle	5	3	1.27	0.6	8
church/NN/br-j58/1496	-0.115765564369704	0.0782934493131631	church	church	NN	NN	learned	tech	informative	D	D	DE	CDE	church_bell%1:06:00::	D	D	DE	CDE	 In many Northern towns and cities meetings were held and <font color=green>church</font>  bells were tolled. Such was not the case in Rhode	4	2	0.95	0.5	9
church/NNS/br-e12/1082	-0.187568130652567	-0.0176970174637011	church	churches	NNS	NNS	skill_and_hobbies	tech	informative	D	D	DE	CDE	Z	Z	Z	Z	Z	 famous Alamo and photograph 18 th Century Spanish buildings and <font color=green>churches</font> . The Great Smoky Mountains is another area of the South	3	3	2.55	1	8
church/NNS/br-e13/808	-0.1384008978952	-0.123726949469979	church	churches	NNS	NNS	skill_and_hobbies	tech	informative	D	D	DE	CDE	Z	Z	Z	Z	Z	 fell in. Nevertheless, it remained one of the most splendid <font color=green>churches</font>  of the Eastern Empire, where the Byzantine Emperors were crowned	2	1	2.12	0.5	6
country/NN/br-e03/1334	0.00431432547958614	-0.062618980785885	country	country	NN	NN	skill_and_hobbies	tech	informative	B1	B	B14	B	Z	Z	Z	Z	Z	 could use all the small airfields we have in this <font color=green>country</font> , we could disperse our strategic aircraft by a factor of	4	2	1.1	0.5	7
country/NN/br-e06/1085	0.0799680659163785	-0.172313100681949	country	country	NN	NN	skill_and_hobbies	tech	informative	B1	B	B14	B	Z	Z	Z	Z	Z	 making life easier for the growing boating population of the <font color=green>country</font> ; and to making the owning of a boat simpler. There	2	2	1.18	1	7
country/NN/br-e06/237	-0.0281919203520484	-0.195734291704952	country	country	NN	NN	skill_and_hobbies	tech	informative	B1	B	B14	B	Z	Z	Z	Z	Z	 fringe benefit, providing boating and fishing havens all over the <font color=green>country</font> . No matter how determined or wealthy boating lovers of the	3	2	1.9	0.67	9
country/NN/br-e06/608	0.0621728807523575	-0.21594907155042	country	country	NN	NN	skill_and_hobbies	tech	informative	B1	B	B14	B	Z	Z	Z	Z	Z	 hauled to new horizons. The variety of craft on the <font color=green>country</font>  's waters today is overwhelming. They range from an eight-foot	3	2	1.54	0.67	8
country/NN/br-e06/952	-0.0501838925798496	-0.00825884161466324	country	country	NN	NN	skill_and_hobbies	tech	informative	B3	B	B23	B	Z	Z	Z	Z	Z	 comes to boats and their motors, Americans excel over any <font color=green>country</font>  in the world in the long run. Russia, whose technology	3	2	1.24	0.67	7
country/NN/br-e12/1062	-0.164670722451967	-0.000977474051696626	country	country	NN	NN	skill_and_hobbies	tech	informative	A1	A	A	A	Z	Z	Z	Z	Z	 museums. In contrast are the vast open stretches of ranch <font color=green>country</font>  and oil wells. In San Antonio visit the famous Alamo	5	4	1.36	0.8	8
country/NN/br-e12/1718	-0.114222650830049	-0.304004980816915	country	country	NN	NN	skill_and_hobbies	tech	informative	A1	A	A	A	Z	Z	Z	Z	Z	 hatched his boyish mischief. Similarly in Illinois there is Lincoln <font color=green>country</font>  to be seen- his tomb and other landmarks. Minnesota, fabled	3	2	1.28	0.67	7
country/NN/br-e12/175	0.0841644346757388	-0.321214339208912	country	country	NN	NN	skill_and_hobbies	tech	informative	B1	B	B14	B	Z	Z	Z	Z	Z	 this special U. S. A. vacation feature. We divided the <font color=green>country</font>  into five regions plus Hawaii and Alaska and in each	2	2	1.62	1	6
country/NN/br-e12/2274	-0.701928187054791	0.153768383148994	country	country	NN	NN	skill_and_hobbies	tech	informative	A	A	A	A	Z	Z	Z	Z	Z	 formations of eroded rock which loom out of the semiarid <font color=green>country</font>  in both parks. Colorado 's Grand Canyon, probably the most	4	1	2.1	0.25	2
country/NN/br-e12/31	-0.0130503162188112	-0.0249774900377664	country	country	NN	NN	skill_and_hobbies	tech	informative	B1	B	B14	B	Z	Z	Z	Z	Z	 textbook description alone, the overwhelming space and variety of this <font color=green>country</font>  held together under one government. The miracle of democratic America	6	5	1.44	0.83	9
country/NN/br-e12/351	-0.269662011042831	-0.0610626054703692	country	country	NN	NN	skill_and_hobbies	tech	informative	A1	A	A	A	Z	Z	Z	Z	Z	 or to Lancaster, Pa., the center of the Pennsylvania Dutch <font color=green>country</font> ; Philadelphia with its historic buildings and nearby Valley Forge; to	2	2	1.62	1	6
country/NN/br-e17/338	0.147336837615816	-0.190984159196286	country	country	NN	NN	skill_and_hobbies	tech	informative	B1	B	B14	B	Z	Z	Z	Z	Z	 that building codes and regulations vary so much throughout the <font color=green>country</font> , the first thing to do is to find out what	4	3	1.45	0.75	6
country/NN/br-e18/632	-0.0664270227729285	-0.0871230759222034	country	country	NN	NN	skill_and_hobbies	tech	informative	B1	B	B14	B	Z	Z	Z	Z	Z	 Newburyport was the inventor of the arched bridges in this <font color=green>country</font> . As Mr. Palmer was educated to house-building only, and had	3	1	1.38	0.33	7
country/NN/br-e20/6	-0.215423725042378	0.00526158399741331	country	country	NN	NN	skill_and_hobbies	tech	informative	B1	B	B14	B	Z	Z	Z	Z	Z	 Draw a line across the <font color=green>country</font>  at the latitude of lower Pennsylvania. Any house built now	3	2	1.03	0.67	7
country/NN/br-e28/1281	-0.00954000971812204	-0.0568334141375108	country	country	NN	NN	skill_and_hobbies	tech	informative	B1	B	B14	B	country%1:15:00::	B1	B	B1	B	 some benefit they can share? In one company covering the <font color=green>country</font>  with a high quality sales force of 10 men, the	2	2	0.94	1	8
country/NN/br-e29/1920	-0.052434625537743	-0.0493415698585318	country	country	NN	NN	skill_and_hobbies	tech	informative	B1	B	B14	B	country%1:15:00::	B1	B	B1	B	 a candidate. Since there are almost no schools in the <font color=green>country</font>  offering graduate work in interior design this rule cannot at	2	1	0.67	0.5	9
country/NN/br-e30/1177	0.044655104084063	-0.121757126988358	country	country	NN	NN	skill_and_hobbies	tech	informative	B1	B	B14	B	country%1:15:00::	B1	B	B1	B	 What 's your profit margin? In what section of the <font color=green>country</font>  are you located? Are you in a rural or urban	4	2	1.14	0.5	6
country/NN/br-e31/1795	-0.0327821782869396	-0.125807886272555	country	country	NN	NN	skill_and_hobbies	tech	informative	B4	B	B14	B	country%1:15:00::;1:14:00::	B1	B	B1	B	 and( 6) more education. The more people learn about their <font color=green>country</font> , the more they want to learn. Camping is family fun	3	4	1.01	1.33	7
country/NN/br-e31/1819	-0.0864719836851092	-0.00459226049693348	country	country	NN	NN	skill_and_hobbies	tech	informative	B1	B	B14	B	country%1:15:00::	B1	B	B1	B	 and it is helping more Americans see more of the <font color=green>country</font>  than they ever saw before. But make no mistake about	2	2	0.89	1	9
country/NN/br-h02/105	0.0300079365224707	0.0089950012422903	country	country	NN	NN	miscellaneous	tech	informative	B2	B	B23	B	Z	Z	Z	Z	Z	 growth nor a development program can be imposed on a <font color=green>country</font> ; it must express the nation 's own will and goal	4	4	0.97	1	8
country/NN/br-h02/1401	0.0125403867935029	-0.00907178485255987	country	country	NN	NN	miscellaneous	tech	informative	B3	B	B23	B	Z	Z	Z	Z	Z	 show substantial success in this effort will vary greatly from <font color=green>country</font>  to country. In several significant cases, such as India, a	4	3	1.59	0.75	11
country/NN/br-h02/1403	0.00999461503285859	-0.00288591215158674	country	country	NN	NN	miscellaneous	tech	informative	B3	B	B23	B	Z	Z	Z	Z	Z	 success in this effort will vary greatly from country to <font color=green>country</font> . In several significant cases, such as India, a decade of	4	4	1.64	1	11
country/NN/br-h02/1763	0.0488586166517037	-0.00509151466109189	country	country	NN	NN	miscellaneous	tech	informative	B3	B	B23	B	Z	Z	Z	Z	Z	 firms involve multi-year budgeting and the same is true of <font color=green>country</font>  development programs. More importantly, several of the more advanced of	3	2	1.14	0.67	8
country/NN/br-h02/206	0.102440705247062	0.00701004931374971	country	country	NN	NN	miscellaneous	tech	informative	B3	B	B23	B	Z	Z	Z	Z	Z	 formulation of programs for development which are adapted to the <font color=green>country</font>  's objectives and resources. This includes assistance in- assembling the	5	5	1.99	1	7
country/NN/br-h02/351	0.234739942822571	0.0452718439439921	country	country	NN	NN	miscellaneous	tech	informative	B3	B	B23	B	Z	Z	Z	Z	Z	 programing and budgeting completely beyond the capabilities of the recipient <font color=green>country</font>  would result in the frustration of the basic objective of	3	1	1.3	0.33	5
country/NN/br-h02/439	0.151155312845393	-0.0463730725383115	country	country	NN	NN	miscellaneous	tech	informative	B3	B	B23	B	Z	Z	Z	Z	Z	 transport, communications, and agricultural improvement despite the absence of acceptable <font color=green>country</font>  programs. In such a case, however, we would encourage the	3	3	1.53	1	7
country/NN/br-h02/454	0.156039700806817	0.0224364128431617	country	country	NN	NN	miscellaneous	tech	informative	B3	B	B23	B	Z	Z	Z	Z	Z	 In such a case, however, we would encourage the recipient <font color=green>country</font>  to get on with its programing task, supply it with	5	4	1.52	0.8	6
country/NN/br-h02/490	0.114906615130604	0.0108056936226229	country	country	NN	NN	miscellaneous	tech	informative	B3	B	B23	B	Z	Z	Z	Z	Z	 expansion or even a continuation of our assistance to the <font color=green>country</font>  's development was conditional upon programing progress being made. At	4	4	1.5	1	7
country/NN/br-h02/572	0.0444143972141554	0.0124343442697129	country	country	NN	NN	miscellaneous	tech	informative	B3	B	B23	B	Z	Z	Z	Z	Z	 developed countries, of the essential foreign exchange requirements of the <font color=green>country</font>  's development program. A systematic approach to development budgeting and	5	4	1.32	0.8	9
country/NN/br-h02/801	0.152980866183683	-0.00648470195163259	country	country	NN	NN	miscellaneous	tech	informative	B3	B	B23	B	Z	Z	Z	Z	Z	 have made clear that we are genuinely concerned with a <font color=green>country</font>  's development potential, we can be blunt in suggesting the	2	2	1.12	1	5
country/NN/br-h02/952	0.0719867360136935	-0.0127762815037924	country	country	NN	NN	miscellaneous	tech	informative	B3	B	B23	B	Z	Z	Z	Z	Z	 must be able to share in the growth of a <font color=green>country</font> . Otherwise, development will not lead to longrun stability. In many	3	2	1.09	0.67	5
country/NN/br-h03/1107	-0.022135621246276	-0.0262109598520837	country	country	NN	NN	miscellaneous	tech	informative	B4	B	B14	B	Z	Z	Z	Z	Z	 be reflected in the devotion of our services to our <font color=green>country</font> . For what Sam Rayburn 's life in this House teaches	2	2	1.34	1	8
country/NN/br-h03/1138	-0.301037663497405	-0.178437141946757	country	country	NN	NN	miscellaneous	tech	informative	B4	B	B14	B	Z	Z	Z	Z	Z	 and there is no such thing as being for your <font color=green>country</font>  and neglecting your district. There is no such thing as	2	1	0.43	0.5	6
country/NN/br-h03/1589	-0.0613005069122404	0.0194594546669565	country	country	NN	NN	miscellaneous	tech	informative	B4	B	B14	B	Z	Z	Z	Z	Z	 all the Americans who have played a part in the <font color=green>country</font>  's history since the beginning. I pay my personal tribute	4	3	1.14	0.75	6
country/NN/br-h03/1847	-0.0871138561178024	-0.0676695169021642	country	country	NN	NN	miscellaneous	tech	informative	B4	B	B14	B	Z	Z	Z	Z	Z	 the greatest American public figures in the history of our <font color=green>country</font>  and I consider that I have been signally honored in	4	3	1.63	0.75	5
country/NN/br-h03/351	-0.0768633759998749	-0.0265972931902934	country	country	NN	NN	miscellaneous	tech	informative	B4	B	B14	B	Z	Z	Z	Z	Z	 alone his own district but all the people of our <font color=green>country</font> . To honor him is to honor ourselves. In this my	3	1	1.53	0.33	8
country/NN/br-h03/66	-0.125772068040294	0.0186761560554822	country	country	NN	NN	miscellaneous	tech	informative	B4	B	B14	B	Z	Z	Z	Z	Z	 has ever known. Then I have seen the pride of <font color=green>country</font>  well in the eyes of these young people. So, I	2	2	1.09	1	6
country/NN/br-h03/688	-0.158337845797262	-0.0991701387344219	country	country	NN	NN	miscellaneous	tech	informative	B4	B	B14	B	Z	Z	Z	Z	Z	 honesty- all dedicated to secure the best interests of the <font color=green>country</font>  he has loved and served so long. May the Divine	3	3	1.43	1	7
country/NN/br-h03/705	-0.0494829655845959	-0.102821415479349	country	country	NN	NN	miscellaneous	tech	informative	B4	B	B14	B	Z	Z	Z	Z	Z	 so long. May the Divine Speaker in Heaven bless this <font color=green>country</font>  with Sam Rayburn 's continued service here for years to	1	0	1.6	0	4
country/NN/br-h03/862	0.0169101121906109	-0.0405769816088032	country	country	NN	NN	miscellaneous	tech	informative	B4	B	B14	B	Z	Z	Z	Z	Z	 would define the immense service of this patriot to his <font color=green>country</font> . But the task is beyond me because I hold it	2	1	1.21	0.5	6
country/NN/br-h08/2000	-0.0108267213943196	-0.0124580684116399	country	country	NN	NN	miscellaneous	tech	informative	B4	B	B14	B	Z	Z	Z	Z	Z	 and high standard of living we enjoy in this great <font color=green>country</font>  with the oppression and frugality of other nations to realize	6	4	1.19	0.67	9
country/NN/br-h08/2028	-0.0348610775385489	0.308865019506945	country	country	NN	NN	miscellaneous	tech	informative	B4	B	B14	B	Z	Z	Z	Z	Z	 has been with us since the very beginning of our <font color=green>country</font> . And yet, accompanying our gratitude is the realization that we	3	1	1.14	0.33	6
country/NN/br-h09/1301	0.0152591899244225	-0.010741584851441	country	country	NN	NN	miscellaneous	tech	informative	B1	B	B14	B	country%1:14:00::	B2	B	BB2	B	 made with any public or private agency in a foreign <font color=green>country</font>  shall contain provisions effective to insure that the results or	2	2	1.22	1	11
country/NN/br-h18/1493	0.0050814980876812	-0.00180715828690956	country	country	NN	NN	miscellaneous	tech	informative	B2	B	B23	B	country%1:14:00::	B2	B	BB2	B	 we are to conduct ourselves, in policy literature such as <font color=green>country</font>  papers and National Security Council papers accumulated in the Department	5	6	1.13	1.2	9
country/NN/br-h18/1813	-0.00573753193960534	-0.00554501421492144	country	country	NN	NN	miscellaneous	tech	informative	B4	B	B14	B	country%1:14:00::	B2	B	BB2	B	 action can hope to win public support, first in this <font color=green>country</font>  and then abroad? For the policy officer will know that	5	5	1.64	1	9
country/NN/br-h18/1847	0.0268730391120455	-0.0372449463471555	country	country	NN	NN	miscellaneous	tech	informative	B3	B	B23	B	country%1:14:01::	B	B	BB2	B	 of policy will be conditioned by the readiness of the <font color=green>country</font>  to sustain it. He is interested in public opinion for	5	5	1.46	1	9
country/NN/br-h18/2087	0.0159197412701476	-0.13038067647913	country	country	NN	NN	miscellaneous	tech	informative	B2	B	B23	B	country%1:14:00::	B2	B	BB2	B	 public opinion until the President and the leaders of the <font color=green>country</font>  have gone to the public to explain what is required	3	4	0.98	1.33	8
country/NN/br-h18/2142	0.21705680936043	0.288083703516764	country	country	NN	NN	miscellaneous	tech	informative	B4	B	B14	B	country%1:14:01::	B	B	BB2	B	 Marshall plan, any public-opinion expert would have said that the <font color=green>country</font>  would have accepted such proposals. The problem in the policy	4	2	0.87	0.5	6
country/NN/br-h18/857	0.198302718195534	-0.053701269842769	country	country	NN	NN	miscellaneous	tech	informative	B1	B	B14	B	country%1:15:00::	B1	B	B1	B	 the representatives of other agencies who are stationed in his <font color=green>country</font> . He is expected to supervise, to encourage, to direct, to	2	1	1.6	0.5	4
country/NN/br-j22/38	-0.144791590843703	0.158133021758676	country	country	NN	NN	learned	tech	informative	A	A	A	A	country%1:14:00::	B2	B	BB2	B	 divisive forces, the gaps between rulers and subjects, town and <font color=green>country</font> , will widen; new aspirants for power will emerge whose ambitions	4	0	0.59	0	4
country/NN/br-j26/1711	0.194424913724514	-0.141004573467108	country	country	NN	NN	learned	tech	informative	B1	B	B14	B	Z	Z	Z	Z	Z	 Uniform questions, definitions, and procedures were enforced throughout the whole <font color=green>country</font> . Data were obtained, separately, on three classes of persons:( a	2	1	1.3	0.5	7
country/NN/br-j37/1184	0.00674646564343094	-0.0183099696012698	country	country	NN	NN	learned	tech	informative	B1	B	B14	B	country%1:15:00::	B1	B	B1	B	 communication and understanding in the more remote areas of the <font color=green>country</font> , but it also served to minimize the national political value	3	3	1.31	1	9
country/NN/br-j37/949	-0.000669447587384695	-0.0196047324029946	country	country	NN	NN	learned	tech	informative	B3	B	B23	B	country%1:14:00::	B2	B	BB2	B	 important point emerges concerning the first elections in a developing <font color=green>country</font>  and evaluating their results. In the new country the electoral	4	2	0.9	0.5	6
country/NN/br-j37/958	0.0210832122133179	-0.0176849662159444	country	country	NN	NN	learned	tech	informative	B2	B	B23	B	country%1:14:00::	B2	B	BB2	B	 a developing country and evaluating their results. In the new <font color=green>country</font>  the electoral process is considered as a means of resolving	4	3	1.07	0.75	9
country/NN/br-j38/1233	0.0123173332919989	-0.0293406040466258	country	country	NN	NN	learned	tech	informative	B1	B	B14	B	country%1:14:00::	B2	B	BB2	B	 inherent in the system of local school districts in this <font color=green>country</font> . Planning of vocational education programs and courses is oriented to	3	3	0.93	1	12
country/NN/br-j42/2159	0.0095980933832096	0.0165624057535035	country	country	NN	NN	learned	tech	informative	B2	B	B23	B	country%1:14:00::	B2	B	BB2	B	 in private litigation because of some contact with a foreign <font color=green>country</font>  were all severed from the older Law of Nations and	3	2	1.37	0.67	5
country/NN/br-j56/1063	-0.177483393928026	-0.212290677508899	country	Country	NN	NNP	learned	tech	informative	A	A	A	A	country_club%1:14:00::	A	A	A	A	 had come into vogue, but also to witness the Ekwanok <font color=green>Country</font>  Club tournaments. New Yorkers were kept informed of scores by	2	1	1.39	0.5	5
country/NN/br-j58/690	-0.254051980283289	0.12735554311544	country	country	NN	NN	learned	tech	informative	B4	B	B14	B	country%1:14:00::	B2	B	BB2	B	 commuted to imprisonment, it would be well- well for the <font color=green>country</font>  and for Virginia''. Despite the excitement being caused by the	1	0	1.39	0	7
country/NNS/br-h02/1163	0.0800849086962818	0.0190941408156786	country	countries	NNS	NNS	miscellaneous	tech	informative	B3	B	B23	B	Z	Z	Z	Z	Z	 on a sustained basis, tailored to priority needs, to those <font color=green>countries</font>  making serious efforts in self-help. In many instances it can	3	2	2.4	0.67	8
country/NNS/br-h02/1181	0.0380211669675444	0.0278129395485489	country	countries	NNS	NNS	miscellaneous	tech	informative	B2	B	B23	B	Z	Z	Z	Z	Z	 many instances it can withhold or limit its aid to <font color=green>countries</font>  not yet willing to make such efforts. There are other	1	1	2.06	1	8
country/NNS/br-h02/1193	-0.000747808545330254	0.0157231549633467	country	countries	NNS	NNS	miscellaneous	tech	informative	B2	B	B23	B	Z	Z	Z	Z	Z	 not yet willing to make such efforts. There are other <font color=green>countries</font>  where, with skillful diplomacy, we may be able by our	2	1	1.47	0.5	9
country/NNS/br-h02/1242	0.166176209205528	0.0483902076046949	country	countries	NNS	NNS	miscellaneous	tech	informative	B3	B	B23	B	Z	Z	Z	Z	Z	 Governments are rarely monolithic. But there will be still other <font color=green>countries</font>  where, despite the inadequacy of the level of self-help, we	4	2	1.63	0.5	6
country/NNS/br-h02/1335	0.0736130761914992	0.0254848209686242	country	countries	NNS	NNS	miscellaneous	tech	informative	B3	B	B23	B	Z	Z	Z	Z	Z	 promote the economic and social development of the less developed <font color=green>countries</font> . This is not a short-run goal. To have any success	5	5	2.35	1	8
country/NNS/br-h02/1422	0.0664970703057874	0.153730812411514	country	countries	NNS	NNS	miscellaneous	tech	informative	B3	B	B23	B	Z	Z	Z	Z	Z	 as India, a decade of concentrated effort can launch these <font color=green>countries</font>  into a stage in which they can carry forward their	4	4	2.44	1	8
country/NNS/br-h02/1480	0.0912437109182107	0.0171177363243423	country	countries	NNS	NNS	miscellaneous	tech	informative	B	B	B14	B	Z	Z	Z	Z	Z	 absorb the bulk of our capital assistance. The number of <font color=green>countries</font>  thus favorably situated is small, but their peoples constitute over	3	3	1.83	1	9
country/NNS/br-h02/1516	-0.0205726531679018	0.013972894496811	country	countries	NNS	NNS	miscellaneous	tech	informative	B3	B	B23	B	Z	Z	Z	Z	Z	 decade of the sixties, we can hope that many other <font color=green>countries</font>  will ready themselves for the big push into self-sustaining growth	4	2	1.61	0.5	4
country/NNS/br-h02/1779	0.0887349918278689	0.0828996449362637	country	countries	NNS	NNS	miscellaneous	tech	informative	B3	B	B23	B	Z	Z	Z	Z	Z	 importantly, several of the more advanced of the less developed <font color=green>countries</font>  have found through experience that they must plan their own	3	3	2.28	1	7
country/NNS/br-h02/1885	0.0773717137294184	0.0619080736700993	country	countries	NNS	NNS	miscellaneous	tech	informative	B3	B	B23	B	Z	Z	Z	Z	Z	 can be employed. Most important of all, the less developed <font color=green>countries</font>  must be persuaded to take the necessary steps to allocate	4	4	2.12	1	10
country/NNS/br-h02/1983	0.0813720346545955	0.0326838178631231	country	countries	NNS	NNS	miscellaneous	tech	informative	B3	B	B23	B	Z	Z	Z	Z	Z	 be related to long-range development plans. If the less developed <font color=green>countries</font>  are to be persuaded to adopt a long-term approach, the	5	5	2.25	1	13
country/NNS/br-h02/2052	0.0919239682588539	0.067058988969992	country	countries	NNS	NNS	miscellaneous	tech	informative	B3	B	B23	B	Z	Z	Z	Z	Z	 The extent to which we can persuade the less developed <font color=green>countries</font>  to appraise their own resources, to set targets toward which	4	4	2.68	1	8
country/NNS/br-h02/2175	0.0151830832166435	0.0290793449131518	country	countries	NNS	NNS	miscellaneous	tech	informative	B2	B	B23	B	Z	Z	Z	Z	Z	 incentive for them will be clear evidence that where other <font color=green>countries</font>  have done this kind of home work we have responded	2	1	1.49	0.5	9
country/NNS/br-h02/318	0.0503458522348195	0.0271524120297937	country	countries	NNS	NNS	miscellaneous	tech	informative	B3	B	B23	B	Z	Z	Z	Z	Z	 cannot, of course, be mechanical. It must be recognized that <font color=green>countries</font>  at different stages of development have very different capabilities of	3	2	1.53	0.67	10
country/NNS/br-h02/513	0.0368879081191313	0.06046790150455	country	countries	NNS	NNS	miscellaneous	tech	informative	B3	B	B23	B	Z	Z	Z	Z	Z	 the other end of the spectrum, where the more advanced <font color=green>countries</font>  can be relied upon to make well thought through decisions	3	3	1.88	1	9
country/NNS/br-h02/562	0.0449681361658132	0.0163982611478873	country	countries	NNS	NNS	miscellaneous	tech	informative	B3	B	B23	B	Z	Z	Z	Z	Z	 to move toward long-term support, in cooperation with other developed <font color=green>countries</font> , of the essential foreign exchange requirements of the country 's	6	5	2.24	0.83	10
country/NNS/br-h02/626	0.0680620117286934	0.027955691098785	country	countries	NNS	NNS	miscellaneous	tech	informative	B3	B	B23	B	Z	Z	Z	Z	Z	 main thrust for development must come from the less developed <font color=green>countries</font>  themselves. External aid can only be marginal, although the margin	4	3	2.34	0.75	10
country/NNS/br-h02/681	0.0280453306556883	-0.00266072679331348	country	countries	NNS	NNS	miscellaneous	tech	informative	B3	B	B23	B	Z	Z	Z	Z	Z	 aid, therefore, should increasingly be designed to provide incentives for <font color=green>countries</font>  to take the steps that only they themselves can take	3	2	1.31	0.67	9
country/NNS/br-h02/7	0.150081454205988	0.0634926677841757	country	countries	NNS	NNS	miscellaneous	tech	informative	B3	B	B23	B	Z	Z	Z	Z	Z	 In most of the less developed <font color=green>countries</font> , however, such programing is at best inadequate and at worst	4	4	1.96	1	9
country/NNS/br-h02/706	0.153972851157041	0.073162529522704	country	countries	NNS	NNS	miscellaneous	tech	informative	B2	B	B23	B	Z	Z	Z	Z	Z	 conditions of self-help, it is important that we not expect <font color=green>countries</font>  to remake themselves in our image. Open societies can take	3	2	1.87	0.67	6
country/NNS/br-h06/876	-0.00123834343412984	0.0734903894764914	country	countries	NNS	NNS	miscellaneous	tech	informative	B	B	B14	B	Z	Z	Z	Z	Z	 of our 50 United States and 11 came from foreign <font color=green>countries</font> . New York led in the number of inquiries, followed by	2	1	1.51	0.5	6
country/NNS/br-h06/901	-0.0345177547272787	0.128371976144792	country	countries	NNS	NNS	miscellaneous	tech	informative	B2	B	B23	B	Z	Z	Z	Z	Z	 followed by California, New Jersey, Massachusetts, and Pennsylvania. Among foreign <font color=green>countries</font>  responding were Germany, Canada, Brazil and India. An important operation	5	4	3.03	0.8	7
country/NNS/br-h08/1935	-0.0745670551694655	0.0233020132409451	country	countries	NNS	NNS	miscellaneous	tech	informative	B4	B	B14	B	Z	Z	Z	Z	Z	 years would be the symbol of hope to the oppressed <font color=green>countries</font>  of the world. They simply turned to God filled with	2	1	1.42	0.5	8
country/NNS/br-h09/1266	0.0343252850461475	0.00115888021223305	country	countries	NNS	NNS	miscellaneous	tech	informative	B1	B	B14	B	country%1:14:00::	B2	B	BB2	B	 expended in cooperation with public or private agencies in foreign <font color=green>countries</font>  in the development of processes useful to the program in	5	5	1.96	1	8
country/NNS/br-h13/1532	-0.0333765400070935	-0.00660926953058542	country	countries	NNS	NNS	miscellaneous	tech	informative	B2	B	B23	B	country%1:14:00::	B2	B	BB2	B	 years the United States had been trying to get these <font color=green>countries</font>  to exclude Castro 's representative from secret military talks. But	5	4	1.75	0.8	10
country/NNS/br-h13/2195	-0.0341218861959468	0.0307286062781113	country	countries	NNS	NNS	miscellaneous	tech	informative	B2	B	B23	B	country%1:14:00::	B2	B	BB2	B	 without discrimination. Once these conditions of international law are met, <font color=green>countries</font>  that try to run to blockade do so at their	4	3	1.17	0.75	8
country/NNS/br-h13/2315	-0.1440591129411	-0.0467608158082782	country	countries	NNS	NNS	miscellaneous	tech	informative	B3	B	B23	B	country%1:14:00::	B2	B	BB2	B	 coming from Russia and Czechoslovakia. Shipments of arms from Western <font color=green>countries</font>  could similarly be seized as contraband. In a total blockade	5	2	1.76	0.4	7
country/NNS/br-h21/1267	0.0494719733868204	-0.019869719700759	country	countries	NNS	NNS	miscellaneous	tech	informative	B1	B	B14	B	country%1:14:00::	B2	B	BB2	B	 a rider which limits competitive bidding by firms in other <font color=green>countries</font>  on certain military supply items. As I have repeatedly stated	2	1	2.42	0.5	11
country/NNS/br-j10/1243	0.0631924415786662	-0.124807914061394	country	countries	NNS	NNS	learned	tech	informative	B2	B	B23	B	european_country%1:15:00::	B1	B	B1	B	 the`` cuckoo bumblebee'' as it is called in some European <font color=green>countries</font> . Female individuals of Psithyrus look deceptively like the workers and	2	0	1.46	0	8
country/NNS/br-j22/1149	0.0151996427762323	0.00965019916228032	country	countries	NNS	NNS	learned	tech	informative	B4	B	B14	B	country%1:14:00::	B2	B	BB2	B	 likely to be a pressing issue in many of these <font color=green>countries</font> . It should be American policy not only to encourage effective	3	3	0.97	1	9
country/NNS/br-j22/1309	0.110070024452321	0.20690876361472	country	countries	NNS	NNS	learned	tech	informative	B3	B	B23	B	country%1:14:00::	B2	B	BB2	B	 At a third stage in the modernization process are such <font color=green>countries</font>  as India, Brazil, the Philippines, and Taiwan, which are ready	6	3	2.47	0.5	5
country/NNS/br-j22/1375	0.0220293896595705	0.0257627640808332	country	countries	NNS	NNS	learned	tech	informative	B3	B	B23	B	country%1:14:00::	B2	B	BB2	B	 in the program to wider and wider groups. But these <font color=green>countries</font>  have made big strides toward developing the necessary human and	4	4	1.56	1	7
country/NNS/br-j22/1437	0.0888131283974334	0.0342423742285454	country	countries	NNS	NNS	learned	tech	informative	B3	B	B23	B	country%1:14:00::	B2	B	BB2	B	 economies. On the economic front, the first priority of these <font color=green>countries</font>  is to mobilize a vastly increased volume of resources. Several	4	4	1.99	1	7
country/NNS/br-j22/1464	0.0917431847174595	6.89255658189609e-05	country	countries	NNS	NNS	learned	tech	informative	B3	B	B23	B	country%1:14:00::	B2	B	BB2	B	 carried out if self-sustaining growth is to be achieved. These <font color=green>countries</font>  must formulate a comprehensive, long-term program covering the objectives of	4	3	2.13	0.75	9
country/NNS/br-j22/171	-0.0105827053291657	0.0334030676448714	country	countries	NNS	NNS	learned	tech	informative	B2	B	B23	B	country%1:14:00::	B2	B	BB2	B	 and dangerous consequences of social change which have troubled other <font color=green>countries</font>  passing through this stage can be escaped. The United States	4	3	1.76	0.75	10
country/NNS/br-j22/194	0.0113111566866007	0.00913438981906193	country	countries	NNS	NNS	learned	tech	informative	B2	B	B23	B	country%1:14:00::	B2	B	BB2	B	 help by communicating a genuine concern with the problems these <font color=green>countries</font>  face and a readiness to provide technical and other appropriate	3	3	2.2	1	11
country/NNS/br-j22/1968	-0.0544845971455639	0.046886717461884	country	countries	NNS	NNS	learned	tech	informative	B4	B	B14	B	country%1:14:00::	B2	B	BB2	B	 to take seriously their claims to being democratic and free <font color=green>countries</font> ; we also have, in consequence, the duty to appraise realistically	2	2	1.7	1	8
country/NNS/br-j22/2116	0.126402634104364	-0.083122400022069	country	countries	NNS	NNS	learned	tech	informative	B3	B	B23	B	country%1:14:00::	B2	B	BB2	B	 generate. It follows that any effective policy toward the underdeveloped <font color=green>countries</font>  must have a realistically long working horizon. It must be	3	2	2.07	0.67	5
country/NNS/br-j22/257	0.131424262219451	0.131131620242871	country	countries	NNS	NNS	learned	tech	informative	B3	B	B23	B	country%1:14:00::	B2	B	BB2	B	 and the lack of cohesion and stability which characterize these <font color=green>countries</font>  may make them particularly prone to diversions and external adventures	2	0	2.44	0	7
country/NNS/br-j22/347	0.016652777246709	0.0500829986280739	country	countries	NNS	NNS	learned	tech	informative	B2	B	B23	B	country%1:14:00::	B2	B	BB2	B	 world scene. When necessary, we should make it clear that <font color=green>countries</font>  which choose to derive marginal advantages from the cold war	5	5	2.04	1	9
country/NNS/br-j22/397	0.0531244539080351	-0.00269129317309119	country	countries	NNS	NNS	learned	tech	informative	B3	B	B23	B	country%1:14:00::	B2	B	BB2	B	 As a nation, we feel an obligation to assist other <font color=green>countries</font>  in their development; but this obligation pertains only to countries	2	2	2.21	1	8
country/NNS/br-j22/408	0.083612920778377	-0.00726722389104612	country	countries	NNS	NNS	learned	tech	informative	B2	B	B23	B	country%1:14:00::	B2	B	BB2	B	 countries in their development; but this obligation pertains only to <font color=green>countries</font>  which are honestly seeking to become responsible members of a	4	4	1.84	1	6
country/NNS/br-j22/429	-0.0148423045300189	0.157545403038941	country	countries	NNS	NNS	learned	tech	informative	B2	B	B23	B	country%1:14:00::	B2	B	BB2	B	 a stable and forward-moving world community. When we look at <font color=green>countries</font>  like Iran, Iraq, Pakistan, and Burma, where substantial progress has	8	3	1.44	0.38	4
country/NNS/br-j22/474	0.00539284651164817	0.047526576301187	country	countries	NNS	NNS	learned	tech	informative	B2	B	B23	B	country%1:14:00::	B2	B	BB2	B	 of centralized government exist, we find a second category of <font color=green>countries</font>  with a different set of problems and hence different priorities	4	2	1.68	0.5	9
country/NNS/br-j22/603	0.0410557267451453	-0.0447663700740412	country	countries	NNS	NNS	learned	tech	informative	B2	B	B23	B	country%1:14:00::	B2	B	BB2	B	 achieve the national goals of modernization already symbolically accepted. Most <font color=green>countries</font>  in this second category share the difficulty of having many	3	3	2.12	1	9
country/NNS/br-j22/892	0.0640319096811562	-0.0204324872938733	country	countries	NNS	NNS	learned	tech	informative	B2	B	B23	B	country%1:14:00::	B2	B	BB2	B	 performance can we provide telling assistance. With respect to those <font color=green>countries</font>  whose leaders prefer to live with their illusions, we can	2	2	1.73	1	7
country/NNS/br-j22/929	0.0841024415383211	-0.00173924179337871	country	countries	NNS	NNS	learned	tech	informative	B3	B	B23	B	country%1:14:00::	B2	B	BB2	B	 clear for all to see. Our technical assistance to these <font color=green>countries</font>  should place special emphasis on inducing the central governments to	4	4	1.71	1	7
country/NNS/br-j26/1235	0.0504052825241728	0.0108741074684699	country	countries	NNS	NNS	learned	tech	informative	B2	B	B23	B	Z	Z	Z	Z	Z	 long-term economic and social programs. The AIMO organizations of both <font color=green>countries</font> , which maintain administrative services throughout the territories, retained immediate responsibility	6	5	2.03	0.83	8
country/NNS/br-j37/1682	0.0451925020865113	0.0602687431533919	country	countries	NNS	NNS	learned	tech	informative	B2	B	B23	B	country%1:14:00::	B2	B	BB2	B	 solutions devised in the electoral experiences of the rapidly changing <font color=green>countries</font>  are often of comparative value and essential to evaluating election	4	4	2.1	1	12
country/NNS/br-j42/1418	-0.0191979132319844	8.95761744864525e-05	country	countries	NNS	NNS	learned	tech	informative	B2	B	B23	B	country%1:14:00::	B2	B	BB2	B	 the Common Law in England. Codification was followed in all <font color=green>countries</font>  by a growing amount of legislation, some changing and adjusting	4	3	1.54	0.75	8
country/NNS/br-j42/428	-0.0941524513096703	0.17367790879009	country	countries	NNS	NNS	learned	tech	informative	B2	B	B23	B	country%1:14:00::	B2	B	BB2	B	 from the North) was the neutralization of the Latin American <font color=green>countries</font> ; out of the question was the neutralization of Asia and	3	1	1.34	0.33	7
country/NNS/br-j42/665	0.0194137350189798	0.166603761747143	country	countries	NNS	NNS	learned	tech	informative	B2	B	B23	B	country%1:14:00::	B2	B	BB2	B	 civilization must formally enter into the circle of law governed <font color=green>countries</font> . They must do something with the acquiescence of the latter	3	3	1.83	1	8
