id	model.x	model.y	lemma	pos	genre	marisense	mbroad	mari3	mari2	sensekey	wnsense	wnbroad	wn3	wn2	text	newPos	newBroadGenre	cues	cuesWithWeight	meanWeight	weightedCuesRatio	weightedCW	wf	broadGenre	wordform	msOct	determiner	building	definiteness	dgsense	number	capital	has_posm	prem_adj	prem_place	prem_name	prem_kind	comm	activity	organization	msOct4
church/NN/br-a01/2073	-0.28243034546713	0.138357951282884	church	NN	press_reportage	E	E	DE	CDE	church%1:04:00::	E	E	DE	CDE	 said.`` Being at the polls was just like being at <font color=green>church</font> . I did n't smell a drop of liquor, and we	NN	informative	1	0	2.31	0	3	church	others	church	c3	none	yes	no	E	singular	no	no	no	no	no	no	no	yes	no	c
church/NN/br-d01/1628	-0.140346685373402	-0.34959737613883	church	NN	religion	B	B	AB	AB	church%1:14:00::	B	B	AB	AB	 age to whip men into a surrender to a particular <font color=green>church</font>  or church-state''. Apparently he does not intend that those who	NN	informative	3	1	2.53	0.33	3	church	others	church	a2	a	no	no	B	singular	no	no	no	no	no	no	no	NA	yes	a
church/NN/br-d02/1641	0.180145812036472	-0.170289529129638	church	NN	religion	B	B	AB	AB	church%1:14:00::	B	B	AB	AB	 concerned to stand squarely within the tradition of the apostolic <font color=green>church</font> , they have exhibited no willingness whatever to sacrifice their modernity	NN	informative	2	1	2.84	0.5	3	church	others	church	a2	the	no	yes	B	singular	no	no	no	no	no	yes	no	NA	yes	a
church/NN/br-d02/706	0.0207301256616677	-0.0928257740135179	church	NN	religion	A	A	AB	AB	church%1:14:00::	B	B	AB	AB	 there tends to be an almost complete indifference to the <font color=green>church</font>  and its traditional message of sin and grace. To be	NN	informative	4	4	2.07	1	7	church	others	church	a2	the	no	yes	A	singular	no	no	no	no	no	no	no	NA	yes	a
church/NN/br-d02/786	-0.0828117441146127	0.327530924289524	church	NN	religion	A	A	AB	AB	church%1:14:00::	B	B	AB	AB	 longer afford the luxury of such smug indignation? Can the <font color=green>church</font>  risk assuming that the`` folly'' of men is as dear	NN	informative	3	0	2.82	0	3	church	others	church	a2	the	no	yes	A	singular	no	no	no	no	no	no	no	NA	yes	a
church/NN/br-d02/877	0.180667563079573	-0.140248667600494	church	NN	religion	A	A	AB	AB	church%1:14:00::	B	B	AB	AB	 precarious? There is an ancient and venerable tradition in the <font color=green>church</font> ( which derives, however, from the heritage of the Greeks rather	NN	informative	4	3	2.57	0.75	3	church	others	church	a2	the	no	yes	A	singular	no	no	no	no	no	no	no	NA	yes	a
church/NN/br-d02/923	0.201781044158367	0.0945196850241661	church	NN	religion	A	A	AB	AB	church%1:14:00::	B	B	AB	AB	 for accomplishing his work in the world. by analogy, the <font color=green>church</font>  also has been regarded as entirely independent of the`` world	NN	informative	3	1	1.66	0.33	4	church	others	church	a1	the	no	yes	A	singular	no	no	no	no	no	no	no	NA	yes	a
church/NN/br-d02/949	-0.0392726934760285	-0.248475547720032	church	NN	religion	A	A	AB	AB	church%1:14:00::	B	B	AB	AB	 of requiring nothing from it in order to be the <font color=green>church</font> . But, as Scripture everywhere reminds us, God does have need	NN	informative	2	1	2	0.5	3	church	others	church	a1	the	no	yes	A	singular	no	no	no	no	no	no	no	NA	yes	a
church/NN/br-d02/969	-0.0721009286614226	-0.177589812537831	church	NN	religion	A	A	AB	AB	church%1:14:00::	B	B	AB	AB	 us, God does have need of his creatures, and the <font color=green>church</font> , a fortiori, can ill afford to do without the talents	NN	informative	4	3	2.16	0.75	3	church	others	church	a1	the	no	yes	A	singular	no	no	no	no	no	no	no	NA	yes	a
church/NN/br-d03/1080	0.185092480087274	0.0370663855890074	church	NN	religion	E	E	DE	CDE	church%1:04:00::	E	E	DE	CDE	 phenomenon of redundancy is that fewer Protestants are going to <font color=green>church</font> . It should be admitted, too, that there is a good	NN	informative	2	1	2.03	0.5	4	church	others	church	c3	none	yes	no	E	singular	no	no	no	no	no	no	no	yes	no	c
church/NN/br-d03/1342	0.00520049409649391	-0.00748607662061362	church	NN	religion	E	E	DE	CDE	church%1:06:00::	D	D	DE	CDE	 my experience to find as many men as women in <font color=green>church</font> , and to hear almost everyone in church congregations reciting the	NN	informative	5	2	2.05	0.4	7	church	others	church	c3	none	yes	no	?	singular	no	no	no	no	no	no	no	yes	no	c
church/NN/br-d03/1350	0.00768426176858043	-0.00957280602834206	church	NN	religion	E	E	DE	CDE	church%1:06:00::	D	D	DE	CDE	 as women in church, and to hear almost everyone in <font color=green>church</font>  congregations reciting the Latin prayers and responses at Mass. They	NN	informative	5	4	2.38	0.8	10	church	others	church	c3	NA	yes	NA	?	singular	no	no	no	no	no	no	no	yes	no	c
church/NN/br-d03/1871	0.107077319021524	-0.0387339950351431	church	NN	religion	B	B	AB	AB	catholic_church%1:14:00::	B1	B	AB	AB	 the Sunday Observer implies a kindly recognition that the Catholic <font color=green>Church</font>  is now at least of equal stature in England with	NNP	informative	2	2	2.84	1	7	Church	others	Church	a2	the	no	yes	B	singular	yes	no	no	no	no	yes	no	NA	yes	a
church/NN/br-d03/1909	0.138242181209534	-0.0598569520515469	church	NN	religion	B	B	AB	AB	church_of_england%1:14:00::	B2	B	AB	AB	 non-Catholic) wrote articles in the Observer depicting clergymen of the <font color=green>Church</font>  of England, the Church of Rome and the Nonconformist Church	NNP	informative	6	2	2.88	0.33	4	Church	others	Church	a2	the	no	yes	B	singular	yes	yes	no	no	no	no	no	NA	yes	a
church/NN/br-d03/2097	0.0553181441935858	-0.0553694809851168	church	NN	religion	A	A	AB	AB	church%1:14:00::	B	B	AB	AB	 Canterbury. The good feeling which exists between these two important <font color=green>church</font>  figures is now well known in England. The Holy Sacrifice	NN	informative	4	0	2.18	0	4	church	others	church	a2	NA	no	NA	A	singular	no	no	no	no	no	no	no	NA	yes	a
church/NN/br-d03/2336	0.074345959941526	-0.0175989509524562	church	NN	religion	D	D	DE	CDE	catholic_church%1:14:00::	B1	B	AB	AB	 a votive Mass offered for Christian unity at a Catholic <font color=green>church</font>  in Slough during the Church Unity Octave.	NN	informative	2	1	2.99	0.5	6	church	others	church	c1	a	yes	no	D	singular	no	no	no	no	no	yes	no	no	no	c
church/NN/br-d03/2341	0.0965285940226689	-0.0205930371842551	church	NN	religion	A	A	AB	AB	church%1:14:00::	B	B	AB	AB	 Christian unity at a Catholic church in Slough during the <font color=green>Church</font>  Unity Octave.	NNP	informative	2	1	3.17	0.5	5	Church	others	Church	a1	NA	no	NA	A	singular	yes	no	no	no	no	no	no	NA	yes	a
church/NN/br-d03/721	0.286006660363547	0.00576490868826145	church	NN	religion	B	B	AB	AB	church%1:06:00::	D	D	DE	CDE	 crowds going in and out of the Birmingham Oratory( Catholic) <font color=green>Church</font>  on Sunday mornings. She found this a marvel because, as	NNP	informative	1	0	2.85	0	3	Church	others	Church	c1	the	yes	yes	D	singular	yes	no	no	yes	no	yes	no	no	no	c
church/NN/br-d03/862	0.0447651694236176	0.0217293886347439	church	NN	religion	B	B	AB	AB	church_of_england%1:14:00::	B2	B	AB	AB	 to a newspaper report of the 1961 statistics of the <font color=green>Church</font>  of England, the`` total of confirmed members is 9748000, but	NNP	informative	3	2	2.45	0.67	5	Church	others	Church	a2	the	no	yes	B	singular	yes	yes	no	no	no	no	no	NA	yes	a
church/NN/br-d03/883	0.151545815596865	0.318577073444841	church	NN	religion	C	C	C	CDE	church_roll%1:10:00::	C	C	C	CDE	 is 9748000, but only 2887671 are registered on the parochial <font color=green>church</font>  rolls'', and`` over 27 million people in England are baptized	NN	informative	4	3	2.58	0.75	3	church	others	church	b	NA	no	NA	C	singular	no	no	no	no	no	no	yes	no	yes	b
church/NN/br-d03/899	0.21669872107756	-0.0751803866788901	church	NN	religion	B	B	AB	AB	church_of_england%1:14:00::	B2	B	AB	AB	 over 27 million people in England are baptized into the <font color=green>Church</font>  of England, but roughly only a tenth of them continue	NNP	informative	3	2	2.86	0.67	3	Church	others	Church	a2	the	no	yes	B	singular	yes	yes	no	no	no	no	no	NA	yes	a
church/NN/br-d03/945	0.0788896256058915	0.0185876010412508	church	NN	religion	B	B	AB	AB	church_of_england%1:14:00::	B2	B	AB	AB	 than an Archbishops' Commission`` reported last month that in the <font color=green>Church</font>  of England alone there are 790 churches which are redundant	NNP	informative	1	0	2.22	0	4	Church	others	Church	a2	the	no	yes	B	singular	yes	yes	no	no	no	no	no	NA	yes	a
church/NN/br-d04/56	0.0360805800806549	-0.140415442960188	church	NN	religion	A	A	AB	AB	church_father%1:18:00::	A	A	AB	AB	 Jesus Christ the unique and the universal concur. Perhaps no <font color=green>church</font>  father saw this concurrence of the unique and the universal	NN	informative	4	6	2.34	1.5	6	church	others	church	a1	NA	no	NA	A	singular	no	no	no	no	no	no	no	NA	yes	a
church/NN/br-f15/713	0.219627414482416	-0.0239199857524765	church	NN	popular_lore	B	B	AB	AB	roman_catholic_church%1:14:00::	B1	B	AB	AB	 permit birth control only for medical reasons. The Roman Catholic <font color=green>Church</font> , however, sanctions a much more liberal policy on family planning	NNP	informative	5	3	2.82	0.6	4	Church	others	Church	a2	the	no	yes	B	singular	yes	no	no	no	no	yes	no	NA	yes	a
church/NN/br-f15/754	0.167970555793462	0.00390748141934253	church	NN	popular_lore	B	B	AB	AB	roman_catholic_church%1:14:00::	B1	B	AB	AB	 disagree over the methods to be used. The Roman Catholic <font color=green>Church</font>  sanctions only abstention or the rhythm method, also known as	NNP	informative	1	0	2.87	0	5	Church	others	Church	a2	the	no	yes	B	singular	yes	no	no	no	no	yes	no	NA	yes	a
church/NN/br-f15/776	0.138972944416264	0.0769742241030369	church	NN	popular_lore	A	A	AB	AB	roman_catholic_church%1:14:00::	B1	B	AB	AB	 as the use of the infertile or safe period. The <font color=green>Church</font>  considers this to be the method provided by nature and	NNP	informative	3	2	1.78	0.67	4	Church	others	Church	a2	the	no	yes	A	singular	yes	no	no	no	no	no	no	NA	yes	a
church/NN/br-f15/862	0.315063726683969	-0.125265800784247	church	NN	popular_lore	A	A	AB	AB	roman_catholic_church%1:14:00::	B1	B	AB	AB	 there seems little chance of agreement. The grounds for the <font color=green>Church</font>  's position are Scriptural( Old Testament), the teachings of the	NNP	informative	3	1	1.84	0.33	2	Church	others	Church	a2	the	no	yes	A	singular	yes	no	no	no	no	no	no	NA	yes	a
church/NN/br-f15/882	0.0679442874316989	-0.0675727710107868	church	NN	popular_lore	A	A	AB	AB	roman_catholic_church%1:14:00::	B1	B	AB	AB	 the teachings of the fathers and doctors of the early <font color=green>Church</font> , the unbroken tradition of nineteen centuries, the decisions of the	NNP	informative	4	3	1.89	0.75	4	Church	others	Church	a1	the	no	yes	A	singular	yes	no	no	no	no	yes	no	NA	yes	a
church/NN/br-f44/1076	0.109625979706833	0.0880276491297121	church	NN	popular_lore	C	C	C	CDE	church%1:14:00::	B	B	AB	AB	 and economic level of the congregation; the mission of the <font color=green>church</font>  is actually a process of informal co-optation; the lay ministry	NN	informative	5	2	2.6	0.4	4	church	others	church	b	the	no	yes	C	singular	no	no	no	no	no	no	yes	no	yes	b
church/NN/br-f44/1122	0.0317785929937601	0.058098930419904	church	NN	popular_lore	D	D	DE	CDE	church%1:14:00::	B	B	AB	AB	 process of co-optation so long as the environs of the <font color=green>church</font>  provide a sufficient pool of people who can fit the	NN	informative	1	0	1.5	0	4	church	others	church	c2	the	yes	yes	?	singular	no	no	no	no	no	no	yes	no	no	c
church/NN/br-f44/1285	0.0947025880443968	0.0482767721138316	church	NN	popular_lore	C	C	C	CDE	church%1:14:00::	B	B	AB	AB	 co-optation is the principal form of mission in the contemporary <font color=green>church</font> ; economic integration and co-optation are the two methods by which	NN	informative	3	2	2.11	0.67	5	church	others	church	b	the	no	yes	?	singular	no	no	yes	no	no	no	yes	no	yes	b
church/NN/br-f44/1618	0.0860178585568162	0.0681512880917508	church	NN	popular_lore	C	C	C	CDE	church%1:14:00::	B	B	AB	AB	 in the metropolis. It now becomes evident that the denominational <font color=green>church</font>  is intimately involved with the economy of middle-class culture, for	NN	informative	5	3	1.72	0.6	6	church	others	church	b	the	no	yes	C	singular	no	no	no	no	no	yes	yes	no	yes	b
church/NN/br-f44/2150	0.0395975093945614	0.0360142764912732	church	NN	popular_lore	C	C	C	CDE	church%1:14:00::	B	B	AB	AB	 will occupy our attention under the rubric of the organization <font color=green>church</font> . An understanding of the new role of residential association in	NN	informative	3	3	1.76	1	6	church	others	church	a2	the	no	yes	?	singular	no	no	no	no	no	no	no	NA	yes	a
church/NN/br-f44/368	0.0123172397651294	0.0289720365210656	church	NN	popular_lore	C	C	C	CDE	church%1:14:00::	B	B	AB	AB	 they can lose higher- and lower status members from the <font color=green>church</font>  without collapsing, but they need adequate recruits for the core	NN	informative	3	2	1.84	0.67	6	church	others	church	b	the	no	yes	C	singular	no	no	no	no	no	no	yes	no	yes	b
church/NN/br-f44/647	0.0336311095669687	-0.0234817244670522	church	NN	popular_lore	A	A	AB	AB	church%1:14:00::	B	B	AB	AB	 denominations. There is much talk in theological circles about the`` <font color=green>Church</font>  as Mission'' and the`` Church 's Mission''; theologians have been	NNP	informative	4	4	2.82	1	6	Church	others	Church	a1	the	no	yes	A	singular	yes	no	no	no	no	no	no	NA	yes	a
church/NN/br-f44/654	0.0644239143607804	-0.0305168154545164	church	NN	popular_lore	A	A	AB	AB	church%1:14:00::	B	B	AB	AB	 in theological circles about the`` Church as Mission'' and the`` <font color=green>Church</font>  's Mission''; theologians have been stressing the fact that the	NNP	informative	4	2	3.3	0.5	3	Church	others	Church	a2	the	no	yes	A	singular	yes	no	no	no	no	no	no	NA	yes	a
church/NN/br-f44/667	-0.342179933052264	-0.456568527618538	church	NN	popular_lore	A	A	AB	AB	church%1:14:00::	B	B	AB	AB	 's Mission''; theologians have been stressing the fact that the <font color=green>Church</font>  does not exist for its own sake but as a	NNP	informative	4	1	2.49	0.25	1	Church	others	Church	a1	the	no	yes	A	singular	yes	no	no	no	no	no	no	NA	yes	a
church/NN/br-f44/924	0.0674629953383992	0.0674702965259219	church	NN	popular_lore	C	C	C	CDE	church%1:14:00::	B	B	AB	AB	 with friendly members the`` contacts with an organization of the <font color=green>church</font> ''( 11.2 per cent of the cases), then a substantial two	NN	informative	3	3	2.48	1	4	church	others	church	b	the	no	yes	C	singular	no	no	no	no	no	no	yes	no	yes	b
church/NN/br-f44/986	-0.000508419674808435	0.0177597435704846	church	NN	popular_lore	C	C	C	CDE	church%1:14:00::	B	B	AB	AB	 people; the new people respond in kind by joining the <font color=green>church</font> . Missionary outreach by friendly contact looks somewhat different when one	NN	informative	4	2	1.82	0.5	7	church	others	church	b	the	no	yes	C	singular	no	no	no	no	no	no	yes	no	yes	b
church/NN/br-g12/1271	0.202310374256961	-0.285514061650975	church	NN	belles_lettres	D	D	DE	CDE	church%1:06:00::	D	D	DE	CDE	 and gestured toward the Madeleine. The classical lines of the <font color=green>church</font>  which Napoleon thought of as a Temple of Glory, dominated	NN	informative	5	2	2.65	0.4	3	church	others	church	c1	the	yes	yes	D	singular	no	no	no	no	no	no	no	no	no	c
church/NN/br-g12/1807	-0.193824167370793	0.268597628907946	church	NN	belles_lettres	D	D	DE	CDE	church%1:06:00::	D	D	DE	CDE	 not attractive, but it is deeper. When you pass a <font color=green>church</font>  on an Irish bus, all the hands flurry in the	NN	informative	2	1	2.12	0.5	2	church	others	church	c1	a	yes	no	D	singular	no	no	no	no	no	no	no	no	no	c
church/NN/br-g12/544	-0.258690418218397	0.0580694310962636	church	NN	belles_lettres	D	D	DE	CDE	church%1:06:00::	D	D	DE	CDE	 the Madeleine and across to a sidewalk cafe opposite that <font color=green>church</font> . The conversation that ensued may have been engrossing but it	NN	informative	4	3	2.1	0.75	5	church	others	church	c1	that	yes	yes	D	singular	no	no	no	no	no	no	no	no	no	c
church/NN/br-h17/1199	-0.00769959623274431	0.0760133800215594	church	NN	miscellaneous	C	C	C	CDE	church%1:14:00::	B	B	AB	AB	 because of his willingness to kill in defense of his <font color=green>church</font>  and home. Upon administrative approval of the reclassification, he was	NN	informative	2	1	1.91	0.5	5	church	tech	church	b	his	no	yes	C	singular	no	no	no	no	no	no	yes	no	yes	b
church/NN/br-h17/1434	0.0571477203183343	0.0537869763075613	church	NN	miscellaneous	C	C	C	CDE	church%1:14:00::	B	B	AB	AB	 preaching and from 20 to 25 hours per month to <font color=green>church</font>  activities. His claim was therefore`` so highly exaggerated'', the Department	NN	informative	1	1	1.92	1	5	church	tech	church	b1	NA	no	NA	C	singular	no	no	no	no	no	no	yes	yes	no	b
church/NN/br-j23/1105	0.107226533790128	0.107666386984775	church	NN	learned	C	C	C	CDE	church_member%1:18:00::	C	C	C	CDE	 which is reflective of our common religion. Even the non <font color=green>church</font>  members- the freewheelers, marginal religionists and so on- have the	NN	informative	2	1	2.49	0.5	2	church	tech	church	a2	NA	no	NA	?	singular	no	no	no	no	no	no	no	NA	yes	a
church/NN/br-j57/2237	0.0997680679912152	-0.196603548326202	church	NN	learned	A	A	AB	AB	church_father%1:18:00::	A	A	AB	AB	 which reached Christianity by the way of Stoicism through the <font color=green>Church</font>  Fathers of Late Antiquity.	NNP	informative	3	2	2.38	0.67	2	Church	tech	Church	a1	NA	no	NA	A	singular	yes	no	no	no	no	no	no	NA	yes	a
church/NN/br-j57/958	-0.0121788626645201	-0.0534503461286417	church	NN	learned	A	A	AB	AB	church_father%1:18:00::	A	A	AB	AB	 all possessions. This conception was taken up by the early <font color=green>Church</font>  Fathers and by canon lawyers and theologians in the Middle	NNP	informative	5	3	1.93	0.6	5	Church	tech	Church	a1	NA	no	NA	A	singular	yes	no	no	no	no	yes	no	NA	yes	a
church/NN/br-j58/1496	-0.0490344929051636	0.113718997964759	church	NN	learned	D	D	DE	CDE	church_bell%1:06:00::	D	D	DE	CDE	 In many Northern towns and cities meetings were held and <font color=green>church</font>  bells were tolled. Such was not the case in Rhode	NN	informative	4	1	1.76	0.25	4	church	tech	church	c1	NA	yes	NA	D	singular	no	no	no	no	no	no	no	no	no	c
church/NN/br-k04/1076	-0.0450259020561935	0.023153038165006	church	NN	fiction_gral	D	D	DE	CDE	church%1:06:00::	D	D	DE	CDE	 There were two liquor saloons not very far from the <font color=green>church</font> , one white, that is conducted for white people with a	NN	imaginative	4	3	1.92	0.75	6	church	imag	church	c1	the	yes	yes	D	singular	no	no	no	no	no	no	no	no	no	c
church/NN/br-k04/1117	-0.26554408225324	0.252695517715736	church	NN	fiction_gral	D	D	DE	CDE	church%1:06:00::	D	D	DE	CDE	 of gambling in both. On the other side of the <font color=green>church</font>  was a quiet, well-kept house with shutters and recently painted	NN	imaginative	4	0	2.91	0	2	church	imag	church	c1	the	yes	yes	D	singular	no	no	no	no	no	no	no	no	no	c
church/NN/br-k04/1145	-0.00170368254583773	0.395663117274826	church	NN	fiction_gral	C	C	C	CDE	church%1:14:00::	B	B	AB	AB	 it. It was called Kent House. The deacon of the <font color=green>church</font> , Carlson, was its janitor. One of the leading members of	NN	imaginative	3	0	2	0	2	church	imag	church	c2	the	yes	yes	?	singular	no	no	no	no	no	no	yes	no	no	c
church/NN/br-k04/1353	-0.0809519356270127	0.129549940744016	church	NN	fiction_gral	D	D	DE	CDE	church%1:06:00::	D	D	DE	CDE	 tract of land, and it occurred to him that the <font color=green>church</font>  and the better Negro homes might gradually be moved to	NN	imaginative	3	1	1.65	0.33	3	church	imag	church	c1	the	yes	yes	D	singular	no	no	no	no	no	no	no	no	no	c
church/NN/br-k04/1419	-0.0592320480319008	0.00564174871943442	church	NN	fiction_gral	C	C	C	CDE	church%1:06:00::	D	D	DE	CDE	 stress, and that was that the contribution to the general <font color=green>church</font>  expenses, the dollar money, had been seriously falling behind in	NN	imaginative	3	3	1.82	1	6	church	imag	church	b	NA	no	NA	C	singular	no	no	no	no	no	no	yes	no	yes	b
church/NN/br-k04/1433	-0.0970915991136663	-0.0293204252739052	church	NN	fiction_gral	C	C	C	CDE	church%1:06:00::	D	D	DE	CDE	 the dollar money, had been seriously falling behind in this <font color=green>church</font> , and that must be looked after immediately. In fact, he	NN	imaginative	1	1	1.77	1	4	church	imag	church	b	this	no	yes	C	singular	no	no	no	no	no	no	yes	no	yes	b
church/NN/br-k04/1485	0.0299249183415734	-0.00545133932908836	church	NN	fiction_gral	C	C	C	CDE	church%1:06:00::	D	D	DE	CDE	 that clear as this was, they must have a better <font color=green>church</font> , a more business-like conduct of the church organization, and an	NN	imaginative	2	1	2.69	0.5	4	church	imag	church	b	a	no	no	?	singular	no	no	yes	no	no	no	yes	no	yes	b
church/NN/br-k04/1493	0.0330029182072035	-0.0037273625030432	church	NN	fiction_gral	C	C	C	CDE	church%1:14:00::	B	B	AB	AB	 have a better church, a more business-like conduct of the <font color=green>church</font>  organization, and an effort to get this religious center out	NN	imaginative	4	2	2.56	0.5	5	church	imag	church	b	the	no	yes	C	singular	no	no	no	no	no	no	yes	no	yes	b
church/NN/br-k04/1514	0.0481587631546346	0.0601906034044981	church	NN	fiction_gral	C	C	C	CDE	church%1:14:00::	B	B	AB	AB	 out of its rut of wild worship into a modern <font color=green>church</font>  organization. He emphasized to the Presiding Elder the plan of	NN	imaginative	5	2	2.28	0.4	5	church	imag	church	b	NA	no	NA	C	singular	no	no	no	no	no	no	yes	no	yes	b
church/NN/br-k04/1530	-0.0688768606378419	0.0583256618571532	church	NN	fiction_gral	D	D	DE	CDE	church%1:06:00::	D	D	DE	CDE	 the Presiding Elder the plan of giving up the old <font color=green>church</font>  and moving across the river. The Presiding Elder was sure	NN	imaginative	5	1	1.37	0.2	2	church	imag	church	c1	the	yes	yes	D	singular	no	no	yes	no	no	no	no	no	no	c
church/NN/br-k04/1578	-0.034538407401507	0.00346493369124428	church	NN	fiction_gral	D	D	DE	CDE	church%1:06:00::	D	D	DE	CDE	 impossible. The bank which held the mortgage on the old <font color=green>church</font>  declared that the interest was considerably in arrears, and the	NN	imaginative	2	1	1.39	0.5	5	church	imag	church	c1	the	yes	yes	D	singular	no	no	yes	no	no	no	no	no	no	c
church/NN/br-k04/1634	-0.125965197378879	0.0597112833831173	church	NN	fiction_gral	D	D	DE	CDE	church%1:06:00::	D	D	DE	CDE	 to colored folk. When it was proposed to rebuild the <font color=green>church</font> , Wilson found that the terms for a new mortgage were	NN	imaginative	2	0	1.96	0	4	church	imag	church	c1	the	yes	yes	D	singular	no	no	no	no	no	no	no	no	no	c
church/NN/br-k04/1685	0.147395264037642	-0.222014233577708	church	NN	fiction_gral	D	D	DE	CDE	church%1:06:00::	D	D	DE	CDE	 made to his Deacon Board, he met unanimous opposition. The <font color=green>church</font>  certainly would not be removed. The very proposition was sacrilege	NN	imaginative	3	0	2.19	0	3	church	imag	church	c1	the	yes	yes	D	singular	no	no	no	no	no	no	no	no	no	c
church/NN/br-k04/1807	-0.130888397943098	0.101782839104459	church	NN	fiction_gral	D	D	DE	CDE	church%1:06:00::	D	D	DE	CDE	 of money that has been invested by whites around that <font color=green>church</font> ? Tenements, stores, saloons, some gambling, I hope not too much	NN	imaginative	5	2	2.09	0.4	4	church	imag	church	c1	that	yes	yes	D	singular	no	no	no	no	no	no	no	no	no	c
church/NN/br-k04/1874	-0.151110228083071	0.158112354533837	church	NN	fiction_gral	D	D	DE	CDE	church%1:06:00::	D	D	DE	CDE	 were you I would just plan to repair the old <font color=green>church</font>  so it would last for five or ten years. By	NN	imaginative	3	3	2.05	1	3	church	imag	church	c1	the	yes	yes	D	singular	no	no	yes	no	no	no	no	no	no	c
church/NN/br-k04/2301	0.0696005957868116	0.0101559364963598	church	NN	fiction_gral	B	B	AB	AB	methodist_church%1:14:00::	B2	B	AB	AB	 mean practically the end of his career in the Methodist <font color=green>church</font> , if not in all churches.	NN	imaginative	3	1	1.83	0.33	4	church	imag	church	a2	the	no	yes	B	singular	no	no	no	no	no	yes	no	NA	yes	a
church/NN/br-k04/356	-0.0827611437970841	0.018870869962959	church	NN	fiction_gral	C	C	C	CDE	church%1:06:00::	D	D	DE	CDE	 with the whites, especially the rich who partly supported the <font color=green>church</font> . The Deacon Board, headed by a black man named Carlson	NN	imaginative	7	4	1.72	0.57	6	church	imag	church	b	the	no	yes	C	singular	no	no	no	no	no	no	yes	no	yes	b
church/NN/br-k04/397	-0.0134526542539279	-0.00288975675788469	church	NN	fiction_gral	C	C	C	CDE	church%1:06:00::	D	D	DE	CDE	 support of the Amen corner. The characteristic thing about this <font color=green>church</font>  was its Amen corner and the weekly religious orgy. A	NN	imaginative	4	4	2.13	1	5	church	imag	church	b	this	no	yes	C	singular	no	no	no	no	no	no	yes	no	yes	b
church/NN/br-k04/828	-0.0211100814060076	0.0156832254432347	church	NN	fiction_gral	C	C	C	CDE	church%1:14:00::	B	B	AB	AB	 the home of one of the old members of the <font color=green>church</font> , a woman named Catt who, as Wilson afterward found, was	NN	imaginative	2	1	1.81	0.5	5	church	imag	church	b	the	no	yes	C	singular	no	no	no	no	no	no	yes	no	yes	b
church/NN/br-k04/877	-0.0522567138269211	0.0441241258587634	church	NN	fiction_gral	C	C	C	CDE	church%1:14:00::	B	B	AB	AB	 never married, conducting a spotless home and devoted to her <font color=green>church</font> , but a perpetual dissenter and born critic. She soared over	NN	imaginative	2	1	2.16	0.5	5	church	imag	church	b	her	no	yes	C	singular	no	no	no	no	no	no	yes	no	yes	b
church/NN/br-k04/923	-0.136364691557185	0.0848157611925099	church	NN	fiction_gral	D	D	DE	CDE	church%1:06:00::	D	D	DE	CDE	 which she was chief repository. Then Wilson looked over the <font color=green>church</font>  and studied its condition. The salary of the pastor had	NN	imaginative	3	1	2.36	0.33	4	church	imag	church	c1	the	yes	yes	D	singular	no	no	no	no	no	no	no	no	no	c
church/NN/br-k04/975	-0.207575846191185	0.166769710622936	church	NN	fiction_gral	D	D	DE	CDE	church%1:06:00::	D	D	DE	CDE	 he mentioned this to the Deacons they said nothing. The <font color=green>church</font>  itself must be repaired. It was dirty and neglected. It	NN	imaginative	3	2	2.27	0.67	3	church	imag	church	c1	the	yes	yes	D	singular	no	no	no	no	no	no	no	no	no	c
church/NN/br-k06/1056	-0.00839533135611733	-0.201911510038647	church	NN	fiction_gral	D	D	DE	CDE	church%1:06:00::	D	D	DE	CDE	 northward to Brooklyn, below Point Peter, he could see the <font color=green>church</font>  spire wherever he looked back. Sometimes they went south and	NN	imaginative	5	1	1.76	0.2	3	church	imag	church	c1	NA	yes	NA	D	singular	no	no	no	no	no	no	no	no	no	c
church/NN/br-k06/1389	-0.23665244410293	-0.212271814312437	church	NN	fiction_gral	D	D	DE	CDE	church%1:06:00::	D	D	DE	CDE	 with its peaked lance. Stevie was constantly slipping into the <font color=green>church</font> . He pulled with all his strength at the heavy, brass	NN	imaginative	3	1	1.9	0.33	2	church	imag	church	c1	the	yes	yes	D	singular	no	no	no	no	no	no	no	no	no	c
church/NN/br-k06/1473	-0.270186163561577	-0.198794897620098	church	NN	fiction_gral	D	D	DE	CDE	church%1:06:00::	D	D	DE	CDE	 hands tucked under his coattails, and staring into the dark <font color=green>church</font> . The figure was wreathed in an extraordinary luminescence. The boy	NN	imaginative	3	1	1.78	0.33	2	church	imag	church	c1	the	yes	yes	D	singular	no	no	yes	no	no	no	no	no	no	c
church/NN/br-k06/528	-0.221692775664264	0.0115878321051373	church	NN	fiction_gral	D	D	DE	CDE	church%1:06:00::	D	D	DE	CDE	 his head out. There was the slate roof of the <font color=green>church</font> ; ivy climbed the red brick walls like a green scaled	NN	imaginative	5	3	1.72	0.6	6	church	imag	church	c1	the	yes	yes	D	singular	no	no	no	no	no	no	no	no	no	c
church/NN/br-k06/571	-0.398591240823848	-0.0850932827964964	church	NN	fiction_gral	D	D	DE	CDE	church%1:06:00::	D	D	DE	CDE	 cupboards.`` There 's a tower and a steeple on the <font color=green>church</font>  a million feet high. And the loudest clock in the	NN	imaginative	3	2	3.51	0.67	2	church	imag	church	c1	the	yes	yes	D	singular	no	no	no	no	no	no	no	no	no	c
church/NN/br-k06/659	-0.174338955265228	-0.230458413197783	church	NN	fiction_gral	D	D	DE	CDE	church%1:06:00::	D	D	DE	CDE	 Street to Orange Square. The steeple leaned backward, while the <font color=green>church</font>  advanced like a headless creature in a long, shapeless coat	NN	imaginative	5	0	2.23	0	3	church	imag	church	c1	the	yes	yes	D	singular	no	no	no	no	no	no	no	no	no	c
church/NN/br-k06/852	-0.282030499191605	-0.179599490747713	church	NN	fiction_gral	D	D	DE	CDE	church%1:06:00::	D	D	DE	CDE	 Church with its high steeple and clock. There was no <font color=green>church</font>  like Drew Church, no preacher like Papa, who was intimate	NN	imaginative	3	1	2.75	0.33	3	church	imag	church	c1	none	yes	no	D	singular	no	no	no	no	no	no	no	no	no	c
church/NN/br-k10/1423	0.0123854216166335	-0.023238920395394	church	NN	fiction_gral	A	A	AB	AB	church%1:14:00::	B	B	AB	AB	 economics, and social issues that are no concern of the <font color=green>Church</font> ''? And John 's reply was always the same:`` Anything that	NNP	imaginative	5	1	1.95	0.2	4	Church	imag	Church	a2	the	no	yes	A	singular	yes	no	no	no	no	no	no	NA	yes	a
church/NN/br-k10/1445	-0.0780280246398809	-0.12751673036808	church	NN	fiction_gral	A	A	AB	AB	church%1:14:00::	B	B	AB	AB	 same:`` Anything that affects souls is the concern of the <font color=green>Church</font> ! We will have righteousness''! Tears burned behind his eyes as	NNP	imaginative	3	2	2.03	0.67	5	Church	imag	Church	a2	the	no	yes	A	singular	yes	no	no	no	no	no	no	NA	yes	a
church/NN/br-k10/1802	0.252018670287824	-0.171068690060047	church	NN	fiction_gral	B	B	AB	AB	church_of_rome%1:14:00::	B1	B	AB	AB	 Geneva, saying that he had been a bishop of the <font color=green>Church</font>  of Rome and had been persecuted in Paris for his	NNP	imaginative	2	1	2.28	0.5	2	Church	imag	Church	a2	the	no	yes	B	singular	yes	yes	no	no	no	no	no	NA	yes	a
church/NN/br-k10/205	-0.119723124907392	-0.147179351439961	church	NN	fiction_gral	A	A	AB	AB	church%1:14:00::	B	B	AB	AB	 that the couple would have to be punished if the <font color=green>Church</font>  was to be respected.`` I have told you before, and	NNP	imaginative	2	1	1.78	0.5	3	Church	imag	Church	a2	the	no	yes	A	singular	yes	no	no	no	no	no	no	NA	yes	a
church/NN/br-k10/257	-0.0325120742343366	-0.323432466458917	church	NN	fiction_gral	A	A	AB	AB	church%1:14:00::	B	B	AB	AB	 is the answer the ungodly will always make when the <font color=green>Church</font>  points its fingers at their sins. I say to you	NNP	imaginative	3	2	2.1	0.67	2	Church	imag	Church	a1	the	no	yes	A	singular	yes	no	no	no	no	no	no	NA	yes	a
church/NN/br-k10/271	-0.0339095318531209	-0.188808519571666	church	NN	fiction_gral	A	A	AB	AB	church%1:14:00::	B	B	AB	AB	 fingers at their sins. I say to you that the <font color=green>Church</font>  will ever decry evil''! John 's reply was like a	NNP	imaginative	3	2	2.54	0.67	4	Church	imag	Church	a2	the	no	yes	A	singular	yes	no	no	no	no	no	no	NA	yes	a
church/NN/br-k10/561	-0.00114280657616528	-0.110525710635218	church	NN	fiction_gral	A	A	AB	AB	church%1:14:00::	B	B	AB	AB	 weeks before, in early November, without being reconciled to the <font color=green>Church</font> . The canons, in a body, had tried to force him	NNP	imaginative	3	0	1.44	0	2	Church	imag	Church	a2	the	no	yes	A	singular	yes	no	no	no	no	no	no	NA	yes	a
church/NN/br-k10/588	0.0513151625838466	-0.220836323750666	church	NN	fiction_gral	A	A	AB	AB	church%1:14:00::	B	B	AB	AB	 to let them give him the last rites of the <font color=green>Church</font> , but he had died still proclaiming salvation by faith. Burial	NNP	imaginative	3	1	2.68	0.33	4	Church	imag	Church	a2	the	no	yes	?	singular	yes	no	no	no	no	no	no	NA	yes	a
church/NN/br-k10/967	-0.11026923107711	-0.0131615440035565	church	NN	fiction_gral	D	D	DE	CDE	church%1:06:00::	D	D	DE	CDE	 all the time. Quickening his steps, John entered the vast <font color=green>church</font>  and climbed the tower steps to the bells. Underneath the	NN	imaginative	6	6	1.83	1	7	church	imag	church	c1	the	yes	yes	D	singular	no	no	yes	no	no	no	no	no	no	c
church/NN/br-k13/533	-0.170021836541458	-0.0371863648008996	church	NN	fiction_gral	D	D	DE	CDE	church%1:06:00::	D	D	DE	CDE	 Harold indicated the photograph on the wall and asked what <font color=green>church</font>  the stone sculpture was in. Eugene told him and he	NN	imaginative	3	3	1.93	1	7	church	imag	church	c1	none	yes	no	D	singular	no	no	no	no	no	no	no	no	no	c
church/NN/br-k14/1114	0.0560940099492729	0.186987487923921	church	NN	fiction_gral	A	A	AB	AB	church%1:14:00::	B	B	AB	AB	 not want my people to get in trouble with the <font color=green>Church</font> ''.`` I am working for the Cardinal of San Dionigi. I'm	NNP	imaginative	3	1	1.31	0.33	1	Church	imag	Church	a2	the	no	yes	A	singular	yes	no	no	no	no	no	no	NA	yes	a
church/NN/br-k14/826	0.100341068890977	-0.391705543041176	church	NN	fiction_gral	D	D	DE	CDE	church%1:06:00::	D	D	DE	CDE	 Jewish section was in Trastevere, near the Tiber at the <font color=green>church</font>  of San Francesco a Ripa. The colony had been small	NN	imaginative	4	1	2.3	0.25	2	church	imag	church	c1	the	yes	yes	D	singular	no	yes	no	no	no	no	no	no	no	c
church/NN/br-k15/188	-0.0692411214044129	-0.0135658430656328	church	NN	fiction_gral	D	D	DE	CDE	church%1:06:00::	D	D	DE	CDE	 They held the funeral the next morning from the crossroads <font color=green>church</font>  and buried the little box in the quiet family plot	NN	imaginative	6	6	2.08	1	9	church	imag	church	c1	the	yes	yes	D	singular	no	no	no	yes	no	no	no	no	no	c
church/NN/br-k16/1431	-0.164404905690479	0.0152966587045214	church	NN	fiction_gral	D	D	DE	CDE	church%1:06:00::	D	D	DE	CDE	 thickets. Along Wappinger Creek in Dutchess County, past the white <font color=green>church</font>  at Fishkill, past Verplanck 's Point on the east bank	NN	imaginative	6	5	1.74	0.83	5	church	imag	church	c1	the	yes	yes	D	singular	no	no	yes	no	no	no	no	no	no	c
church/NN/br-k16/2285	-0.0888964959576444	0.00302570203161125	church	NN	fiction_gral	E	E	DE	CDE	church_service%1:04:00::	E	E	DE	CDE	 him out of some dim corner of memory from a <font color=green>church</font>  service when he was a boy- yes, in a white	NN	imaginative	1	1	2.04	1	4	church	imag	church	c3	a	yes	no	E	singular	no	no	no	no	no	no	no	yes	no	c
church/NN/br-k16/2298	-0.183142951126195	0.00301485848551811	church	NN	fiction_gral	D	D	DE	CDE	church%1:06:00::	D	D	DE	CDE	 service when he was a boy- yes, in a white <font color=green>church</font>  with a thin spur steeple in the patriarchal Hudson Valley	NN	imaginative	5	3	1.37	0.6	3	church	imag	church	c1	a	yes	no	D	singular	no	no	yes	no	no	no	no	no	no	c
church/NN/br-k19/168	-0.029305237818329	-0.0884940339078057	church	NN	fiction_gral	A	A	AB	AB	church%1:14:00::	B	B	AB	AB	 for a more exalted office in the hierarchy of the <font color=green>church</font> - his ambitions for the bishopry had died very early in	NN	imaginative	5	0	1.34	0	2	church	imag	church	a2	the	no	yes	A	singular	no	no	no	no	no	no	no	NA	yes	a
church/NN/br-k19/213	0.0201513848750426	-0.182378381913369	church	NN	fiction_gral	A	A	AB	AB	church%1:14:00::	B	B	AB	AB	 of this desire was due to his devotion to the <font color=green>church</font>  and how much was his own ego, demanding to be	NN	imaginative	1	1	2.15	1	4	church	imag	church	a1	the	no	yes	A	singular	no	no	no	no	no	no	no	NA	yes	a
church/NN/br-k25/81	-0.0304507736283049	0.161947951244865	church	NN	fiction_gral	D	D	DE	CDE	church%1:06:00::	D	D	DE	CDE	 whether a private residence in his Pennsylvania county or a <font color=green>church</font>  in Brazil, without it being obvious that he had done	NN	imaginative	3	1	1.57	0.33	4	church	imag	church	c1	a	yes	no	D	singular	no	no	no	no	no	no	no	no	no	c
church/NN/br-l08/1824	0.287302535198363	0.178790162770804	church	NN	fiction_mystery	E	E	DE	CDE	church%1:04:00::	E	E	DE	CDE	 did n't feel good on Sunday, could n't go to <font color=green>church</font> - there 'd be a little argument, but she could be	NN	imaginative	3	1	2.28	0.33	2	church	imag	church	c3	none	yes	no	E	singular	no	no	no	no	no	no	no	yes	no	c
church/NN/br-l08/2109	0.0410242261976095	0.109377806672768	church	NN	fiction_mystery	C	C	C	CDE	church%1:06:00::	D	D	DE	CDE	 with foreign sounding names, the ones went to the same <font color=green>church</font>  and- Different place, different job, different people, she 'd be	NN	imaginative	2	1	1.54	0.5	5	church	imag	church	c2	the	yes	yes	?	singular	no	no	yes	no	no	no	yes	no	no	c
church/NN/br-m01/1682	-0.0150354828950415	0.209672650354233	church	NN	fiction_science	A	A	AB	AB	church%1:14:00::	B	B	AB	AB	 indicted for price-cutting. Fosterite bishops, after secret conclave, announced the <font color=green>Church</font>  's second Major Miracle: Supreme Bishop Digby had been translated	NNP	imaginative	5	1	1.58	0.2	3	Church	imag	Church	a2	the	no	yes	?	singular	yes	no	no	no	no	no	no	NA	yes	a
church/NN/br-m01/2360	-0.0067377512788212	0.0212227839941283	church	NN	fiction_science	E	E	DE	CDE	church%1:04:00::	E	E	DE	CDE	 continued most of the week following that ill-starred trip to <font color=green>church</font> , during which period Mike stayed in his room and usually	NN	imaginative	1	1	1.51	1	5	church	imag	church	c3	none	yes	no	E	singular	no	no	no	no	no	no	no	yes	no	c
church/NN/br-p01/1161	-0.197978523167192	0.0251351630686593	church	NN	fiction_romance	D	D	DE	CDE	church%1:06:00::	D	D	DE	CDE	 hill, rising with the hill to the top where the <font color=green>church</font>  was and beyond that to the cemetery. Only paved alleyways	NN	imaginative	7	6	2.23	0.86	6	church	imag	church	c1	the	yes	yes	D	singular	no	no	no	no	no	no	no	no	no	c
church/NN/br-p01/21	-0.249563316924675	-0.00219923425491252	church	NN	fiction_romance	D	D	DE	CDE	church_tower%1:06:00::	D	D	DE	CDE	 them he could have been the broken bell in the <font color=green>church</font>  tower which rang before and after Mass, and at noon	NN	imaginative	4	3	2.77	0.75	4	church	imag	church	c1	NA	yes	NA	D	singular	no	no	no	no	no	no	no	no	no	c
church/NN/br-p01/222	-0.0172286468817112	-0.0443498025347382	church	NN	fiction_romance	E	E	DE	CDE	church%1:04:00::	E	E	DE	CDE	 from its elders. Youth obeyed when commanded. It went to <font color=green>church</font>  on Sunday and one Saturday a month went to confession	NN	imaginative	5	3	2.55	0.6	7	church	imag	church	c3	none	yes	no	E	singular	no	no	no	no	no	no	no	yes	no	c
church/NN/br-p01/829	-0.0893729028510982	-0.257536379350649	church	NN	fiction_romance	D	D	DE	CDE	church%1:06:00::	D	D	DE	CDE	 to Drexel Street and his back in opposition to the <font color=green>church</font>  behind him. For all he saw or cared to see	NN	imaginative	5	2	2.25	0.4	3	church	imag	church	c1	the	yes	yes	D	singular	no	no	no	no	no	no	no	no	no	c
church/NN/br-p09/150	-0.0448356821003472	0.136086850328681	church	NN	fiction_romance	D	D	DE	CDE	church%1:06:00::	D	D	DE	CDE	 all right. Wednesday nights after youth fellowship. Out of the <font color=green>church</font>  and into his big car, it tooling over the road	NN	imaginative	4	0	2.15	0	4	church	imag	church	c1	the	yes	yes	D	singular	no	no	no	no	no	no	no	no	no	c
church/NN/br-p12/1014	-0.528489162608786	0.358873782634507	church	NN	fiction_romance	D	D	DE	CDE	church%1:06:00::	D	D	DE	CDE	 Then they took a taxi to Trastevere.`` There 's a <font color=green>church</font>  you should see'', she said. And when they stood by	NN	imaginative	3	1	3.15	0.33	1	church	imag	church	c1	a	yes	no	D	singular	no	no	no	no	no	no	no	no	no	c
church/NN/br-p12/1063	-0.200724556411288	-0.0830052588878386	church	NN	fiction_romance	D	D	DE	CDE	church%1:06:00::	D	D	DE	CDE	 with Alberto. He let her tell him all about the <font color=green>church</font> . Then they had dinner. All evening she was eloquent and	NN	imaginative	1	0	1.5	0	2	church	imag	church	c1	the	yes	yes	?	singular	no	no	no	no	no	no	no	no	no	c
church/NN/br-p12/1102	-0.210792911211365	-0.035250754849747	church	NN	fiction_romance	D	D	DE	CDE	church_bell%1:06:00::	D	D	DE	CDE	 in the morning when he woke up at ten the <font color=green>church</font>  bells were ringing. He had never heard so many bells	NN	imaginative	2	1	1.88	0.5	4	church	imag	church	c1	NA	yes	NA	D	singular	no	no	no	no	no	no	no	no	no	c
church/NN/br-p12/1141	-0.399264795527151	0.12101848654055	church	NN	fiction_romance	D	D	DE	CDE	church%1:06:00::	D	D	DE	CDE	 when he had looked up at the obelisk and the <font color=green>church</font>  at the top of the Spanish Steps. It was a	NN	imaginative	3	1	1.98	0.33	1	church	imag	church	c1	the	yes	yes	D	singular	no	no	no	no	no	no	no	no	no	c
church/NN/br-p12/1260	0.0103350551464575	-0.0488203000607823	church	NN	fiction_romance	E	E	DE	CDE	church%1:04:00::	E	E	DE	CDE	 snuggled against him, he wondered if she ever went to <font color=green>church</font> . Why did he want her to go to church? he	NN	imaginative	2	0	2.8	0	2	church	imag	church	c3	none	yes	no	E	singular	no	no	no	no	no	no	no	yes	no	c
church/NN/br-p12/1270	0.0103350551464575	-0.0488203000607823	church	NN	fiction_romance	E	E	DE	CDE	church%1:04:00::	E	E	DE	CDE	 to church. Why did he want her to go to <font color=green>church</font> ? he wondered. Probably because it was a place where she	NN	imaginative	2	0	2.8	0	2	church	imag	church	c3	none	yes	no	E	singular	no	no	no	no	no	no	no	yes	no	c
church/NN/br-p12/1309	-0.0452813672218825	-0.0584019573059158	church	NN	fiction_romance	E	E	DE	CDE	church%1:04:00::	E	E	DE	CDE	 It was too bad he had no feeling himself for <font color=green>church</font> . Not his poor mother 's fault. She would have been	NN	imaginative	2	2	1.34	1	4	church	imag	church	d	none	no	no	?	singular	no	no	no	no	no	no	no	NA	no	d
church/NN/br-p12/1433	0.189026455543479	-0.0296306157062219	church	NN	fiction_romance	C	C	C	CDE	church%1:04:00::	E	E	DE	CDE	 woman though, she would take only what she needed from <font color=green>church</font> . It was too bad he was n't a Catholic himself	NN	imaginative	3	2	2.28	0.67	3	church	imag	church	d	none	no	no	?	singular	no	no	no	no	no	no	no	NA	no	d
church/NN/br-p12/1559	-0.28409449130531	-0.126198806000086	church	NN	fiction_romance	E	E	DE	CDE	church%1:04:00::	E	E	DE	CDE	 girl like Carla if she got up and went to <font color=green>church</font> . A half hour later he got her up to go	NN	imaginative	1	0	1.84	0	2	church	imag	church	c3	no	yes	no	E	singular	no	no	no	no	no	no	no	yes	no	c
church/NN/br-r05/1163	-0.0153694852062409	0.0397722853527733	church	NN	humor	C	C	C	CDE	church%1:06:00::	D	D	DE	CDE	 While Henry Morgan was escorting Miss Vera Green from the <font color=green>church</font>  social last Saturday night, a savage dog attacked them and	NN	imaginative	3	2	2.07	0.67	5	church	imag	church	b1	NA	no	NA	C	singular	no	no	no	no	no	no	yes	yes	no	b
church/NNS/br-d02/548	0.0880373262530442	0.0405474964955549	church	NNS	religion	B	B	AB	AB	church%1:14:00::	B	B	AB	AB	 observed to characterize the preaching and teaching of the American <font color=green>churches</font> . In the absence of a truly adequate conceptuality in which	NNS	informative	3	1	2.32	0.33	7	churches	others	churches	b	the	no	yes	B	plural	no	no	yes	no	no	no	yes	no	yes	b
church/NNS/br-d03/1011	0.0985167404616692	0.258820537993391	church	NNS	religion	D	D	DE	CDE	church%1:06:00::	D	D	DE	CDE	 often, the sale of 764 chapels''. Most of these former <font color=green>churches</font>  are now used as warehouses, but`` neither Anglicans nor Nonconformists	NNS	informative	3	1	2.2	0.33	2	churches	others	churches	c1	these	yes	yes	D	plural	no	no	yes	no	no	no	no	no	no	c
church/NNS/br-d03/1027	0.196745907102003	-0.0154131438382128	church	NNS	religion	D	D	DE	CDE	church%1:06:00::	D	D	DE	CDE	 as warehouses, but`` neither Anglicans nor Nonconformists object to selling <font color=green>churches</font>  to Roman Catholics'', and have done so. While it must	NNS	informative	2	1	3.08	0.5	4	churches	others	churches	c1	none	yes	no	D	plural	no	no	no	no	no	no	no	no	no	c
church/NNS/br-d03/1051	0.0582547062910338	0.010325744045048	church	NNS	religion	D	D	DE	CDE	church%1:06:00::	D	D	DE	CDE	 be said that these same Protestants have built some new <font color=green>churches</font>  during this period, and that religious population shifts have emptied	NNS	informative	4	4	2.47	1	7	churches	others	churches	c1	some	yes	no	D	plural	no	no	yes	no	no	no	no	no	no	c
church/NNS/br-d03/1063	0.077134181573951	0.0306339871461824	church	NNS	religion	C	C	C	CDE	church%1:06:00::	D	D	DE	CDE	 during this period, and that religious population shifts have emptied <font color=green>churches</font> , a principal reason for this phenomenon of redundancy is that	NNS	informative	5	4	2.84	0.8	7	churches	others	churches	c3	none	yes	no	?	plural	no	no	no	no	no	no	no	yes	no	c
church/NNS/br-d03/110	0.0481717008468784	0.0332208181775845	church	NNS	religion	C	C	C	CDE	church%1:14:00::	B	B	AB	AB	 was enthusiastically devoted to prayer and discussion by the various <font color=green>churches</font> . Many people seem hopeful, yet it is difficult to predict	NNS	informative	5	4	2.56	0.8	6	churches	others	churches	a2	the	no	yes	C	plural	no	no	yes	no	no	no	no	NA	yes	a
church/NNS/br-d03/1472	0.25107722367731	-0.0446310371934699	church	NNS	religion	E	E	DE	CDE	church%1:06:00::	D	D	DE	CDE	 thy Son''. A hymn often to be heard in Catholic <font color=green>churches</font>  is`` Faith of our Fathers'', which glories in England 's	NNS	informative	3	1	2.46	0.33	2	churches	others	churches	c3	none	yes	no	D	plural	no	no	no	no	no	yes	no	yes	no	c
church/NNS/br-d03/1884	0.0908214172064029	-0.0158014174024105	church	NNS	religion	B	B	AB	AB	church%1:14:00::	B	B	AB	AB	 at least of equal stature in England with the Protestant <font color=green>churches</font> . On successive Sundays during October, 1960, Paul Ferris( a non-Catholic	NNS	informative	2	2	3.16	1	6	churches	others	churches	b	the	no	yes	B	plural	no	no	no	no	no	yes	yes	no	yes	b
church/NNS/br-d03/313	0.117241738720954	-0.0155397537366431	church	NNS	religion	B	B	AB	AB	anglican_church%1:14:00::	B2	B	AB	AB	 saying and writing and implying about the Roman and Anglican <font color=green>Churches</font>  and about the present religious state of England. Since the	NNPS	informative	5	3	3.49	0.6	3	Churches	others	Churches	a2	the	no	yes	B	plural	yes	no	no	no	no	yes	no	NA	yes	a
church/NNS/br-d03/35	0.0811245546384735	-0.00929328980397811	church	NNS	religion	B	B	AB	AB	anglican_church%1:14:00::	B2	B	AB	AB	 efforts of only unauthorized individuals of the Roman and Anglican <font color=green>Churches</font> , and urging a communion of prayer unacceptable to Rome, this	NNPS	informative	5	3	3.05	0.6	6	Churches	others	Churches	a2	the	no	yes	B	plural	yes	no	no	no	no	yes	no	NA	yes	a
church/NNS/br-d03/779	0.121410540742152	0.00263110651348379	church	NNS	religion	D	D	DE	CDE	church%1:06:00::	D	D	DE	CDE	 less than ten. From many sides come remarks that Protestant <font color=green>churches</font>  are badly attended and the large medieval cathedrals look all	NNS	informative	4	2	3.02	0.5	6	churches	others	churches	c1	none	yes	no	D	plural	no	no	no	no	no	yes	no	no	no	c
church/NNS/br-d03/849	0.0368390380153324	0.0233956119183857	church	NNS	religion	C	C	C	CDE	church%1:06:00::	D	D	DE	CDE	 admit the great falling off in effective membership in their <font color=green>churches</font> . According to a newspaper report of the 1961 statistics of	NNS	informative	2	2	2.5	1	7	churches	others	churches	b	their	no	yes	C	plural	no	no	no	no	no	no	yes	no	yes	b
church/NNS/br-d03/929	0.0217880992225861	0.112629308134271	church	NNS	religion	C	C	C	CDE	church%1:06:00::	D	D	DE	CDE	 the Manchester Guardian of last November, entitled`` Fate of Redundant <font color=green>Churches</font> '', states than an Archbishops' Commission`` reported last month that in	NNPS	informative	2	0	2.42	0	6	Churches	others	Churches	c1	the	yes	yes	D	plural	yes	no	yes	no	no	no	no	no	no	c
church/NNS/br-d03/952	0.0367045428706337	-0.0175526636129214	church	NNS	religion	C	C	C	CDE	church%1:06:00::	D	D	DE	CDE	 that in the Church of England alone there are 790 <font color=green>churches</font>  which are redundant now, or will be in 20 years	NNS	informative	3	2	2.64	0.67	3	churches	others	churches	c1	number	yes	no	D	plural	no	no	no	no	no	no	no	no	no	c
church/NNS/br-d03/971	0.0127805864546511	0.182232059651424	church	NNS	religion	D	D	DE	CDE	church%1:06:00::	D	D	DE	CDE	 will be in 20 years' time. A further 260 Anglican <font color=green>churches</font>  have been demolished since 1948''. And in the last five	NNS	informative	1	0	1.1	0	1	churches	others	churches	c1	number	yes	no	D	plural	no	no	no	no	no	yes	no	no	no	c
church/NNS/br-f15/1245	0.0757735136439698	-0.00198154204503739	church	NNS	popular_lore	B	B	AB	AB	church%1:14:00::	B	B	AB	AB	 Consider what happened during World War 1,, when the Protestant <font color=green>churches</font>  united to push the Prohibition law through Congress. Many of	NNS	informative	2	2	2.79	1	8	churches	others	churches	a2	the	no	yes	B	plural	no	no	no	no	no	yes	no	NA	yes	a
church/NNS/br-f15/1425	0.147941529373586	-0.0376363080070941	church	NNS	popular_lore	B	B	AB	AB	christian_church%1:14:00::	B	B	AB	AB	 turn of the century, contraception was condemned by all Christian <font color=green>churches</font>  as immoral, unnatural and contrary to divine law. This was	NNS	informative	5	1	3.21	0.2	5	churches	others	churches	a2	all	no	yes	B	plural	no	no	no	no	no	yes	no	NA	yes	a
church/NNS/br-f15/1455	0.0504452770076063	-0.0101825748374261	church	NNS	popular_lore	B	B	AB	AB	orthodox_church%1:14:00::	B1	B	AB	AB	 laws of Christian countries. Today, the Roman Catholic and Orthodox <font color=green>Churches</font>  stand virtually alone in holding that conviction. The various Lambeth	NNPS	informative	5	5	2.77	1	11	Churches	others	Churches	a2	the	no	yes	B	plural	yes	no	no	no	no	yes	no	NA	yes	a
church/NNS/br-f15/1720	0.0444551854008666	0.0170687871074935	church	NNS	popular_lore	B	B	AB	AB	group%1:03:00::	C	C	C	CDE	 28 members of a committee of the Federal Council of <font color=green>Churches</font>  ratified artificial methods of birth control.`` As to the necessity	NNPS	informative	4	2	2.44	0.5	7	Churches	others	Churches	a2	none	no	no	B	plural	yes	no	no	no	no	no	no	NA	yes	a
church/NNS/br-f15/1887	0.0668332093063764	0.018242456354268	church	NNS	popular_lore	B	B	AB	AB	group%1:03:00::	C	C	C	CDE	 1961, by the general board of the National Council of <font color=green>Churches</font> , the largest Protestant organization in the US. The board approved	NNPS	informative	3	3	2.38	1	6	Churches	others	Churches	a2	none	no	no	B	plural	yes	no	no	no	no	no	no	NA	yes	a
church/NNS/br-f15/1944	0.0073925747957836	0.00968694645556986	church	NNS	popular_lore	B	B	AB	AB	church%1:14:00::	B	B	AB	AB	 of contraceptives. The general board declared:`` Most of the Protestant <font color=green>churches</font>  hold contraception and periodic continence to be morally right when	NNS	informative	4	3	2.15	0.75	6	churches	others	churches	a2	the	no	yes	B	plural	no	no	no	no	no	yes	no	NA	yes	a
church/NNS/br-f15/1998	0.103694871252076	-0.0621816415355021	church	NNS	popular_lore	B	B	AB	AB	christian_church%1:14:00::	B	B	AB	AB	 of conception''. An action once universally condemned by all Christian <font color=green>churches</font>  and forbidden by the civil law is now not only	NNS	informative	2	2	2.85	1	6	churches	others	churches	a2	all	no	yes	B	plural	no	no	no	no	no	yes	no	NA	yes	a
church/NNS/br-f15/821	0.122463857679995	-0.00464994947741398	church	NNS	popular_lore	B	B	AB	AB	orthodox_catholic_church%1:14:00::	B1	B	AB	AB	 the exception of the Roman Catholic and the Orthodox Catholic <font color=green>Churches</font> , most churches make no moral distinction between rhythm and mechanical	NNPS	informative	6	6	3.92	1	9	Churches	others	Churches	a2	the	no	yes	B	plural	yes	no	no	no	no	yes	no	NA	yes	a
church/NNS/br-f15/824	0.126195336380621	-0.00349917206954961	church	NNS	popular_lore	B	B	AB	AB	church%1:14:00::	B	B	AB	AB	 of the Roman Catholic and the Orthodox Catholic Churches, most <font color=green>churches</font>  make no moral distinction between rhythm and mechanical or chemical	NNS	informative	5	6	3.92	1.2	10	churches	others	churches	a2	most	no	no	B	plural	no	no	no	no	no	no	no	NA	yes	a
church/NNS/br-f44/1106	0.0996382448267646	0.0638753074235234	church	NNS	popular_lore	C	C	C	CDE	church%1:14:00::	B	B	AB	AB	 who will strengthen the social class nucleus of the congregation. <font color=green>Churches</font>  can be strengthened through this process of co-optation so long	NNPS	informative	5	4	2.47	0.8	6	Churches	others	Churches	b	none	no	no	C	plural	yes	no	no	no	no	no	yes	no	yes	b
church/NNS/br-f44/1189	0.0357327127501576	0.0437263459617939	church	NNS	popular_lore	C	C	C	CDE	church%1:14:00::	B	B	AB	AB	 and publicity in reaching new members. The proclamation of the <font color=green>churches</font>  is almost totally confined to pastoral contacts by the clergy	NNS	informative	7	4	2.72	0.57	7	churches	others	churches	a2	the	no	yes	C	plural	no	no	no	no	no	no	no	NA	yes	a
church/NNS/br-f44/124	0.0196382315703096	0.0402381008029035	church	NNS	popular_lore	C	C	C	CDE	church%1:14:00::	B	B	AB	AB	 inner city blight account for the decline of central city <font color=green>churches</font> . Central cities reveal two adverse features for the major denominations	NNS	informative	4	4	2.21	1	10	churches	others	churches	b	none	no	no	C	plural	no	no	no	yes	no	no	yes	no	yes	b
church/NNS/br-f44/1262	0.063176720529301	0.0704811117569161	church	NNS	popular_lore	C	C	C	CDE	church%1:14:00::	B	B	AB	AB	 will account for a major share of recruitment by the <font color=green>churches</font> , making it quite evident that the extension of economic integration	NNS	informative	2	0	2.27	0	6	churches	others	churches	b	the	no	yes	C	plural	no	no	no	no	no	no	yes	no	yes	b
church/NNS/br-f44/1427	0.0438981582111122	0.0436923325829951	church	NNS	popular_lore	C	C	C	CDE	church%1:14:00::	B	B	AB	AB	 for more than a single generation. The fact that metropolitan <font color=green>churches</font>  of the major denominations have moved approximately every generation for	NNS	informative	4	4	2.68	1	9	churches	others	churches	b	none	no	no	C	plural	no	no	no	yes	no	no	yes	no	yes	b
church/NNS/br-f44/1475	0.018752842637551	0.0241350435515616	church	NNS	popular_lore	D	D	DE	CDE	church%1:06:00::	D	D	DE	CDE	 in religious life, when one recalls the number of city <font color=green>churches</font>  which deteriorated beyond repair before being abandoned, raises fundamental questions	NNS	informative	4	3	2.24	0.75	7	churches	others	churches	c1	none	yes	no	D	plural	no	no	no	yes	no	no	no	no	no	c
church/NNS/br-f44/1683	0.114256017992413	0.168168670197779	church	NNS	popular_lore	C	C	C	CDE	church%1:14:00::	B	B	AB	AB	 hopelessly unstable environment. More than creatures of metropolitan forces, the <font color=green>churches</font>  have taken the lead in counteracting the interdependence of metropolitan	NNS	informative	2	2	3.5	1	5	churches	others	churches	b	the	no	yes	C	plural	no	no	no	no	no	no	yes	no	yes	b
church/NNS/br-f44/1802	0.168494690273346	0.163247528236308	church	NNS	popular_lore	D	D	DE	CDE	church%1:14:00::	B	B	AB	AB	 fight their way into the lower middle-class suburbs, and the <font color=green>churches</font>  will experience the same decay and rebuilding cycle which has	NNS	informative	3	2	3.41	0.67	6	churches	others	churches	c1	the	yes	yes	?	plural	no	no	no	no	no	no	no	no	no	c
church/NNS/br-f44/1918	0.0703716249123895	0.0482314394225758	church	NNS	popular_lore	C	C	C	CDE	church%1:14:00::	B	B	AB	AB	 of middle-class culture could lead to various projections for the <font color=green>churches</font> . It could be argued that any fellowship which centers in	NNS	informative	3	3	2.69	1	6	churches	others	churches	b	the	no	yes	C	plural	no	no	no	no	no	no	yes	no	yes	b
church/NNS/br-f44/2015	0.0634787445076808	0.0893218754004287	church	NNS	popular_lore	C	C	C	CDE	church%1:14:00::	B	B	AB	AB	 next chapter to the style of association in the denominational <font color=green>churches</font> ; this style is characteristically an expression of the communal style	NNS	informative	3	1	2.31	0.33	5	churches	others	churches	b	the	no	yes	C	plural	no	no	no	no	no	yes	yes	no	yes	b
church/NNS/br-f44/2181	-0.0492523732319842	0.0811504355406592	church	NNS	popular_lore	C	C	C	CDE	church%1:14:00::	B	B	AB	AB	 have fashioned the iron cage of conformity which imprisons the <font color=green>churches</font>  in their suburban captivity. The perplexing question still remains as	NNS	informative	2	1	2.19	0.5	4	churches	others	churches	b	the	no	yes	C	plural	no	no	no	no	no	no	yes	no	yes	b
church/NNS/br-f44/2201	0.0279308918544811	0.0419190081472658	church	NNS	popular_lore	C	C	C	CDE	church%1:14:00::	B	B	AB	AB	 remains as to why the middle classes turn to the <font color=green>churches</font>  as a vehicle of social identity when their clubs and	NNS	informative	5	5	2.42	1	7	churches	others	churches	b	the	no	yes	C	plural	no	no	no	no	no	no	yes	no	yes	b
church/NNS/br-f44/343	0.0943216866269129	0.105614570237599	church	NNS	popular_lore	C	C	C	CDE	church%1:14:00::	B	B	AB	AB	 moreover, residential mobility is so high in metropolitan areas that <font color=green>churches</font>  have to recruit constantly in their core stratum in order	NNS	informative	5	3	3.04	0.6	6	churches	others	churches	b	none	no	no	C	plural	no	no	no	no	no	no	yes	no	yes	b
church/NNS/br-f44/868	0.0927389965717196	0.121784887783989	church	NNS	popular_lore	C	C	C	CDE	church%1:14:00::	B	B	AB	AB	 and congregational outreach have not been carefully studied in the <font color=green>churches</font> ; one study in Pittsburgh, however, has illuminated the situation. In	NNS	informative	2	1	3.09	0.5	5	churches	others	churches	b	the	no	yes	C	plural	no	no	no	no	no	no	yes	no	yes	b
church/NNS/br-f44/890	0.0263290250990436	0.0244551767634861	church	NNS	popular_lore	C	C	C	CDE	church%1:14:00::	B	B	AB	AB	 the situation. In a sample of new members of Pittsburgh <font color=green>churches</font> , almost 60 per cent were recruited by initial`` contacts with	NNS	informative	3	2	2.29	0.67	9	churches	others	churches	b	none	no	no	C	plural	no	no	no	yes	no	no	yes	no	yes	b
church/NNS/br-k01/769	-0.205332262117701	-0.0472009937338092	church	NNS	fiction_gral	D	D	DE	CDE	church%1:06:00::	D	D	DE	CDE	 It was a Negro section of peeling row houses, store-front <font color=green>churches</font>  and ragged children. Rachel had to bend toward Scotty and	NNS	imaginative	2	0	2.31	0	4	churches	imag	churches	c1	none	yes	no	D	plural	no	no	no	no	no	no	no	no	no	c
church/NNS/br-k04/2307	0.0695947218898956	-0.0398279463204141	church	NNS	fiction_gral	B	B	AB	AB	church%1:06:00::	D	D	DE	CDE	 his career in the Methodist church, if not in all <font color=green>churches</font> .	NNS	imaginative	2	0	2.48	0	2	churches	imag	churches	a2	all	no	yes	B	plural	no	no	no	no	no	no	no	NA	yes	a
church/NNS/br-k06/1925	-0.34148450803808	0.00642512121917636	church	NNS	fiction_gral	D	D	DE	CDE	church%1:06:00::	D	D	DE	CDE	 them open. Lightning might strike the steeples of the other <font color=green>churches</font> ; not of Drew Church. A flash illumined the trees as	NNS	imaginative	2	0	2.61	0	4	churches	imag	churches	c1	the	yes	yes	D	plural	no	no	yes	no	no	no	no	no	no	c
